,Date,open,high,low,close,adj close,volume
0,12/12/1980,0.513392866,0.515625,0.513392866,0.513392866,0.406781554,117258400
1,12/15/1980,0.488839298,0.488839298,0.486607134,0.486607134,0.385558158,43971200
2,12/16/1980,0.453125,0.453125,0.450892866,0.450892866,0.357260287,26432000
3,12/17/1980,0.462053567,0.464285702,0.462053567,0.462053567,0.366103351,21610400
4,12/18/1980,0.475446433,0.477678567,0.475446433,0.475446433,0.376715153,18362400
5,12/19/1980,0.504464269,0.506696403,0.504464269,0.504464269,0.399707079,12157600
6,12/22/1980,0.529017866,0.53125,0.529017866,0.529017866,0.419161886,9340800
7,12/23/1980,0.551339269,0.553571403,0.551339269,0.551339269,0.436847955,11737600
8,12/24/1980,0.580357134,0.582589269,0.580357134,0.580357134,0.45983988,12000800
9,12/26/1980,0.633928597,0.636160731,0.633928597,0.633928597,0.502286792,13893600
10,12/29/1980,0.642857134,0.645089269,0.642857134,0.642857134,0.509361207,23290400
11,12/30/1980,0.629464269,0.629464269,0.627232134,0.627232134,0.496980935,17220000
12,12/31/1980,0.611607134,0.611607134,0.609375,0.609375,0.482832015,8937600
13,1/2/1981,0.616071403,0.620535731,0.616071403,0.616071403,0.488137662,5415200
14,1/5/1981,0.604910731,0.604910731,0.602678597,0.602678597,0.477526218,8932000
15,1/6/1981,0.578125,0.578125,0.575892866,0.575892866,0.456302702,11289600
16,1/7/1981,0.553571403,0.553571403,0.551339269,0.551339269,0.436847955,13921600
17,1/8/1981,0.542410731,0.542410731,0.540178597,0.540178597,0.428004831,9956800
18,1/9/1981,0.569196403,0.571428597,0.569196403,0.569196403,0.450996846,5376000
19,1/12/1981,0.569196403,0.569196403,0.564732134,0.564732134,0.447459757,5924800
20,1/13/1981,0.546875,0.546875,0.544642866,0.544642866,0.431542069,5762400
21,1/14/1981,0.546875,0.549107134,0.546875,0.546875,0.433310658,3572800
22,1/15/1981,0.558035731,0.5625,0.558035731,0.558035731,0.442153722,3516800
23,1/16/1981,0.555803597,0.555803597,0.553571403,0.553571403,0.438616574,3348800
24,1/19/1981,0.587053597,0.589285731,0.587053597,0.587053597,0.465145886,10393600
25,1/20/1981,0.571428597,0.571428597,0.569196403,0.569196403,0.450996846,7520800
26,1/21/1981,0.580357134,0.584821403,0.580357134,0.580357134,0.45983988,3976000
27,1/22/1981,0.587053597,0.591517866,0.587053597,0.587053597,0.465145886,8887200
28,1/23/1981,0.587053597,0.589285731,0.584821403,0.584821403,0.463377208,2805600
29,1/26/1981,0.578125,0.578125,0.575892866,0.575892866,0.456302702,6160000
30,1/27/1981,0.575892866,0.575892866,0.571428597,0.571428597,0.452765584,5924800
31,1/28/1981,0.555803597,0.555803597,0.553571403,0.553571403,0.438616574,7039200
32,1/29/1981,0.535714269,0.535714269,0.533482134,0.533482134,0.422699064,10976000
33,1/30/1981,0.508928597,0.508928597,0.504464269,0.504464269,0.399707079,11547200
34,2/2/1981,0.477678567,0.477678567,0.475446433,0.475446433,0.376715153,5941600
35,2/3/1981,0.493303567,0.495535702,0.493303567,0.493303567,0.390863955,4788000
36,2/4/1981,0.511160731,0.513392866,0.511160731,0.511160731,0.405012965,6966400
37,2/5/1981,0.511160731,0.515625,0.511160731,0.511160731,0.405012965,1982400
38,2/6/1981,0.513392866,0.515625,0.513392866,0.513392866,0.406781554,3466400
39,2/9/1981,0.491071433,0.491071433,0.486607134,0.486607134,0.385558158,4188800
40,2/10/1981,0.486607134,0.488839298,0.486607134,0.486607134,0.385558158,4586400
41,2/11/1981,0.473214298,0.473214298,0.470982134,0.470982134,0.373177767,3460800
42,2/12/1981,0.46875,0.46875,0.466517866,0.466517866,0.369640619,3640000
43,2/13/1981,0.459821433,0.459821433,0.455357134,0.455357134,0.360797614,2788800
44,2/17/1981,0.466517866,0.46875,0.466517866,0.466517866,0.369640619,3068800
45,2/18/1981,0.486607134,0.491071433,0.486607134,0.486607134,0.385558158,4810400
46,2/19/1981,0.459821433,0.459821433,0.457589298,0.457589298,0.362566054,5577600
47,2/20/1981,0.435267866,0.435267866,0.433035702,0.433035702,0.343111336,6092800
48,2/23/1981,0.439732134,0.441964298,0.439732134,0.439732134,0.348417222,3528000
49,2/24/1981,0.428571433,0.428571433,0.424107134,0.424107134,0.336036831,4244800
50,2/25/1981,0.450892866,0.453125,0.450892866,0.450892866,0.357260287,4872000
51,2/26/1981,0.457589298,0.459821433,0.457589298,0.457589298,0.362566054,2710400
52,2/27/1981,0.473214298,0.477678567,0.473214298,0.473214298,0.374946445,3690400
53,3/2/1981,0.475446433,0.477678567,0.475446433,0.475446433,0.376715153,2940000
54,3/3/1981,0.470982134,0.470982134,0.46875,0.46875,0.371409327,4043200
55,3/4/1981,0.466517866,0.466517866,0.464285702,0.464285702,0.367872,3427200
56,3/5/1981,0.464285702,0.464285702,0.462053567,0.462053567,0.366103351,1344000
57,3/6/1981,0.462053567,0.462053567,0.457589298,0.457589298,0.362566054,2900800
58,3/9/1981,0.424107134,0.424107134,0.421875,0.421875,0.334268272,3830400
59,3/10/1981,0.404017866,0.404017866,0.401785702,0.401785702,0.318350852,7095200
60,3/11/1981,0.390625,0.390625,0.386160702,0.386160702,0.30597043,7464800
61,3/12/1981,0.401785702,0.404017866,0.401785702,0.401785702,0.318350852,14812000
62,3/13/1981,0.399553567,0.399553567,0.397321433,0.397321433,0.314813673,57825600
63,3/16/1981,0.412946433,0.417410702,0.412946433,0.412946433,0.327193826,9307200
64,3/17/1981,0.433035702,0.4375,0.433035702,0.433035702,0.343111336,10936800
65,3/18/1981,0.459821433,0.464285702,0.459821433,0.459821433,0.364334762,9234400
66,3/19/1981,0.457589298,0.457589298,0.455357134,0.455357134,0.360797614,9452800
67,3/20/1981,0.459821433,0.464285702,0.459821433,0.459821433,0.364334762,3651200
68,3/23/1981,0.477678567,0.482142866,0.477678567,0.477678567,0.378483713,5504800
69,3/24/1981,0.477678567,0.477678567,0.475446433,0.475446433,0.376715153,7039200
70,3/25/1981,0.470982134,0.470982134,0.466517866,0.466517866,0.369640619,1764000
71,3/26/1981,0.459821433,0.459821433,0.457589298,0.457589298,0.362566054,3068800
72,3/27/1981,0.444196433,0.444196433,0.441964298,0.441964298,0.350185841,3063200
73,3/30/1981,0.441964298,0.446428567,0.441964298,0.441964298,0.350185841,2475200
74,3/31/1981,0.441964298,0.441964298,0.4375,0.4375,0.346648663,3998400
75,4/1/1981,0.435267866,0.435267866,0.433035702,0.433035702,0.343111336,8517600
76,4/2/1981,0.470982134,0.473214298,0.470982134,0.470982134,0.373177767,7851200
77,4/3/1981,0.473214298,0.475446433,0.473214298,0.473214298,0.374946445,4121600
78,4/6/1981,0.466517866,0.466517866,0.464285702,0.464285702,0.367872,5700800
79,4/7/1981,0.462053567,0.462053567,0.459821433,0.459821433,0.364334762,2671200
80,4/8/1981,0.482142866,0.486607134,0.482142866,0.482142866,0.382020921,5488000
81,4/9/1981,0.491071433,0.493303567,0.491071433,0.491071433,0.389095485,3124800
82,4/10/1981,0.497767866,0.5,0.497767866,0.497767866,0.394401163,8366400
83,4/13/1981,0.497767866,0.5,0.497767866,0.497767866,0.394401163,4015200
84,4/14/1981,0.497767866,0.5,0.497767866,0.497767866,0.394401163,1663200
85,4/15/1981,0.475446433,0.475446433,0.473214298,0.473214298,0.374946445,8512000
86,4/16/1981,0.448660702,0.448660702,0.446428567,0.446428567,0.353723019,5969600
87,4/20/1981,0.459821433,0.462053567,0.459821433,0.459821433,0.364334762,8836800
88,4/21/1981,0.491071433,0.493303567,0.491071433,0.491071433,0.389095485,7134400
89,4/22/1981,0.508928597,0.511160731,0.508928597,0.508928597,0.403244287,4748800
90,4/23/1981,0.522321403,0.524553597,0.522321403,0.522321403,0.41385603,14504000
91,4/24/1981,0.522321403,0.522321403,0.517857134,0.517857134,0.410318822,8764000
92,4/27/1981,0.515625,0.515625,0.513392866,0.513392866,0.406781554,9632000
93,4/28/1981,0.506696403,0.506696403,0.504464269,0.504464269,0.399707079,8047200
94,4/29/1981,0.5,0.5,0.497767866,0.497767866,0.394401163,3410400
95,4/30/1981,0.506696403,0.511160731,0.506696403,0.506696403,0.401475728,3152800
96,5/1/1981,0.506696403,0.511160731,0.506696403,0.506696403,0.401475728,4138400
97,5/4/1981,0.506696403,0.506696403,0.504464269,0.504464269,0.399707079,3612000
98,5/5/1981,0.504464269,0.504464269,0.502232134,0.502232134,0.39793849,4384800
99,5/6/1981,0.491071433,0.491071433,0.488839298,0.488839298,0.387326837,4737600
100,5/7/1981,0.495535702,0.497767866,0.495535702,0.495535702,0.392632574,2340800
101,5/8/1981,0.5,0.502232134,0.5,0.5,0.396169901,1976800
102,5/11/1981,0.491071433,0.491071433,0.488839298,0.488839298,0.387326837,2984800
103,5/12/1981,0.488839298,0.495535702,0.488839298,0.488839298,0.387326837,1064000
104,5/13/1981,0.488839298,0.493303567,0.486607134,0.486607134,0.385558158,1226400
105,5/14/1981,0.484375,0.484375,0.479910702,0.479910702,0.380252272,1232000
106,5/15/1981,0.491071433,0.497767866,0.491071433,0.491071433,0.389095485,1226400
107,5/18/1981,0.5,0.504464269,0.5,0.5,0.396169901,1041600
108,5/19/1981,0.493303567,0.493303567,0.491071433,0.491071433,0.389095485,6356000
109,5/20/1981,0.506696403,0.511160731,0.506696403,0.506696403,0.401475728,3320800
110,5/21/1981,0.535714269,0.537946403,0.535714269,0.535714269,0.424467593,8052800
111,5/22/1981,0.560267866,0.564732134,0.560267866,0.560267866,0.44392246,7856800
112,5/26/1981,0.560267866,0.560267866,0.558035731,0.558035731,0.442153722,21336000
113,5/27/1981,0.589285731,0.591517866,0.589285731,0.589285731,0.466914535,37374400
114,5/28/1981,0.589285731,0.591517866,0.589285731,0.589285731,0.466914535,18496800
115,5/29/1981,0.591517866,0.59375,0.591517866,0.591517866,0.468682975,14845600
116,6/1/1981,0.591517866,0.59375,0.591517866,0.591517866,0.468682975,12812800
117,6/2/1981,0.564732134,0.564732134,0.5625,0.5625,0.445691049,10108000
118,6/3/1981,0.5625,0.566964269,0.5625,0.5625,0.445691049,9861600
119,6/4/1981,0.573660731,0.575892866,0.573660731,0.573660731,0.454534143,14016800
120,6/5/1981,0.566964269,0.566964269,0.564732134,0.564732134,0.447459757,14420000
121,6/8/1981,0.546875,0.546875,0.544642866,0.544642866,0.431542069,23374400
122,6/9/1981,0.555803597,0.558035731,0.555803597,0.555803597,0.440385252,29898400
123,6/10/1981,0.5625,0.569196403,0.5625,0.5625,0.445691049,6305600
124,6/11/1981,0.587053597,0.589285731,0.587053597,0.587053597,0.465145886,9744000
125,6/12/1981,0.582589269,0.582589269,0.580357134,0.580357134,0.45983988,6451200
126,6/15/1981,0.580357134,0.580357134,0.578125,0.578125,0.458071351,35940800
127,6/16/1981,0.569196403,0.569196403,0.566964269,0.566964269,0.449228287,9312800
128,6/17/1981,0.560267866,0.560267866,0.558035731,0.558035731,0.442153722,6893600
129,6/18/1981,0.558035731,0.560267866,0.555803597,0.555803597,0.440385252,5762400
130,6/19/1981,0.542410731,0.542410731,0.540178597,0.540178597,0.428004831,6876800
131,6/22/1981,0.522321403,0.522321403,0.520089269,0.520089269,0.412087381,2710400
132,6/23/1981,0.529017866,0.533482134,0.529017866,0.529017866,0.419161886,3757600
133,6/24/1981,0.520089269,0.520089269,0.515625,0.515625,0.408550292,5756800
134,6/25/1981,0.526785731,0.529017866,0.526785731,0.526785731,0.417393148,6064800
135,6/26/1981,0.524553597,0.524553597,0.520089269,0.520089269,0.412087381,5947200
136,6/29/1981,0.506696403,0.506696403,0.502232134,0.502232134,0.39793849,2648800
137,6/30/1981,0.466517866,0.466517866,0.464285702,0.464285702,0.367872,8976800
138,7/1/1981,0.462053567,0.462053567,0.459821433,0.459821433,0.364334762,42616000
139,7/2/1981,0.459821433,0.462053567,0.459821433,0.459821433,0.364334762,7571200
140,7/6/1981,0.448660702,0.448660702,0.444196433,0.444196433,0.35195446,4132800
141,7/7/1981,0.448660702,0.453125,0.448660702,0.448660702,0.355491757,3959200
142,7/8/1981,0.466517866,0.46875,0.466517866,0.466517866,0.369640619,4155200
143,7/9/1981,0.433035702,0.433035702,0.430803567,0.430803567,0.341342747,8220800
144,7/10/1981,0.399553567,0.399553567,0.397321433,0.397321433,0.314813673,13792800
145,7/13/1981,0.40625,0.408482134,0.40625,0.40625,0.321888119,11435200
146,7/14/1981,0.424107134,0.428571433,0.424107134,0.424107134,0.336036831,4944800
147,7/15/1981,0.435267866,0.4375,0.435267866,0.435267866,0.344880044,2738400
148,7/16/1981,0.446428567,0.450892866,0.446428567,0.446428567,0.353723019,3808000
149,7/17/1981,0.462053567,0.464285702,0.462053567,0.462053567,0.366103351,4956000
150,7/20/1981,0.433035702,0.433035702,0.430803567,0.430803567,0.341342747,5913600
151,7/21/1981,0.430803567,0.430803567,0.428571433,0.428571433,0.339574158,7985600
152,7/22/1981,0.408482134,0.408482134,0.404017866,0.404017866,0.320119381,5667200
153,7/23/1981,0.415178567,0.417410702,0.415178567,0.415178567,0.328962445,8612800
154,7/24/1981,0.428571433,0.430803567,0.428571433,0.428571433,0.339574158,7212800
155,7/27/1981,0.446428567,0.448660702,0.446428567,0.446428567,0.353723019,4334400
156,7/28/1981,0.433035702,0.433035702,0.430803567,0.430803567,0.341342747,5712000
157,7/29/1981,0.426339298,0.426339298,0.424107134,0.424107134,0.336036831,3875200
158,7/30/1981,0.439732134,0.444196433,0.439732134,0.439732134,0.348417222,2475200
159,7/31/1981,0.446428567,0.448660702,0.446428567,0.446428567,0.353723019,2738400
160,8/3/1981,0.446428567,0.446428567,0.441964298,0.441964298,0.350185841,3108000
161,8/4/1981,0.448660702,0.450892866,0.448660702,0.448660702,0.355491757,7918400
162,8/5/1981,0.462053567,0.464285702,0.462053567,0.462053567,0.366103351,4373600
163,8/6/1981,0.453125,0.453125,0.450892866,0.450892866,0.357260287,2632000
164,8/7/1981,0.450892866,0.453125,0.450892866,0.450892866,0.357260287,2301600
165,8/11/1981,0.441964298,0.441964298,0.4375,0.4375,0.346648663,17864000
166,8/12/1981,0.430803567,0.430803567,0.428571433,0.428571433,0.339574158,6568800
167,8/13/1981,0.417410702,0.417410702,0.415178567,0.415178567,0.328962445,6871200
168,8/14/1981,0.412946433,0.412946433,0.408482134,0.408482134,0.323656589,6048000
169,8/17/1981,0.399553567,0.399553567,0.395089298,0.395089298,0.313044965,4726400
170,8/18/1981,0.390625,0.390625,0.386160702,0.386160702,0.30597043,4250400
171,8/19/1981,0.386160702,0.386160702,0.381696433,0.381696433,0.302433252,5168800
172,8/20/1981,0.386160702,0.388392866,0.386160702,0.386160702,0.30597043,4278400
173,8/21/1981,0.363839298,0.363839298,0.359375,0.359375,0.284747124,10477600
174,8/24/1981,0.339285702,0.339285702,0.337053567,0.337053567,0.267060846,5768000
175,8/25/1981,0.345982134,0.348214298,0.345982134,0.345982134,0.274135381,10175200
176,8/26/1981,0.341517866,0.341517866,0.339285702,0.339285702,0.268829644,8400000
177,8/27/1981,0.341517866,0.34375,0.341517866,0.341517866,0.270598143,6479200
178,8/28/1981,0.359375,0.361607134,0.359375,0.359375,0.284747124,9508800
179,8/31/1981,0.359375,0.361607134,0.359375,0.359375,0.284747124,10236800
180,9/1/1981,0.381696433,0.383928567,0.381696433,0.381696433,0.302433252,9256800
181,9/2/1981,0.388392866,0.390625,0.388392866,0.388392866,0.307739258,4844000
182,9/3/1981,0.372767866,0.372767866,0.368303567,0.368303567,0.291821629,9368800
183,9/4/1981,0.366071433,0.366071433,0.363839298,0.363839298,0.288284332,3813600
184,9/8/1981,0.354910702,0.354910702,0.352678567,0.352678567,0.279441267,6361600
185,9/9/1981,0.352678567,0.354910702,0.352678567,0.352678567,0.279441267,7632800
186,9/10/1981,0.354910702,0.357142866,0.354910702,0.354910702,0.281209826,8702400
187,9/11/1981,0.352678567,0.352678567,0.350446433,0.350446433,0.277672678,4384800
188,9/14/1981,0.341517866,0.341517866,0.339285702,0.339285702,0.268829644,6921600
189,9/15/1981,0.332589298,0.332589298,0.330357134,0.330357134,0.261755079,4877600
190,9/16/1981,0.325892866,0.325892866,0.323660702,0.323660702,0.256449193,4838400
191,9/17/1981,0.316964298,0.316964298,0.314732134,0.314732134,0.249374717,4844000
192,9/18/1981,0.316964298,0.319196433,0.316964298,0.316964298,0.251143396,6580000
193,9/21/1981,0.319196433,0.321428567,0.319196433,0.319196433,0.252911925,12258400
194,9/22/1981,0.303571433,0.303571433,0.301339298,0.301339298,0.238763109,11855200
195,9/23/1981,0.299107134,0.299107134,0.294642866,0.294642866,0.233457267,7050400
196,9/24/1981,0.294642866,0.294642866,0.292410702,0.292410702,0.231688604,4575200
197,9/25/1981,0.258928567,0.258928567,0.254464298,0.254464298,0.201622143,8652000
198,9/28/1981,0.256696433,0.258928567,0.256696433,0.256696433,0.203390777,22932000
199,9/29/1981,0.270089298,0.272321433,0.270089298,0.270089298,0.214002416,23671200
200,9/30/1981,0.272321433,0.274553567,0.272321433,0.272321433,0.215771034,12499200
201,10/1/1981,0.272321433,0.274553567,0.272321433,0.272321433,0.215771034,15282400
202,10/2/1981,0.294642866,0.296875,0.294642866,0.294642866,0.233457267,11261600
203,10/5/1981,0.303571433,0.308035702,0.303571433,0.303571433,0.240531668,10774400
204,10/6/1981,0.303571433,0.303571433,0.301339298,0.301339298,0.238763109,7089600
205,10/7/1981,0.319196433,0.323660702,0.319196433,0.319196433,0.252911925,9710400
206,10/8/1981,0.330357134,0.332589298,0.330357134,0.330357134,0.261755079,7772800
207,10/9/1981,0.332589298,0.337053567,0.332589298,0.332589298,0.263523817,13630400
208,10/12/1981,0.34375,0.345982134,0.34375,0.34375,0.272366941,6837600
209,10/13/1981,0.34375,0.348214298,0.34375,0.34375,0.272366941,11048800
210,10/14/1981,0.325892866,0.325892866,0.323660702,0.323660702,0.256449193,7744800
211,10/15/1981,0.330357134,0.332589298,0.330357134,0.330357134,0.261755079,7358400
212,10/16/1981,0.328125,0.328125,0.325892866,0.325892866,0.258217841,9116800
213,10/19/1981,0.332589298,0.334821433,0.332589298,0.332589298,0.263523817,5146400
214,10/20/1981,0.350446433,0.352678567,0.350446433,0.350446433,0.277672678,8932000
215,10/21/1981,0.350446433,0.352678567,0.350446433,0.350446433,0.277672678,19224800
216,10/22/1981,0.350446433,0.350446433,0.348214298,0.348214298,0.275904059,8069600
217,10/23/1981,0.341517866,0.341517866,0.339285702,0.339285702,0.268829644,6977600
218,10/26/1981,0.339285702,0.341517866,0.339285702,0.339285702,0.268829644,6820800
219,10/27/1981,0.345982134,0.350446433,0.345982134,0.345982134,0.274135381,21397600
220,10/28/1981,0.357142866,0.359375,0.357142866,0.357142866,0.282978415,11043200
221,10/29/1981,0.354910702,0.354910702,0.352678567,0.352678567,0.279441267,7621600
222,10/30/1981,0.357142866,0.359375,0.357142866,0.357142866,0.282978415,13182400
223,11/2/1981,0.357142866,0.359375,0.357142866,0.357142866,0.282978415,9228800
224,11/3/1981,0.354910702,0.354910702,0.352678567,0.352678567,0.279441267,7095200
225,11/4/1981,0.345982134,0.345982134,0.34375,0.34375,0.272366941,5952800
226,11/5/1981,0.321428567,0.321428567,0.319196433,0.319196433,0.252911925,5840800
227,11/6/1981,0.321428567,0.323660702,0.321428567,0.321428567,0.254680604,6148800
228,11/9/1981,0.325892866,0.328125,0.325892866,0.325892866,0.258217841,5096000
229,11/10/1981,0.328125,0.330357134,0.328125,0.328125,0.25998652,4188800
230,11/11/1981,0.337053567,0.339285702,0.337053567,0.337053567,0.267060846,6860000
231,11/12/1981,0.348214298,0.350446433,0.348214298,0.348214298,0.275904059,9979200
232,11/13/1981,0.325892866,0.325892866,0.323660702,0.323660702,0.256449193,5252800
233,11/16/1981,0.321428567,0.321428567,0.319196433,0.319196433,0.252911925,5639200
234,11/17/1981,0.325892866,0.328125,0.325892866,0.325892866,0.258217841,8853600
235,11/18/1981,0.337053567,0.339285702,0.337053567,0.337053567,0.267060846,7285600
236,11/19/1981,0.337053567,0.339285702,0.337053567,0.337053567,0.267060846,10001600
237,11/20/1981,0.339285702,0.341517866,0.339285702,0.339285702,0.268829644,9525600
238,11/23/1981,0.328125,0.328125,0.323660702,0.323660702,0.256449193,5740000
239,11/24/1981,0.323660702,0.323660702,0.321428567,0.321428567,0.254680604,5538400
240,11/25/1981,0.328125,0.330357134,0.328125,0.328125,0.25998652,13137600
241,11/27/1981,0.337053567,0.339285702,0.337053567,0.337053567,0.267060846,9312800
242,11/30/1981,0.334821433,0.334821433,0.332589298,0.332589298,0.263523817,5992000
243,12/1/1981,0.332589298,0.334821433,0.332589298,0.332589298,0.263523817,5846400
244,12/2/1981,0.334821433,0.337053567,0.334821433,0.334821433,0.265292317,9391200
245,12/3/1981,0.332589298,0.332589298,0.330357134,0.330357134,0.261755079,5107200
246,12/4/1981,0.339285702,0.341517866,0.339285702,0.339285702,0.268829644,34288800
247,12/7/1981,0.341517866,0.34375,0.341517866,0.341517866,0.270598143,14823200
248,12/8/1981,0.339285702,0.339285702,0.334821433,0.334821433,0.265292317,12656000
249,12/9/1981,0.337053567,0.339285702,0.337053567,0.337053567,0.267060846,8568000
250,12/10/1981,0.337053567,0.339285702,0.337053567,0.337053567,0.267060846,9352000
251,12/11/1981,0.337053567,0.339285702,0.334821433,0.334821433,0.265292317,19023200
252,12/14/1981,0.328125,0.328125,0.323660702,0.323660702,0.256449193,6311200
253,12/15/1981,0.332589298,0.334821433,0.332589298,0.332589298,0.263523817,7828800
254,12/16/1981,0.348214298,0.350446433,0.348214298,0.348214298,0.275904059,16363200
255,12/17/1981,0.377232134,0.379464298,0.377232134,0.377232134,0.298896044,12863200
256,12/18/1981,0.408482134,0.410714298,0.408482134,0.408482134,0.323656589,17931200
257,12/21/1981,0.392857134,0.392857134,0.390625,0.390625,0.309507698,14100800
258,12/22/1981,0.397321433,0.399553567,0.397321433,0.397321433,0.314813673,13456800
259,12/23/1981,0.390625,0.390625,0.388392866,0.388392866,0.307739258,7224000
260,12/24/1981,0.390625,0.392857134,0.390625,0.390625,0.309507698,7229600
261,12/28/1981,0.377232134,0.377232134,0.372767866,0.372767866,0.295358837,9144800
262,12/29/1981,0.379464298,0.383928567,0.379464298,0.379464298,0.300664634,6059200
263,12/30/1981,0.395089298,0.397321433,0.395089298,0.395089298,0.313044965,8047200
264,12/31/1981,0.395089298,0.397321433,0.395089298,0.395089298,0.313044965,13664000
265,1/4/1982,0.395089298,0.395089298,0.392857134,0.392857134,0.311276466,17813600
266,1/5/1982,0.377232134,0.377232134,0.372767866,0.372767866,0.295358837,8960000
267,1/6/1982,0.370535702,0.370535702,0.368303567,0.368303567,0.291821629,16520000
268,1/7/1982,0.34375,0.34375,0.339285702,0.339285702,0.268829644,17511200
269,1/8/1982,0.354910702,0.357142866,0.354910702,0.354910702,0.281209826,14151200
270,1/11/1982,0.334821433,0.334821433,0.332589298,0.332589298,0.263523817,8332800
271,1/12/1982,0.323660702,0.323660702,0.321428567,0.321428567,0.254680604,14980000
272,1/13/1982,0.321428567,0.321428567,0.319196433,0.319196433,0.252911925,10438400
273,1/14/1982,0.334821433,0.337053567,0.334821433,0.334821433,0.265292317,6428800
274,1/15/1982,0.357142866,0.361607134,0.357142866,0.357142866,0.282978415,11676000
275,1/18/1982,0.363839298,0.368303567,0.363839298,0.363839298,0.288284332,7000000
276,1/19/1982,0.359375,0.359375,0.354910702,0.354910702,0.281209826,13876800
277,1/20/1982,0.361607134,0.363839298,0.361607134,0.361607134,0.286515832,6456800
278,1/21/1982,0.368303567,0.370535702,0.368303567,0.368303567,0.291821629,8332800
279,1/22/1982,0.370535702,0.372767866,0.370535702,0.370535702,0.293590218,6064800
280,1/25/1982,0.361607134,0.361607134,0.359375,0.359375,0.284747124,11177600
281,1/26/1982,0.350446433,0.350446433,0.345982134,0.345982134,0.274135381,5303200
282,1/27/1982,0.348214298,0.352678567,0.348214298,0.348214298,0.275904059,7840000
283,1/28/1982,0.359375,0.361607134,0.359375,0.359375,0.284747124,9900800
284,1/29/1982,0.363839298,0.366071433,0.363839298,0.363839298,0.288284332,13288800
285,2/1/1982,0.363839298,0.363839298,0.359375,0.359375,0.284747124,9632000
286,2/2/1982,0.361607134,0.366071433,0.361607134,0.361607134,0.286515832,13568800
287,2/3/1982,0.361607134,0.363839298,0.361607134,0.361607134,0.286515832,7868000
288,2/4/1982,0.354910702,0.354910702,0.352678567,0.352678567,0.279441267,5510400
289,2/5/1982,0.352678567,0.354910702,0.352678567,0.352678567,0.279441267,10074400
290,2/8/1982,0.332589298,0.332589298,0.330357134,0.330357134,0.261755079,7924000
291,2/9/1982,0.330357134,0.332589298,0.330357134,0.330357134,0.261755079,14476000
292,2/10/1982,0.334821433,0.337053567,0.334821433,0.334821433,0.265292317,9699200
293,2/11/1982,0.332589298,0.332589298,0.330357134,0.330357134,0.261755079,6132000
294,2/12/1982,0.334821433,0.337053567,0.334821433,0.334821433,0.265292317,4911200
295,2/16/1982,0.330357134,0.330357134,0.328125,0.328125,0.25998652,8579200
296,2/17/1982,0.332589298,0.334821433,0.332589298,0.332589298,0.263523817,6395200
297,2/18/1982,0.337053567,0.339285702,0.337053567,0.337053567,0.267060846,7095200
298,2/19/1982,0.337053567,0.337053567,0.334821433,0.334821433,0.265292317,3399200
299,2/22/1982,0.332589298,0.332589298,0.330357134,0.330357134,0.261755079,6658400
300,2/23/1982,0.328125,0.328125,0.325892866,0.325892866,0.258217841,8635200
301,2/24/1982,0.328125,0.330357134,0.328125,0.328125,0.25998652,9486400
302,2/25/1982,0.328125,0.328125,0.325892866,0.325892866,0.258217841,7700000
303,2/26/1982,0.325892866,0.328125,0.325892866,0.325892866,0.258217841,4356800
304,3/1/1982,0.328125,0.330357134,0.328125,0.328125,0.25998652,8825600
305,3/2/1982,0.328125,0.330357134,0.328125,0.328125,0.25998652,8702400
306,3/3/1982,0.328125,0.330357134,0.328125,0.328125,0.25998652,5913600
307,3/4/1982,0.323660702,0.323660702,0.321428567,0.321428567,0.254680604,9592800
308,3/5/1982,0.299107134,0.299107134,0.296875,0.296875,0.235225812,11328800
309,3/8/1982,0.294642866,0.294642866,0.292410702,0.292410702,0.231688604,8786400
310,3/9/1982,0.294642866,0.296875,0.294642866,0.294642866,0.233457267,13126400
311,3/10/1982,0.292410702,0.292410702,0.290178567,0.290178567,0.22991994,21733600
312,3/11/1982,0.290178567,0.294642866,0.290178567,0.290178567,0.22991994,5644800
313,3/12/1982,0.274553567,0.274553567,0.272321433,0.272321433,0.215771034,11636800
314,3/15/1982,0.272321433,0.272321433,0.270089298,0.270089298,0.214002416,12840800
315,3/16/1982,0.267857134,0.267857134,0.265625,0.265625,0.210465208,11788000
316,3/17/1982,0.254464298,0.254464298,0.252232134,0.252232134,0.199853539,12622400
317,3/18/1982,0.272321433,0.274553567,0.272321433,0.272321433,0.215771034,14084000
318,3/19/1982,0.296875,0.299107134,0.296875,0.296875,0.235225812,16452800
319,3/22/1982,0.319196433,0.321428567,0.319196433,0.319196433,0.252911925,17298400
320,3/23/1982,0.316964298,0.316964298,0.314732134,0.314732134,0.249374717,13988800
321,3/24/1982,0.299107134,0.299107134,0.296875,0.296875,0.235225812,12902400
322,3/25/1982,0.296875,0.296875,0.294642866,0.294642866,0.233457267,21028000
323,3/26/1982,0.292410702,0.292410702,0.290178567,0.290178567,0.22991994,12695200
324,3/29/1982,0.296875,0.299107134,0.296875,0.296875,0.235225812,16900800
325,3/30/1982,0.301339298,0.303571433,0.301339298,0.301339298,0.238763109,19488000
326,3/31/1982,0.301339298,0.303571433,0.301339298,0.301339298,0.238763109,12538400
327,4/1/1982,0.316964298,0.319196433,0.316964298,0.316964298,0.251143396,14784000
328,4/2/1982,0.316964298,0.319196433,0.316964298,0.316964298,0.251143396,21201600
329,4/5/1982,0.316964298,0.319196433,0.316964298,0.316964298,0.251143396,21660800
330,4/6/1982,0.316964298,0.316964298,0.314732134,0.314732134,0.249374717,17897600
331,4/7/1982,0.3125,0.3125,0.310267866,0.310267866,0.245837599,7274400
332,4/8/1982,0.3125,0.314732134,0.3125,0.3125,0.247606233,5997600
333,4/12/1982,0.3125,0.314732134,0.310267866,0.310267866,0.245837599,11076800
334,4/13/1982,0.287946433,0.287946433,0.285714298,0.285714298,0.226382792,21324800
335,4/14/1982,0.287946433,0.290178567,0.287946433,0.287946433,0.228151351,28397600
336,4/15/1982,0.292410702,0.294642866,0.292410702,0.292410702,0.231688604,41070400
337,4/16/1982,0.301339298,0.303571433,0.301339298,0.301339298,0.238763109,26012000
338,4/19/1982,0.299107134,0.299107134,0.294642866,0.294642866,0.233457267,10320800
339,4/20/1982,0.283482134,0.283482134,0.28125,0.28125,0.222845525,20137600
340,4/21/1982,0.28125,0.28125,0.279017866,0.279017866,0.221076861,18256000
341,4/22/1982,0.276785702,0.276785702,0.274553567,0.274553567,0.217539698,13148800
342,4/23/1982,0.274553567,0.276785702,0.274553567,0.274553567,0.217539698,12073600
343,4/26/1982,0.28125,0.283482134,0.28125,0.28125,0.222845525,14481600
344,4/27/1982,0.274553567,0.274553567,0.272321433,0.272321433,0.215771034,17567200
345,4/28/1982,0.263392866,0.263392866,0.261160702,0.261160702,0.206928015,24808000
346,4/29/1982,0.261160702,0.263392866,0.261160702,0.261160702,0.206928015,20557600
347,4/30/1982,0.263392866,0.265625,0.263392866,0.263392866,0.208696574,69350400
348,5/3/1982,0.272321433,0.274553567,0.272321433,0.272321433,0.215771034,20675200
349,5/4/1982,0.28125,0.283482134,0.28125,0.28125,0.222845525,18496800
350,5/5/1982,0.28125,0.28125,0.276785702,0.276785702,0.219308287,13484800
351,5/6/1982,0.285714298,0.287946433,0.285714298,0.285714298,0.226382792,18866400
352,5/7/1982,0.290178567,0.292410702,0.290178567,0.290178567,0.22991994,21179200
353,5/10/1982,0.287946433,0.287946433,0.285714298,0.285714298,0.226382792,7901600
354,5/11/1982,0.279017866,0.279017866,0.276785702,0.276785702,0.219308287,25754400
355,5/12/1982,0.272321433,0.272321433,0.270089298,0.270089298,0.214002416,17752000
356,5/13/1982,0.272321433,0.274553567,0.272321433,0.272321433,0.215771034,13613600
357,5/14/1982,0.265625,0.265625,0.261160702,0.261160702,0.206928015,23934400
358,5/17/1982,0.258928567,0.258928567,0.256696433,0.256696433,0.203390777,19051200
359,5/18/1982,0.254464298,0.254464298,0.252232134,0.252232134,0.199853539,30508800
360,5/19/1982,0.252232134,0.252232134,0.25,0.25,0.19808495,18821600
361,5/20/1982,0.252232134,0.254464298,0.252232134,0.252232134,0.199853539,6904800
362,5/21/1982,0.254464298,0.256696433,0.254464298,0.254464298,0.201622143,9710400
363,5/24/1982,0.256696433,0.258928567,0.256696433,0.256696433,0.203390777,7996800
364,5/25/1982,0.256696433,0.258928567,0.256696433,0.256696433,0.203390777,12891200
365,5/26/1982,0.256696433,0.256696433,0.254464298,0.254464298,0.201622143,10819200
366,5/27/1982,0.252232134,0.252232134,0.25,0.25,0.19808495,7812000
367,5/28/1982,0.25,0.252232134,0.25,0.25,0.19808495,4799200
368,6/1/1982,0.247767851,0.247767851,0.245535716,0.245535716,0.194547743,11900000
369,6/2/1982,0.25,0.252232134,0.25,0.25,0.19808495,8226400
370,6/3/1982,0.245535716,0.245535716,0.241071433,0.241071433,0.19101046,9940000
371,6/4/1982,0.236607149,0.236607149,0.234375,0.234375,0.185704663,9419200
372,6/7/1982,0.234375,0.236607149,0.234375,0.234375,0.185704663,9290400
373,6/8/1982,0.234375,0.234375,0.232142851,0.232142851,0.183936,7851200
374,6/9/1982,0.229910716,0.229910716,0.227678567,0.227678567,0.180398807,8461600
375,6/10/1982,0.229910716,0.232142851,0.229910716,0.229910716,0.182167381,8601600
376,6/11/1982,0.238839284,0.241071433,0.238839284,0.238839284,0.189241856,13658400
377,6/14/1982,0.238839284,0.241071433,0.238839284,0.238839284,0.189241856,7498400
378,6/15/1982,0.238839284,0.241071433,0.238839284,0.238839284,0.189241856,8803200
379,6/16/1982,0.238839284,0.241071433,0.238839284,0.238839284,0.189241856,10432800
380,6/17/1982,0.236607149,0.236607149,0.234375,0.234375,0.185704663,7291200
381,6/18/1982,0.234375,0.234375,0.229910716,0.229910716,0.182167381,4967200
382,6/21/1982,0.229910716,0.232142851,0.229910716,0.229910716,0.182167381,7134400
383,6/22/1982,0.238839284,0.243303567,0.238839284,0.238839284,0.189241856,4390400
384,6/23/1982,0.245535716,0.25,0.245535716,0.245535716,0.194547743,13188000
385,6/24/1982,0.245535716,0.247767851,0.245535716,0.245535716,0.194547743,11037600
386,6/25/1982,0.238839284,0.238839284,0.236607149,0.236607149,0.187473223,6669600
387,6/28/1982,0.236607149,0.236607149,0.234375,0.234375,0.185704663,6288800
388,6/29/1982,0.229910716,0.229910716,0.227678567,0.227678567,0.180398807,8954400
389,6/30/1982,0.227678567,0.229910716,0.227678567,0.227678567,0.180398807,16906400
390,7/1/1982,0.227678567,0.227678567,0.225446433,0.225446433,0.178630143,13932800
391,7/2/1982,0.216517851,0.216517851,0.214285716,0.214285716,0.169787079,14526400
392,7/6/1982,0.207589284,0.207589284,0.205357149,0.205357149,0.162712604,21924000
393,7/7/1982,0.205357149,0.207589284,0.205357149,0.205357149,0.162712604,7593600
394,7/8/1982,0.198660716,0.198660716,0.196428567,0.196428567,0.155638233,41081600
395,7/9/1982,0.203125,0.205357149,0.203125,0.203125,0.160944059,32104800
396,7/12/1982,0.207589284,0.209821433,0.207589284,0.207589284,0.164481223,15848000
397,7/13/1982,0.220982149,0.223214284,0.220982149,0.220982149,0.175092921,28593600
398,7/14/1982,0.223214284,0.227678567,0.223214284,0.223214284,0.17686151,17780000
399,7/15/1982,0.227678567,0.229910716,0.227678567,0.227678567,0.180398807,16447200
400,7/16/1982,0.236607149,0.238839284,0.236607149,0.236607149,0.187473223,19252800
401,7/19/1982,0.238839284,0.241071433,0.238839284,0.238839284,0.189241856,20944000
402,7/20/1982,0.254464298,0.256696433,0.254464298,0.254464298,0.201622143,12426400
403,7/21/1982,0.254464298,0.256696433,0.254464298,0.254464298,0.201622143,17925600
404,7/22/1982,0.256696433,0.258928567,0.256696433,0.256696433,0.203390777,8803200
405,7/23/1982,0.254464298,0.254464298,0.252232134,0.252232134,0.199853539,4575200
406,7/26/1982,0.243303567,0.243303567,0.241071433,0.241071433,0.19101046,14212800
407,7/27/1982,0.241071433,0.243303567,0.241071433,0.241071433,0.19101046,8080800
408,7/28/1982,0.232142851,0.232142851,0.229910716,0.229910716,0.182167381,13378400
409,7/29/1982,0.238839284,0.241071433,0.238839284,0.238839284,0.189241856,15467200
410,7/30/1982,0.241071433,0.243303567,0.241071433,0.241071433,0.19101046,9654400
411,8/2/1982,0.247767851,0.25,0.247767851,0.247767851,0.196316287,23598400
412,8/3/1982,0.234375,0.234375,0.232142851,0.232142851,0.183936,22467200
413,8/4/1982,0.232142851,0.232142851,0.229910716,0.229910716,0.182167381,20966400
414,8/5/1982,0.223214284,0.223214284,0.220982149,0.220982149,0.175092921,17438400
415,8/6/1982,0.220982149,0.220982149,0.21875,0.21875,0.173324332,24208800
416,8/9/1982,0.220982149,0.223214284,0.220982149,0.220982149,0.175092921,14028000
417,8/10/1982,0.234375,0.236607149,0.234375,0.234375,0.185704663,28061600
418,8/11/1982,0.236607149,0.238839284,0.236607149,0.236607149,0.187473223,17472000
419,8/12/1982,0.236607149,0.236607149,0.234375,0.234375,0.185704663,7655200
420,8/13/1982,0.234375,0.236607149,0.234375,0.234375,0.185704663,6490400
421,8/16/1982,0.238839284,0.241071433,0.238839284,0.238839284,0.189241856,9604000
422,8/17/1982,0.254464298,0.258928567,0.254464298,0.254464298,0.201622143,11933600
423,8/18/1982,0.254464298,0.256696433,0.254464298,0.254464298,0.201622143,31264800
424,8/19/1982,0.256696433,0.258928567,0.256696433,0.256696433,0.203390777,11905600
425,8/20/1982,0.263392866,0.265625,0.263392866,0.263392866,0.208696574,13714400
426,8/23/1982,0.274553567,0.276785702,0.274553567,0.274553567,0.217539698,17421600
427,8/24/1982,0.287946433,0.290178567,0.287946433,0.287946433,0.228151351,38942400
428,8/25/1982,0.308035702,0.310267866,0.308035702,0.308035702,0.244068831,89269600
429,8/26/1982,0.316964298,0.319196433,0.316964298,0.316964298,0.251143396,52645600
430,8/27/1982,0.303571433,0.303571433,0.301339298,0.301339298,0.238763109,24662400
431,8/30/1982,0.305803567,0.308035702,0.305803567,0.305803567,0.242300391,20109600
432,8/31/1982,0.321428567,0.323660702,0.321428567,0.321428567,0.254680604,35140000
433,9/1/1982,0.314732134,0.314732134,0.3125,0.3125,0.247606233,20641600
434,9/2/1982,0.325892866,0.328125,0.325892866,0.325892866,0.258217841,18855200
435,9/3/1982,0.328125,0.330357134,0.328125,0.328125,0.25998652,26135200
436,9/7/1982,0.3125,0.3125,0.310267866,0.310267866,0.245837599,20344800
437,9/8/1982,0.321428567,0.323660702,0.321428567,0.321428567,0.254680604,18082400
438,9/9/1982,0.316964298,0.316964298,0.314732134,0.314732134,0.249374717,15898400
439,9/10/1982,0.323660702,0.325892866,0.323660702,0.323660702,0.256449193,14016800
440,9/13/1982,0.325892866,0.328125,0.325892866,0.325892866,0.258217841,14722400
441,9/14/1982,0.337053567,0.339285702,0.337053567,0.337053567,0.267060846,25373600
442,9/15/1982,0.337053567,0.337053567,0.334821433,0.334821433,0.265292317,17936800
443,9/16/1982,0.328125,0.328125,0.323660702,0.323660702,0.256449193,20092800
444,9/17/1982,0.319196433,0.319196433,0.316964298,0.316964298,0.251143396,13512800
445,9/20/1982,0.319196433,0.321428567,0.319196433,0.319196433,0.252911925,9783200
446,9/21/1982,0.325892866,0.328125,0.325892866,0.325892866,0.258217841,9167200
447,9/22/1982,0.334821433,0.337053567,0.334821433,0.334821433,0.265292317,25844000
448,9/23/1982,0.334821433,0.337053567,0.334821433,0.334821433,0.265292317,34955200
449,9/24/1982,0.325892866,0.325892866,0.323660702,0.323660702,0.256449193,44548000
450,9/27/1982,0.323660702,0.328125,0.323660702,0.323660702,0.256449193,9536800
451,9/28/1982,0.328125,0.332589298,0.328125,0.328125,0.25998652,21380800
452,9/29/1982,0.328125,0.330357134,0.328125,0.328125,0.25998652,16391200
453,9/30/1982,0.328125,0.328125,0.325892866,0.325892866,0.258217841,18670400
454,10/1/1982,0.330357134,0.334821433,0.330357134,0.330357134,0.261755079,11564000
455,10/4/1982,0.330357134,0.337053567,0.321428567,0.334821433,0.265292317,17332000
456,10/5/1982,0.334821433,0.34375,0.334821433,0.337053567,0.267060846,20059200
457,10/6/1982,0.337053567,0.361607134,0.337053567,0.361607134,0.286515832,43383200
458,10/7/1982,0.363839298,0.392857134,0.363839298,0.390625,0.309507698,77918400
459,10/8/1982,0.390625,0.421875,0.388392866,0.419642866,0.332499653,68885600
460,10/11/1982,0.419642866,0.441964298,0.419642866,0.428571433,0.339574158,78433600
461,10/12/1982,0.428571433,0.435267866,0.410714298,0.415178567,0.328962445,64736000
462,10/13/1982,0.415178567,0.433035702,0.410714298,0.419642866,0.332499653,49711200
463,10/14/1982,0.419642866,0.426339298,0.412946433,0.421875,0.334268272,44665600
464,10/15/1982,0.419642866,0.419642866,0.404017866,0.410714298,0.325425208,36153600
465,10/18/1982,0.410714298,0.421875,0.410714298,0.419642866,0.332499653,23587200
466,10/19/1982,0.419642866,0.433035702,0.419642866,0.428571433,0.339574158,30710400
467,10/20/1982,0.428571433,0.457589298,0.426339298,0.453125,0.359028876,60524800
468,10/21/1982,0.453125,0.477678567,0.446428567,0.464285702,0.367872,56879200
469,10/22/1982,0.464285702,0.477678567,0.462053567,0.462053567,0.366103351,40420800
470,10/25/1982,0.462053567,0.464285702,0.433035702,0.435267866,0.344880044,46233600
471,10/26/1982,0.435267866,0.439732134,0.415178567,0.4375,0.346648663,41938400
472,10/27/1982,0.4375,0.450892866,0.4375,0.448660702,0.355491757,47790400
473,10/28/1982,0.448660702,0.453125,0.441964298,0.448660702,0.355491757,54420800
474,10/29/1982,0.448660702,0.453125,0.441964298,0.453125,0.359028876,29528800
475,11/1/1982,0.453125,0.482142866,0.448660702,0.477678567,0.378483713,26090400
476,11/2/1982,0.482142866,0.526785731,0.482142866,0.511160731,0.405012965,77711200
477,11/3/1982,0.511160731,0.549107134,0.511160731,0.549107134,0.435079396,58783200
478,11/4/1982,0.549107134,0.569196403,0.544642866,0.553571403,0.438616574,82269600
479,11/5/1982,0.549107134,0.549107134,0.529017866,0.537946403,0.426236391,35375200
480,11/8/1982,0.537946403,0.542410731,0.513392866,0.515625,0.408550292,29797600
481,11/9/1982,0.515625,0.537946403,0.513392866,0.533482134,0.422699064,44945600
482,11/10/1982,0.535714269,0.5625,0.535714269,0.553571403,0.438616574,50696800
483,11/11/1982,0.553571403,0.589285731,0.544642866,0.589285731,0.466914535,30788800
484,11/12/1982,0.589285731,0.607142866,0.578125,0.578125,0.458071351,32776800
485,11/15/1982,0.578125,0.584821403,0.558035731,0.564732134,0.447459757,31147200
486,11/16/1982,0.564732134,0.566964269,0.533482134,0.535714269,0.424467593,45505600
487,11/17/1982,0.535714269,0.5625,0.535714269,0.560267866,0.44392246,36036000
488,11/18/1982,0.560267866,0.569196403,0.558035731,0.560267866,0.44392246,38169600
489,11/19/1982,0.560267866,0.564732134,0.549107134,0.551339269,0.436847955,24326400
490,11/22/1982,0.551339269,0.551339269,0.502232134,0.502232134,0.39793849,25312000
491,11/23/1982,0.508928597,0.53125,0.508928597,0.515625,0.408550292,22125600
492,11/24/1982,0.515625,0.544642866,0.513392866,0.526785731,0.417393148,18435200
493,11/26/1982,0.526785731,0.533482134,0.506696403,0.517857134,0.410318822,25496800
494,11/29/1982,0.517857134,0.524553597,0.5,0.515625,0.408550292,12488000
495,11/30/1982,0.515625,0.571428597,0.513392866,0.569196403,0.450996846,39799200
496,12/1/1982,0.569196403,0.602678597,0.569196403,0.580357134,0.45983988,51710400
497,12/2/1982,0.580357134,0.589285731,0.571428597,0.580357134,0.45983988,41182400
498,12/3/1982,0.573660731,0.573660731,0.560267866,0.566964269,0.449228287,11894400
499,12/6/1982,0.566964269,0.602678597,0.5625,0.598214269,0.473988861,36646400
500,12/7/1982,0.598214269,0.618303597,0.584821403,0.604910731,0.479294717,41820800
501,12/8/1982,0.604910731,0.622767866,0.589285731,0.591517866,0.468682975,28078400
502,12/9/1982,0.582589269,0.582589269,0.553571403,0.5625,0.445691049,48664000
503,12/10/1982,0.553571403,0.553571403,0.515625,0.522321403,0.41385603,41871200
504,12/13/1982,0.517857134,0.517857134,0.511160731,0.511160731,0.405012965,23844800
505,12/14/1982,0.511160731,0.542410731,0.5,0.506696403,0.401475728,67513600
506,12/15/1982,0.506696403,0.508928597,0.493303567,0.504464269,0.399707079,32698400
507,12/16/1982,0.504464269,0.522321403,0.5,0.513392866,0.406781554,35291200
508,12/17/1982,0.513392866,0.542410731,0.511160731,0.537946403,0.426236391,20182400
509,12/20/1982,0.537946403,0.540178597,0.53125,0.535714269,0.424467593,17444000
510,12/21/1982,0.535714269,0.540178597,0.526785731,0.540178597,0.428004831,19986400
511,12/22/1982,0.542410731,0.555803597,0.542410731,0.555803597,0.440385252,25306400
512,12/23/1982,0.555803597,0.571428597,0.551339269,0.571428597,0.452765584,21744800
513,12/27/1982,0.571428597,0.587053597,0.566964269,0.584821403,0.463377208,15467200
514,12/28/1982,0.584821403,0.602678597,0.573660731,0.580357134,0.45983988,28341600
515,12/29/1982,0.580357134,0.582589269,0.553571403,0.560267866,0.44392246,20176800
516,12/30/1982,0.560267866,0.566964269,0.529017866,0.535714269,0.424467593,39216800
517,12/31/1982,0.535714269,0.542410731,0.533482134,0.533482134,0.422699064,12415200
518,1/3/1983,0.533482134,0.540178597,0.504464269,0.508928597,0.403244287,28207200
519,1/4/1983,0.508928597,0.540178597,0.5,0.537946403,0.426236391,55927200
520,1/5/1983,0.537946403,0.544642866,0.529017866,0.540178597,0.428004831,35386400
521,1/6/1983,0.540178597,0.542410731,0.517857134,0.520089269,0.412087381,24449600
522,1/7/1983,0.520089269,0.526785731,0.491071433,0.491071433,0.389095485,43013600
523,1/10/1983,0.491071433,0.517857134,0.486607134,0.513392866,0.406781554,68835200
524,1/11/1983,0.513392866,0.526785731,0.513392866,0.520089269,0.412087381,347200
525,1/12/1983,0.526785731,0.5625,0.526785731,0.549107134,0.435079396,44245600
526,1/13/1983,0.549107134,0.553571403,0.540178597,0.549107134,0.435079396,20568800
527,1/14/1983,0.551339269,0.589285731,0.551339269,0.589285731,0.466914535,46160800
528,1/17/1983,0.589285731,0.618303597,0.584821403,0.609375,0.482832015,58716000
529,1/18/1983,0.609375,0.622767866,0.580357134,0.595982134,0.472220212,54947200
530,1/19/1983,0.595982134,0.607142866,0.59375,0.600446403,0.475757509,42414400
531,1/20/1983,0.600446403,0.667410731,0.600446403,0.667410731,0.528815985,176960000
532,1/21/1983,0.667410731,0.696428597,0.660714269,0.667410731,0.528815985,100648800
533,1/24/1983,0.667410731,0.667410731,0.618303597,0.629464269,0.498749435,78853600
534,1/25/1983,0.629464269,0.669642866,0.625,0.654017866,0.518204391,41759200
535,1/26/1983,0.660714269,0.6875,0.660714269,0.680803597,0.539427638,50803200
536,1/27/1983,0.680803597,0.732142866,0.678571403,0.727678597,0.576568663,26079200
537,1/28/1983,0.727678597,0.75,0.723214269,0.732142866,0.580105722,99433600
538,1/31/1983,0.732142866,0.743303597,0.716517866,0.729910731,0.578337193,47000800
539,2/1/1983,0.729910731,0.745535731,0.71875,0.745535731,0.590717673,52740800
540,2/2/1983,0.745535731,0.78125,0.734375,0.765625,0.606635034,66763200
541,2/3/1983,0.765625,0.799107134,0.758928597,0.796875,0.631395638,63134400
542,2/4/1983,0.796875,0.810267866,0.783482134,0.785714269,0.622552931,53586400
543,2/7/1983,0.785714269,0.796875,0.741071403,0.754464269,0.597792089,35728000
544,2/8/1983,0.754464269,0.765625,0.738839269,0.747767866,0.592486143,42028000
545,2/9/1983,0.747767866,0.758928597,0.727678597,0.754464269,0.597792089,45203200
546,2/10/1983,0.754464269,0.808035731,0.754464269,0.803571403,0.636701703,59180800
547,2/11/1983,0.810267866,0.84375,0.810267866,0.830357134,0.657924891,50887200
548,2/14/1983,0.830357134,0.830357134,0.805803597,0.825892866,0.654387653,31544800
549,2/15/1983,0.825892866,0.832589269,0.801339269,0.810267866,0.642007351,28795200
550,2/16/1983,0.810267866,0.810267866,0.790178597,0.794642866,0.629627347,29142400
551,2/17/1983,0.794642866,0.794642866,0.761160731,0.785714269,0.622552931,34042400
552,2/18/1983,0.785714269,0.819196403,0.776785731,0.810267866,0.642007351,28722400
553,2/22/1983,0.814732134,0.852678597,0.814732134,0.830357134,0.657924891,49196000
554,2/23/1983,0.830357134,0.841517866,0.823660731,0.837053597,0.663230956,27008800
555,2/24/1983,0.84375,0.863839269,0.84375,0.859375,0.680916905,28873600
556,2/25/1983,0.859375,0.868303597,0.830357134,0.834821403,0.661462069,28672000
557,2/28/1983,0.834821403,0.837053597,0.8125,0.814732134,0.645544648,33073600
558,3/1/1983,0.814732134,0.832589269,0.8125,0.828125,0.656156301,35067200
559,3/2/1983,0.828125,0.839285731,0.825892866,0.834821403,0.661462069,26488000
560,3/3/1983,0.834821403,0.84375,0.805803597,0.808035731,0.640238762,32883200
561,3/4/1983,0.808035731,0.810267866,0.772321403,0.796875,0.631395638,37951200
562,3/7/1983,0.796875,0.799107134,0.758928597,0.78125,0.619015396,38169600
563,3/8/1983,0.776785731,0.776785731,0.745535731,0.756696403,0.599560618,55160000
564,3/9/1983,0.756696403,0.779017866,0.743303597,0.779017866,0.617246747,49834400
565,3/10/1983,0.779017866,0.787946403,0.761160731,0.767857134,0.608403802,28151200
566,3/11/1983,0.767857134,0.78125,0.738839269,0.756696403,0.599560618,21940800
567,3/14/1983,0.754464269,0.754464269,0.720982134,0.738839269,0.585411787,42968800
568,3/15/1983,0.738839269,0.75,0.716517866,0.75,0.594254911,18765600
569,3/16/1983,0.75,0.776785731,0.745535731,0.75,0.594254911,27742400
570,3/17/1983,0.75,0.756696403,0.747767866,0.756696403,0.599560618,11037600
571,3/18/1983,0.756696403,0.776785731,0.754464269,0.767857134,0.608403802,21532000
572,3/21/1983,0.767857134,0.787946403,0.763392866,0.785714269,0.622552931,26006400
573,3/22/1983,0.785714269,0.805803597,0.785714269,0.794642866,0.629627347,25250400
574,3/23/1983,0.794642866,0.796875,0.754464269,0.756696403,0.599560618,35190400
575,3/24/1983,0.756696403,0.779017866,0.754464269,0.770089269,0.610172212,25614400
576,3/25/1983,0.770089269,0.783482134,0.767857134,0.770089269,0.610172212,14515200
577,3/28/1983,0.767857134,0.767857134,0.745535731,0.758928597,0.601329267,18642400
578,3/29/1983,0.761160731,0.787946403,0.761160731,0.78125,0.619015396,25933600
579,3/30/1983,0.78125,0.792410731,0.78125,0.790178597,0.626089931,21952000
580,3/31/1983,0.790178597,0.794642866,0.754464269,0.754464269,0.597792089,21285600
581,4/4/1983,0.754464269,0.754464269,0.716517866,0.734375,0.58187449,31847200
582,4/5/1983,0.734375,0.75,0.720982134,0.720982134,0.571262717,30525600
583,4/6/1983,0.720982134,0.723214269,0.705357134,0.714285731,0.565956831,53496800
584,4/7/1983,0.714285731,0.71875,0.703125,0.707589269,0.560651302,36377600
585,4/8/1983,0.707589269,0.712053597,0.689732134,0.703125,0.557113886,37564800
586,4/11/1983,0.703125,0.747767866,0.691964269,0.743303597,0.588948786,57618400
587,4/12/1983,0.743303597,0.761160731,0.743303597,0.758928597,0.601329267,43512000
588,4/13/1983,0.758928597,0.787946403,0.758928597,0.785714269,0.622552931,47443200
589,4/14/1983,0.785714269,0.805803597,0.779017866,0.803571403,0.636701703,34092800
590,4/15/1983,0.803571403,0.823660731,0.803571403,0.816964269,0.647313178,28750400
591,4/18/1983,0.821428597,0.854910731,0.821428597,0.839285731,0.664999306,38892000
592,4/19/1983,0.839285731,0.845982134,0.825892866,0.830357134,0.657924891,58469600
593,4/20/1983,0.830357134,0.910714269,0.830357134,0.904017866,0.716289222,72083200
594,4/21/1983,0.915178597,0.941964269,0.915178597,0.928571403,0.735743999,57512000
595,4/22/1983,0.928571403,0.9375,0.90625,0.910714269,0.721595228,31796800
596,4/25/1983,0.910714269,0.917410731,0.863839269,0.868303597,0.687991321,31427200
597,4/26/1983,0.868303597,0.904017866,0.866071403,0.892857134,0.707446039,24858400
598,4/27/1983,0.892857134,0.912946403,0.875,0.883928597,0.700371683,21509600
599,4/28/1983,0.883928597,0.897321403,0.872767866,0.892857134,0.707446039,19852000
600,4/29/1983,0.892857134,0.90625,0.881696403,0.901785731,0.714520574,77078400
601,5/2/1983,0.901785731,0.90625,0.863839269,0.875,0.693297327,24270400
602,5/3/1983,0.875,0.877232134,0.850446403,0.866071403,0.686222672,26499200
603,5/4/1983,0.866071403,0.919642866,0.866071403,0.919642866,0.728669524,32278400
604,5/5/1983,0.919642866,0.982142866,0.919642866,0.979910731,0.776422262,35123200
605,5/6/1983,0.979910731,0.995535731,0.959821403,0.984375,0.779959559,25037600
606,5/9/1983,0.984375,0.986607134,0.962053597,0.970982134,0.769347787,17292800
607,5/10/1983,0.970982134,0.988839269,0.966517866,0.977678597,0.774653673,12975200
608,5/11/1983,0.977678597,0.982142866,0.946428597,0.953125,0.755198777,13815200
609,5/12/1983,0.953125,0.953125,0.935267866,0.944196403,0.748124182,24606400
610,5/13/1983,0.944196403,0.957589269,0.944196403,0.948660731,0.751661777,12241600
611,5/16/1983,0.948660731,0.948660731,0.919642866,0.924107134,0.732206702,17298400
612,5/17/1983,0.924107134,0.928571403,0.912946403,0.926339269,0.73397541,38589600
613,5/18/1983,0.926339269,0.946428597,0.926339269,0.9375,0.742818654,39250400
614,5/19/1983,0.9375,0.96875,0.9375,0.966517866,0.765810609,17572800
615,5/20/1983,0.966517866,1.017857194,0.953125,1.015625,0.804720044,36523200
616,5/23/1983,1.015625,1.026785731,0.995535731,1.026785731,0.813563108,30436000
617,5/24/1983,1.026785731,1.080357194,1.026785731,1.080357194,0.856009662,26924800
618,5/25/1983,1.080357194,1.089285731,1.055803537,1.071428537,0.848935187,38432800
619,5/26/1983,1.071428537,1.078125,1.051339269,1.060267806,0.840092361,26392800
620,5/27/1983,1.060267806,1.071428537,1.055803537,1.060267806,0.840092361,14156800
621,5/31/1983,1.058035731,1.058035731,1.011160731,1.03125,0.817100585,11384800
622,6/1/1983,1.03125,1.040178537,1.022321463,1.037946463,0.822406054,24522400
623,6/2/1983,1.037946463,1.044642806,1.03125,1.044642806,0.827712059,19857600
624,6/3/1983,1.044642806,1.100446463,1.044642806,1.095982194,0.868389845,16133600
625,6/6/1983,1.095982194,1.120535731,1.095982194,1.120535731,0.88784492,26023200
626,6/7/1983,1.120535731,1.129464269,1.082589269,1.082589269,0.85777837,24544800
627,6/8/1983,1.082589269,1.087053537,1.060267806,1.069196463,0.847166717,21011200
628,6/9/1983,1.069196463,1.080357194,1.042410731,1.0625,0.841860831,13697600
629,6/10/1983,1.0625,1.069196463,1.055803537,1.058035731,0.838323772,9357600
630,6/13/1983,1.058035731,1.060267806,0.982142866,1.022321463,0.81002593,44816800
631,6/14/1983,1.022321463,1.03125,0.995535731,1,0.792339802,42632800
632,6/15/1983,0.997767866,0.997767866,0.950892866,0.970982134,0.769347787,48339200
633,6/16/1983,0.975446403,1.022321463,0.975446403,1.022321463,0.81002593,30721600
634,6/17/1983,1.022321463,1.026785731,1.002232194,1.002232194,0.794108391,14011200
635,6/20/1983,1.002232194,1.008928537,0.944196403,0.953125,0.755198777,34893600
636,6/21/1983,0.953125,0.964285731,0.935267866,0.959821403,0.760504544,31365600
637,6/22/1983,0.962053597,0.993303597,0.962053597,0.988839269,0.783496737,35240800
638,6/23/1983,0.984375,0.984375,0.955357134,0.957589269,0.758736014,33499200
639,6/24/1983,0.957589269,0.970982134,0.948660731,0.950892866,0.753430307,11911200
640,6/27/1983,0.950892866,0.950892866,0.899553597,0.899553597,0.712751925,30760800
641,6/28/1983,0.899553597,0.904017866,0.830357134,0.837053597,0.663230956,87292800
642,6/29/1983,0.837053597,0.886160731,0.816964269,0.877232134,0.695065975,73595200
643,6/30/1983,0.877232134,0.892857134,0.868303597,0.872767866,0.691528857,27641600
644,7/1/1983,0.872767866,0.888392866,0.868303597,0.879464269,0.696834445,43064000
645,7/5/1983,0.879464269,0.881696403,0.841517866,0.84375,0.668536544,20512800
646,7/6/1983,0.84375,0.848214269,0.828125,0.845982134,0.670305192,23979200
647,7/7/1983,0.845982134,0.848214269,0.830357134,0.834821403,0.661462069,22360800
648,7/8/1983,0.834821403,0.834821403,0.821428597,0.825892866,0.654387653,17544800
649,7/11/1983,0.825892866,0.861607134,0.825892866,0.848214269,0.672073662,28229600
650,7/12/1983,0.848214269,0.857142866,0.823660731,0.828125,0.656156301,18799200
651,7/13/1983,0.828125,0.830357134,0.810267866,0.823660731,0.652619064,32250400
652,7/14/1983,0.823660731,0.837053597,0.816964269,0.821428597,0.650850415,18726400
653,7/15/1983,0.821428597,0.821428597,0.787946403,0.792410731,0.62785852,16990400
654,7/18/1983,0.792410731,0.794642866,0.772321403,0.790178597,0.626089931,20406400
655,7/19/1983,0.790178597,0.828125,0.774553597,0.78125,0.619015396,42784000
656,7/20/1983,0.78125,0.787946403,0.727678597,0.736607134,0.583643258,76221600
657,7/21/1983,0.736607134,0.792410731,0.732142866,0.774553597,0.613709629,79346400
658,7/22/1983,0.774553597,0.783482134,0.772321403,0.78125,0.619015396,29108800
659,7/25/1983,0.78125,0.78125,0.758928597,0.770089269,0.610172212,19107200
660,7/26/1983,0.770089269,0.774553597,0.669642866,0.698660731,0.553576529,67244800
661,7/27/1983,0.698660731,0.720982134,0.638392866,0.647321403,0.512898386,75079200
662,7/28/1983,0.647321403,0.65625,0.607142866,0.607142866,0.481063336,67620000
663,7/29/1983,0.607142866,0.629464269,0.604910731,0.622767866,0.493443817,55081600
664,8/1/1983,0.622767866,0.649553597,0.611607134,0.616071403,0.488137662,58111200
665,8/2/1983,0.616071403,0.625,0.611607134,0.613839269,0.486369371,25412800
666,8/3/1983,0.613839269,0.636160731,0.604910731,0.622767866,0.493443817,30956800
667,8/4/1983,0.622767866,0.629464269,0.566964269,0.59375,0.470451623,73029600
668,8/5/1983,0.59375,0.616071403,0.589285731,0.604910731,0.479294717,32855200
669,8/8/1983,0.604910731,0.620535731,0.591517866,0.607142866,0.481063336,19202400
670,8/9/1983,0.607142866,0.622767866,0.602678597,0.613839269,0.486369371,37592800
671,8/10/1983,0.613839269,0.618303597,0.598214269,0.611607134,0.484600782,40493600
672,8/11/1983,0.611607134,0.620535731,0.59375,0.602678597,0.477526218,22545600
673,8/12/1983,0.602678597,0.616071403,0.591517866,0.598214269,0.473988861,18659200
674,8/15/1983,0.598214269,0.613839269,0.595982134,0.613839269,0.486369371,38068800
675,8/16/1983,0.613839269,0.620535731,0.598214269,0.604910731,0.479294717,22842400
676,8/17/1983,0.604910731,0.611607134,0.584821403,0.591517866,0.468682975,23609600
677,8/18/1983,0.591517866,0.604910731,0.589285731,0.598214269,0.473988861,20434400
678,8/19/1983,0.598214269,0.607142866,0.59375,0.602678597,0.477526218,14649600
679,8/22/1983,0.602678597,0.609375,0.59375,0.600446403,0.475757509,21341600
680,8/23/1983,0.600446403,0.600446403,0.564732134,0.569196403,0.450996846,23396800
681,8/24/1983,0.566964269,0.566964269,0.537946403,0.540178597,0.428004831,28324800
682,8/25/1983,0.540178597,0.549107134,0.535714269,0.544642866,0.431542069,47443200
683,8/26/1983,0.544642866,0.553571403,0.540178597,0.551339269,0.436847955,23296000
684,8/29/1983,0.551339269,0.564732134,0.535714269,0.558035731,0.442153722,34574400
685,8/30/1983,0.558035731,0.598214269,0.558035731,0.587053597,0.465145886,58486400
686,8/31/1983,0.591517866,0.665178597,0.591517866,0.665178597,0.527047634,50058400
687,9/1/1983,0.665178597,0.6875,0.633928597,0.649553597,0.514667153,54532800
688,9/2/1983,0.649553597,0.678571403,0.647321403,0.678571403,0.537659287,32334400
689,9/6/1983,0.691964269,0.709821403,0.691964269,0.703125,0.557113886,45421600
690,9/7/1983,0.700892866,0.700892866,0.604910731,0.618303597,0.489906549,96213600
691,9/8/1983,0.618303597,0.625,0.558035731,0.566964269,0.449228287,76764800
692,9/9/1983,0.566964269,0.569196403,0.544642866,0.546875,0.433310658,53172000
693,9/12/1983,0.546875,0.580357134,0.540178597,0.546875,0.433310658,66578400
694,9/13/1983,0.546875,0.580357134,0.542410731,0.571428597,0.452765584,51044000
695,9/14/1983,0.571428597,0.584821403,0.553571403,0.564732134,0.447459757,45382400
696,9/15/1983,0.564732134,0.566964269,0.53125,0.537946403,0.426236391,39709600
697,9/16/1983,0.537946403,0.537946403,0.520089269,0.524553597,0.415624648,56436800
698,9/19/1983,0.524553597,0.575892866,0.522321403,0.571428597,0.452765584,50495200
699,9/20/1983,0.571428597,0.598214269,0.571428597,0.573660731,0.454534143,56604800
700,9/21/1983,0.573660731,0.582589269,0.560267866,0.5625,0.445691049,26588800
701,9/22/1983,0.5625,0.582589269,0.555803597,0.580357134,0.45983988,36030400
702,9/23/1983,0.446428567,0.446428567,0.397321433,0.433035702,0.343111336,708086400
703,9/26/1983,0.435267866,0.462053567,0.435267866,0.444196433,0.35195446,192192000
704,9/27/1983,0.444196433,0.446428567,0.410714298,0.419642866,0.332499653,104277600
705,9/28/1983,0.419642866,0.419642866,0.395089298,0.408482134,0.323656589,93374400
706,9/29/1983,0.408482134,0.424107134,0.404017866,0.40625,0.321888119,70694400
707,9/30/1983,0.40625,0.421875,0.401785702,0.412946433,0.327193826,29467200
708,10/3/1983,0.412946433,0.419642866,0.404017866,0.412946433,0.327193826,38225600
709,10/4/1983,0.412946433,0.421875,0.40625,0.408482134,0.323656589,42403200
710,10/5/1983,0.408482134,0.415178567,0.395089298,0.401785702,0.318350852,47667200
711,10/6/1983,0.401785702,0.408482134,0.388392866,0.397321433,0.314813673,58234400
712,10/7/1983,0.397321433,0.424107134,0.359375,0.363839298,0.288284332,61583200
713,10/10/1983,0.359375,0.359375,0.328125,0.352678567,0.279441267,129281600
714,10/11/1983,0.352678567,0.354910702,0.341517866,0.345982134,0.274135381,63190400
715,10/12/1983,0.345982134,0.379464298,0.34375,0.377232134,0.298896044,118154400
716,10/13/1983,0.388392866,0.428571433,0.388392866,0.410714298,0.325425208,105128800
717,10/14/1983,0.410714298,0.424107134,0.401785702,0.40625,0.321888119,69815200
718,10/17/1983,0.40625,0.40625,0.372767866,0.375,0.297127455,54779200
719,10/18/1983,0.370535702,0.370535702,0.337053567,0.345982134,0.274135381,95743200
720,10/19/1983,0.345982134,0.397321433,0.341517866,0.383928567,0.304201901,71848000
721,10/20/1983,0.383928567,0.395089298,0.354910702,0.363839298,0.288284332,32922400
722,10/21/1983,0.363839298,0.372767866,0.350446433,0.354910702,0.281209826,39250400
723,10/24/1983,0.354910702,0.377232134,0.319196433,0.377232134,0.298896044,64848000
724,10/25/1983,0.377232134,0.390625,0.375,0.379464298,0.300664634,42112000
725,10/26/1983,0.379464298,0.383928567,0.357142866,0.359375,0.284747124,32228000
726,10/27/1983,0.359375,0.386160702,0.359375,0.377232134,0.298896044,24460800
727,10/28/1983,0.377232134,0.381696433,0.363839298,0.372767866,0.295358837,20300000
728,10/31/1983,0.377232134,0.410714298,0.377232134,0.404017866,0.320119381,43293600
729,11/1/1983,0.404017866,0.428571433,0.386160702,0.410714298,0.325425208,82096000
730,11/2/1983,0.410714298,0.430803567,0.410714298,0.419642866,0.332499653,50618400
731,11/3/1983,0.419642866,0.421875,0.375,0.390625,0.309507698,71500800
732,11/4/1983,0.390625,0.392857134,0.375,0.377232134,0.298896044,36685600
733,11/7/1983,0.377232134,0.386160702,0.370535702,0.375,0.297127455,38029600
734,11/8/1983,0.348214298,0.348214298,0.308035702,0.319196433,0.252911925,305379200
735,11/9/1983,0.319196433,0.34375,0.3125,0.34375,0.272366941,88368000
736,11/10/1983,0.34375,0.359375,0.34375,0.350446433,0.277672678,55518400
737,11/11/1983,0.350446433,0.363839298,0.348214298,0.357142866,0.282978415,29008000
738,11/14/1983,0.357142866,0.361607134,0.350446433,0.352678567,0.279441267,27070400
739,11/15/1983,0.352678567,0.354910702,0.339285702,0.352678567,0.279441267,29657600
740,11/16/1983,0.352678567,0.366071433,0.350446433,0.357142866,0.282978415,25569600
741,11/17/1983,0.357142866,0.370535702,0.357142866,0.366071433,0.290052861,22596000
742,11/18/1983,0.366071433,0.372767866,0.361607134,0.368303567,0.291821629,19975200
743,11/21/1983,0.368303567,0.386160702,0.368303567,0.383928567,0.304201901,26252800
744,11/22/1983,0.383928567,0.388392866,0.379464298,0.383928567,0.304201901,26297600
745,11/23/1983,0.383928567,0.383928567,0.357142866,0.363839298,0.288284332,28588000
746,11/25/1983,0.363839298,0.368303567,0.363839298,0.366071433,0.290052861,9324000
747,11/28/1983,0.366071433,0.377232134,0.363839298,0.375,0.297127455,18099200
748,11/29/1983,0.375,0.383928567,0.366071433,0.370535702,0.293590218,23822400
749,11/30/1983,0.370535702,0.375,0.363839298,0.363839298,0.288284332,16083200
750,12/1/1983,0.363839298,0.372767866,0.357142866,0.361607134,0.286515832,19168800
751,12/2/1983,0.361607134,0.361607134,0.352678567,0.354910702,0.281209826,21341600
752,12/5/1983,0.354910702,0.366071433,0.352678567,0.363839298,0.288284332,11289600
753,12/6/1983,0.363839298,0.368303567,0.361607134,0.366071433,0.290052861,12997600
754,12/7/1983,0.366071433,0.383928567,0.361607134,0.375,0.297127455,22288000
755,12/8/1983,0.375,0.395089298,0.375,0.383928567,0.304201901,34406400
756,12/9/1983,0.383928567,0.395089298,0.379464298,0.386160702,0.30597043,20692000
757,12/12/1983,0.386160702,0.388392866,0.375,0.383928567,0.304201901,16284800
758,12/13/1983,0.383928567,0.40625,0.381696433,0.401785702,0.318350852,49386400
759,12/14/1983,0.401785702,0.421875,0.386160702,0.417410702,0.330731034,50472800
760,12/15/1983,0.417410702,0.441964298,0.417410702,0.435267866,0.344880044,79150400
761,12/16/1983,0.435267866,0.446428567,0.433035702,0.441964298,0.350185841,46216800
762,12/19/1983,0.441964298,0.446428567,0.426339298,0.428571433,0.339574158,43400000
763,12/20/1983,0.428571433,0.428571433,0.410714298,0.417410702,0.330731034,44436000
764,12/21/1983,0.417410702,0.433035702,0.415178567,0.433035702,0.343111336,42946400
765,12/22/1983,0.433035702,0.441964298,0.430803567,0.441964298,0.350185841,32636800
766,12/23/1983,0.441964298,0.444196433,0.433035702,0.439732134,0.348417222,12140800
767,12/27/1983,0.439732134,0.446428567,0.439732134,0.441964298,0.350185841,24108000
768,12/28/1983,0.441964298,0.450892866,0.4375,0.446428567,0.353723019,32138400
769,12/29/1983,0.446428567,0.450892866,0.435267866,0.435267866,0.344880044,25687200
770,12/30/1983,0.435267866,0.446428567,0.433035702,0.435267866,0.344880044,22965600
771,1/3/1984,0.435267866,0.466517866,0.435267866,0.457589298,0.362566054,37548000
772,1/4/1984,0.459821433,0.5,0.459821433,0.497767866,0.394401163,73152800
773,1/5/1984,0.497767866,0.517857134,0.493303567,0.504464269,0.399707079,76428800
774,1/6/1984,0.504464269,0.511160731,0.486607134,0.495535702,0.392632574,42123200
775,1/9/1984,0.495535702,0.495535702,0.453125,0.46875,0.371409327,53933600
776,1/10/1984,0.46875,0.493303567,0.46875,0.493303567,0.390863955,43047200
777,1/11/1984,0.493303567,0.508928597,0.491071433,0.5,0.396169901,43988000
778,1/12/1984,0.5,0.506696403,0.493303567,0.497767866,0.394401163,27585600
779,1/13/1984,0.497767866,0.504464269,0.477678567,0.486607134,0.385558158,30436000
780,1/16/1984,0.486607134,0.504464269,0.484375,0.497767866,0.394401163,34395200
781,1/17/1984,0.497767866,0.513392866,0.497767866,0.511160731,0.405012965,37268000
782,1/18/1984,0.511160731,0.522321403,0.502232134,0.513392866,0.406781554,55126400
783,1/19/1984,0.513392866,0.526785731,0.508928597,0.517857134,0.410318822,37430400
784,1/20/1984,0.517857134,0.520089269,0.504464269,0.511160731,0.405012965,35336000
785,1/23/1984,0.511160731,0.520089269,0.506696403,0.515625,0.408550292,69591200
786,1/24/1984,0.515625,0.517857134,0.473214298,0.486607134,0.385558158,80057600
787,1/25/1984,0.486607134,0.515625,0.479910702,0.482142866,0.382020921,65968000
788,1/26/1984,0.482142866,0.5,0.482142866,0.493303567,0.390863955,42123200
789,1/27/1984,0.493303567,0.495535702,0.457589298,0.466517866,0.369640619,48524000
790,1/30/1984,0.466517866,0.475446433,0.430803567,0.441964298,0.350185841,69367200
791,1/31/1984,0.441964298,0.450892866,0.412946433,0.441964298,0.350185841,86273600
792,2/1/1984,0.441964298,0.455357134,0.4375,0.439732134,0.348417222,40779200
793,2/2/1984,0.439732134,0.446428567,0.430803567,0.444196433,0.35195446,33728800
794,2/3/1984,0.444196433,0.455357134,0.4375,0.4375,0.346648663,36372000
795,2/6/1984,0.4375,0.4375,0.412946433,0.415178567,0.328962445,41389600
796,2/7/1984,0.415178567,0.433035702,0.399553567,0.430803567,0.341342747,54432000
797,2/8/1984,0.430803567,0.4375,0.415178567,0.415178567,0.328962445,37055200
798,2/9/1984,0.415178567,0.430803567,0.404017866,0.421875,0.334268272,58699200
799,2/10/1984,0.421875,0.446428567,0.421875,0.435267866,0.344880044,35991200
800,2/13/1984,0.435267866,0.439732134,0.426339298,0.433035702,0.343111336,26432000
801,2/14/1984,0.433035702,0.459821433,0.433035702,0.457589298,0.362566054,52264800
802,2/15/1984,0.457589298,0.477678567,0.444196433,0.448660702,0.355491757,50209600
803,2/16/1984,0.448660702,0.455357134,0.4375,0.453125,0.359028876,26308800
804,2/17/1984,0.453125,0.464285702,0.446428567,0.446428567,0.353723019,33661600
805,2/21/1984,0.446428567,0.46875,0.444196433,0.466517866,0.369640619,30072000
806,2/22/1984,0.46875,0.493303567,0.46875,0.488839298,0.387326837,55843200
807,2/23/1984,0.488839298,0.488839298,0.464285702,0.479910702,0.380252272,38763200
808,2/24/1984,0.479910702,0.491071433,0.479910702,0.484375,0.38378942,19454400
809,2/27/1984,0.484375,0.491071433,0.470982134,0.482142866,0.382020921,30391200
810,2/28/1984,0.482142866,0.484375,0.448660702,0.455357134,0.360797614,42481600
811,2/29/1984,0.455357134,0.479910702,0.450892866,0.46875,0.371409327,33510400
812,3/1/1984,0.46875,0.484375,0.457589298,0.482142866,0.382020921,33090400
813,3/2/1984,0.482142866,0.5,0.479910702,0.486607134,0.385558158,47812800
814,3/5/1984,0.486607134,0.488839298,0.470982134,0.477678567,0.378483713,18401600
815,3/6/1984,0.477678567,0.486607134,0.457589298,0.459821433,0.364334762,24746400
816,3/7/1984,0.459821433,0.475446433,0.448660702,0.473214298,0.374946445,24141600
817,3/8/1984,0.473214298,0.484375,0.473214298,0.479910702,0.380252272,32446400
818,3/9/1984,0.479910702,0.479910702,0.46875,0.470982134,0.373177767,16514400
819,3/12/1984,0.473214298,0.491071433,0.473214298,0.488839298,0.387326837,31259200
820,3/13/1984,0.488839298,0.495535702,0.477678567,0.482142866,0.382020921,38220000
821,3/14/1984,0.482142866,0.484375,0.473214298,0.475446433,0.376715153,14901600
822,3/15/1984,0.475446433,0.482142866,0.470982134,0.477678567,0.378483713,13820800
823,3/16/1984,0.477678567,0.495535702,0.470982134,0.475446433,0.376715153,31175200
824,3/19/1984,0.473214298,0.473214298,0.462053567,0.46875,0.371409327,20647200
825,3/20/1984,0.46875,0.477678567,0.448660702,0.464285702,0.367872,25132800
826,3/21/1984,0.464285702,0.475446433,0.462053567,0.464285702,0.367872,11916800
827,3/22/1984,0.464285702,0.464285702,0.448660702,0.455357134,0.360797614,12796000
828,3/23/1984,0.455357134,0.459821433,0.446428567,0.455357134,0.360797614,15282400
829,3/26/1984,0.455357134,0.466517866,0.450892866,0.459821433,0.364334762,14240800
830,3/27/1984,0.459821433,0.462053567,0.444196433,0.446428567,0.353723019,24824800
831,3/28/1984,0.448660702,0.457589298,0.448660702,0.455357134,0.360797614,18872000
832,3/29/1984,0.455357134,0.459821433,0.450892866,0.453125,0.359028876,9794400
833,3/30/1984,0.453125,0.455357134,0.4375,0.441964298,0.350185841,11435200
834,4/2/1984,0.441964298,0.450892866,0.4375,0.444196433,0.35195446,13664000
835,4/3/1984,0.444196433,0.448660702,0.439732134,0.446428567,0.353723019,11026400
836,4/4/1984,0.446428567,0.448660702,0.4375,0.4375,0.346648663,26919200
837,4/5/1984,0.4375,0.444196433,0.430803567,0.430803567,0.341342747,20703200
838,4/6/1984,0.430803567,0.435267866,0.410714298,0.419642866,0.332499653,21397600
839,4/9/1984,0.419642866,0.433035702,0.419642866,0.419642866,0.332499653,13563200
840,4/10/1984,0.428571433,0.441964298,0.428571433,0.441964298,0.350185841,14274400
841,4/11/1984,0.441964298,0.453125,0.433035702,0.4375,0.346648663,17651200
842,4/12/1984,0.4375,0.464285702,0.430803567,0.459821433,0.364334762,19600000
843,4/13/1984,0.459821433,0.470982134,0.455357134,0.459821433,0.364334762,25849600
844,4/16/1984,0.459821433,0.470982134,0.448660702,0.46875,0.371409327,17029600
845,4/17/1984,0.477678567,0.497767866,0.477678567,0.491071433,0.389095485,83238400
846,4/18/1984,0.491071433,0.502232134,0.488839298,0.5,0.396169901,49918400
847,4/19/1984,0.5,0.506696403,0.495535702,0.504464269,0.399707079,30850400
848,4/23/1984,0.504464269,0.520089269,0.5,0.506696403,0.401475728,73466400
849,4/24/1984,0.506696403,0.515625,0.495535702,0.497767866,0.394401163,70392000
850,4/25/1984,0.497767866,0.502232134,0.488839298,0.493303567,0.390863955,48720000
851,4/26/1984,0.495535702,0.533482134,0.495535702,0.53125,0.420930415,79626400
852,4/27/1984,0.53125,0.549107134,0.522321403,0.537946403,0.426236391,92999200
853,4/30/1984,0.537946403,0.560267866,0.533482134,0.560267866,0.44392246,73287200
854,5/1/1984,0.566964269,0.59375,0.566964269,0.59375,0.470451623,101628800
855,5/2/1984,0.59375,0.598214269,0.578125,0.589285731,0.466914535,79329600
856,5/3/1984,0.589285731,0.589285731,0.553571403,0.564732134,0.447459757,81855200
857,5/4/1984,0.564732134,0.564732134,0.535714269,0.537946403,0.426236391,65111200
858,5/7/1984,0.537946403,0.560267866,0.533482134,0.555803597,0.440385252,40017600
859,5/8/1984,0.558035731,0.591517866,0.558035731,0.587053597,0.465145886,63750400
860,5/9/1984,0.587053597,0.613839269,0.580357134,0.591517866,0.468682975,101253600
861,5/10/1984,0.591517866,0.600446403,0.575892866,0.591517866,0.468682975,59656800
862,5/11/1984,0.591517866,0.59375,0.553571403,0.575892866,0.456302702,49431200
863,5/14/1984,0.573660731,0.573660731,0.558035731,0.564732134,0.447459757,22321600
864,5/15/1984,0.564732134,0.573660731,0.5625,0.569196403,0.450996846,25676000
865,5/16/1984,0.569196403,0.573660731,0.542410731,0.544642866,0.431542069,54930400
866,5/17/1984,0.544642866,0.544642866,0.513392866,0.520089269,0.412087381,70487200
867,5/18/1984,0.520089269,0.533482134,0.513392866,0.53125,0.420930415,48367200
868,5/21/1984,0.53125,0.575892866,0.529017866,0.569196403,0.450996846,108763200
869,5/22/1984,0.569196403,0.569196403,0.535714269,0.551339269,0.436847955,75314400
870,5/23/1984,0.551339269,0.555803597,0.540178597,0.540178597,0.428004831,42240800
871,5/24/1984,0.540178597,0.540178597,0.515625,0.524553597,0.415624648,48328000
872,5/25/1984,0.524553597,0.533482134,0.520089269,0.526785731,0.417393148,30027200
873,5/29/1984,0.526785731,0.53125,0.515625,0.524553597,0.415624648,39065600
874,5/30/1984,0.524553597,0.526785731,0.5,0.517857134,0.410318822,79609600
875,5/31/1984,0.517857134,0.53125,0.513392866,0.524553597,0.415624648,41753600
876,6/1/1984,0.524553597,0.542410731,0.522321403,0.542410731,0.429773718,60575200
877,6/4/1984,0.542410731,0.549107134,0.524553597,0.529017866,0.419161886,37072000
878,6/5/1984,0.520089269,0.520089269,0.495535702,0.497767866,0.394401163,82107200
879,6/6/1984,0.497767866,0.520089269,0.495535702,0.517857134,0.410318822,40364800
880,6/7/1984,0.517857134,0.520089269,0.502232134,0.513392866,0.406781554,25636800
881,6/8/1984,0.513392866,0.515625,0.5,0.511160731,0.405012965,27244000
882,6/11/1984,0.511160731,0.515625,0.504464269,0.511160731,0.405012965,21061600
883,6/12/1984,0.511160731,0.526785731,0.508928597,0.520089269,0.412087381,29282400
884,6/13/1984,0.522321403,0.533482134,0.522321403,0.53125,0.420930415,28929600
885,6/14/1984,0.53125,0.53125,0.513392866,0.515625,0.408550292,25239200
886,6/15/1984,0.515625,0.524553597,0.515625,0.517857134,0.410318822,22444800
887,6/18/1984,0.517857134,0.53125,0.506696403,0.529017866,0.419161886,28649600
888,6/19/1984,0.529017866,0.542410731,0.524553597,0.524553597,0.415624648,40236000
889,6/20/1984,0.524553597,0.540178597,0.513392866,0.540178597,0.428004831,29881600
890,6/21/1984,0.540178597,0.546875,0.517857134,0.517857134,0.410318822,35476000
891,6/22/1984,0.517857134,0.526785731,0.511160731,0.511160731,0.405012965,21151200
892,6/25/1984,0.511160731,0.515625,0.482142866,0.486607134,0.385558158,41871200
893,6/26/1984,0.486607134,0.488839298,0.464285702,0.464285702,0.367872,37161600
894,6/27/1984,0.464285702,0.46875,0.433035702,0.450892866,0.357260287,94320800
895,6/28/1984,0.450892866,0.477678567,0.450892866,0.470982134,0.373177767,29579200
896,6/29/1984,0.470982134,0.495535702,0.470982134,0.473214298,0.374946445,35498400
897,7/2/1984,0.473214298,0.475446433,0.448660702,0.457589298,0.362566054,39916800
898,7/3/1984,0.457589298,0.459821433,0.444196433,0.450892866,0.357260287,44766400
899,7/5/1984,0.450892866,0.455357134,0.435267866,0.441964298,0.350185841,23296000
900,7/6/1984,0.441964298,0.455357134,0.433035702,0.448660702,0.355491757,23912000
901,7/9/1984,0.448660702,0.470982134,0.441964298,0.46875,0.371409327,47667200
902,7/10/1984,0.46875,0.484375,0.466517866,0.479910702,0.380252272,43075200
903,7/11/1984,0.479910702,0.486607134,0.466517866,0.473214298,0.374946445,30273600
904,7/12/1984,0.473214298,0.484375,0.470982134,0.475446433,0.376715153,42173600
905,7/13/1984,0.475446433,0.484375,0.464285702,0.470982134,0.373177767,33986400
906,7/16/1984,0.470982134,0.470982134,0.446428567,0.459821433,0.364334762,50747200
907,7/17/1984,0.459821433,0.464285702,0.453125,0.459821433,0.364334762,21212800
908,7/18/1984,0.459821433,0.462053567,0.450892866,0.453125,0.359028876,26006400
909,7/19/1984,0.453125,0.459821433,0.448660702,0.453125,0.359028876,19476800
910,7/20/1984,0.453125,0.459821433,0.450892866,0.453125,0.359028876,8293600
911,7/23/1984,0.453125,0.453125,0.4375,0.448660702,0.355491757,23508800
912,7/24/1984,0.448660702,0.482142866,0.446428567,0.475446433,0.376715153,44811200
913,7/25/1984,0.477678567,0.488839298,0.477678567,0.477678567,0.378483713,50114400
914,7/26/1984,0.477678567,0.493303567,0.473214298,0.486607134,0.385558158,35834400
915,7/27/1984,0.486607134,0.491071433,0.482142866,0.484375,0.38378942,18485600
916,7/30/1984,0.484375,0.486607134,0.450892866,0.455357134,0.360797614,31259200
917,7/31/1984,0.455357134,0.462053567,0.444196433,0.455357134,0.360797614,49907200
918,8/1/1984,0.455357134,0.459821433,0.433035702,0.446428567,0.353723019,71433600
919,8/2/1984,0.446428567,0.453125,0.430803567,0.430803567,0.341342747,75919200
920,8/3/1984,0.430803567,0.491071433,0.428571433,0.488839298,0.387326837,154515200
921,8/6/1984,0.488839298,0.544642866,0.486607134,0.522321403,0.41385603,156699200
922,8/7/1984,0.522321403,0.535714269,0.497767866,0.529017866,0.419161886,83120800
923,8/8/1984,0.529017866,0.540178597,0.504464269,0.508928597,0.403244287,73600800
924,8/9/1984,0.508928597,0.535714269,0.497767866,0.53125,0.420930415,64405600
925,8/10/1984,0.53125,0.551339269,0.506696403,0.508928597,0.403244287,99344000
926,8/13/1984,0.508928597,0.540178597,0.502232134,0.535714269,0.424467593,60362400
927,8/14/1984,0.535714269,0.540178597,0.508928597,0.515625,0.408550292,43517600
928,8/15/1984,0.513392866,0.513392866,0.493303567,0.497767866,0.394401163,44721600
929,8/16/1984,0.497767866,0.506696403,0.491071433,0.502232134,0.39793849,36204000
930,8/17/1984,0.502232134,0.504464269,0.484375,0.491071433,0.389095485,38483200
931,8/20/1984,0.491071433,0.493303567,0.475446433,0.488839298,0.387326837,34613600
932,8/21/1984,0.488839298,0.513392866,0.488839298,0.508928597,0.403244287,44884000
933,8/22/1984,0.508928597,0.522321403,0.495535702,0.5,0.396169901,55104000
934,8/23/1984,0.5,0.511160731,0.5,0.502232134,0.39793849,20854400
935,8/24/1984,0.502232134,0.508928597,0.497767866,0.502232134,0.39793849,17724000
936,8/27/1984,0.502232134,0.502232134,0.488839298,0.497767866,0.394401163,21918400
937,8/28/1984,0.497767866,0.504464269,0.493303567,0.504464269,0.399707079,14789600
938,8/29/1984,0.504464269,0.506696403,0.486607134,0.491071433,0.389095485,18530400
939,8/30/1984,0.491071433,0.497767866,0.482142866,0.482142866,0.382020921,12740000
940,8/31/1984,0.482142866,0.484375,0.466517866,0.473214298,0.374946445,34462400
941,9/4/1984,0.473214298,0.477678567,0.464285702,0.46875,0.371409327,29960000
942,9/5/1984,0.46875,0.475446433,0.464285702,0.46875,0.371409327,25939200
943,9/6/1984,0.46875,0.479910702,0.46875,0.473214298,0.374946445,32743200
944,9/7/1984,0.473214298,0.479910702,0.46875,0.473214298,0.374946445,20815200
945,9/10/1984,0.473214298,0.475446433,0.462053567,0.470982134,0.373177767,16156000
946,9/11/1984,0.475446433,0.488839298,0.475446433,0.479910702,0.380252272,38096800
947,9/12/1984,0.479910702,0.482142866,0.466517866,0.466517866,0.369640619,33280800
948,9/13/1984,0.491071433,0.493303567,0.491071433,0.491071433,0.389095485,51833600
949,9/14/1984,0.493303567,0.508928597,0.493303567,0.497767866,0.394401163,61717600
950,9/17/1984,0.511160731,0.517857134,0.511160731,0.511160731,0.405012965,48188000
951,9/18/1984,0.511160731,0.515625,0.493303567,0.493303567,0.390863955,24326400
952,9/19/1984,0.493303567,0.497767866,0.482142866,0.482142866,0.382020921,26572000
953,9/20/1984,0.484375,0.488839298,0.484375,0.484375,0.38378942,16542400
954,9/21/1984,0.484375,0.497767866,0.473214298,0.479910702,0.380252272,24959200
955,9/24/1984,0.479910702,0.482142866,0.475446433,0.475446433,0.376715153,19751200
956,9/25/1984,0.473214298,0.473214298,0.466517866,0.466517866,0.369640619,41697600
957,9/26/1984,0.466517866,0.486607134,0.459821433,0.459821433,0.364334762,27742400
958,9/27/1984,0.459821433,0.462053567,0.459821433,0.459821433,0.364334762,26482400
959,9/28/1984,0.459821433,0.459821433,0.439732134,0.448660702,0.355491757,58352000
960,10/1/1984,0.446428567,0.446428567,0.4375,0.4375,0.346648663,24444000
961,10/2/1984,0.441964298,0.457589298,0.441964298,0.441964298,0.350185841,29562400
962,10/3/1984,0.448660702,0.455357134,0.448660702,0.448660702,0.355491757,30105600
963,10/4/1984,0.453125,0.457589298,0.453125,0.453125,0.359028876,31371200
964,10/5/1984,0.453125,0.453125,0.441964298,0.444196433,0.35195446,24393600
965,10/8/1984,0.444196433,0.446428567,0.444196433,0.444196433,0.35195446,11743200
966,10/9/1984,0.444196433,0.446428567,0.439732134,0.439732134,0.348417222,31315200
967,10/10/1984,0.439732134,0.439732134,0.426339298,0.426339298,0.33780548,91212800
968,10/11/1984,0.426339298,0.4375,0.424107134,0.424107134,0.336036831,45690400
969,10/12/1984,0.424107134,0.426339298,0.401785702,0.40625,0.321888119,66449600
970,10/15/1984,0.428571433,0.433035702,0.428571433,0.428571433,0.339574158,60816000
971,10/16/1984,0.428571433,0.430803567,0.426339298,0.426339298,0.33780548,29506400
972,10/17/1984,0.444196433,0.446428567,0.444196433,0.444196433,0.35195446,39160800
973,10/18/1984,0.457589298,0.459821433,0.457589298,0.457589298,0.362566054,61790400
974,10/19/1984,0.457589298,0.488839298,0.455357134,0.457589298,0.362566054,81530400
975,10/22/1984,0.457589298,0.464285702,0.453125,0.453125,0.359028876,28688800
976,10/23/1984,0.464285702,0.46875,0.464285702,0.464285702,0.367872,46608800
977,10/24/1984,0.46875,0.473214298,0.46875,0.46875,0.371409327,41753600
978,10/25/1984,0.46875,0.46875,0.450892866,0.450892866,0.357260287,39541600
979,10/26/1984,0.450892866,0.450892866,0.4375,0.439732134,0.348417222,28711200
980,10/29/1984,0.441964298,0.444196433,0.441964298,0.441964298,0.350185841,12661600
981,10/30/1984,0.446428567,0.450892866,0.446428567,0.446428567,0.353723019,18648000
982,10/31/1984,0.446428567,0.450892866,0.444196433,0.444196433,0.35195446,15058400
983,11/1/1984,0.446428567,0.450892866,0.446428567,0.446428567,0.353723019,11760000
984,11/2/1984,0.446428567,0.448660702,0.441964298,0.444196433,0.35195446,6921600
985,11/5/1984,0.444196433,0.453125,0.441964298,0.441964298,0.350185841,26342400
986,11/6/1984,0.46875,0.470982134,0.46875,0.46875,0.371409327,56330400
987,11/7/1984,0.46875,0.470982134,0.459821433,0.459821433,0.364334762,57887200
988,11/8/1984,0.459821433,0.459821433,0.441964298,0.441964298,0.350185841,22030400
989,11/9/1984,0.441964298,0.444196433,0.410714298,0.415178567,0.328962445,73533600
990,11/12/1984,0.430803567,0.433035702,0.430803567,0.430803567,0.341342747,28313600
991,11/13/1984,0.430803567,0.439732134,0.419642866,0.419642866,0.332499653,31668000
992,11/14/1984,0.424107134,0.428571433,0.424107134,0.424107134,0.336036831,26084800
993,11/15/1984,0.424107134,0.428571433,0.424107134,0.424107134,0.336036831,26650400
994,11/16/1984,0.424107134,0.430803567,0.412946433,0.415178567,0.328962445,41440000
995,11/19/1984,0.415178567,0.417410702,0.390625,0.390625,0.309507698,58245600
996,11/20/1984,0.404017866,0.40625,0.404017866,0.404017866,0.320119381,65811200
997,11/21/1984,0.412946433,0.415178567,0.412946433,0.412946433,0.327193826,44682400
998,11/23/1984,0.417410702,0.430803567,0.417410702,0.424107134,0.336036831,34272000
999,11/26/1984,0.428571433,0.428571433,0.428571433,0.428571433,0.339574158,25160800
1000,11/27/1984,0.439732134,0.444196433,0.439732134,0.439732134,0.348417222,31852800
1001,11/28/1984,0.462053567,0.473214298,0.462053567,0.462053567,0.366103351,102631200
1002,11/29/1984,0.462053567,0.462053567,0.453125,0.453125,0.359028876,43719200
1003,11/30/1984,0.453125,0.457589298,0.439732134,0.441964298,0.350185841,27176800
1004,12/3/1984,0.441964298,0.444196433,0.435267866,0.435267866,0.344880044,24500000
1005,12/4/1984,0.444196433,0.453125,0.444196433,0.444196433,0.35195446,30094400
1006,12/5/1984,0.466517866,0.466517866,0.466517866,0.466517866,0.369640619,65727200
1007,12/6/1984,0.488839298,0.491071433,0.488839298,0.488839298,0.387326837,79318400
1008,12/7/1984,0.488839298,0.506696403,0.484375,0.486607134,0.385558158,123631200
1009,12/10/1984,0.486607134,0.486607134,0.477678567,0.477678567,0.378483713,27871200
1010,12/11/1984,0.477678567,0.484375,0.470982134,0.470982134,0.373177767,30945600
1011,12/12/1984,0.470982134,0.470982134,0.455357134,0.455357134,0.360797614,27518400
1012,12/13/1984,0.459821433,0.46875,0.459821433,0.459821433,0.364334762,16710400
1013,12/14/1984,0.459821433,0.475446433,0.459821433,0.470982134,0.373177767,24035200
1014,12/17/1984,0.482142866,0.486607134,0.482142866,0.482142866,0.382020921,31309600
1015,12/18/1984,0.511160731,0.513392866,0.511160731,0.511160731,0.405012965,85142400
1016,12/19/1984,0.511160731,0.513392866,0.491071433,0.491071433,0.389095485,79374400
1017,12/20/1984,0.491071433,0.5,0.488839298,0.488839298,0.387326837,34960800
1018,12/21/1984,0.488839298,0.491071433,0.477678567,0.482142866,0.382020921,30973600
1019,12/24/1984,0.491071433,0.493303567,0.491071433,0.491071433,0.389095485,16884000
1020,12/26/1984,0.493303567,0.497767866,0.493303567,0.493303567,0.390863955,16794400
1021,12/27/1984,0.495535702,0.497767866,0.495535702,0.495535702,0.392632574,24690400
1022,12/28/1984,0.495535702,0.515625,0.493303567,0.513392866,0.406781554,41333600
1023,12/31/1984,0.520089269,0.522321403,0.520089269,0.520089269,0.412087381,51940000
1024,1/2/1985,0.520089269,0.520089269,0.497767866,0.497767866,0.394401163,43825600
1025,1/3/1985,0.506696403,0.520089269,0.506696403,0.506696403,0.401475728,41652800
1026,1/4/1985,0.506696403,0.508928597,0.5,0.506696403,0.401475728,34316800
1027,1/7/1985,0.506696403,0.508928597,0.504464269,0.504464269,0.399707079,42728000
1028,1/8/1985,0.504464269,0.508928597,0.5,0.5,0.396169901,35280000
1029,1/9/1985,0.513392866,0.520089269,0.513392866,0.513392866,0.406781554,41680800
1030,1/10/1985,0.535714269,0.537946403,0.535714269,0.535714269,0.424467593,69266400
1031,1/11/1985,0.535714269,0.540178597,0.526785731,0.53125,0.420930415,51262400
1032,1/14/1985,0.546875,0.551339269,0.546875,0.546875,0.433310658,67608800
1033,1/15/1985,0.546875,0.555803597,0.535714269,0.535714269,0.424467593,66242400
1034,1/16/1985,0.540178597,0.549107134,0.540178597,0.540178597,0.428004831,47471200
1035,1/17/1985,0.540178597,0.549107134,0.502232134,0.502232134,0.39793849,136880800
1036,1/18/1985,0.502232134,0.522321403,0.5,0.511160731,0.405012965,88166400
1037,1/21/1985,0.522321403,0.526785731,0.522321403,0.522321403,0.41385603,81356800
1038,1/22/1985,0.537946403,0.540178597,0.537946403,0.537946403,0.426236391,106209600
1039,1/23/1985,0.537946403,0.540178597,0.529017866,0.529017866,0.419161886,107626400
1040,1/24/1985,0.529017866,0.529017866,0.517857134,0.517857134,0.410318822,99265600
1041,1/25/1985,0.517857134,0.529017866,0.506696403,0.529017866,0.419161886,79615200
1042,1/28/1985,0.540178597,0.546875,0.540178597,0.540178597,0.428004831,103045600
1043,1/29/1985,0.540178597,0.544642866,0.533482134,0.533482134,0.422699064,55932800
1044,1/30/1985,0.533482134,0.544642866,0.533482134,0.533482134,0.422699064,123110400
1045,1/31/1985,0.533482134,0.535714269,0.517857134,0.517857134,0.410318822,69059200
1046,2/1/1985,0.517857134,0.520089269,0.506696403,0.511160731,0.405012965,34434400
1047,2/4/1985,0.522321403,0.524553597,0.522321403,0.522321403,0.41385603,54504800
1048,2/5/1985,0.526785731,0.535714269,0.526785731,0.526785731,0.417393148,47510400
1049,2/6/1985,0.535714269,0.535714269,0.535714269,0.535714269,0.424467593,48608000
1050,2/7/1985,0.535714269,0.542410731,0.533482134,0.533482134,0.422699064,61370400
1051,2/8/1985,0.533482134,0.535714269,0.526785731,0.533482134,0.422699064,33006400
1052,2/11/1985,0.544642866,0.549107134,0.544642866,0.544642866,0.431542069,86738400
1053,2/12/1985,0.544642866,0.546875,0.53125,0.53125,0.420930415,56627200
1054,2/13/1985,0.53125,0.53125,0.506696403,0.506696403,0.401475728,131756800
1055,2/14/1985,0.506696403,0.511160731,0.493303567,0.493303567,0.390863955,106708000
1056,2/15/1985,0.493303567,0.502232134,0.488839298,0.5,0.396169901,43405600
1057,2/19/1985,0.497767866,0.497767866,0.493303567,0.493303567,0.390863955,37458400
1058,2/20/1985,0.493303567,0.495535702,0.470982134,0.470982134,0.373177767,54992000
1059,2/21/1985,0.479910702,0.482142866,0.479910702,0.479910702,0.380252272,77056000
1060,2/22/1985,0.479910702,0.497767866,0.479910702,0.493303567,0.390863955,56632800
1061,2/25/1985,0.493303567,0.495535702,0.486607134,0.486607134,0.385558158,24634400
1062,2/26/1985,0.486607134,0.488839298,0.477678567,0.477678567,0.378483713,47241600
1063,2/27/1985,0.477678567,0.477678567,0.448660702,0.448660702,0.355491757,100895200
1064,2/28/1985,0.448660702,0.448660702,0.441964298,0.441964298,0.350185841,79766400
1065,3/1/1985,0.441964298,0.444196433,0.428571433,0.444196433,0.35195446,61857600
1066,3/4/1985,0.450892866,0.464285702,0.450892866,0.450892866,0.357260287,38276000
1067,3/5/1985,0.462053567,0.462053567,0.462053567,0.462053567,0.366103351,32692800
1068,3/6/1985,0.462053567,0.462053567,0.439732134,0.439732134,0.348417222,48400800
1069,3/7/1985,0.439732134,0.441964298,0.395089298,0.395089298,0.313044965,183495200
1070,3/8/1985,0.395089298,0.395089298,0.370535702,0.383928567,0.304201901,118389600
1071,3/11/1985,0.397321433,0.399553567,0.397321433,0.397321433,0.314813673,71500800
1072,3/12/1985,0.410714298,0.415178567,0.410714298,0.410714298,0.325425208,54857600
1073,3/13/1985,0.410714298,0.410714298,0.388392866,0.388392866,0.307739258,62781600
1074,3/14/1985,0.388392866,0.390625,0.388392866,0.388392866,0.307739258,60401600
1075,3/15/1985,0.388392866,0.412946433,0.386160702,0.404017866,0.320119381,45354400
1076,3/18/1985,0.408482134,0.412946433,0.408482134,0.408482134,0.323656589,31192000
1077,3/19/1985,0.408482134,0.412946433,0.392857134,0.392857134,0.311276466,42862400
1078,3/20/1985,0.397321433,0.404017866,0.397321433,0.397321433,0.314813673,101242400
1079,3/21/1985,0.404017866,0.410714298,0.404017866,0.404017866,0.320119381,40616800
1080,3/22/1985,0.404017866,0.410714298,0.397321433,0.397321433,0.314813673,20092800
1081,3/25/1985,0.397321433,0.397321433,0.386160702,0.386160702,0.30597043,27490400
1082,3/26/1985,0.401785702,0.401785702,0.401785702,0.401785702,0.318350852,30357600
1083,3/27/1985,0.401785702,0.40625,0.390625,0.390625,0.309507698,27837600
1084,3/28/1985,0.390625,0.397321433,0.390625,0.390625,0.309507698,32401600
1085,3/29/1985,0.390625,0.397321433,0.390625,0.395089298,0.313044965,21795200
1086,4/1/1985,0.395089298,0.404017866,0.386160702,0.386160702,0.30597043,28515200
1087,4/2/1985,0.386160702,0.388392866,0.375,0.375,0.297127455,56856800
1088,4/3/1985,0.375,0.377232134,0.375,0.375,0.297127455,60664800
1089,4/4/1985,0.375,0.377232134,0.368303567,0.372767866,0.295358837,40465600
1090,4/8/1985,0.372767866,0.375,0.350446433,0.350446433,0.277672678,49683200
1091,4/9/1985,0.350446433,0.352678567,0.350446433,0.350446433,0.277672678,65973600
1092,4/10/1985,0.375,0.379464298,0.375,0.375,0.297127455,56728000
1093,4/11/1985,0.381696433,0.392857134,0.381696433,0.381696433,0.302433252,36668800
1094,4/12/1985,0.381696433,0.381696433,0.370535702,0.372767866,0.295358837,18132800
1095,4/15/1985,0.381696433,0.386160702,0.381696433,0.381696433,0.302433252,14957600
1096,4/16/1985,0.386160702,0.388392866,0.386160702,0.386160702,0.30597043,16912000
1097,4/17/1985,0.404017866,0.408482134,0.404017866,0.404017866,0.320119381,30811200
1098,4/18/1985,0.408482134,0.410714298,0.408482134,0.408482134,0.323656589,50607200
1099,4/19/1985,0.408482134,0.408482134,0.399553567,0.401785702,0.318350852,24007200
1100,4/22/1985,0.401785702,0.401785702,0.386160702,0.386160702,0.30597043,25648000
1101,4/23/1985,0.395089298,0.397321433,0.395089298,0.395089298,0.313044965,29573600
1102,4/24/1985,0.395089298,0.401785702,0.392857134,0.392857134,0.311276466,19734400
1103,4/25/1985,0.392857134,0.395089298,0.392857134,0.392857134,0.311276466,21907200
1104,4/26/1985,0.392857134,0.404017866,0.390625,0.390625,0.309507698,29926400
1105,4/29/1985,0.390625,0.392857134,0.377232134,0.377232134,0.298896044,15551200
1106,4/30/1985,0.379464298,0.381696433,0.379464298,0.379464298,0.300664634,23682400
1107,5/1/1985,0.379464298,0.381696433,0.372767866,0.372767866,0.295358837,14336000
1108,5/2/1985,0.368303567,0.368303567,0.34375,0.34375,0.272366941,82443200
1109,5/3/1985,0.34375,0.359375,0.34375,0.357142866,0.282978415,39530400
1110,5/6/1985,0.357142866,0.361607134,0.352678567,0.352678567,0.279441267,14033600
1111,5/7/1985,0.357142866,0.357142866,0.357142866,0.357142866,0.282978415,26902400
1112,5/8/1985,0.354910702,0.354910702,0.354910702,0.354910702,0.281209826,36097600
1113,5/9/1985,0.357142866,0.359375,0.357142866,0.357142866,0.282978415,31768800
1114,5/10/1985,0.357142866,0.366071433,0.357142866,0.361607134,0.286515832,34020000
1115,5/13/1985,0.361607134,0.363839298,0.357142866,0.357142866,0.282978415,21806400
1116,5/14/1985,0.357142866,0.359375,0.352678567,0.352678567,0.279441267,30436000
1117,5/15/1985,0.357142866,0.363839298,0.357142866,0.357142866,0.282978415,32608800
1118,5/16/1985,0.381696433,0.392857134,0.381696433,0.381696433,0.302433252,57635200
1119,5/17/1985,0.381696433,0.395089298,0.379464298,0.388392866,0.307739258,52964800
1120,5/20/1985,0.388392866,0.397321433,0.381696433,0.381696433,0.302433252,49296800
1121,5/21/1985,0.379464298,0.379464298,0.370535702,0.370535702,0.293590218,38136000
1122,5/22/1985,0.370535702,0.372767866,0.368303567,0.368303567,0.291821629,30139200
1123,5/23/1985,0.366071433,0.366071433,0.352678567,0.352678567,0.279441267,59791200
1124,5/24/1985,0.352678567,0.352678567,0.323660702,0.323660702,0.256449193,147369600
1125,5/28/1985,0.319196433,0.319196433,0.301339298,0.301339298,0.238763109,127741600
1126,5/29/1985,0.305803567,0.308035702,0.305803567,0.305803567,0.242300391,61639200
1127,5/30/1985,0.314732134,0.319196433,0.314732134,0.314732134,0.249374717,78730400
1128,5/31/1985,0.314732134,0.321428567,0.310267866,0.310267866,0.245837599,92355200
1129,6/3/1985,0.303571433,0.303571433,0.285714298,0.285714298,0.226382792,144004000
1130,6/4/1985,0.308035702,0.310267866,0.308035702,0.308035702,0.244068831,100480800
1131,6/5/1985,0.308035702,0.316964298,0.301339298,0.301339298,0.238763109,71601600
1132,6/6/1985,0.303571433,0.303571433,0.303571433,0.303571433,0.240531668,67799200
1133,6/7/1985,0.303571433,0.303571433,0.292410702,0.292410702,0.231688604,118809600
1134,6/10/1985,0.292410702,0.294642866,0.287946433,0.287946433,0.228151351,79032800
1135,6/11/1985,0.287946433,0.294642866,0.287946433,0.287946433,0.228151351,75180000
1136,6/12/1985,0.287946433,0.290178567,0.28125,0.28125,0.222845525,61997600
1137,6/13/1985,0.28125,0.283482134,0.265625,0.265625,0.210465208,94880800
1138,6/14/1985,0.265625,0.28125,0.263392866,0.263392866,0.208696574,141416800
1139,6/17/1985,0.265625,0.267857134,0.265625,0.265625,0.210465208,59085600
1140,6/18/1985,0.272321433,0.276785702,0.272321433,0.272321433,0.215771034,66304000
1141,6/19/1985,0.279017866,0.283482134,0.279017866,0.279017866,0.221076861,42996800
1142,6/20/1985,0.28125,0.28125,0.28125,0.28125,0.222845525,47700800
1143,6/21/1985,0.287946433,0.294642866,0.287946433,0.287946433,0.228151351,41535200
1144,6/24/1985,0.308035702,0.3125,0.308035702,0.308035702,0.244068831,51441600
1145,6/25/1985,0.3125,0.319196433,0.3125,0.3125,0.247606233,73477600
1146,6/26/1985,0.323660702,0.323660702,0.323660702,0.323660702,0.256449193,33051200
1147,6/27/1985,0.328125,0.330357134,0.328125,0.328125,0.25998652,48115200
1148,6/28/1985,0.328125,0.330357134,0.321428567,0.321428567,0.254680604,33936000
1149,7/1/1985,0.323660702,0.325892866,0.323660702,0.323660702,0.256449193,25860800
1150,7/2/1985,0.323660702,0.325892866,0.308035702,0.308035702,0.244068831,19432000
1151,7/3/1985,0.3125,0.3125,0.3125,0.3125,0.247606233,17124800
1152,7/5/1985,0.314732134,0.316964298,0.314732134,0.314732134,0.249374717,9144800
1153,7/8/1985,0.314732134,0.316964298,0.314732134,0.314732134,0.249374717,23055200
1154,7/9/1985,0.314732134,0.316964298,0.314732134,0.314732134,0.249374717,36976800
1155,7/10/1985,0.321428567,0.321428567,0.321428567,0.321428567,0.254680604,26510400
1156,7/11/1985,0.321428567,0.323660702,0.321428567,0.321428567,0.254680604,16223200
1157,7/12/1985,0.321428567,0.321428567,0.319196433,0.319196433,0.252911925,11760000
1158,7/15/1985,0.319196433,0.325892866,0.316964298,0.316964298,0.251143396,19420800
1159,7/16/1985,0.316964298,0.319196433,0.3125,0.3125,0.247606233,35840000
1160,7/17/1985,0.314732134,0.319196433,0.314732134,0.314732134,0.249374717,29545600
1161,7/18/1985,0.314732134,0.314732134,0.308035702,0.308035702,0.244068831,44766400
1162,7/19/1985,0.310267866,0.310267866,0.310267866,0.310267866,0.245837599,28728000
1163,7/22/1985,0.310267866,0.310267866,0.301339298,0.301339298,0.238763109,48076000
1164,7/23/1985,0.301339298,0.305803567,0.294642866,0.294642866,0.233457267,42173600
1165,7/24/1985,0.294642866,0.299107134,0.290178567,0.290178567,0.22991994,42179200
1166,7/25/1985,0.296875,0.299107134,0.296875,0.296875,0.235225812,78769600
1167,7/26/1985,0.296875,0.299107134,0.296875,0.296875,0.235225812,32631200
1168,7/29/1985,0.296875,0.296875,0.285714298,0.285714298,0.226382792,19437600
1169,7/30/1985,0.290178567,0.292410702,0.290178567,0.290178567,0.22991994,22366400
1170,7/31/1985,0.290178567,0.292410702,0.283482134,0.283482134,0.224614143,20126400
1171,8/1/1985,0.283482134,0.287946433,0.283482134,0.283482134,0.224614143,12891200
1172,8/2/1985,0.283482134,0.283482134,0.28125,0.28125,0.222845525,24354400
1173,8/5/1985,0.28125,0.283482134,0.274553567,0.274553567,0.217539698,23083200
1174,8/6/1985,0.274553567,0.28125,0.272321433,0.272321433,0.215771034,15769600
1175,8/7/1985,0.272321433,0.285714298,0.265625,0.265625,0.210465208,37934400
1176,8/8/1985,0.270089298,0.272321433,0.270089298,0.270089298,0.214002416,36943200
1177,8/9/1985,0.272321433,0.272321433,0.272321433,0.272321433,0.215771034,15237600
1178,8/12/1985,0.272321433,0.272321433,0.267857134,0.267857134,0.212233797,13748000
1179,8/13/1985,0.272321433,0.276785702,0.272321433,0.272321433,0.215771034,10595200
1180,8/14/1985,0.272321433,0.272321433,0.261160702,0.261160702,0.206928015,72475200
1181,8/15/1985,0.261160702,0.263392866,0.258928567,0.258928567,0.205159411,26297600
1182,8/16/1985,0.261160702,0.265625,0.261160702,0.261160702,0.206928015,20938400
1183,8/19/1985,0.267857134,0.272321433,0.267857134,0.267857134,0.212233797,11967200
1184,8/20/1985,0.272321433,0.272321433,0.272321433,0.272321433,0.215771034,16738400
1185,8/21/1985,0.272321433,0.272321433,0.272321433,0.272321433,0.215771034,19252800
1186,8/22/1985,0.272321433,0.272321433,0.265625,0.265625,0.210465208,30828000
1187,8/23/1985,0.265625,0.267857134,0.263392866,0.263392866,0.208696574,11004000
1188,8/26/1985,0.270089298,0.270089298,0.270089298,0.270089298,0.214002416,8915200
1189,8/27/1985,0.272321433,0.272321433,0.272321433,0.272321433,0.215771034,10729600
1190,8/28/1985,0.272321433,0.274553567,0.272321433,0.272321433,0.215771034,10236800
1191,8/29/1985,0.272321433,0.272321433,0.265625,0.265625,0.210465208,14028000
1192,8/30/1985,0.267857134,0.267857134,0.267857134,0.267857134,0.212233797,10718400
1193,9/3/1985,0.267857134,0.267857134,0.263392866,0.263392866,0.208696574,9363200
1194,9/4/1985,0.265625,0.270089298,0.265625,0.265625,0.210465208,11888800
1195,9/5/1985,0.265625,0.267857134,0.265625,0.265625,0.210465208,8204000
1196,9/6/1985,0.267857134,0.267857134,0.267857134,0.267857134,0.212233797,23200800
1197,9/9/1985,0.272321433,0.274553567,0.272321433,0.272321433,0.215771034,33079200
1198,9/10/1985,0.274553567,0.279017866,0.274553567,0.274553567,0.217539698,30441600
1199,9/11/1985,0.276785702,0.279017866,0.276785702,0.276785702,0.219308287,21772800
1200,9/12/1985,0.287946433,0.287946433,0.287946433,0.287946433,0.228151351,27792800
1201,9/13/1985,0.287946433,0.287946433,0.28125,0.28125,0.222845525,17634400
1202,9/16/1985,0.28125,0.28125,0.272321433,0.272321433,0.215771034,9245600
1203,9/17/1985,0.272321433,0.272321433,0.272321433,0.272321433,0.215771034,45936800
1204,9/18/1985,0.290178567,0.290178567,0.290178567,0.290178567,0.22991994,30021600
1205,9/19/1985,0.303571433,0.303571433,0.303571433,0.303571433,0.240531668,46580800
1206,9/20/1985,0.303571433,0.305803567,0.299107134,0.299107134,0.23699443,33807200
1207,9/23/1985,0.301339298,0.305803567,0.301339298,0.301339298,0.238763109,29646400
1208,9/24/1985,0.301339298,0.308035702,0.294642866,0.294642866,0.233457267,22024800
1209,9/25/1985,0.294642866,0.294642866,0.283482134,0.283482134,0.224614143,26124000
1210,9/26/1985,0.283482134,0.285714298,0.283482134,0.283482134,0.224614143,13372800
1211,9/30/1985,0.283482134,0.285714298,0.28125,0.28125,0.222845525,9161600
1212,10/1/1985,0.28125,0.283482134,0.28125,0.28125,0.222845525,22086400
1213,10/2/1985,0.28125,0.283482134,0.279017866,0.279017866,0.221076861,5376000
1214,10/3/1985,0.279017866,0.279017866,0.276785702,0.276785702,0.219308287,12230400
1215,10/4/1985,0.276785702,0.276785702,0.267857134,0.267857134,0.212233797,17382400
1216,10/7/1985,0.267857134,0.272321433,0.267857134,0.267857134,0.212233797,22982400
1217,10/8/1985,0.270089298,0.270089298,0.270089298,0.270089298,0.214002416,21744800
1218,10/9/1985,0.270089298,0.272321433,0.267857134,0.267857134,0.212233797,20703200
1219,10/10/1985,0.283482134,0.285714298,0.283482134,0.283482134,0.224614143,65436000
1220,10/11/1985,0.285714298,0.290178567,0.285714298,0.285714298,0.226382792,29573600
1221,10/14/1985,0.296875,0.296875,0.296875,0.296875,0.235225812,38796800
1222,10/15/1985,0.303571433,0.305803567,0.303571433,0.303571433,0.240531668,73472000
1223,10/16/1985,0.321428567,0.323660702,0.321428567,0.321428567,0.254680604,72111200
1224,10/17/1985,0.325892866,0.341517866,0.325892866,0.325892866,0.258217841,87046400
1225,10/18/1985,0.325892866,0.328125,0.316964298,0.316964298,0.251143396,57607200
1226,10/21/1985,0.316964298,0.316964298,0.308035702,0.308035702,0.244068831,29719200
1227,10/22/1985,0.321428567,0.325892866,0.321428567,0.321428567,0.254680604,106136800
1228,10/23/1985,0.321428567,0.330357134,0.321428567,0.321428567,0.254680604,37094400
1229,10/24/1985,0.328125,0.337053567,0.328125,0.328125,0.25998652,68157600
1230,10/25/1985,0.328125,0.328125,0.321428567,0.321428567,0.254680604,15820000
1231,10/28/1985,0.321428567,0.323660702,0.321428567,0.321428567,0.254680604,14868000
1232,10/29/1985,0.321428567,0.321428567,0.319196433,0.319196433,0.252911925,32720800
1233,10/30/1985,0.339285702,0.339285702,0.339285702,0.339285702,0.268829644,56644000
1234,10/31/1985,0.339285702,0.34375,0.332589298,0.332589298,0.263523817,38768800
1235,11/1/1985,0.332589298,0.339285702,0.332589298,0.332589298,0.263523817,23139200
1236,11/4/1985,0.334821433,0.341517866,0.334821433,0.334821433,0.265292317,38931200
1237,11/5/1985,0.334821433,0.341517866,0.332589298,0.332589298,0.263523817,26885600
1238,11/6/1985,0.34375,0.345982134,0.34375,0.34375,0.272366941,50114400
1239,11/7/1985,0.350446433,0.354910702,0.350446433,0.350446433,0.277672678,79284800
1240,11/8/1985,0.366071433,0.370535702,0.366071433,0.366071433,0.290052861,73528000
1241,11/11/1985,0.366071433,0.370535702,0.357142866,0.357142866,0.282978415,44693600
1242,11/12/1985,0.357142866,0.361607134,0.354910702,0.354910702,0.281209826,43411200
1243,11/13/1985,0.354910702,0.354910702,0.345982134,0.345982134,0.274135381,25390400
1244,11/14/1985,0.357142866,0.359375,0.357142866,0.357142866,0.282978415,34876800
1245,11/15/1985,0.357142866,0.361607134,0.354910702,0.354910702,0.281209826,20395200
1246,11/18/1985,0.354910702,0.357142866,0.354910702,0.354910702,0.281209826,16139200
1247,11/19/1985,0.354910702,0.357142866,0.34375,0.34375,0.272366941,23581600
1248,11/20/1985,0.34375,0.345982134,0.339285702,0.339285702,0.268829644,24768800
1249,11/21/1985,0.339285702,0.34375,0.339285702,0.339285702,0.268829644,25737600
1250,11/22/1985,0.339285702,0.34375,0.337053567,0.339285702,0.268829644,32188800
1251,11/25/1985,0.339285702,0.34375,0.339285702,0.341517866,0.270598143,24298400
1252,11/26/1985,0.341517866,0.348214298,0.339285702,0.345982134,0.274135381,41115200
1253,11/27/1985,0.345982134,0.359375,0.34375,0.357142866,0.282978415,47930400
1254,11/29/1985,0.357142866,0.359375,0.354910702,0.359375,0.284747124,24757600
1255,12/2/1985,0.359375,0.361607134,0.357142866,0.361607134,0.286515832,25048800
1256,12/3/1985,0.361607134,0.363839298,0.357142866,0.359375,0.284747124,38768800
1257,12/4/1985,0.359375,0.368303567,0.359375,0.366071433,0.290052861,41277600
1258,12/5/1985,0.366071433,0.370535702,0.357142866,0.359375,0.284747124,31287200
1259,12/6/1985,0.359375,0.359375,0.350446433,0.352678567,0.279441267,16363200
1260,12/9/1985,0.352678567,0.357142866,0.34375,0.345982134,0.274135381,34966400
1261,12/10/1985,0.345982134,0.350446433,0.34375,0.348214298,0.275904059,50226400
1262,12/11/1985,0.348214298,0.359375,0.348214298,0.352678567,0.279441267,59404800
1263,12/12/1985,0.354910702,0.361607134,0.354910702,0.357142866,0.282978415,31315200
1264,12/13/1985,0.357142866,0.361607134,0.352678567,0.357142866,0.282978415,62787200
1265,12/16/1985,0.357142866,0.379464298,0.357142866,0.372767866,0.295358837,72228800
1266,12/17/1985,0.372767866,0.375,0.363839298,0.368303567,0.291821629,27266400
1267,12/18/1985,0.381696433,0.408482134,0.381696433,0.397321433,0.314813673,139949600
1268,12/19/1985,0.397321433,0.40625,0.395089298,0.401785702,0.318350852,67530400
1269,12/20/1985,0.401785702,0.40625,0.397321433,0.399553567,0.316582173,51508800
1270,12/23/1985,0.399553567,0.401785702,0.386160702,0.390625,0.309507698,35806400
1271,12/24/1985,0.390625,0.392857134,0.386160702,0.388392866,0.307739258,16150400
1272,12/26/1985,0.388392866,0.392857134,0.386160702,0.388392866,0.307739258,11463200
1273,12/27/1985,0.388392866,0.404017866,0.388392866,0.399553567,0.316582173,30721600
1274,12/30/1985,0.399553567,0.404017866,0.395089298,0.397321433,0.314813673,26919200
1275,12/31/1985,0.397321433,0.399553567,0.392857134,0.392857134,0.311276466,21812000
1276,1/2/1986,0.392857134,0.397321433,0.388392866,0.397321433,0.314813673,29355200
1277,1/3/1986,0.397321433,0.399553567,0.395089298,0.399553567,0.316582173,60541600
1278,1/6/1986,0.399553567,0.399553567,0.390625,0.397321433,0.314813673,46261600
1279,1/7/1986,0.397321433,0.410714298,0.395089298,0.410714298,0.325425208,117633600
1280,1/8/1986,0.410714298,0.419642866,0.40625,0.408482134,0.323656589,151900000
1281,1/9/1986,0.408482134,0.410714298,0.390625,0.404017866,0.320119381,111809600
1282,1/10/1986,0.404017866,0.412946433,0.404017866,0.40625,0.321888119,38309600
1283,1/13/1986,0.40625,0.412946433,0.401785702,0.410714298,0.325425208,53855200
1284,1/14/1986,0.410714298,0.424107134,0.401785702,0.415178567,0.328962445,68174400
1285,1/15/1986,0.415178567,0.428571433,0.412946433,0.426339298,0.33780548,105868000
1286,1/16/1986,0.426339298,0.441964298,0.426339298,0.4375,0.346648663,133694400
1287,1/17/1986,0.4375,0.441964298,0.426339298,0.428571433,0.339574158,86346400
1288,1/20/1986,0.428571433,0.428571433,0.417410702,0.426339298,0.33780548,31852800
1289,1/21/1986,0.426339298,0.430803567,0.424107134,0.428571433,0.339574158,37990400
1290,1/22/1986,0.428571433,0.430803567,0.399553567,0.417410702,0.330731034,35750400
1291,1/23/1986,0.417410702,0.419642866,0.40625,0.410714298,0.325425208,39104800
1292,1/24/1986,0.410714298,0.417410702,0.404017866,0.404017866,0.320119381,27994400
1293,1/27/1986,0.404017866,0.40625,0.392857134,0.395089298,0.313044965,97395200
1294,1/28/1986,0.395089298,0.399553567,0.392857134,0.397321433,0.314813673,55574400
1295,1/29/1986,0.397321433,0.435267866,0.392857134,0.421875,0.334268272,147392000
1296,1/30/1986,0.419642866,0.419642866,0.408482134,0.410714298,0.325425208,59220000
1297,1/31/1986,0.410714298,0.415178567,0.408482134,0.412946433,0.327193826,36926400
1298,2/3/1986,0.412946433,0.428571433,0.408482134,0.426339298,0.33780548,87505600
1299,2/4/1986,0.426339298,0.435267866,0.424107134,0.424107134,0.336036831,65044000
1300,2/5/1986,0.424107134,0.426339298,0.419642866,0.424107134,0.336036831,49291200
1301,2/6/1986,0.424107134,0.433035702,0.421875,0.430803567,0.341342747,33555200
1302,2/7/1986,0.430803567,0.430803567,0.419642866,0.428571433,0.339574158,32351200
1303,2/10/1986,0.428571433,0.4375,0.424107134,0.426339298,0.33780548,27960800
1304,2/11/1986,0.426339298,0.428571433,0.419642866,0.426339298,0.33780548,38365600
1305,2/12/1986,0.426339298,0.428571433,0.424107134,0.428571433,0.339574158,33264000
1306,2/13/1986,0.428571433,0.428571433,0.424107134,0.426339298,0.33780548,27344800
1307,2/14/1986,0.426339298,0.430803567,0.424107134,0.424107134,0.336036831,34378400
1308,2/18/1986,0.424107134,0.428571433,0.415178567,0.426339298,0.33780548,37027200
1309,2/19/1986,0.426339298,0.455357134,0.426339298,0.446428567,0.353723019,89919200
1310,2/20/1986,0.446428567,0.453125,0.444196433,0.448660702,0.355491757,34479200
1311,2/21/1986,0.448660702,0.459821433,0.448660702,0.450892866,0.357260287,47269600
1312,2/24/1986,0.450892866,0.459821433,0.446428567,0.459821433,0.364334762,61779200
1313,2/25/1986,0.459821433,0.470982134,0.448660702,0.470982134,0.373177767,56184800
1314,2/26/1986,0.470982134,0.477678567,0.464285702,0.464285702,0.367872,41182400
1315,2/27/1986,0.464285702,0.466517866,0.455357134,0.457589298,0.362566054,27031200
1316,2/28/1986,0.457589298,0.462053567,0.444196433,0.446428567,0.353723019,31281600
1317,3/3/1986,0.446428567,0.448660702,0.4375,0.439732134,0.348417222,27204800
1318,3/4/1986,0.439732134,0.446428567,0.4375,0.439732134,0.348417222,22276800
1319,3/5/1986,0.439732134,0.455357134,0.433035702,0.450892866,0.357260287,44256800
1320,3/6/1986,0.450892866,0.459821433,0.448660702,0.453125,0.359028876,25334400
1321,3/7/1986,0.453125,0.453125,0.441964298,0.441964298,0.350185841,24046400
1322,3/10/1986,0.441964298,0.444196433,0.439732134,0.439732134,0.348417222,18872000
1323,3/11/1986,0.439732134,0.444196433,0.4375,0.444196433,0.35195446,25765600
1324,3/12/1986,0.444196433,0.448660702,0.441964298,0.441964298,0.350185841,21420000
1325,3/13/1986,0.441964298,0.446428567,0.435267866,0.441964298,0.350185841,28991200
1326,3/14/1986,0.441964298,0.46875,0.441964298,0.466517866,0.369640619,96213600
1327,3/17/1986,0.464285702,0.464285702,0.453125,0.464285702,0.367872,29680000
1328,3/18/1986,0.464285702,0.486607134,0.462053567,0.479910702,0.380252272,62339200
1329,3/19/1986,0.479910702,0.486607134,0.470982134,0.473214298,0.374946445,47471200
1330,3/20/1986,0.5,0.529017866,0.5,0.504464269,0.399707079,226032800
1331,3/21/1986,0.504464269,0.513392866,0.491071433,0.493303567,0.390863955,65094400
1332,3/24/1986,0.493303567,0.493303567,0.470982134,0.477678567,0.378483713,73578400
1333,3/25/1986,0.477678567,0.497767866,0.477678567,0.497767866,0.394401163,70268800
1334,3/26/1986,0.497767866,0.513392866,0.497767866,0.504464269,0.399707079,55535200
1335,3/27/1986,0.504464269,0.517857134,0.504464269,0.504464269,0.399707079,54751200
1336,3/31/1986,0.504464269,0.508928597,0.5,0.504464269,0.399707079,46950400
1337,4/1/1986,0.504464269,0.504464269,0.482142866,0.486607134,0.385558158,55680800
1338,4/2/1986,0.486607134,0.488839298,0.46875,0.486607134,0.385558158,81323200
1339,4/3/1986,0.486607134,0.493303567,0.479910702,0.482142866,0.382020921,52768800
1340,4/4/1986,0.482142866,0.482142866,0.475446433,0.477678567,0.378483713,31488800
1341,4/7/1986,0.477678567,0.491071433,0.46875,0.486607134,0.385558158,30032800
1342,4/8/1986,0.486607134,0.495535702,0.486607134,0.493303567,0.390863955,48305600
1343,4/9/1986,0.493303567,0.495535702,0.479910702,0.484375,0.38378942,33829600
1344,4/10/1986,0.484375,0.488839298,0.479910702,0.486607134,0.385558158,27496000
1345,4/11/1986,0.486607134,0.491071433,0.482142866,0.482142866,0.382020921,18916800
1346,4/14/1986,0.482142866,0.486607134,0.477678567,0.479910702,0.380252272,21240800
1347,4/15/1986,0.479910702,0.491071433,0.479910702,0.488839298,0.387326837,32849600
1348,4/16/1986,0.488839298,0.508928597,0.488839298,0.504464269,0.399707079,52707200
1349,4/17/1986,0.504464269,0.520089269,0.5,0.517857134,0.410318822,67524800
1350,4/18/1986,0.517857134,0.533482134,0.513392866,0.53125,0.420930415,61919200
1351,4/21/1986,0.533482134,0.549107134,0.533482134,0.542410731,0.429773718,68387200
1352,4/22/1986,0.542410731,0.558035731,0.529017866,0.533482134,0.422699064,81967200
1353,4/23/1986,0.533482134,0.542410731,0.524553597,0.529017866,0.419161886,65368800
1354,4/24/1986,0.529017866,0.5625,0.526785731,0.560267866,0.44392246,114592800
1355,4/25/1986,0.560267866,0.582589269,0.560267866,0.575892866,0.456302702,65268000
1356,4/28/1986,0.575892866,0.584821403,0.566964269,0.571428597,0.452765584,36383200
1357,4/29/1986,0.571428597,0.575892866,0.479910702,0.558035731,0.442153722,33174400
1358,4/30/1986,0.558035731,0.564732134,0.540178597,0.540178597,0.428004831,34445600
1359,5/1/1986,0.540178597,0.540178597,0.53125,0.540178597,0.428004831,64484000
1360,5/2/1986,0.540178597,0.553571403,0.537946403,0.544642866,0.431542069,23396800
1361,5/5/1986,0.544642866,0.580357134,0.544642866,0.573660731,0.454534143,37335200
1362,5/6/1986,0.575892866,0.59375,0.575892866,0.582589269,0.461608708,54633600
1363,5/7/1986,0.582589269,0.587053597,0.558035731,0.5625,0.445691049,49700000
1364,5/8/1986,0.5625,0.591517866,0.5625,0.589285731,0.466914535,58340800
1365,5/9/1986,0.589285731,0.600446403,0.584821403,0.595982134,0.472220212,55624800
1366,5/12/1986,0.595982134,0.654017866,0.59375,0.649553597,0.514667153,100105600
1367,5/13/1986,0.649553597,0.651785731,0.629464269,0.642857134,0.509361207,117941600
1368,5/14/1986,0.642857134,0.667410731,0.642857134,0.658482134,0.52174139,120747200
1369,5/15/1986,0.658482134,0.660714269,0.636160731,0.642857134,0.509361207,55636000
1370,5/16/1986,0.642857134,0.647321403,0.627232134,0.642857134,0.509361207,79811200
1371,5/19/1986,0.642857134,0.651785731,0.633928597,0.636160731,0.504055381,52376800
1372,5/20/1986,0.636160731,0.636160731,0.611607134,0.631696403,0.500517964,61448800
1373,5/21/1986,0.631696403,0.665178597,0.625,0.660714269,0.523510158,86682400
1374,5/22/1986,0.660714269,0.669642866,0.638392866,0.65625,0.51997304,55126400
1375,5/23/1986,0.65625,0.662946403,0.649553597,0.660714269,0.523510158,34960800
1376,5/27/1986,0.660714269,0.660714269,0.649553597,0.658482134,0.52174139,21162400
1377,5/28/1986,0.658482134,0.669642866,0.65625,0.665178597,0.527047634,51783200
1378,5/29/1986,0.665178597,0.665178597,0.651785731,0.660714269,0.523510158,25356800
1379,5/30/1986,0.660714269,0.665178597,0.651785731,0.660714269,0.523510158,31858400
1380,6/2/1986,0.660714269,0.667410731,0.65625,0.662946403,0.525278747,49812000
1381,6/3/1986,0.662946403,0.680803597,0.662946403,0.676339269,0.5358904,81474400
1382,6/4/1986,0.676339269,0.694196403,0.674107134,0.691964269,0.548270762,75163200
1383,6/5/1986,0.691964269,0.698660731,0.6875,0.694196403,0.550039291,36971200
1384,6/6/1986,0.694196403,0.694196403,0.669642866,0.674107134,0.534121692,44340800
1385,6/9/1986,0.674107134,0.676339269,0.640625,0.642857134,0.509361207,61756800
1386,6/10/1986,0.642857134,0.642857134,0.627232134,0.642857134,0.509361207,61723200
1387,6/11/1986,0.642857134,0.647321403,0.633928597,0.645089269,0.511129797,46715200
1388,6/12/1986,0.645089269,0.649553597,0.642857134,0.642857134,0.509361207,32272800
1389,6/13/1986,0.642857134,0.649553597,0.629464269,0.649553597,0.514667153,35750400
1390,6/16/1986,0.649553597,0.658482134,0.636160731,0.640625,0.507592678,43400000
1391,6/17/1986,0.640625,0.642857134,0.607142866,0.611607134,0.484600782,55512800
1392,6/18/1986,0.611607134,0.620535731,0.580357134,0.611607134,0.484600782,107413600
1393,6/19/1986,0.611607134,0.638392866,0.604910731,0.625,0.495212466,86161600
1394,6/20/1986,0.625,0.645089269,0.625,0.642857134,0.509361207,40325600
1395,6/23/1986,0.642857134,0.647321403,0.618303597,0.620535731,0.491675198,29080800
1396,6/24/1986,0.620535731,0.627232134,0.613839269,0.622767866,0.493443817,35498400
1397,6/25/1986,0.625,0.642857134,0.625,0.640625,0.507592678,32995200
1398,6/26/1986,0.640625,0.649553597,0.633928597,0.647321403,0.512898386,29232000
1399,6/27/1986,0.647321403,0.65625,0.633928597,0.640625,0.507592678,12549600
1400,6/30/1986,0.640625,0.647321403,0.638392866,0.640625,0.507592678,17690400
1401,7/1/1986,0.640625,0.645089269,0.620535731,0.631696403,0.500517964,21929600
1402,7/2/1986,0.631696403,0.647321403,0.631696403,0.645089269,0.511129797,36209600
1403,7/3/1986,0.645089269,0.674107134,0.636160731,0.671875,0.532353103,45292800
1404,7/7/1986,0.671875,0.674107134,0.631696403,0.636160731,0.504055381,45455200
1405,7/8/1986,0.629464269,0.629464269,0.609375,0.611607134,0.484600782,68420800
1406,7/9/1986,0.611607134,0.620535731,0.607142866,0.618303597,0.489906549,91280000
1407,7/10/1986,0.620535731,0.631696403,0.618303597,0.631696403,0.500517964,52141600
1408,7/11/1986,0.631696403,0.674107134,0.629464269,0.662946403,0.525278747,56000000
1409,7/14/1986,0.662946403,0.667410731,0.647321403,0.647321403,0.512898386,59360000
1410,7/15/1986,0.625,0.625,0.611607134,0.622767866,0.493443817,74480000
1411,7/16/1986,0.633928597,0.636160731,0.584821403,0.598214269,0.473988861,134960000
1412,7/17/1986,0.598214269,0.602678597,0.573660731,0.575892866,0.456302702,62720000
1413,7/18/1986,0.575892866,0.580357134,0.558035731,0.566964269,0.449228287,77280000
1414,7/21/1986,0.589285731,0.602678597,0.584821403,0.598214269,0.473988861,57120000
1415,7/22/1986,0.598214269,0.618303597,0.59375,0.618303597,0.489906549,59920000
1416,7/23/1986,0.618303597,0.618303597,0.609375,0.609375,0.482832015,44872800
1417,7/24/1986,0.611607134,0.613839269,0.589285731,0.591517866,0.468682975,36142400
1418,7/25/1986,0.591517866,0.607142866,0.589285731,0.607142866,0.481063336,54364800
1419,7/28/1986,0.604910731,0.607142866,0.575892866,0.578125,0.458071351,61600000
1420,7/29/1986,0.575892866,0.575892866,0.549107134,0.558035731,0.442153722,148960000
1421,7/30/1986,0.558035731,0.5625,0.535714269,0.544642866,0.431542069,63840000
1422,7/31/1986,0.544642866,0.5625,0.544642866,0.558035731,0.442153722,70560000
1423,8/1/1986,0.555803597,0.566964269,0.555803597,0.560267866,0.44392246,37520000
1424,8/4/1986,0.560267866,0.5625,0.546875,0.5625,0.445691049,32541600
1425,8/5/1986,0.564732134,0.578125,0.5625,0.573660731,0.454534143,29472800
1426,8/6/1986,0.573660731,0.573660731,0.553571403,0.555803597,0.440385252,46300800
1427,8/7/1986,0.555803597,0.582589269,0.555803597,0.566964269,0.449228287,43349600
1428,8/8/1986,0.569196403,0.578125,0.564732134,0.564732134,0.447459757,27535200
1429,8/11/1986,0.569196403,0.598214269,0.566964269,0.598214269,0.473988861,45858400
1430,8/12/1986,0.595982134,0.613839269,0.595982134,0.611607134,0.484600782,61040000
1431,8/13/1986,0.611607134,0.647321403,0.611607134,0.642857134,0.509361207,113680000
1432,8/14/1986,0.642857134,0.660714269,0.642857134,0.642857134,0.509361207,57680000
1433,8/15/1986,0.645089269,0.651785731,0.636160731,0.638392866,0.505823851,34294400
1434,8/18/1986,0.638392866,0.640625,0.625,0.631696403,0.500517964,36836800
1435,8/19/1986,0.627232134,0.633928597,0.618303597,0.631696403,0.500517964,34445600
1436,8/20/1986,0.629464269,0.651785731,0.629464269,0.647321403,0.512898386,42828800
1437,8/21/1986,0.645089269,0.649553597,0.638392866,0.638392866,0.505823851,48664000
1438,8/22/1986,0.640625,0.654017866,0.640625,0.647321403,0.512898386,28929600
1439,8/25/1986,0.651785731,0.658482134,0.649553597,0.649553597,0.514667153,31600800
1440,8/26/1986,0.649553597,0.658482134,0.649553597,0.654017866,0.518204391,32810400
1441,8/27/1986,0.654017866,0.660714269,0.647321403,0.660714269,0.523510158,36758400
1442,8/28/1986,0.660714269,0.678571403,0.658482134,0.674107134,0.534121692,54924800
1443,8/29/1986,0.671875,0.678571403,0.658482134,0.660714269,0.523510158,33807200
1444,9/2/1986,0.662946403,0.662946403,0.620535731,0.620535731,0.491675198,58240000
1445,9/3/1986,0.620535731,0.622767866,0.609375,0.620535731,0.491675198,29372000
1446,9/4/1986,0.625,0.633928597,0.620535731,0.633928597,0.502286792,49700000
1447,9/5/1986,0.636160731,0.640625,0.625,0.627232134,0.496980935,24623200
1448,9/8/1986,0.625,0.625,0.600446403,0.620535731,0.491675198,31550400
1449,9/9/1986,0.618303597,0.642857134,0.618303597,0.638392866,0.505823851,37693600
1450,9/10/1986,0.636160731,0.640625,0.620535731,0.625,0.495212466,18916800
1451,9/11/1986,0.618303597,0.620535731,0.580357134,0.582589269,0.461608708,33588800
1452,9/12/1986,0.580357134,0.584821403,0.566964269,0.566964269,0.449228287,57120000
1453,9/15/1986,0.575892866,0.591517866,0.571428597,0.591517866,0.468682975,55680800
1454,9/16/1986,0.591517866,0.627232134,0.580357134,0.622767866,0.493443817,61600000
1455,9/17/1986,0.622767866,0.625,0.611607134,0.611607134,0.484600782,29215200
1456,9/18/1986,0.611607134,0.616071403,0.602678597,0.607142866,0.481063336,24757600
1457,9/19/1986,0.602678597,0.604910731,0.59375,0.600446403,0.475757509,31903200
1458,9/22/1986,0.598214269,0.631696403,0.598214269,0.629464269,0.498749435,59920000
1459,9/23/1986,0.629464269,0.647321403,0.627232134,0.645089269,0.511129797,84560000
1460,9/24/1986,0.645089269,0.649553597,0.607142866,0.627232134,0.496980935,44217600
1461,9/25/1986,0.627232134,0.629464269,0.600446403,0.616071403,0.488137662,46950400
1462,9/26/1986,0.609375,0.613839269,0.604910731,0.611607134,0.484600782,17505600
1463,9/29/1986,0.600446403,0.604910731,0.564732134,0.580357134,0.45983988,52236800
1464,9/30/1986,0.587053597,0.604910731,0.582589269,0.598214269,0.473988861,45197600
1465,10/1/1986,0.595982134,0.616071403,0.595982134,0.609375,0.482832015,34647200
1466,10/2/1986,0.602678597,0.613839269,0.598214269,0.609375,0.482832015,23704800
1467,10/3/1986,0.613839269,0.620535731,0.595982134,0.602678597,0.477526218,34686400
1468,10/6/1986,0.602678597,0.611607134,0.600446403,0.609375,0.482832015,23626400
1469,10/7/1986,0.607142866,0.609375,0.587053597,0.589285731,0.466914535,31998400
1470,10/8/1986,0.587053597,0.589285731,0.575892866,0.584821403,0.463377208,27893600
1471,10/9/1986,0.584821403,0.59375,0.582589269,0.589285731,0.466914535,19488000
1472,10/10/1986,0.587053597,0.595982134,0.578125,0.59375,0.470451623,14632800
1473,10/13/1986,0.591517866,0.618303597,0.589285731,0.618303597,0.489906549,24920000
1474,10/14/1986,0.618303597,0.629464269,0.602678597,0.607142866,0.481063336,49834400
1475,10/15/1986,0.598214269,0.598214269,0.584821403,0.595982134,0.472220212,51352000
1476,10/16/1986,0.595982134,0.604910731,0.59375,0.600446403,0.475757509,33941600
1477,10/17/1986,0.602678597,0.607142866,0.595982134,0.600446403,0.475757509,37968000
1478,10/20/1986,0.598214269,0.600446403,0.587053597,0.587053597,0.465145886,37245600
1479,10/21/1986,0.589285731,0.589285731,0.582589269,0.584821403,0.463377208,28431200
1480,10/22/1986,0.584821403,0.587053597,0.575892866,0.580357134,0.45983988,23620800
1481,10/23/1986,0.580357134,0.591517866,0.580357134,0.591517866,0.468682975,30783200
1482,10/24/1986,0.591517866,0.59375,0.584821403,0.589285731,0.466914535,18832800
1483,10/27/1986,0.598214269,0.607142866,0.59375,0.607142866,0.481063336,37800000
1484,10/28/1986,0.607142866,0.609375,0.589285731,0.595982134,0.472220212,35560000
1485,10/29/1986,0.598214269,0.598214269,0.591517866,0.595982134,0.472220212,21358400
1486,10/30/1986,0.598214269,0.620535731,0.595982134,0.611607134,0.484600782,73360000
1487,10/31/1986,0.611607134,0.622767866,0.611607134,0.618303597,0.489906549,30324000
1488,11/3/1986,0.620535731,0.627232134,0.618303597,0.625,0.495212466,37956800
1489,11/4/1986,0.622767866,0.640625,0.604910731,0.638392866,0.505823851,61600000
1490,11/5/1986,0.638392866,0.662946403,0.633928597,0.660714269,0.523510158,156240000
1491,11/6/1986,0.654017866,0.658482134,0.638392866,0.645089269,0.511129797,82880000
1492,11/7/1986,0.642857134,0.645089269,0.622767866,0.638392866,0.505823851,35789600
1493,11/10/1986,0.640625,0.640625,0.627232134,0.631696403,0.500517964,26471200
1494,11/11/1986,0.633928597,0.638392866,0.629464269,0.633928597,0.502286792,12544000
1495,11/12/1986,0.638392866,0.654017866,0.636160731,0.654017866,0.518204391,32748800
1496,11/13/1986,0.651785731,0.651785731,0.633928597,0.633928597,0.502286792,34378400
1497,11/14/1986,0.633928597,0.633928597,0.622767866,0.629464269,0.498749435,33779200
1498,11/17/1986,0.629464269,0.660714269,0.625,0.649553597,0.514667153,35420000
1499,11/18/1986,0.649553597,0.65625,0.627232134,0.631696403,0.500517964,42515200
1500,11/19/1986,0.627232134,0.629464269,0.616071403,0.625,0.495212466,75600000
1501,11/20/1986,0.622767866,0.631696403,0.622767866,0.629464269,0.498749435,73920000
1502,11/21/1986,0.629464269,0.647321403,0.627232134,0.642857134,0.509361207,71680000
1503,11/24/1986,0.647321403,0.680803597,0.642857134,0.678571403,0.537659287,94080000
1504,11/25/1986,0.678571403,0.720982134,0.678571403,0.71875,0.569494247,212240000
1505,11/26/1986,0.716517866,0.736607134,0.714285731,0.723214269,0.573031664,126560000
1506,11/28/1986,0.723214269,0.725446403,0.707589269,0.714285731,0.565956831,55137600
1507,12/1/1986,0.714285731,0.716517866,0.698660731,0.716517866,0.567725599,86800000
1508,12/2/1986,0.723214269,0.745535731,0.714285731,0.741071403,0.587180436,92400000
1509,12/3/1986,0.743303597,0.767857134,0.741071403,0.763392866,0.604866505,84000000
1510,12/4/1986,0.761160731,0.763392866,0.75,0.758928597,0.601329267,67200000
1511,12/5/1986,0.761160731,0.78125,0.758928597,0.78125,0.619015396,65520000
1512,12/8/1986,0.779017866,0.783482134,0.756696403,0.758928597,0.601329267,86800000
1513,12/9/1986,0.756696403,0.761160731,0.734375,0.756696403,0.599560618,75600000
1514,12/10/1986,0.756696403,0.78125,0.75,0.776785731,0.615478516,61040000
1515,12/11/1986,0.779017866,0.783482134,0.761160731,0.765625,0.606635034,56560000
1516,12/12/1986,0.765625,0.767857134,0.736607134,0.736607134,0.583643258,45029600
1517,12/15/1986,0.732142866,0.745535731,0.720982134,0.745535731,0.590717673,52264800
1518,12/16/1986,0.743303597,0.758928597,0.743303597,0.758928597,0.601329267,37984800
1519,12/17/1986,0.756696403,0.758928597,0.729910731,0.736607134,0.583643258,37777600
1520,12/18/1986,0.734375,0.747767866,0.727678597,0.738839269,0.585411787,43764000
1521,12/19/1986,0.738839269,0.758928597,0.738839269,0.752232134,0.596023202,49772800
1522,12/22/1986,0.75,0.758928597,0.745535731,0.752232134,0.596023202,41092800
1523,12/23/1986,0.754464269,0.756696403,0.747767866,0.752232134,0.596023202,61040000
1524,12/24/1986,0.75,0.752232134,0.743303597,0.747767866,0.592486143,23940000
1525,12/26/1986,0.747767866,0.747767866,0.732142866,0.732142866,0.580105722,22467200
1526,12/29/1986,0.732142866,0.734375,0.71875,0.723214269,0.573031664,29411200
1527,12/30/1986,0.723214269,0.741071403,0.720982134,0.732142866,0.580105722,37038400
1528,12/31/1986,0.732142866,0.738839269,0.720982134,0.723214269,0.573031664,33140800
1529,1/2/1987,0.720982134,0.734375,0.716517866,0.729910731,0.578337193,30217600
1530,1/5/1987,0.736607134,0.772321403,0.732142866,0.767857134,0.608403802,59920000
1531,1/6/1987,0.770089269,0.785714269,0.761160731,0.78125,0.619015396,81200000
1532,1/7/1987,0.783482134,0.801339269,0.779017866,0.799107134,0.633164346,108640000
1533,1/8/1987,0.799107134,0.805803597,0.794642866,0.799107134,0.633164346,72800000
1534,1/9/1987,0.799107134,0.816964269,0.792410731,0.810267866,0.642007351,59920000
1535,1/12/1987,0.8125,0.816964269,0.799107134,0.8125,0.643776238,58240000
1536,1/13/1987,0.805803597,0.810267866,0.796875,0.796875,0.631395638,52931200
1537,1/14/1987,0.796875,0.861607134,0.794642866,0.859375,0.680916905,126000000
1538,1/15/1987,0.861607134,0.917410731,0.857142866,0.890625,0.705677629,136640000
1539,1/16/1987,0.892857134,0.892857134,0.852678597,0.870535731,0.689760089,101920000
1540,1/19/1987,0.870535731,0.948660731,0.854910731,0.948660731,0.751661777,90720000
1541,1/20/1987,0.982142866,0.995535731,0.919642866,0.921875,0.730438471,193760000
1542,1/21/1987,0.908482134,0.912946403,0.875,0.875,0.693297327,133280000
1543,1/22/1987,0.872767866,0.939732134,0.866071403,0.9375,0.742818654,118160000
1544,1/23/1987,0.9375,0.946428597,0.897321403,0.897321403,0.710983515,114800000
1545,1/26/1987,0.892857134,0.901785731,0.883928597,0.888392866,0.70390892,87920000
1546,1/27/1987,0.892857134,0.948660731,0.890625,0.941964269,0.746355534,94640000
1547,1/28/1987,0.946428597,0.995535731,0.930803597,0.988839269,0.783496737,103600000
1548,1/29/1987,0.997767866,1.022321463,0.953125,0.966517866,0.765810609,139440000
1549,1/30/1987,0.964285731,0.997767866,0.939732134,0.991071403,0.785265148,102480000
1550,2/2/1987,0.991071403,1,0.96875,0.997767866,0.790571153,61600000
1551,2/3/1987,1,1.002232194,0.977678597,0.991071403,0.785265148,44654400
1552,2/4/1987,0.991071403,0.991071403,0.970982134,0.982142866,0.77819097,54460000
1553,2/5/1987,0.982142866,0.984375,0.948660731,0.962053597,0.762273073,85120000
1554,2/6/1987,0.964285731,0.964285731,0.944196403,0.964285731,0.764041841,73360000
1555,2/9/1987,0.944196403,0.953125,0.933035731,0.939732134,0.744587183,39250400
1556,2/10/1987,0.9375,0.941964269,0.921875,0.941964269,0.746355534,41697600
1557,2/11/1987,0.946428597,1.013392806,0.941964269,1.008928537,0.799414158,85680000
1558,2/12/1987,1.017857194,1.069196463,1.017857194,1.046875,0.829480588,177520000
1559,2/13/1987,1.046875,1.116071463,1.035714269,1.109375,0.879001617,127680000
1560,2/17/1987,1.109375,1.1875,1.104910731,1.185267806,0.939134717,102480000
1561,2/18/1987,1.189732194,1.203125,1.131696463,1.133928537,0.898456573,117600000
1562,2/19/1987,1.133928537,1.133928537,1.102678537,1.113839269,0.882538974,78400000
1563,2/20/1987,1.113839269,1.116071463,1.082589269,1.09375,0.866621315,47661600
1564,2/23/1987,1.087053537,1.147321463,1.064732194,1.127232194,0.893150747,87920000
1565,2/24/1987,1.129464269,1.178571463,1.127232194,1.169642806,0.926754415,89040000
1566,2/25/1987,1.169642806,1.241071463,1.154017806,1.234375,0.97804445,113680000
1567,2/26/1987,1.241071463,1.274553537,1.214285731,1.234375,0.97804445,124880000
1568,2/27/1987,1.234375,1.267857194,1.209821463,1.25,0.990424931,101360000
1569,3/2/1987,1.254464269,1.258928537,1.196428537,1.205357194,0.955052435,99120000
1570,3/3/1987,1.205357194,1.216517806,1.15625,1.160714269,0.919679761,109200000
1571,3/4/1987,1.174107194,1.21875,1.167410731,1.207589269,0.956820905,112000000
1572,3/5/1987,1.205357194,1.232142806,1.200892806,1.223214269,0.969201565,84560000
1573,3/6/1987,1.200892806,1.220982194,1.191964269,1.200892806,0.951515019,44094400
1574,3/9/1987,1.1875,1.191964269,1.151785731,1.154017806,0.914373994,63840000
1575,3/10/1987,1.151785731,1.194196463,1.151785731,1.191964269,0.944440424,61040000
1576,3/11/1987,1.200892806,1.214285731,1.183035731,1.183035731,0.937365949,54616800
1577,3/12/1987,1.178571463,1.183035731,1.136160731,1.165178537,0.923217416,75600000
1578,3/13/1987,1.165178537,1.178571463,1.133928537,1.133928537,0.898456573,49403200
1579,3/16/1987,1.133928537,1.165178537,1.116071463,1.165178537,0.923217416,61600000
1580,3/17/1987,1.169642806,1.214285731,1.160714269,1.196428537,0.947977722,61040000
1581,3/18/1987,1.200892806,1.205357194,1.15625,1.178571463,0.933829069,75600000
1582,3/19/1987,1.174107194,1.223214269,1.169642806,1.220982194,0.967432439,51682400
1583,3/20/1987,1.21875,1.245535731,1.21875,1.21875,0.965664029,86800000
1584,3/23/1987,1.214285731,1.21875,1.183035731,1.205357194,0.955052435,61600000
1585,3/24/1987,1.209821463,1.223214269,1.183035731,1.183035731,0.937365949,67200000
1586,3/25/1987,1.1875,1.196428537,1.165178537,1.191964269,0.944440424,68320000
1587,3/26/1987,1.191964269,1.209821463,1.1875,1.200892806,0.951515019,35756000
1588,3/27/1987,1.200892806,1.205357194,1.15625,1.160714269,0.919679761,33476800
1589,3/30/1987,1.133928537,1.147321463,1.111607194,1.116071463,0.884307444,64960000
1590,3/31/1987,1.111607194,1.15625,1.111607194,1.151785731,0.912605405,68320000
1591,4/1/1987,1.125,1.196428537,1.113839269,1.191964269,0.944440424,54465600
1592,4/2/1987,1.21875,1.28125,1.196428537,1.28125,1.015185356,194320000
1593,4/3/1987,1.276785731,1.283482194,1.254464269,1.28125,1.015185356,134960000
1594,4/6/1987,1.276785731,1.299107194,1.236607194,1.25,0.990424931,72240000
1595,4/7/1987,1.245535731,1.254464269,1.209821463,1.209821463,0.958589435,64960000
1596,4/8/1987,1.209821463,1.254464269,1.205357194,1.232142806,0.976275325,57680000
1597,4/9/1987,1.227678537,1.276785731,1.209821463,1.267857194,1.004573584,59360000
1598,4/10/1987,1.272321463,1.276785731,1.245535731,1.254464269,0.993961871,54460000
1599,4/13/1987,1.25,1.254464269,1.205357194,1.205357194,0.955052435,35554400
1600,4/14/1987,1.191964269,1.245535731,1.1875,1.214285731,0.962126672,101920000
1601,4/15/1987,1.241071463,1.267857194,1.227678537,1.267857194,1.004573584,87360000
1602,4/16/1987,1.272321463,1.308035731,1.267857194,1.276785731,1.011647701,86800000
1603,4/20/1987,1.276785731,1.299107194,1.263392806,1.270089269,1.006342173,37290400
1604,4/21/1987,1.254464269,1.339285731,1.241071463,1.334821463,1.057631969,108080000
1605,4/22/1987,1.368303537,1.375,1.321428537,1.325892806,1.050557494,100800000
1606,4/23/1987,1.325892806,1.379464269,1.325892806,1.357142806,1.075318575,76160000
1607,4/24/1987,1.352678537,1.366071463,1.330357194,1.334821463,1.057631969,63840000
1608,4/27/1987,1.325892806,1.34375,1.308035731,1.339285731,1.061169267,95760000
1609,4/28/1987,1.352678537,1.390625,1.348214269,1.375,1.089467764,81200000
1610,4/29/1987,1.379464269,1.424107194,1.375,1.388392806,1.100078583,72800000
1611,4/30/1987,1.392857194,1.428571463,1.388392806,1.415178537,1.121302605,63280000
1612,5/1/1987,1.419642806,1.428571463,1.40625,1.428571463,1.131913662,33180000
1613,5/4/1987,1.419642806,1.433035731,1.410714269,1.424107194,1.128376603,35526400
1614,5/5/1987,1.428571463,1.441964269,1.392857194,1.433035731,1.135451198,57680000
1615,5/6/1987,1.4375,1.46875,1.415178537,1.428571463,1.131913662,71680000
1616,5/7/1987,1.424107194,1.446428537,1.424107194,1.433035731,1.135451198,45197600
1617,5/8/1987,1.4375,1.446428537,1.410714269,1.410714269,1.117765069,46183200
1618,5/11/1987,1.375,1.419642806,1.370535731,1.375,1.091122866,49319200
1619,5/12/1987,1.357142806,1.366071463,1.339285731,1.348214269,1.06986618,64960000
1620,5/13/1987,1.352678537,1.404017806,1.348214269,1.401785731,1.112378001,77840000
1621,5/14/1987,1.397321463,1.419642806,1.397321463,1.415178537,1.123006105,37122400
1622,5/15/1987,1.415178537,1.415178537,1.392857194,1.397321463,1.108834982,36489600
1623,5/18/1987,1.397321463,1.401785731,1.348214269,1.352678537,1.073409081,60480000
1624,5/19/1987,1.352678537,1.352678537,1.296875,1.308035731,1.037983298,59920000
1625,5/20/1987,1.303571463,1.339285731,1.294642806,1.330357194,1.055696726,72240000
1626,5/21/1987,1.334821463,1.352678537,1.330357194,1.330357194,1.055696726,43450400
1627,5/22/1987,1.339285731,1.348214269,1.316964269,1.323660731,1.050382018,24276000
1628,5/26/1987,1.330357194,1.392857194,1.321428537,1.392857194,1.105292678,38063200
1629,5/27/1987,1.392857194,1.433035731,1.383928537,1.419642806,1.126548171,45175200
1630,5/28/1987,1.419642806,1.433035731,1.401785731,1.428571463,1.133633375,37805600
1631,5/29/1987,1.433035731,1.4375,1.410714269,1.410714269,1.119463205,23150400
1632,6/1/1987,1.419642806,1.419642806,1.383928537,1.388392806,1.101749778,20826400
1633,6/2/1987,1.383928537,1.392857194,1.375,1.379464269,1.094664812,34372800
1634,6/3/1987,1.379464269,1.419642806,1.379464269,1.388392806,1.101749778,42828800
1635,6/4/1987,1.392857194,1.40625,1.375,1.401785731,1.112378001,38399200
1636,6/5/1987,1.40625,1.40625,1.388392806,1.388392806,1.101749778,32732000
1637,6/8/1987,1.388392806,1.392857194,1.370535731,1.388392806,1.101749778,50461600
1638,6/9/1987,1.383928537,1.419642806,1.383928537,1.401785731,1.112378001,31763200
1639,6/10/1987,1.40625,1.433035731,1.392857194,1.401785731,1.112378001,36556800
1640,6/11/1987,1.401785731,1.428571463,1.392857194,1.410714269,1.119463205,31343200
1641,6/12/1987,1.410714269,1.424107194,1.40625,1.410714269,1.119463205,25440800
1642,6/15/1987,1.410714269,1.419642806,1.383928537,1.401785731,1.112378001,64960000
1643,6/16/1987,1.482142806,1.491071463,1.357142806,1.482142806,1.176144958,85680000
1644,6/17/1987,1.482142806,1.517857194,1.428571463,1.446428537,1.147804499,74480000
1645,6/18/1987,1.4375,1.491071463,1.410714269,1.482142806,1.176144958,57400000
1646,6/19/1987,1.482142806,1.491071463,1.441964269,1.464285731,1.161974072,31360000
1647,6/22/1987,1.473214269,1.508928537,1.459821463,1.5,1.190315485,42280000
1648,6/23/1987,1.5,1.504464269,1.455357194,1.473214269,1.169059873,20213200
1649,6/24/1987,1.482142806,1.544642806,1.446428537,1.5,1.190315485,29680000
1650,6/25/1987,1.5,1.517857194,1.446428537,1.446428537,1.147804499,30240000
1651,6/26/1987,1.455357194,1.482142806,1.428571463,1.446428537,1.147804499,31920000
1652,6/29/1987,1.446428537,1.455357194,1.428571463,1.455357194,1.154889226,25326000
1653,6/30/1987,1.446428537,1.464285731,1.419642806,1.446428537,1.147804499,36120000
1654,7/1/1987,1.455357194,1.455357194,1.419642806,1.428571463,1.133633375,23707600
1655,7/2/1987,1.428571463,1.464285731,1.419642806,1.450892806,1.151346087,20389600
1656,7/6/1987,1.455357194,1.491071463,1.446428537,1.455357194,1.154889226,21372400
1657,7/7/1987,1.446428537,1.464285731,1.383928537,1.401785731,1.112378001,50960000
1658,7/8/1987,1.401785731,1.401785731,1.303571463,1.330357194,1.055696726,85400000
1659,7/9/1987,1.330357194,1.383928537,1.330357194,1.348214269,1.06986618,59920000
1660,7/10/1987,1.357142806,1.401785731,1.348214269,1.357142806,1.076952219,39200000
1661,7/13/1987,1.392857194,1.455357194,1.383928537,1.446428537,1.147804499,63840000
1662,7/14/1987,1.464285731,1.535714269,1.464285731,1.535714269,1.218656182,64400000
1663,7/15/1987,1.535714269,1.598214269,1.508928537,1.571428537,1.246997237,67760000
1664,7/16/1987,1.571428537,1.571428537,1.544642806,1.571428537,1.246997237,23646000
1665,7/17/1987,1.580357194,1.598214269,1.526785731,1.544642806,1.225741029,23049600
1666,7/20/1987,1.535714269,1.544642806,1.482142806,1.491071463,1.183230162,31080000
1667,7/21/1987,1.5,1.517857194,1.473214269,1.477678537,1.172602296,27748000
1668,7/22/1987,1.482142806,1.526785731,1.473214269,1.517857194,1.204485655,15232000
1669,7/23/1987,1.535714269,1.553571463,1.446428537,1.491071463,1.183230162,18684400
1670,7/24/1987,1.482142806,1.526785731,1.482142806,1.517857194,1.204485655,29400000
1671,7/27/1987,1.517857194,1.535714269,1.5,1.508928537,1.19740057,14159600
1672,7/28/1987,1.517857194,1.526785731,1.491071463,1.495535731,1.186772704,18572400
1673,7/29/1987,1.5,1.5,1.446428537,1.464285731,1.161974072,24707200
1674,7/30/1987,1.464285731,1.482142806,1.455357194,1.482142806,1.176144958,26073600
1675,7/31/1987,1.473214269,1.5,1.473214269,1.473214269,1.169059873,18261600
1676,8/3/1987,1.464285731,1.482142806,1.4375,1.4375,1.140718818,15839600
1677,8/4/1987,1.446428537,1.508928537,1.428571463,1.508928537,1.19740057,30240000
1678,8/5/1987,1.508928537,1.553571463,1.5,1.544642806,1.225741029,32480000
1679,8/6/1987,1.544642806,1.669642806,1.526785731,1.651785731,1.310763597,63000000
1680,8/7/1987,1.651785731,1.6875,1.642857194,1.660714269,1.317848921,38080000
1681,8/10/1987,1.723214269,1.723214269,1.633928537,1.723214269,1.369209766,19499200
1682,8/11/1987,1.767857194,1.794642806,1.741071463,1.767857194,1.404681563,67760000
1683,8/12/1987,1.767857194,1.776785731,1.723214269,1.741071463,1.383398175,40320000
1684,8/13/1987,1.741071463,1.794642806,1.732142806,1.75,1.390492916,49000000
1685,8/14/1987,1.732142806,1.785714269,1.714285731,1.75,1.390492916,26213600
1686,8/17/1987,1.767857194,1.785714269,1.741071463,1.767857194,1.404681563,36400000
1687,8/18/1987,1.758928537,1.767857194,1.723214269,1.741071463,1.383398175,59360000
1688,8/19/1987,1.767857194,1.785714269,1.75,1.785714269,1.418870091,16718800
1689,8/20/1987,1.794642806,1.875,1.776785731,1.848214269,1.468530536,43960000
1690,8/21/1987,1.848214269,1.919642806,1.839285731,1.892857194,1.504002571,35000000
1691,8/24/1987,1.892857194,1.910714269,1.866071463,1.866071463,1.48271966,30240000
1692,8/25/1987,1.883928537,1.901785731,1.857142806,1.857142806,1.475625157,34160000
1693,8/26/1987,1.892857194,1.910714269,1.857142806,1.857142806,1.475625157,49000000
1694,8/27/1987,1.866071463,1.883928537,1.839285731,1.857142806,1.475625157,31080000
1695,8/28/1987,1.857142806,1.875,1.839285731,1.857142806,1.475625157,23954000
1696,8/31/1987,1.866071463,1.9375,1.848214269,1.928571463,1.532379746,37520000
1697,9/1/1987,1.955357194,1.973214269,1.875,1.875,1.489813447,34720000
1698,9/2/1987,1.857142806,1.901785731,1.8125,1.857142806,1.475625157,57400000
1699,9/3/1987,1.875,1.883928537,1.794642806,1.830357194,1.454341888,46200000
1700,9/4/1987,1.830357194,1.848214269,1.785714269,1.803571463,1.433058739,27109600
1701,9/8/1987,1.794642806,1.803571463,1.732142806,1.78125,1.4153229,43960000
1702,9/9/1987,1.794642806,1.892857194,1.767857194,1.883928537,1.496908188,39480000
1703,9/10/1987,1.901785731,1.946428537,1.897321463,1.919642806,1.525285363,35000000
1704,9/11/1987,1.928571463,1.982142806,1.883928537,1.946428537,1.546568513,31080000
1705,9/14/1987,1.955357194,1.973214269,1.883928537,1.892857194,1.504002571,20476400
1706,9/15/1987,1.892857194,1.892857194,1.839285731,1.848214269,1.468530536,26152000
1707,9/16/1987,1.848214269,1.879464269,1.830357194,1.848214269,1.468530536,42000000
1708,9/17/1987,1.857142806,1.866071463,1.821428537,1.857142806,1.475625157,16699200
1709,9/18/1987,1.857142806,1.866071463,1.834821463,1.848214269,1.468530536,17799600
1710,9/21/1987,1.848214269,1.883928537,1.794642806,1.794642806,1.42596519,32200000
1711,9/22/1987,1.803571463,1.9375,1.794642806,1.933035731,1.535926819,38360000
1712,9/23/1987,1.933035731,2,1.919642806,1.973214269,1.567851067,63644000
1713,9/24/1987,1.973214269,2.066964388,1.973214269,2.017857075,1.603323698,45640000
1714,9/25/1987,2.026785612,2.071428537,2.017857075,2.053571463,1.631700993,26630800
1715,9/28/1987,2.053571463,2.098214388,1.982142806,1.991071463,1.582039952,50960000
1716,9/29/1987,2,2,1.9375,1.946428537,1.546568513,42840000
1717,9/30/1987,1.9375,2.035714388,1.9375,2.017857075,1.603323698,30520000
1718,10/1/1987,2.026785612,2.098214388,2.017857075,2.080357075,1.652984381,29120000
1719,10/2/1987,2.080357075,2.098214388,2.053571463,2.089285612,1.660077929,24124800
1720,10/5/1987,2.089285612,2.133928537,2.0625,2.116071463,1.681361437,33600000
1721,10/6/1987,2.125,2.125,1.982142806,1.991071463,1.582039952,50400000
1722,10/7/1987,1.982142806,1.991071463,1.9375,1.982142806,1.574945688,56000000
1723,10/8/1987,1.982142806,2,1.901785731,1.9375,1.539473534,41160000
1724,10/9/1987,1.9375,1.982142806,1.928571463,1.933035731,1.535926819,36400000
1725,10/12/1987,1.9375,1.941964269,1.848214269,1.901785731,1.511096835,49840000
1726,10/13/1987,1.946428537,1.955357194,1.901785731,1.946428537,1.546568513,40600000
1727,10/14/1987,1.919642806,1.928571463,1.857142806,1.901785731,1.511096835,64680000
1728,10/15/1987,1.901785731,1.946428537,1.848214269,1.857142806,1.475625157,87080000
1729,10/16/1987,1.866071463,1.892857194,1.696428537,1.723214269,1.369209766,105000000
1730,10/19/1987,1.723214269,1.723214269,1.267857194,1.303571463,1.035775304,119000000
1731,10/20/1987,1.375,1.5,1.165178537,1.232142806,0.979020178,142240000
1732,10/21/1987,1.375,1.5,1.357142806,1.446428537,1.149285197,133560000
1733,10/22/1987,1.401785731,1.446428537,1.285714269,1.3125,1.042870045,96320000
1734,10/23/1987,1.276785731,1.303571463,1.223214269,1.267857194,1.007398129,49560000
1735,10/26/1987,1.232142806,1.25,0.986607134,1,0.794567287,78400000
1736,10/27/1987,1.053571463,1.151785731,1.035714269,1.080357194,0.858416319,113960000
1737,10/28/1987,1.098214269,1.205357194,1.044642806,1.196428537,0.950642526,104720000
1738,10/29/1987,1.223214269,1.428571463,1.151785731,1.410714269,1.120907545,82880000
1739,10/30/1987,1.428571463,1.535714269,1.375,1.379464269,1.096077323,105280000
1740,11/2/1987,1.383928537,1.410714269,1.339285731,1.383928537,1.099624395,47040000
1741,11/3/1987,1.357142806,1.375,1.223214269,1.294642806,1.028680921,78400000
1742,11/4/1987,1.267857194,1.330357194,1.241071463,1.285714269,1.021586776,58520000
1743,11/5/1987,1.294642806,1.383928537,1.294642806,1.357142806,1.078341722,63840000
1744,11/6/1987,1.366071463,1.410714269,1.321428537,1.348214269,1.071246862,46760000
1745,11/9/1987,1.321428537,1.339285731,1.294642806,1.330357194,1.057058334,52640000
1746,11/10/1987,1.303571463,1.339285731,1.285714269,1.294642806,1.028680921,57960000
1747,11/11/1987,1.330357194,1.366071463,1.3125,1.330357194,1.057058334,46480000
1748,11/12/1987,1.375,1.428571463,1.370535731,1.383928537,1.099624395,61600000
1749,11/13/1987,1.401785731,1.410714269,1.321428537,1.330357194,1.057058334,38640000
1750,11/16/1987,1.348214269,1.375,1.303571463,1.3125,1.042870045,46200000
1751,11/17/1987,1.3125,1.321428537,1.25,1.25,0.995378137,67200000
1752,11/18/1987,1.276785731,1.303571463,1.232142806,1.294642806,1.030927181,66360000
1753,11/19/1987,1.303571463,1.303571463,1.214285731,1.232142806,0.981158197,45640000
1754,11/20/1987,1.214285731,1.285714269,1.1875,1.267857194,1.009598136,62720000
1755,11/23/1987,1.267857194,1.294642806,1.241071463,1.294642806,1.030927181,24348800
1756,11/24/1987,1.3125,1.348214269,1.290178537,1.321428537,1.052256703,49280000
1757,11/25/1987,1.321428537,1.321428537,1.285714269,1.303571463,1.038037539,23100000
1758,11/27/1987,1.294642806,1.303571463,1.241071463,1.25,0.995378137,17670800
1759,11/30/1987,1.205357194,1.232142806,1.089285731,1.178571463,0.938499451,104160000
1760,12/1/1987,1.196428537,1.214285731,1.169642806,1.1875,0.94560945,45360000
1761,12/2/1987,1.1875,1.196428537,1.160714269,1.160714269,0.924279749,35560000
1762,12/3/1987,1.178571463,1.191964269,1.0625,1.089285731,0.867401004,79800000
1763,12/4/1987,1.080357194,1.116071463,1.0625,1.098214269,0.874510705,61040000
1764,12/7/1987,1.107142806,1.1875,1.107142806,1.178571463,0.938499451,50960000
1765,12/8/1987,1.196428537,1.245535731,1.1875,1.232142806,0.981158197,63560000
1766,12/9/1987,1.232142806,1.294642806,1.209821463,1.25,0.995378137,44800000
1767,12/10/1987,1.205357194,1.285714269,1.1875,1.241071463,0.988268256,69160000
1768,12/11/1987,1.241071463,1.241071463,1.196428537,1.214285731,0.966939032,30520000
1769,12/14/1987,1.232142806,1.339285731,1.223214269,1.330357194,1.059366465,85400000
1770,12/15/1987,1.348214269,1.366071463,1.321428537,1.339285731,1.066476583,74760000
1771,12/16/1987,1.348214269,1.419642806,1.330357194,1.401785731,1.116245508,82600000
1772,12/17/1987,1.446428537,1.455357194,1.401785731,1.401785731,1.116245508,81480000
1773,12/18/1987,1.410714269,1.473214269,1.401785731,1.446428537,1.151794791,75600000
1774,12/21/1987,1.446428537,1.491071463,1.4375,1.491071463,1.187344193,47040000
1775,12/22/1987,1.491071463,1.491071463,1.446428537,1.482142806,1.180233836,32200000
1776,12/23/1987,1.491071463,1.526785731,1.473214269,1.508928537,1.201563478,42840000
1777,12/24/1987,1.5,1.535714269,1.491071463,1.522321463,1.212228179,17486000
1778,12/28/1987,1.508928537,1.517857194,1.410714269,1.4375,1.144684792,57400000
1779,12/29/1987,1.446428537,1.508928537,1.4375,1.504464269,1.198008299,29680000
1780,12/30/1987,1.517857194,1.5625,1.517857194,1.549107194,1.233558178,38920000
1781,12/31/1987,1.517857194,1.535714269,1.495535731,1.5,1.194453478,29400000
1782,1/4/1988,1.526785731,1.598214269,1.508928537,1.598214269,1.272661924,82600000
1783,1/5/1988,1.642857194,1.651785731,1.580357194,1.59375,1.269106865,77280000
1784,1/6/1988,1.607142806,1.607142806,1.5625,1.5625,1.244222641,67200000
1785,1/7/1988,1.553571463,1.598214269,1.517857194,1.589285731,1.265552282,53200000
1786,1/8/1988,1.589285731,1.616071463,1.410714269,1.428571463,1.137574792,121520000
1787,1/11/1988,1.428571463,1.526785731,1.419642806,1.517857194,1.208673239,101080000
1788,1/12/1988,1.535714269,1.553571463,1.419642806,1.5,1.194453478,100240000
1789,1/13/1988,1.5,1.544642806,1.46875,1.508928537,1.201563478,52920000
1790,1/14/1988,1.526785731,1.53125,1.5,1.508928537,1.201563478,33040000
1791,1/15/1988,1.553571463,1.607142806,1.517857194,1.53125,1.219338536,85960000
1792,1/18/1988,1.535714269,1.535714269,1.5,1.526785731,1.215783596,31360000
1793,1/19/1988,1.508928537,1.544642806,1.477678537,1.526785731,1.215783596,68600000
1794,1/20/1988,1.535714269,1.535714269,1.366071463,1.419642806,1.130464911,170240000
1795,1/21/1988,1.446428537,1.455357194,1.40625,1.433035731,1.141129732,123480000
1796,1/22/1988,1.446428537,1.455357194,1.366071463,1.401785731,1.116245508,111440000
1797,1/25/1988,1.410714269,1.482142806,1.410714269,1.459821463,1.162459493,50120000
1798,1/26/1988,1.455357194,1.464285731,1.401785731,1.419642806,1.130464911,35840000
1799,1/27/1988,1.4375,1.446428537,1.383928537,1.419642806,1.130464911,64680000
1800,1/28/1988,1.428571463,1.482142806,1.419642806,1.473214269,1.173123956,58240000
1801,1/29/1988,1.482142806,1.491071463,1.4375,1.482142806,1.180233836,66360000
1802,2/1/1988,1.491071463,1.517857194,1.477678537,1.491071463,1.187344193,49840000
1803,2/2/1988,1.482142806,1.495535731,1.446428537,1.473214269,1.173123956,47880000
1804,2/3/1988,1.464285731,1.473214269,1.401785731,1.410714269,1.123355269,56560000
1805,2/4/1988,1.410714269,1.433035731,1.392857194,1.419642806,1.130464911,49840000
1806,2/5/1988,1.428571463,1.441964269,1.375,1.379464269,1.098471045,33040000
1807,2/8/1988,1.375,1.401785731,1.348214269,1.383928537,1.102025509,50960000
1808,2/9/1988,1.392857194,1.424107194,1.383928537,1.419642806,1.130464911,29120000
1809,2/10/1988,1.419642806,1.482142806,1.419642806,1.464285731,1.166014671,57120000
1810,2/11/1988,1.464285731,1.473214269,1.4375,1.450892806,1.155349374,36960000
1811,2/12/1988,1.450892806,1.482142806,1.446428537,1.464285731,1.168317318,34440000
1812,2/16/1988,1.464285731,1.473214269,1.428571463,1.473214269,1.175441384,38640000
1813,2/17/1988,1.473214269,1.517857194,1.473214269,1.495535731,1.193251014,64120000
1814,2/18/1988,1.486607194,1.526785731,1.482142806,1.491071463,1.189689159,35840000
1815,2/19/1988,1.491071463,1.5,1.482142806,1.491071463,1.189689159,22691200
1816,2/22/1988,1.482142806,1.558035731,1.482142806,1.544642806,1.232432127,50120000
1817,2/23/1988,1.544642806,1.5625,1.508928537,1.526785731,1.218184114,55160000
1818,2/24/1988,1.526785731,1.535714269,1.5,1.508928537,1.203936458,36400000
1819,2/25/1988,1.5,1.535714269,1.491071463,1.491071463,1.189689159,44800000
1820,2/26/1988,1.5,1.508928537,1.473214269,1.491071463,1.189689159,20585600
1821,2/29/1988,1.491071463,1.544642806,1.482142806,1.535714269,1.22530818,28000000
1822,3/1/1988,1.544642806,1.553571463,1.517857194,1.544642806,1.232432127,42840000
1823,3/2/1988,1.5625,1.607142806,1.553571463,1.598214269,1.275175214,73080000
1824,3/3/1988,1.589285731,1.678571463,1.589285731,1.660714269,1.325042963,118440000
1825,3/4/1988,1.642857194,1.678571463,1.625,1.674107194,1.335728884,52360000
1826,3/7/1988,1.669642806,1.705357194,1.660714269,1.674107194,1.335728884,51800000
1827,3/8/1988,1.669642806,1.678571463,1.642857194,1.651785731,1.317919016,36120000
1828,3/9/1988,1.651785731,1.6875,1.651785731,1.669642806,1.332166553,33600000
1829,3/10/1988,1.678571463,1.6875,1.616071463,1.616071463,1.289423585,44240000
1830,3/11/1988,1.625,1.633928537,1.589285731,1.633928537,1.303670764,39480000
1831,3/14/1988,1.633928537,1.660714269,1.625,1.651785731,1.317919016,24530800
1832,3/15/1988,1.642857194,1.651785731,1.598214269,1.607142806,1.28229928,45360000
1833,3/16/1988,1.602678537,1.65625,1.589285731,1.647321463,1.314357042,29680000
1834,3/17/1988,1.651785731,1.660714269,1.598214269,1.607142806,1.28229928,65240000
1835,3/18/1988,1.607142806,1.625,1.580357194,1.598214269,1.275175214,68040000
1836,3/21/1988,1.584821463,1.59375,1.535714269,1.566964269,1.250242114,56840000
1837,3/22/1988,1.571428537,1.589285731,1.544642806,1.571428537,1.253803968,29794800
1838,3/23/1988,1.571428537,1.571428537,1.495535731,1.517857194,1.211060762,52360000
1839,3/24/1988,1.491071463,1.517857194,1.428571463,1.459821463,1.164755583,80080000
1840,3/25/1988,1.455357194,1.473214269,1.428571463,1.433035731,1.143383861,32760000
1841,3/28/1988,1.428571463,1.491071463,1.410714269,1.482142806,1.182564616,43120000
1842,3/29/1988,1.482142806,1.5,1.450892806,1.464285731,1.168317318,53480000
1843,3/30/1988,1.455357194,1.473214269,1.383928537,1.410714269,1.125573874,92960000
1844,3/31/1988,1.419642806,1.446428537,1.401785731,1.428571463,1.139821649,54320000
1845,4/4/1988,1.419642806,1.446428537,1.375,1.383928537,1.104202509,45360000
1846,4/5/1988,1.401785731,1.410714269,1.375,1.401785731,1.118449926,36960000
1847,4/6/1988,1.410714269,1.491071463,1.392857194,1.491071463,1.189689159,47600000
1848,4/7/1988,1.491071463,1.513392806,1.455357194,1.455357194,1.161193252,40880000
1849,4/8/1988,1.455357194,1.491071463,1.419642806,1.464285731,1.168317318,50680000
1850,4/11/1988,1.491071463,1.5,1.464285731,1.482142806,1.182564616,37240000
1851,4/12/1988,1.491071463,1.508928537,1.473214269,1.491071463,1.189689159,43400000
1852,4/13/1988,1.491071463,1.5,1.464285731,1.473214269,1.175441384,35840000
1853,4/14/1988,1.446428537,1.482142806,1.392857194,1.410714269,1.125573874,47040000
1854,4/15/1988,1.419642806,1.428571463,1.375,1.410714269,1.125573874,58240000
1855,4/18/1988,1.419642806,1.455357194,1.401785731,1.428571463,1.139821649,42560000
1856,4/19/1988,1.433035731,1.482142806,1.433035731,1.4375,1.14694488,53082400
1857,4/20/1988,1.4375,1.446428537,1.401785731,1.419642806,1.132697582,53760000
1858,4/21/1988,1.441964269,1.446428537,1.392857194,1.410714269,1.125573874,44520000
1859,4/22/1988,1.419642806,1.4375,1.410714269,1.433035731,1.143383861,26910800
1860,4/25/1988,1.4375,1.464285731,1.428571463,1.459821463,1.164755583,37520000
1861,4/26/1988,1.464285731,1.491071463,1.455357194,1.482142806,1.182564616,43960000
1862,4/27/1988,1.491071463,1.5,1.482142806,1.491071463,1.189689159,31640000
1863,4/28/1988,1.491071463,1.5,1.473214269,1.477678537,1.179002523,24791200
1864,4/29/1988,1.473214269,1.482142806,1.446428537,1.464285731,1.168317318,22498000
1865,5/2/1988,1.455357194,1.473214269,1.446428537,1.464285731,1.168317318,20549200
1866,5/3/1988,1.464285731,1.508928537,1.455357194,1.491071463,1.189689159,31080000
1867,5/4/1988,1.495535731,1.540178537,1.491071463,1.5,1.196813107,56000000
1868,5/5/1988,1.5,1.508928537,1.482142806,1.491071463,1.189689159,17614800
1869,5/6/1988,1.486607194,1.491071463,1.473214269,1.473214269,1.175441384,26759600
1870,5/9/1988,1.473214269,1.473214269,1.446428537,1.455357194,1.161193252,19093200
1871,5/10/1988,1.446428537,1.464285731,1.4375,1.459821463,1.164755583,23976400
1872,5/11/1988,1.4375,1.455357194,1.410714269,1.410714269,1.125573874,43680000
1873,5/12/1988,1.410714269,1.4375,1.410714269,1.419642806,1.132697582,20745200
1874,5/13/1988,1.4375,1.446428537,1.428571463,1.446428537,1.154069543,17850000
1875,5/16/1988,1.446428537,1.477678537,1.428571463,1.473214269,1.177769899,18690000
1876,5/17/1988,1.482142806,1.5,1.4375,1.446428537,1.156355977,48440000
1877,5/18/1988,1.446428537,1.455357194,1.410714269,1.419642806,1.134942293,43680000
1878,5/19/1988,1.410714269,1.419642806,1.375,1.392857194,1.113527775,62440000
1879,5/20/1988,1.401785731,1.410714269,1.383928537,1.383928537,1.106390119,20434400
1880,5/23/1988,1.375,1.388392806,1.334821463,1.357142806,1.084975839,45920000
1881,5/24/1988,1.357142806,1.392857194,1.348214269,1.388392806,1.109959245,35560000
1882,5/25/1988,1.392857194,1.419642806,1.375,1.375,1.099252224,33880000
1883,5/26/1988,1.375,1.410714269,1.375,1.40625,1.124235392,21445200
1884,5/27/1988,1.401785731,1.428571463,1.392857194,1.419642806,1.134942293,20988800
1885,5/31/1988,1.428571463,1.482142806,1.419642806,1.482142806,1.184908152,30800000
1886,6/1/1988,1.482142806,1.517857194,1.473214269,1.517857194,1.21345973,57400000
1887,6/2/1988,1.5,1.517857194,1.482142806,1.491071463,1.192046046,33320000
1888,6/3/1988,1.491071463,1.544642806,1.491071463,1.535714269,1.227735996,43960000
1889,6/6/1988,1.526785731,1.571428537,1.526785731,1.571428537,1.25628829,41160000
1890,6/7/1988,1.5625,1.616071463,1.553571463,1.571428537,1.25628829,77840000
1891,6/8/1988,1.580357194,1.625,1.571428537,1.607142806,1.284839749,64680000
1892,6/9/1988,1.607142806,1.616071463,1.544642806,1.553571463,1.242012024,67480000
1893,6/10/1988,1.553571463,1.598214269,1.535714269,1.589285731,1.270564079,44240000
1894,6/13/1988,1.607142806,1.616071463,1.580357194,1.607142806,1.284839749,37240000
1895,6/14/1988,1.616071463,1.642857194,1.607142806,1.616071463,1.29197824,73105200
1896,6/15/1988,1.616071463,1.633928537,1.607142806,1.633928537,1.30625391,30520000
1897,6/16/1988,1.607142806,1.616071463,1.580357194,1.589285731,1.270564079,26843600
1898,6/17/1988,1.598214269,1.598214269,1.580357194,1.598214269,1.277701735,23847600
1899,6/20/1988,1.584821463,1.598214269,1.571428537,1.575892806,1.259857059,19650400
1900,6/21/1988,1.571428537,1.607142806,1.566964269,1.602678537,1.281270385,30898000
1901,6/22/1988,1.625,1.638392806,1.607142806,1.629464269,1.302685022,48890800
1902,6/23/1988,1.633928537,1.633928537,1.607142806,1.607142806,1.284839749,17847200
1903,6/24/1988,1.607142806,1.625,1.589285731,1.607142806,1.284839749,18678800
1904,6/27/1988,1.589285731,1.620535731,1.589285731,1.589285731,1.270564079,20904800
1905,6/28/1988,1.598214269,1.651785731,1.589285731,1.651785731,1.320529938,40642000
1906,6/29/1988,1.642857194,1.669642806,1.633928537,1.65625,1.324098945,35862400
1907,6/30/1988,1.651785731,1.669642806,1.642857194,1.651785731,1.320529938,28672000
1908,7/1/1988,1.660714269,1.674107194,1.651785731,1.660714269,1.327668548,23634800
1909,7/5/1988,1.660714269,1.6875,1.647321463,1.6875,1.349081874,26112800
1910,7/6/1988,1.683035731,1.696428537,1.647321463,1.660714269,1.327668548,39138400
1911,7/7/1988,1.660714269,1.660714269,1.616071463,1.638392806,1.309822679,26401200
1912,7/8/1988,1.625,1.642857194,1.607142806,1.616071463,1.29197824,26348000
1913,7/11/1988,1.625,1.625,1.602678537,1.611607194,1.288408995,18407200
1914,7/12/1988,1.607142806,1.616071463,1.589285731,1.598214269,1.277701735,25225200
1915,7/13/1988,1.598214269,1.607142806,1.580357194,1.598214269,1.277701735,28792400
1916,7/14/1988,1.598214269,1.616071463,1.589285731,1.607142806,1.284839749,15702400
1917,7/15/1988,1.607142806,1.625,1.598214269,1.607142806,1.284839749,20756400
1918,7/18/1988,1.620535731,1.642857194,1.616071463,1.625,1.299116135,28375200
1919,7/19/1988,1.607142806,1.625,1.566964269,1.598214269,1.277701735,30576000
1920,7/20/1988,1.598214269,1.607142806,1.571428537,1.580357194,1.263426304,30021600
1921,7/21/1988,1.5625,1.571428537,1.526785731,1.535714269,1.227735996,37256800
1922,7/22/1988,1.535714269,1.544642806,1.517857194,1.517857194,1.21345973,25961600
1923,7/25/1988,1.526785731,1.544642806,1.508928537,1.526785731,1.220597625,26474000
1924,7/26/1988,1.526785731,1.544642806,1.508928537,1.526785731,1.220597625,25382000
1925,7/27/1988,1.526785731,1.544642806,1.517857194,1.526785731,1.220597625,29131200
1926,7/28/1988,1.517857194,1.535714269,1.508928537,1.522321463,1.217029095,23170000
1927,7/29/1988,1.544642806,1.589285731,1.535714269,1.584821463,1.266994953,39737600
1928,8/1/1988,1.589285731,1.633928537,1.580357194,1.607142806,1.284839749,21484400
1929,8/2/1988,1.607142806,1.625,1.589285731,1.59375,1.274133325,30321200
1930,8/3/1988,1.598214269,1.598214269,1.571428537,1.598214269,1.277701735,27711600
1931,8/4/1988,1.598214269,1.616071463,1.589285731,1.59375,1.274133325,17228400
1932,8/5/1988,1.589285731,1.607142806,1.580357194,1.580357194,1.263426304,13165600
1933,8/8/1988,1.589285731,1.598214269,1.571428537,1.571428537,1.25628829,7484400
1934,8/9/1988,1.571428537,1.580357194,1.535714269,1.553571463,1.242012024,42506800
1935,8/10/1988,1.5625,1.5625,1.491071463,1.495535731,1.195615053,36951600
1936,8/11/1988,1.508928537,1.544642806,1.5,1.544642806,1.234873891,26513200
1937,8/12/1988,1.535714269,1.535714269,1.508928537,1.517857194,1.21345973,19370400
1938,8/15/1988,1.508928537,1.508928537,1.446428537,1.473214269,1.179993272,41669600
1939,8/16/1988,1.464285731,1.544642806,1.455357194,1.517857194,1.215750575,30688000
1940,8/17/1988,1.517857194,1.526785731,1.491071463,1.5,1.201447964,29736000
1941,8/18/1988,1.5,1.535714269,1.491071463,1.517857194,1.215750575,18516400
1942,8/19/1988,1.517857194,1.526785731,1.446428537,1.455357194,1.165690422,56840000
1943,8/22/1988,1.4375,1.455357194,1.410714269,1.419642806,1.137084961,42548800
1944,8/23/1988,1.419642806,1.4375,1.401785731,1.410714269,1.129932761,40894000
1945,8/24/1988,1.419642806,1.455357194,1.410714269,1.455357194,1.165690422,31368400
1946,8/25/1988,1.4375,1.446428537,1.401785731,1.433035731,1.147811532,31920000
1947,8/26/1988,1.428571463,1.455357194,1.428571463,1.4375,1.151387095,10038000
1948,8/29/1988,1.455357194,1.464285731,1.446428537,1.459821463,1.169265628,14308000
1949,8/30/1988,1.455357194,1.464285731,1.428571463,1.459821463,1.169265628,12642000
1950,8/31/1988,1.464285731,1.46875,1.410714269,1.424107194,1.140660405,59421600
1951,9/1/1988,1.419642806,1.419642806,1.375,1.388392806,1.112054586,61684000
1952,9/2/1988,1.410714269,1.428571463,1.392857194,1.419642806,1.137084961,46575200
1953,9/6/1988,1.428571463,1.428571463,1.383928537,1.388392806,1.112054586,35862400
1954,9/7/1988,1.392857194,1.410714269,1.348214269,1.366071463,1.094176173,44777600
1955,9/8/1988,1.366071463,1.410714269,1.348214269,1.383928537,1.108478785,51814000
1956,9/9/1988,1.383928537,1.464285731,1.348214269,1.446428537,1.158538938,58668400
1957,9/12/1988,1.464285731,1.491071463,1.433035731,1.464285731,1.172841907,37007600
1958,9/13/1988,1.4375,1.473214269,1.428571463,1.464285731,1.172841907,29920800
1959,9/14/1988,1.491071463,1.513392806,1.482142806,1.5,1.201447964,59642800
1960,9/15/1988,1.5,1.526785731,1.482142806,1.486607194,1.190720916,41440000
1961,9/16/1988,1.482142806,1.526785731,1.477678537,1.508928537,1.208599091,30940000
1962,9/19/1988,1.5,1.508928537,1.473214269,1.491071463,1.194296241,23032800
1963,9/20/1988,1.491071463,1.508928537,1.477678537,1.482142806,1.187144995,25670400
1964,9/21/1988,1.491071463,1.535714269,1.482142806,1.526785731,1.222901821,22836800
1965,9/22/1988,1.535714269,1.571428537,1.526785731,1.571428537,1.25865984,36416800
1966,9/23/1988,1.553571463,1.580357194,1.553571463,1.5625,1.251507521,25370800
1967,9/26/1988,1.5625,1.571428537,1.517857194,1.526785731,1.222901821,21758800
1968,9/27/1988,1.517857194,1.553571463,1.517857194,1.549107194,1.24078083,40745600
1969,9/28/1988,1.553571463,1.575892806,1.544642806,1.553571463,1.244356632,21173600
1970,9/29/1988,1.5625,1.580357194,1.553571463,1.571428537,1.25865984,26518800
1971,9/30/1988,1.571428537,1.571428537,1.544642806,1.544642806,1.237205029,23223200
1972,10/3/1988,1.535714269,1.544642806,1.5,1.517857194,1.215750575,22694000
1973,10/4/1988,1.508928537,1.526785731,1.46875,1.482142806,1.187144995,12913600
1974,10/5/1988,1.473214269,1.491071463,1.446428537,1.459821463,1.169265628,30800000
1975,10/6/1988,1.446428537,1.459821463,1.401785731,1.419642806,1.137084961,41941200
1976,10/7/1988,1.392857194,1.419642806,1.370535731,1.419642806,1.137084961,114396800
1977,10/10/1988,1.410714269,1.419642806,1.339285731,1.375,1.1013273,83160000
1978,10/11/1988,1.366071463,1.410714269,1.366071463,1.392857194,1.115629792,48638800
1979,10/12/1988,1.375,1.392857194,1.357142806,1.383928537,1.108478785,33236000
1980,10/13/1988,1.375,1.419642806,1.375,1.392857194,1.115629792,41115200
1981,10/14/1988,1.410714269,1.410714269,1.361607194,1.383928537,1.108478785,39312000
1982,10/17/1988,1.375,1.392857194,1.366071463,1.375,1.1013273,23422000
1983,10/18/1988,1.392857194,1.410714269,1.366071463,1.40625,1.126357555,35649600
1984,10/19/1988,1.419642806,1.455357194,1.410714269,1.428571463,1.14423573,69330800
1985,10/20/1988,1.428571463,1.486607194,1.428571463,1.482142806,1.187144995,43366400
1986,10/21/1988,1.473214269,1.491071463,1.455357194,1.464285731,1.172841907,30900800
1987,10/24/1988,1.473214269,1.473214269,1.415178537,1.428571463,1.14423573,33790400
1988,10/25/1988,1.4375,1.4375,1.419642806,1.424107194,1.140660405,21296800
1989,10/26/1988,1.428571463,1.428571463,1.375,1.401785731,1.122781277,47180000
1990,10/27/1988,1.383928537,1.401785731,1.366071463,1.392857194,1.115629792,35921200
1991,10/28/1988,1.392857194,1.410714269,1.375,1.375,1.1013273,21120400
1992,10/31/1988,1.383928537,1.383928537,1.339285731,1.379464269,1.10490346,60726400
1993,11/1/1988,1.375,1.383928537,1.348214269,1.357142806,1.087023973,35924000
1994,11/2/1988,1.366071463,1.366071463,1.3125,1.330357194,1.065569878,52130400
1995,11/3/1988,1.330357194,1.339285731,1.3125,1.325892806,1.061993599,60614400
1996,11/4/1988,1.3125,1.357142806,1.3125,1.348214269,1.079872608,38449600
1997,11/7/1988,1.330357194,1.348214269,1.321428537,1.339285731,1.072721481,42520800
1998,11/8/1988,1.339285731,1.383928537,1.334821463,1.375,1.1013273,38631600
1999,11/9/1988,1.366071463,1.40625,1.357142806,1.401785731,1.122781277,50430800
2000,11/10/1988,1.410714269,1.419642806,1.392857194,1.410714269,1.129932761,24978800
2001,11/11/1988,1.392857194,1.415178537,1.375,1.375,1.1013273,27171200
2002,11/14/1988,1.383928537,1.392857194,1.366071463,1.388392806,1.112054586,21308000
2003,11/15/1988,1.392857194,1.401785731,1.383928537,1.392857194,1.115629792,20000400
2004,11/16/1988,1.392857194,1.401785731,1.348214269,1.357142806,1.087023973,36960000
2005,11/17/1988,1.357142806,1.375,1.357142806,1.366071463,1.094176173,19885600
2006,11/18/1988,1.375,1.375,1.357142806,1.357142806,1.087023973,14397600
2007,11/21/1988,1.339285731,1.348214269,1.294642806,1.308035731,1.050454617,55476400
2008,11/22/1988,1.303571463,1.316964269,1.285714269,1.290178537,1.036113262,37046800
2009,11/23/1988,1.276785731,1.321428537,1.267857194,1.316964269,1.057624459,46998000
2010,11/25/1988,1.294642806,1.3125,1.285714269,1.303571463,1.04686892,12073600
2011,11/28/1988,1.303571463,1.3125,1.285714269,1.303571463,1.04686892,34840400
2012,11/29/1988,1.303571463,1.3125,1.285714269,1.3125,1.05403924,23167200
2013,11/30/1988,1.3125,1.357142806,1.3125,1.34375,1.079134941,41960800
2014,12/1/1988,1.348214269,1.392857194,1.339285731,1.383928537,1.111401916,53040400
2015,12/2/1988,1.366071463,1.424107194,1.357142806,1.401785731,1.125742674,83428800
2016,12/5/1988,1.410714269,1.428571463,1.383928537,1.410714269,1.132913113,38603600
2017,12/6/1988,1.401785731,1.419642806,1.392857194,1.410714269,1.132913113,26233200
2018,12/7/1988,1.392857194,1.410714269,1.383928537,1.40625,1.129328012,24533600
2019,12/8/1988,1.401785731,1.401785731,1.383928537,1.397321463,1.122157812,14865200
2020,12/9/1988,1.401785731,1.410714269,1.383928537,1.397321463,1.122157812,11239200
2021,12/12/1988,1.401785731,1.410714269,1.375,1.375,1.104231834,29470000
2022,12/13/1988,1.375,1.383928537,1.366071463,1.383928537,1.111401916,30637600
2023,12/14/1988,1.375,1.428571463,1.375,1.419642806,1.140083313,48325200
2024,12/15/1988,1.428571463,1.446428537,1.401785731,1.410714269,1.132913113,28142800
2025,12/16/1988,1.410714269,1.446428537,1.401785731,1.433035731,1.150838971,45872400
2026,12/19/1988,1.4375,1.464285731,1.428571463,1.455357194,1.168764949,58581600
2027,12/20/1988,1.464285731,1.482142806,1.450892806,1.464285731,1.175935626,68546800
2028,12/21/1988,1.464285731,1.5,1.464285731,1.491071463,1.197446227,60491200
2029,12/22/1988,1.491071463,1.5,1.455357194,1.464285731,1.175935626,26507600
2030,12/23/1988,1.464285731,1.477678537,1.464285731,1.46875,1.179520369,10239600
2031,12/27/1988,1.464285731,1.482142806,1.446428537,1.446428537,1.16159451,14996800
2032,12/28/1988,1.446428537,1.455357194,1.419642806,1.4375,1.154424548,12885600
2033,12/29/1988,1.4375,1.455357194,1.4375,1.446428537,1.16159451,29453200
2034,12/30/1988,1.446428537,1.473214269,1.4375,1.4375,1.154424548,20423200
2035,1/3/1989,1.4375,1.446428537,1.428571463,1.441964269,1.158009171,25004000
2036,1/4/1989,1.455357194,1.504464269,1.446428537,1.5,1.204616189,59987200
2037,1/5/1989,1.5,1.544642806,1.473214269,1.508928537,1.211786985,76832000
2038,1/6/1989,1.508928537,1.553571463,1.508928537,1.522321463,1.222542286,49666400
2039,1/9/1989,1.535714269,1.540178537,1.508928537,1.535714269,1.233297944,19826800
2040,1/10/1989,1.517857194,1.53125,1.482142806,1.522321463,1.222542286,25830000
2041,1/11/1989,1.508928537,1.517857194,1.473214269,1.504464269,1.208201528,39032000
2042,1/12/1989,1.508928537,1.535714269,1.5,1.526785731,1.226127863,37578800
2043,1/13/1989,1.526785731,1.553571463,1.513392806,1.544642806,1.240468383,48476400
2044,1/16/1989,1.544642806,1.571428537,1.535714269,1.5625,1.254809141,42148400
2045,1/17/1989,1.544642806,1.553571463,1.428571463,1.441964269,1.158009171,189151200
2046,1/18/1989,1.455357194,1.46875,1.410714269,1.419642806,1.140083313,121982000
2047,1/19/1989,1.446428537,1.464285731,1.428571463,1.446428537,1.16159451,63996800
2048,1/20/1989,1.446428537,1.482142806,1.4375,1.464285731,1.175935626,43433600
2049,1/23/1989,1.455357194,1.473214269,1.455357194,1.464285731,1.175935626,45133200
2050,1/24/1989,1.464285731,1.491071463,1.455357194,1.486607194,1.193861127,55823600
2051,1/25/1989,1.491071463,1.5,1.464285731,1.482142806,1.190275669,27734000
2052,1/26/1989,1.455357194,1.504464269,1.450892806,1.491071463,1.197446227,71316000
2053,1/27/1989,1.366071463,1.401785731,1.294642806,1.34375,1.079134941,531792800
2054,1/30/1989,1.34375,1.357142806,1.330357194,1.334821463,1.071965337,146624800
2055,1/31/1989,1.330357194,1.348214269,1.3125,1.348214269,1.082720995,115088400
2056,2/1/1989,1.348214269,1.415178537,1.334821463,1.401785731,1.125742674,121889600
2057,2/2/1989,1.410714269,1.4375,1.401785731,1.419642806,1.140083313,118372800
2058,2/3/1989,1.428571463,1.4375,1.392857194,1.401785731,1.125742674,44727200
2059,2/6/1989,1.410714269,1.410714269,1.366071463,1.375,1.104231834,29184400
2060,2/7/1989,1.366071463,1.401785731,1.366071463,1.392857194,1.118571997,41288800
2061,2/8/1989,1.392857194,1.410714269,1.357142806,1.366071463,1.097061396,39253200
2062,2/9/1989,1.366071463,1.392857194,1.357142806,1.366071463,1.097061396,40202400
2063,2/10/1989,1.366071463,1.366071463,1.321428537,1.330357194,1.068379998,87085600
2064,2/13/1989,1.3125,1.330357194,1.3125,1.321428537,1.061209559,58797200
2065,2/14/1989,1.316964269,1.321428537,1.258928537,1.276785731,1.0253582,222894000
2066,2/15/1989,1.276785731,1.294642806,1.267857194,1.294642806,1.039698839,82656000
2067,2/16/1989,1.294642806,1.330357194,1.285714269,1.299107194,1.043283463,63924000
2068,2/17/1989,1.294642806,1.321428537,1.294642806,1.3125,1.056943893,29212400
2069,2/21/1989,1.316964269,1.348214269,1.3125,1.339285731,1.078514099,47639200
2070,2/22/1989,1.330357194,1.339285731,1.303571463,1.3125,1.056943893,59581200
2071,2/23/1989,1.303571463,1.321428537,1.294642806,1.3125,1.056943893,23842000
2072,2/24/1989,1.321428537,1.321428537,1.285714269,1.285714269,1.035373688,38032400
2073,2/27/1989,1.285714269,1.303571463,1.276785731,1.303571463,1.049753904,28980000
2074,2/28/1989,1.303571463,1.3125,1.285714269,1.294642806,1.042564034,44004800
2075,3/1/1989,1.294642806,1.303571463,1.267857194,1.285714269,1.035373688,42532000
2076,3/2/1989,1.276785731,1.294642806,1.241071463,1.25,1.006613255,94082800
2077,3/3/1989,1.258928537,1.258928537,1.214285731,1.241071463,0.999423444,96944400
2078,3/6/1989,1.25,1.28125,1.232142806,1.267857194,1.02099359,42128800
2079,3/7/1989,1.267857194,1.285714269,1.25,1.276785731,1.028183699,65172800
2080,3/8/1989,1.272321463,1.294642806,1.258928537,1.258928537,1.013803363,54073600
2081,3/9/1989,1.258928537,1.276785731,1.232142806,1.232142806,0.992233157,33359200
2082,3/10/1989,1.232142806,1.25,1.223214269,1.25,1.006613255,25678800
2083,3/13/1989,1.25,1.267857194,1.241071463,1.25,1.006613255,32776800
2084,3/14/1989,1.25,1.267857194,1.245535731,1.258928537,1.013803363,40485200
2085,3/15/1989,1.258928537,1.267857194,1.241071463,1.25,1.006613255,22514800
2086,3/16/1989,1.25,1.267857194,1.232142806,1.258928537,1.013803363,48059200
2087,3/17/1989,1.232142806,1.276785731,1.214285731,1.245535731,1.00301826,59281600
2088,3/20/1989,1.25,1.258928537,1.232142806,1.245535731,1.00301826,45362800
2089,3/21/1989,1.267857194,1.267857194,1.241071463,1.245535731,1.00301826,32048800
2090,3/22/1989,1.223214269,1.241071463,1.205357194,1.209821463,0.974257767,36212400
2091,3/23/1989,1.214285731,1.232142806,1.205357194,1.227678537,0.988638222,29727600
2092,3/27/1989,1.223214269,1.232142806,1.196428537,1.205357194,0.97066313,37914800
2093,3/28/1989,1.214285731,1.232142806,1.214285731,1.214285731,0.977853358,35313600
2094,3/29/1989,1.214285731,1.232142806,1.214285731,1.223214269,0.985043228,18600400
2095,3/30/1989,1.223214269,1.25,1.214285731,1.241071463,0.999423444,26311600
2096,3/31/1989,1.25,1.276785731,1.241071463,1.272321463,1.024589181,46337200
2097,4/3/1989,1.267857194,1.294642806,1.241071463,1.25,1.006613255,41571600
2098,4/4/1989,1.232142806,1.245535731,1.209821463,1.232142806,0.992233157,28932400
2099,4/5/1989,1.232142806,1.258928537,1.223214269,1.25,1.006613255,30063600
2100,4/6/1989,1.241071463,1.290178537,1.232142806,1.285714269,1.035373688,39093600
2101,4/7/1989,1.285714269,1.339285731,1.285714269,1.334821463,1.074919343,88746000
2102,4/10/1989,1.330357194,1.357142806,1.3125,1.321428537,1.064133763,33843600
2103,4/11/1989,1.339285731,1.357142806,1.321428537,1.348214269,1.085704327,36635200
2104,4/12/1989,1.366071463,1.401785731,1.352678537,1.375,1.10727489,96978000
2105,4/13/1989,1.383928537,1.410714269,1.366071463,1.375,1.10727489,45318000
2106,4/14/1989,1.392857194,1.401785731,1.366071463,1.383928537,1.114464164,30839200
2107,4/17/1989,1.375,1.401785731,1.357142806,1.401785731,1.128844738,35036400
2108,4/18/1989,1.410714269,1.446428537,1.401785731,1.433035731,1.154009819,140246400
2109,4/19/1989,1.428571463,1.486607194,1.419642806,1.459821463,1.175580502,106470000
2110,4/20/1989,1.455357194,1.482142806,1.4375,1.455357194,1.171985626,44954000
2111,4/21/1989,1.446428537,1.459821463,1.419642806,1.433035731,1.154009819,28792400
2112,4/24/1989,1.428571463,1.4375,1.410714269,1.433035731,1.154009819,27697600
2113,4/25/1989,1.428571463,1.446428537,1.419642806,1.428571463,1.150415063,29044400
2114,4/26/1989,1.428571463,1.4375,1.397321463,1.419642806,1.143224955,46533200
2115,4/27/1989,1.410714269,1.428571463,1.392857194,1.40625,1.132439733,34846000
2116,4/28/1989,1.401785731,1.410714269,1.375,1.392857194,1.12165451,25964400
2117,5/1/1989,1.375,1.401785731,1.375,1.392857194,1.12165451,20165600
2118,5/2/1989,1.392857194,1.4375,1.392857194,1.424107194,1.146820068,53936400
2119,5/3/1989,1.419642806,1.455357194,1.419642806,1.4375,1.157605529,55134800
2120,5/4/1989,1.4375,1.473214269,1.428571463,1.464285731,1.179175615,47227600
2121,5/5/1989,1.517857194,1.526785731,1.482142806,1.482142806,1.193555713,115189200
2122,5/8/1989,1.482142806,1.508928537,1.482142806,1.508928537,1.215125799,51480800
2123,5/9/1989,1.5,1.535714269,1.5,1.517857194,1.222315907,86693600
2124,5/10/1989,1.535714269,1.553571463,1.517857194,1.544642806,1.243886113,58609600
2125,5/11/1989,1.544642806,1.580357194,1.535714269,1.566964269,1.261861563,75236000
2126,5/12/1989,1.589285731,1.607142806,1.571428537,1.607142806,1.294217229,116785200
2127,5/15/1989,1.598214269,1.651785731,1.598214269,1.642857194,1.322977543,79475200
2128,5/16/1989,1.642857194,1.651785731,1.607142806,1.620535731,1.305002451,57167600
2129,5/17/1989,1.616071463,1.625,1.607142806,1.616071463,1.301407218,62115200
2130,5/18/1989,1.616071463,1.625,1.598214269,1.598214269,1.287027001,52813600
2131,5/19/1989,1.598214269,1.651785731,1.598214269,1.633928537,1.315787077,82692400
2132,5/22/1989,1.633928537,1.651785731,1.616071463,1.642857194,1.325874329,47600000
2133,5/23/1989,1.642857194,1.642857194,1.616071463,1.625,1.311463118,33616800
2134,5/24/1989,1.616071463,1.705357194,1.616071463,1.705357194,1.376315236,74401600
2135,5/25/1989,1.6875,1.75,1.6875,1.723214269,1.390727043,58091600
2136,5/26/1989,1.723214269,1.75,1.714285731,1.732142806,1.397932887,28128800
2137,5/30/1989,1.723214269,1.75,1.691964269,1.696428537,1.369109869,27980400
2138,5/31/1989,1.696428537,1.71875,1.678571463,1.705357194,1.376315236,28803600
2139,6/1/1989,1.705357194,1.758928537,1.696428537,1.741071463,1.405138493,44875600
2140,6/2/1989,1.732142806,1.767857194,1.732142806,1.75,1.412344456,31119200
2141,6/5/1989,1.741071463,1.75,1.660714269,1.678571463,1.354697227,31029600
2142,6/6/1989,1.669642806,1.678571463,1.651785731,1.669642806,1.34749198,36251600
2143,6/7/1989,1.669642806,1.732142806,1.669642806,1.723214269,1.390727043,43918000
2144,6/8/1989,1.732142806,1.75,1.6875,1.700892806,1.372712255,44503200
2145,6/9/1989,1.6875,1.705357194,1.660714269,1.678571463,1.354697227,23604000
2146,6/12/1989,1.669642806,1.705357194,1.651785731,1.696428537,1.369109869,20216000
2147,6/13/1989,1.696428537,1.741071463,1.678571463,1.732142806,1.397932887,57744400
2148,6/14/1989,1.75,1.794642806,1.723214269,1.772321463,1.430359125,62826400
2149,6/15/1989,1.767857194,1.776785731,1.696428537,1.696428537,1.369109869,40350800
2150,6/16/1989,1.598214269,1.625,1.553571463,1.589285731,1.282639384,135500400
2151,6/19/1989,1.589285731,1.598214269,1.553571463,1.571428537,1.268227458,45780000
2152,6/20/1989,1.571428537,1.571428537,1.508928537,1.535714269,1.239404559,33633600
2153,6/21/1989,1.535714269,1.553571463,1.508928537,1.517857194,1.22499299,32466000
2154,6/22/1989,1.517857194,1.5625,1.5,1.544642806,1.246610165,34300000
2155,6/23/1989,1.544642806,1.580357194,1.544642806,1.566964269,1.264625192,30973600
2156,6/26/1989,1.571428537,1.571428537,1.544642806,1.553571463,1.253816009,45959200
2157,6/27/1989,1.5625,1.580357194,1.517857194,1.522321463,1.228595376,26446000
2158,6/28/1989,1.508928537,1.508928537,1.464285731,1.491071463,1.20337534,64257200
2159,6/29/1989,1.464285731,1.473214269,1.428571463,1.450892806,1.170948982,58380000
2160,6/30/1989,1.446428537,1.491071463,1.410714269,1.473214269,1.18896389,41185200
2161,7/3/1989,1.491071463,1.491071463,1.455357194,1.455357194,1.174551845,12087600
2162,7/5/1989,1.446428537,1.455357194,1.428571463,1.446428537,1.167346001,29789200
2163,7/6/1989,1.455357194,1.491071463,1.4375,1.473214269,1.18896389,43481200
2164,7/7/1989,1.473214269,1.5,1.446428537,1.473214269,1.18896389,26527200
2165,7/10/1989,1.464285731,1.473214269,1.428571463,1.446428537,1.167346001,50923600
2166,7/11/1989,1.455357194,1.464285731,1.419642806,1.419642806,1.145728588,60981200
2167,7/12/1989,1.419642806,1.4375,1.410714269,1.428571463,1.15293479,31032400
2168,7/13/1989,1.428571463,1.464285731,1.410714269,1.450892806,1.170948982,56358400
2169,7/14/1989,1.455357194,1.464285731,1.419642806,1.455357194,1.174551845,64330000
2170,7/17/1989,1.455357194,1.473214269,1.419642806,1.455357194,1.174551845,32723600
2171,7/18/1989,1.455357194,1.455357194,1.383928537,1.401785731,1.1313169,119327600
2172,7/19/1989,1.410714269,1.455357194,1.392857194,1.446428537,1.167346001,59743600
2173,7/20/1989,1.455357194,1.473214269,1.419642806,1.428571463,1.15293479,59018400
2174,7/21/1989,1.419642806,1.428571463,1.392857194,1.428571463,1.15293479,34871200
2175,7/24/1989,1.419642806,1.419642806,1.401785731,1.401785731,1.1313169,28996800
2176,7/25/1989,1.401785731,1.419642806,1.357142806,1.383928537,1.116905093,52460800
2177,7/26/1989,1.366071463,1.375,1.348214269,1.366071463,1.102493644,58436000
2178,7/27/1989,1.366071463,1.410714269,1.357142806,1.401785731,1.1313169,43268400
2179,7/28/1989,1.401785731,1.419642806,1.392857194,1.40625,1.134919882,29834000
2180,7/31/1989,1.401785731,1.428571463,1.392857194,1.419642806,1.145728588,27966400
2181,8/1/1989,1.419642806,1.4375,1.401785731,1.424107194,1.149331212,34885200
2182,8/2/1989,1.419642806,1.446428537,1.410714269,1.446428537,1.167346001,25351200
2183,8/3/1989,1.446428537,1.482142806,1.446428537,1.473214269,1.18896389,43234800
2184,8/4/1989,1.473214269,1.526785731,1.46875,1.526785731,1.232198834,45838800
2185,8/7/1989,1.535714269,1.571428537,1.522321463,1.5625,1.261021852,42053200
2186,8/8/1989,1.553571463,1.598214269,1.553571463,1.575892806,1.271830797,51548000
2187,8/9/1989,1.571428537,1.633928537,1.566964269,1.571428537,1.268227458,48790000
2188,8/10/1989,1.571428537,1.571428537,1.526785731,1.544642806,1.246610165,38091200
2189,8/11/1989,1.571428537,1.571428537,1.473214269,1.495535731,1.206978679,57520400
2190,8/14/1989,1.482142806,1.5,1.446428537,1.455357194,1.174551845,25706800
2191,8/15/1989,1.455357194,1.482142806,1.455357194,1.477678537,1.192566752,40933200
2192,8/16/1989,1.482142806,1.491071463,1.428571463,1.441964269,1.163742542,30133600
2193,8/17/1989,1.4375,1.473214269,1.428571463,1.464285731,1.181757927,38329200
2194,8/18/1989,1.491071463,1.517857194,1.482142806,1.508928537,1.21778667,21016800
2195,8/21/1989,1.508928537,1.544642806,1.5,1.508928537,1.220674992,34456800
2196,8/22/1989,1.5,1.535714269,1.5,1.53125,1.238732338,27958000
2197,8/23/1989,1.535714269,1.580357194,1.517857194,1.5625,1.264012218,43411200
2198,8/24/1989,1.5625,1.589285731,1.553571463,1.575892806,1.274846792,40731600
2199,8/25/1989,1.571428537,1.607142806,1.571428537,1.598214269,1.292904139,40348000
2200,8/28/1989,1.589285731,1.607142806,1.571428537,1.598214269,1.292904139,20414800
2201,8/29/1989,1.598214269,1.607142806,1.5625,1.575892806,1.274846792,44226000
2202,8/30/1989,1.571428537,1.598214269,1.571428537,1.589285731,1.285681248,29024800
2203,8/31/1989,1.589285731,1.607142806,1.580357194,1.589285731,1.285681248,14072800
2204,9/1/1989,1.589285731,1.598214269,1.580357194,1.59375,1.289292812,18530400
2205,9/5/1989,1.589285731,1.620535731,1.589285731,1.598214269,1.292904139,28705600
2206,9/6/1989,1.598214269,1.602678537,1.571428537,1.598214269,1.292904139,21688800
2207,9/7/1989,1.598214269,1.625,1.598214269,1.598214269,1.292904139,28473200
2208,9/8/1989,1.598214269,1.616071463,1.589285731,1.607142806,1.300127268,13958000
2209,9/11/1989,1.598214269,1.642857194,1.589285731,1.633928537,1.321795702,24648400
2210,9/12/1989,1.625,1.669642806,1.607142806,1.642857194,1.329018712,25897200
2211,9/13/1989,1.651785731,1.665178537,1.607142806,1.607142806,1.300127268,32172000
2212,9/14/1989,1.607142806,1.616071463,1.589285731,1.598214269,1.292904139,32821600
2213,9/15/1989,1.607142806,1.616071463,1.580357194,1.607142806,1.300127268,31217200
2214,9/18/1989,1.589285731,1.607142806,1.571428537,1.571428537,1.271235466,15789200
2215,9/19/1989,1.580357194,1.589285731,1.535714269,1.544642806,1.249566317,20199200
2216,9/20/1989,1.571428537,1.607142806,1.5625,1.59375,1.289292812,29537200
2217,9/21/1989,1.607142806,1.642857194,1.580357194,1.598214269,1.292904139,50240400
2218,9/22/1989,1.598214269,1.616071463,1.580357194,1.602678537,1.296515822,18124400
2219,9/25/1989,1.598214269,1.633928537,1.598214269,1.616071463,1.307350159,34039600
2220,9/26/1989,1.607142806,1.625,1.598214269,1.616071463,1.307350159,19331200
2221,9/27/1989,1.580357194,1.611607194,1.571428537,1.598214269,1.292904139,22531600
2222,9/28/1989,1.607142806,1.633928537,1.607142806,1.625,1.31457293,19854800
2223,9/29/1989,1.616071463,1.625,1.589285731,1.589285731,1.285681248,17452400
2224,10/2/1989,1.589285731,1.598214269,1.5625,1.584821463,1.282069921,34350400
2225,10/3/1989,1.580357194,1.589285731,1.540178537,1.558035731,1.260401368,42624400
2226,10/4/1989,1.5625,1.59375,1.553571463,1.580357194,1.278458238,39793600
2227,10/5/1989,1.589285731,1.660714269,1.580357194,1.625,1.31457293,61320000
2228,10/6/1989,1.651785731,1.723214269,1.642857194,1.71875,1.390413284,90426000
2229,10/9/1989,1.714285731,1.776785731,1.696428537,1.767857194,1.430139661,48888000
2230,10/10/1989,1.776785731,1.799107194,1.732142806,1.767857194,1.430139661,71780800
2231,10/11/1989,1.741071463,1.758928537,1.714285731,1.745535731,1.412082553,39239200
2232,10/12/1989,1.75,1.758928537,1.732142806,1.741071463,1.408470869,20661200
2233,10/13/1989,1.741071463,1.767857194,1.607142806,1.633928537,1.321795702,50279600
2234,10/16/1989,1.598214269,1.669642806,1.517857194,1.669642806,1.350687861,106229200
2235,10/17/1989,1.642857194,1.741071463,1.607142806,1.6875,1.365134001,62510000
2236,10/18/1989,1.660714269,1.723214269,1.642857194,1.723214269,1.394025445,36008000
2237,10/19/1989,1.723214269,1.767857194,1.723214269,1.741071463,1.408470869,27974800
2238,10/20/1989,1.705357194,1.758928537,1.696428537,1.714285731,1.386802077,65377200
2239,10/23/1989,1.714285731,1.723214269,1.651785731,1.669642806,1.350687861,30489200
2240,10/24/1989,1.651785731,1.732142806,1.616071463,1.700892806,1.375967503,54110000
2241,10/25/1989,1.705357194,1.705357194,1.651785731,1.660714269,1.343464971,29786400
2242,10/26/1989,1.625,1.660714269,1.607142806,1.616071463,1.307350159,42316400
2243,10/27/1989,1.616071463,1.633928537,1.589285731,1.616071463,1.307350159,32354000
2244,10/30/1989,1.625,1.642857194,1.607142806,1.633928537,1.321795702,21744800
2245,10/31/1989,1.633928537,1.660714269,1.625,1.660714269,1.343464971,22999200
2246,11/1/1989,1.651785731,1.669642806,1.633928537,1.647321463,1.332630157,15296400
2247,11/2/1989,1.607142806,1.607142806,1.535714269,1.571428537,1.271235466,113167600
2248,11/3/1989,1.571428537,1.589285731,1.544642806,1.544642806,1.249566317,43663200
2249,11/6/1989,1.553571463,1.571428537,1.535714269,1.544642806,1.249566317,30772000
2250,11/7/1989,1.544642806,1.589285731,1.544642806,1.571428537,1.271235466,37830800
2251,11/8/1989,1.580357194,1.616071463,1.580357194,1.607142806,1.300127268,35658000
2252,11/9/1989,1.607142806,1.642857194,1.589285731,1.642857194,1.329018712,22047200
2253,11/10/1989,1.633928537,1.678571463,1.633928537,1.669642806,1.350687861,16214800
2254,11/13/1989,1.660714269,1.6875,1.660714269,1.660714269,1.343464971,17004400
2255,11/14/1989,1.660714269,1.669642806,1.589285731,1.598214269,1.292904139,21095200
2256,11/15/1989,1.607142806,1.616071463,1.571428537,1.580357194,1.278458238,24446800
2257,11/16/1989,1.589285731,1.598214269,1.5625,1.598214269,1.292904139,24141600
2258,11/17/1989,1.589285731,1.616071463,1.589285731,1.598214269,1.296091199,22139600
2259,11/20/1989,1.607142806,1.625,1.589285731,1.616071463,1.310572743,27017200
2260,11/21/1989,1.616071463,1.660714269,1.616071463,1.616071463,1.310572743,35061600
2261,11/22/1989,1.625,1.633928537,1.589285731,1.598214269,1.296091199,24486000
2262,11/24/1989,1.598214269,1.607142806,1.598214269,1.598214269,1.296091199,6963600
2263,11/27/1989,1.598214269,1.616071463,1.5625,1.571428537,1.27436924,26286400
2264,11/28/1989,1.5625,1.580357194,1.526785731,1.575892806,1.277989388,33843600
2265,11/29/1989,1.553571463,1.580357194,1.517857194,1.571428537,1.27436924,38236800
2266,11/30/1989,1.5625,1.589285731,1.553571463,1.580357194,1.281609535,15862000
2267,12/1/1989,1.589285731,1.607142806,1.558035731,1.571428537,1.27436924,36556800
2268,12/4/1989,1.5625,1.625,1.5625,1.616071463,1.310572743,24340400
2269,12/5/1989,1.616071463,1.633928537,1.589285731,1.607142806,1.303331971,30441600
2270,12/6/1989,1.607142806,1.616071463,1.464285731,1.526785731,1.238165498,83745200
2271,12/7/1989,1.508928537,1.544642806,1.5,1.526785731,1.238165498,44604000
2272,12/8/1989,1.517857194,1.535714269,1.473214269,1.491071463,1.209202409,63145600
2273,12/11/1989,1.464285731,1.482142806,1.370535731,1.401785731,1.136795044,162503600
2274,12/12/1989,1.401785731,1.410714269,1.25,1.285714269,1.042665839,256354000
2275,12/13/1989,1.285714269,1.303571463,1.267857194,1.285714269,1.042665839,97440000
2276,12/14/1989,1.276785731,1.290178537,1.232142806,1.245535731,1.010082603,76188000
2277,12/15/1989,1.241071463,1.25,1.160714269,1.205357194,0.977499008,129542000
2278,12/18/1989,1.205357194,1.25,1.205357194,1.241071463,1.006461859,76801200
2279,12/19/1989,1.232142806,1.267857194,1.232142806,1.25,1.01370275,62798400
2280,12/20/1989,1.276785731,1.294642806,1.258928537,1.276785731,1.035424709,44497600
2281,12/21/1989,1.276785731,1.294642806,1.267857194,1.294642806,1.049906015,76202000
2282,12/22/1989,1.294642806,1.330357194,1.285714269,1.303571463,1.057147145,46146800
2283,12/26/1989,1.3125,1.3125,1.258928537,1.267857194,1.028184533,33821200
2284,12/27/1989,1.267857194,1.276785731,1.25,1.254464269,1.017323017,64251600
2285,12/28/1989,1.25,1.258928537,1.223214269,1.236607194,1.002841473,37814000
2286,12/29/1989,1.241071463,1.276785731,1.227678537,1.258928537,1.020943642,38102400
2287,1/2/1990,1.258928537,1.339285731,1.25,1.330357194,1.078869462,45799600
2288,1/3/1990,1.357142806,1.357142806,1.339285731,1.339285731,1.086110592,51998800
2289,1/4/1990,1.366071463,1.383928537,1.330357194,1.34375,1.089730024,55378400
2290,1/5/1990,1.348214269,1.366071463,1.321428537,1.348214269,1.09335041,30828000
2291,1/8/1990,1.339285731,1.357142806,1.321428537,1.357142806,1.100591421,25393200
2292,1/9/1990,1.357142806,1.357142806,1.321428537,1.34375,1.089730024,21534800
2293,1/10/1990,1.34375,1.34375,1.276785731,1.285714269,1.042665839,49929600
2294,1/11/1990,1.294642806,1.294642806,1.232142806,1.232142806,0.999221027,52763200
2295,1/12/1990,1.223214269,1.241071463,1.205357194,1.232142806,0.999221027,42974400
2296,1/15/1990,1.232142806,1.276785731,1.223214269,1.223214269,0.991980374,40434800
2297,1/16/1990,1.196428537,1.25,1.169642806,1.245535731,1.010082603,53561200
2298,1/17/1990,1.241071463,1.241071463,1.178571463,1.1875,0.963017762,49324800
2299,1/18/1990,1.178571463,1.196428537,1.151785731,1.15625,0.937674999,68322800
2300,1/19/1990,1.205357194,1.232142806,1.196428537,1.223214269,0.991980374,66284400
2301,1/22/1990,1.214285731,1.232142806,1.1875,1.1875,0.963017762,36402800
2302,1/23/1990,1.205357194,1.223214269,1.178571463,1.205357194,0.977499008,35218400
2303,1/24/1990,1.160714269,1.223214269,1.151785731,1.214285731,0.984739721,42448000
2304,1/25/1990,1.223214269,1.241071463,1.214285731,1.21875,0.988360047,27885200
2305,1/26/1990,1.214285731,1.214285731,1.151785731,1.169642806,0.948536456,45312400
2306,1/29/1990,1.178571463,1.196428537,1.147321463,1.1875,0.963017762,29982400
2307,1/30/1990,1.1875,1.232142806,1.178571463,1.214285731,0.984739721,29111600
2308,1/31/1990,1.232142806,1.241071463,1.178571463,1.214285731,0.984739721,35985600
2309,2/1/1990,1.232142806,1.236607194,1.196428537,1.200892806,0.973878443,29268400
2310,2/2/1990,1.1875,1.241071463,1.1875,1.223214269,0.991980374,29618400
2311,2/5/1990,1.223214269,1.258928537,1.214285731,1.25,1.01370275,25438000
2312,2/6/1990,1.241071463,1.25,1.214285731,1.241071463,1.006461859,18480000
2313,2/7/1990,1.178571463,1.214285731,1.160714269,1.1875,0.963017762,78111600
2314,2/8/1990,1.1875,1.196428537,1.151785731,1.178571463,0.955776513,46659200
2315,2/9/1990,1.196428537,1.232142806,1.1875,1.223214269,0.991980374,42019600
2316,2/12/1990,1.223214269,1.232142806,1.205357194,1.214285731,0.984739721,18729200
2317,2/13/1990,1.214285731,1.25,1.205357194,1.232142806,0.999221027,25541600
2318,2/14/1990,1.232142806,1.241071463,1.205357194,1.223214269,0.991980374,24015600
2319,2/15/1990,1.205357194,1.223214269,1.196428537,1.223214269,0.991980374,24491600
2320,2/16/1990,1.223214269,1.232142806,1.205357194,1.205357194,0.980649769,31802400
2321,2/20/1990,1.196428537,1.205357194,1.178571463,1.196428537,0.973385394,30811200
2322,2/21/1990,1.169642806,1.223214269,1.160714269,1.214285731,0.987913787,43976800
2323,2/22/1990,1.214285731,1.232142806,1.178571463,1.178571463,0.958857238,48795600
2324,2/23/1990,1.169642806,1.196428537,1.169642806,1.1875,0.966121852,37489200
2325,2/26/1990,1.178571463,1.223214269,1.178571463,1.214285731,0.987913787,19902400
2326,2/27/1990,1.214285731,1.223214269,1.196428537,1.196428537,0.973385394,18488400
2327,2/28/1990,1.196428537,1.214285731,1.1875,1.214285731,0.987913787,27333600
2328,3/1/1990,1.196428537,1.241071463,1.1875,1.223214269,0.995177746,50974000
2329,3/2/1990,1.196428537,1.241071463,1.1875,1.205357194,0.980649769,26224800
2330,3/5/1990,1.196428537,1.241071463,1.196428537,1.232142806,1.002441645,45617600
2331,3/6/1990,1.25,1.258928537,1.232142806,1.258928537,1.024234414,39004000
2332,3/7/1990,1.25,1.285714269,1.25,1.263392806,1.027866006,51055200
2333,3/8/1990,1.276785731,1.321428537,1.25,1.3125,1.067818522,55960800
2334,3/9/1990,1.3125,1.339285731,1.294642806,1.316964269,1.071450591,57618400
2335,3/12/1990,1.330357194,1.339285731,1.294642806,1.308035731,1.064186454,40989200
2336,3/13/1990,1.303571463,1.330357194,1.294642806,1.316964269,1.071450591,37144800
2337,3/14/1990,1.3125,1.330357194,1.303571463,1.321428537,1.07508266,25446400
2338,3/15/1990,1.303571463,1.357142806,1.303571463,1.3125,1.067818522,30058000
2339,3/16/1990,1.428571463,1.455357194,1.397321463,1.4375,1.169515491,161190400
2340,3/19/1990,1.446428537,1.517857194,1.428571463,1.513392806,1.231260419,107948400
2341,3/20/1990,1.508928537,1.535714269,1.455357194,1.477678537,1.202203989,97829200
2342,3/21/1990,1.473214269,1.508928537,1.473214269,1.486607194,1.209468007,38183600
2343,3/22/1990,1.491071463,1.508928537,1.455357194,1.455357194,1.184043884,57915200
2344,3/23/1990,1.473214269,1.535714269,1.464285731,1.508928537,1.227628112,56996800
2345,3/26/1990,1.517857194,1.549107194,1.5,1.508928537,1.227628112,32015200
2346,3/27/1990,1.5,1.508928537,1.473214269,1.5,1.220363975,21151200
2347,3/28/1990,1.5,1.504464269,1.464285731,1.473214269,1.198571682,25734800
2348,3/29/1990,1.464285731,1.482142806,1.455357194,1.46875,1.194939494,24222800
2349,3/30/1990,1.428571463,1.464285731,1.428571463,1.4375,1.169515491,55837600
2350,4/2/1990,1.428571463,1.450892806,1.410714269,1.4375,1.169515491,37192400
2351,4/3/1990,1.446428537,1.491071463,1.446428537,1.491071463,1.213099837,34927200
2352,4/4/1990,1.482142806,1.5,1.455357194,1.473214269,1.198571682,37433200
2353,4/5/1990,1.464285731,1.473214269,1.428571463,1.4375,1.169515491,27048000
2354,4/6/1990,1.4375,1.473214269,1.419642806,1.424107194,1.158619165,29559600
2355,4/9/1990,1.419642806,1.482142806,1.410714269,1.46875,1.194939494,26370400
2356,4/10/1990,1.473214269,1.5,1.464285731,1.473214269,1.198571682,32830000
2357,4/11/1990,1.482142806,1.535714269,1.482142806,1.517857194,1.234892368,53289600
2358,4/12/1990,1.535714269,1.571428537,1.517857194,1.544642806,1.256684303,52950800
2359,4/16/1990,1.553571463,1.580357194,1.544642806,1.5625,1.271212459,56722400
2360,4/17/1990,1.544642806,1.553571463,1.526785731,1.544642806,1.256684303,32776800
2361,4/18/1990,1.544642806,1.5625,1.517857194,1.544642806,1.256684303,48361600
2362,4/19/1990,1.491071463,1.540178537,1.428571463,1.4375,1.169515491,120369200
2363,4/20/1990,1.459821463,1.482142806,1.419642806,1.4375,1.169515491,80880800
2364,4/23/1990,1.4375,1.446428537,1.410714269,1.419642806,1.154987574,32088000
2365,4/24/1990,1.428571463,1.446428537,1.375,1.383928537,1.125930905,75933200
2366,4/25/1990,1.383928537,1.392857194,1.366071463,1.383928537,1.125930905,33143600
2367,4/26/1990,1.392857194,1.410714269,1.361607194,1.388392806,1.129562616,35540400
2368,4/27/1990,1.392857194,1.410714269,1.383928537,1.397321463,1.136827111,29103200
2369,4/30/1990,1.401785731,1.419642806,1.392857194,1.40625,1.144091129,34098400
2370,5/1/1990,1.419642806,1.428571463,1.40625,1.415178537,1.151355743,40902400
2371,5/2/1990,1.419642806,1.428571463,1.401785731,1.419642806,1.154987574,33857600
2372,5/3/1990,1.419642806,1.4375,1.419642806,1.428571463,1.162251353,41577200
2373,5/4/1990,1.428571463,1.455357194,1.401785731,1.428571463,1.162251353,42383600
2374,5/7/1990,1.419642806,1.491071463,1.419642806,1.482142806,1.205835938,33997600
2375,5/8/1990,1.464285731,1.5,1.464285731,1.491071463,1.213099837,28114800
2376,5/9/1990,1.486607194,1.5,1.473214269,1.495535731,1.216732144,24309600
2377,5/10/1990,1.491071463,1.491071463,1.446428537,1.477678537,1.202203989,44760800
2378,5/11/1990,1.477678537,1.526785731,1.455357194,1.522321463,1.238524199,53810400
2379,5/14/1990,1.526785731,1.526785731,1.473214269,1.491071463,1.213099837,56596400
2380,5/15/1990,1.477678537,1.5,1.464285731,1.491071463,1.213099837,37346400
2381,5/16/1990,1.491071463,1.491071463,1.464285731,1.486607194,1.209468007,21826000
2382,5/17/1990,1.491071463,1.508928537,1.464285731,1.482142806,1.205835938,38396400
2383,5/18/1990,1.473214269,1.482142806,1.410714269,1.419642806,1.154987574,64615600
2384,5/21/1990,1.410714269,1.428571463,1.383928537,1.410714269,1.150909185,65620800
2385,5/22/1990,1.433035731,1.482142806,1.428571463,1.477678537,1.205541134,75272400
2386,5/23/1990,1.473214269,1.517857194,1.473214269,1.5,1.223751664,51878400
2387,5/24/1990,1.508928537,1.508928537,1.482142806,1.5,1.223751664,37032800
2388,5/25/1990,1.410714269,1.455357194,1.392857194,1.428571463,1.165478587,80830400
2389,5/29/1990,1.428571463,1.473214269,1.401785731,1.464285731,1.194615245,60802000
2390,5/30/1990,1.486607194,1.491071463,1.473214269,1.477678537,1.205541134,69204800
2391,5/31/1990,1.482142806,1.482142806,1.464285731,1.473214269,1.201898813,25771200
2392,6/1/1990,1.477678537,1.5,1.455357194,1.455357194,1.187330723,39309200
2393,6/4/1990,1.455357194,1.464285731,1.419642806,1.455357194,1.187330723,44856000
2394,6/5/1990,1.464285731,1.464285731,1.392857194,1.410714269,1.150909185,74858000
2395,6/6/1990,1.392857194,1.410714269,1.383928537,1.410714269,1.150909185,52936800
2396,6/7/1990,1.410714269,1.419642806,1.375,1.392857194,1.136341095,46608800
2397,6/8/1990,1.375,1.375,1.339285731,1.366071463,1.114488482,83470800
2398,6/11/1990,1.348214269,1.392857194,1.348214269,1.392857194,1.136341095,39474400
2399,6/12/1990,1.397321463,1.446428537,1.383928537,1.446428537,1.180046439,41258000
2400,6/13/1990,1.441964269,1.455357194,1.419642806,1.419642806,1.15819335,34736800
2401,6/14/1990,1.428571463,1.4375,1.401785731,1.419642806,1.15819335,35081200
2402,6/15/1990,1.419642806,1.428571463,1.397321463,1.410714269,1.150909185,36036000
2403,6/18/1990,1.401785731,1.410714269,1.392857194,1.401785731,1.14362514,27848800
2404,6/19/1990,1.392857194,1.419642806,1.370535731,1.415178537,1.154551625,39306400
2405,6/20/1990,1.424107194,1.4375,1.419642806,1.428571463,1.165478587,38684800
2406,6/21/1990,1.428571463,1.5,1.428571463,1.495535731,1.220110178,52150000
2407,6/22/1990,1.5,1.522321463,1.473214269,1.482142806,1.209183335,70994000
2408,6/25/1990,1.482142806,1.491071463,1.4375,1.473214269,1.201898813,30500400
2409,6/26/1990,1.491071463,1.5,1.441964269,1.450892806,1.183688521,31813600
2410,6/27/1990,1.455357194,1.5,1.4375,1.482142806,1.209183335,24306800
2411,6/28/1990,1.526785731,1.544642806,1.491071463,1.535714269,1.25288856,62484800
2412,6/29/1990,1.535714269,1.602678537,1.526785731,1.598214269,1.303878427,81298000
2413,7/2/1990,1.589285731,1.589285731,1.5625,1.571428537,1.282025456,33852000
2414,7/3/1990,1.566964269,1.589285731,1.5625,1.571428537,1.282025456,24875200
2415,7/5/1990,1.5625,1.580357194,1.544642806,1.553571463,1.267457247,26866000
2416,7/6/1990,1.553571463,1.607142806,1.544642806,1.598214269,1.303878427,52264800
2417,7/9/1990,1.607142806,1.678571463,1.598214269,1.665178537,1.358510256,78864800
2418,7/10/1990,1.678571463,1.696428537,1.669642806,1.678571463,1.369436383,90356000
2419,7/11/1990,1.669642806,1.678571463,1.633928537,1.678571463,1.369436383,61538400
2420,7/12/1990,1.669642806,1.696428537,1.660714269,1.691964269,1.380363345,45617600
2421,7/13/1990,1.696428537,1.705357194,1.669642806,1.669642806,1.362151861,57744400
2422,7/16/1990,1.669642806,1.683035731,1.616071463,1.629464269,1.32937324,44926000
2423,7/17/1990,1.633928537,1.642857194,1.571428537,1.580357194,1.289309859,34213200
2424,7/18/1990,1.589285731,1.607142806,1.535714269,1.59375,1.300235987,72091600
2425,7/19/1990,1.455357194,1.517857194,1.428571463,1.491071463,1.2164675,146496000
2426,7/20/1990,1.5,1.517857194,1.455357194,1.464285731,1.194615245,47961200
2427,7/23/1990,1.464285731,1.491071463,1.428571463,1.482142806,1.209183335,67547200
2428,7/24/1990,1.5,1.508928537,1.464285731,1.504464269,1.227393866,48479200
2429,7/25/1990,1.5,1.544642806,1.491071463,1.508928537,1.231035829,26230400
2430,7/26/1990,1.508928537,1.517857194,1.464285731,1.477678537,1.205541134,20084400
2431,7/27/1990,1.473214269,1.491071463,1.446428537,1.477678537,1.205541134,15579200
2432,7/30/1990,1.455357194,1.517857194,1.455357194,1.513392806,1.234678507,21364000
2433,7/31/1990,1.517857194,1.526785731,1.482142806,1.5,1.223751664,24001600
2434,8/1/1990,1.5,1.526785731,1.482142806,1.513392806,1.234678507,23377200
2435,8/2/1990,1.473214269,1.5625,1.473214269,1.553571463,1.267457247,55781600
2436,8/3/1990,1.553571463,1.5625,1.419642806,1.473214269,1.201898813,67242000
2437,8/6/1990,1.392857194,1.446428537,1.375,1.410714269,1.150909185,44914800
2438,8/7/1990,1.4375,1.450892806,1.383928537,1.410714269,1.150909185,49632800
2439,8/8/1990,1.410714269,1.455357194,1.410714269,1.433035731,1.169120193,25634000
2440,8/9/1990,1.4375,1.446428537,1.401785731,1.410714269,1.150909185,24096800
2441,8/10/1990,1.383928537,1.401785731,1.366071463,1.383928537,1.129056931,25676000
2442,8/13/1990,1.357142806,1.428571463,1.352678537,1.424107194,1.161835909,39029200
2443,8/14/1990,1.428571463,1.428571463,1.401785731,1.419642806,1.15819335,24542000
2444,8/15/1990,1.428571463,1.4375,1.401785731,1.401785731,1.14362514,23013200
2445,8/16/1990,1.392857194,1.415178537,1.375,1.375,1.121772289,30973600
2446,8/17/1990,1.375,1.375,1.276785731,1.303571463,1.063498855,61527200
2447,8/20/1990,1.303571463,1.339285731,1.294642806,1.3125,1.074020624,18765600
2448,8/21/1990,1.276785731,1.3125,1.258928537,1.294642806,1.059408069,40261200
2449,8/22/1990,1.321428537,1.321428537,1.245535731,1.254464269,1.026529789,30679600
2450,8/23/1990,1.223214269,1.25,1.196428537,1.232142806,1.008264303,35924000
2451,8/24/1990,1.258928537,1.285714269,1.241071463,1.267857194,1.037489653,18354000
2452,8/27/1990,1.3125,1.357142806,1.294642806,1.348214269,1.103245974,29366400
2453,8/28/1990,1.339285731,1.370535731,1.330357194,1.361607194,1.11420536,20048000
2454,8/29/1990,1.357142806,1.361607194,1.3125,1.330357194,1.088633537,37732800
2455,8/30/1990,1.330357194,1.339285731,1.285714269,1.294642806,1.059408069,30648800
2456,8/31/1990,1.285714269,1.330357194,1.285714269,1.321428537,1.081326962,24864000
2457,9/4/1990,1.303571463,1.339285731,1.303571463,1.321428537,1.081326962,20686400
2458,9/5/1990,1.330357194,1.330357194,1.276785731,1.285714269,1.052101851,16013200
2459,9/6/1990,1.267857194,1.285714269,1.258928537,1.276785731,1.04479599,21907200
2460,9/7/1990,1.267857194,1.3125,1.254464269,1.299107194,1.063061476,14543200
2461,9/10/1990,1.321428537,1.321428537,1.276785731,1.276785731,1.04479599,18995200
2462,9/11/1990,1.285714269,1.290178537,1.205357194,1.214285731,0.993652046,44567600
2463,9/12/1990,1.232142806,1.232142806,1.196428537,1.214285731,0.993652046,25102000
2464,9/13/1990,1.232142806,1.241071463,1.178571463,1.205357194,0.986345768,24315200
2465,9/14/1990,1.196428537,1.223214269,1.1875,1.214285731,0.993652046,28478800
2466,9/17/1990,1.214285731,1.258928537,1.196428537,1.205357194,0.986345768,19418000
2467,9/18/1990,1.205357194,1.205357194,1.178571463,1.191964269,0.975386202,31152800
2468,9/19/1990,1.1875,1.205357194,1.142857194,1.160714269,0.94981426,45614800
2469,9/20/1990,1.151785731,1.151785731,1.116071463,1.129464269,0.924242198,25233600
2470,9/21/1990,1.142857194,1.160714269,1.107142806,1.125,0.920589387,38466400
2471,9/24/1990,1.125,1.125,1.0625,1.080357194,0.884057939,34624800
2472,9/25/1990,1.089285731,1.098214269,1.044642806,1.071428537,0.876751721,39488400
2473,9/26/1990,1.071428537,1.089285731,1.0625,1.0625,0.869445503,23534000
2474,9/27/1990,1.071428537,1.089285731,1,1.008928537,0.825607717,35585200
2475,9/28/1990,1.017857194,1.035714269,0.973214269,1.035714269,0.847526491,44010400
2476,10/1/1990,1.053571463,1.107142806,1.044642806,1.089285731,0.891363919,38914400
2477,10/2/1990,1.107142806,1.142857194,1.053571463,1.058035731,0.865792096,67746000
2478,10/3/1990,1.0625,1.0625,0.955357134,0.964285731,0.789076269,67060000
2479,10/4/1990,0.955357134,1,0.9375,1,0.818301439,53373600
2480,10/5/1990,0.964285731,1.026785731,0.964285731,1,0.818301439,24872400
2481,10/8/1990,1.026785731,1.044642806,1.008928537,1.040178537,0.851179719,15383200
2482,10/9/1990,1.017857194,1.035714269,0.991071403,1,0.818301439,30144800
2483,10/10/1990,0.973214269,1,0.928571403,0.946428597,0.77446413,36976800
2484,10/11/1990,0.955357134,0.995535731,0.910714269,0.991071403,0.810995221,51494800
2485,10/12/1990,1.008928537,1.017857194,0.964285731,1.008928537,0.825607717,57162000
2486,10/15/1990,1.017857194,1.026785731,0.950892866,0.991071403,0.810995221,50254400
2487,10/16/1990,0.982142866,0.982142866,0.866071403,0.892857134,0.730626464,76308400
2488,10/17/1990,0.901785731,0.946428597,0.892857134,0.946428597,0.77446413,77266000
2489,10/18/1990,0.946428597,1.026785731,0.946428597,1.017857194,0.832913876,78750000
2490,10/19/1990,1.116071463,1.133928537,1.080357194,1.120535731,0.9169361,233433200
2491,10/22/1990,1.125,1.125,1.089285731,1.111607194,0.90963012,63184800
2492,10/23/1990,1.107142806,1.125,1.080357194,1.107142806,0.905976832,41762000
2493,10/24/1990,1.098214269,1.107142806,1.071428537,1.089285731,0.891363919,35456400
2494,10/25/1990,1.080357194,1.116071463,1.058035731,1.071428537,0.876751721,38365600
2495,10/26/1990,1.0625,1.116071463,1.0625,1.071428537,0.876751721,33549600
2496,10/29/1990,1.080357194,1.089285731,1.0625,1.066964269,0.873098552,30870000
2497,10/30/1990,1.0625,1.098214269,1.03125,1.084821463,0.887710989,24511200
2498,10/31/1990,1.089285731,1.138392806,1.080357194,1.098214269,0.898670435,37189600
2499,11/1/1990,1.089285731,1.107142806,1.0625,1.089285731,0.891363919,22663200
2500,11/2/1990,1.089285731,1.15625,1.089285731,1.133928537,0.927895427,37153200
2501,11/5/1990,1.151785731,1.196428537,1.142857194,1.1875,0.971732914,46118800
2502,11/6/1990,1.196428537,1.232142806,1.1875,1.196428537,0.979039073,46191600
2503,11/7/1990,1.196428537,1.205357194,1.165178537,1.1875,0.971732914,50744400
2504,11/8/1990,1.178571463,1.25,1.178571463,1.232142806,1.008264303,49812000
2505,11/9/1990,1.25,1.276785731,1.232142806,1.267857194,1.037489653,49557200
2506,11/12/1990,1.267857194,1.3125,1.258928537,1.294642806,1.059408069,36262800
2507,11/13/1990,1.294642806,1.303571463,1.276785731,1.285714269,1.052101851,35487200
2508,11/14/1990,1.276785731,1.330357194,1.276785731,1.321428537,1.081326962,47686800
2509,11/15/1990,1.3125,1.321428537,1.267857194,1.285714269,1.052101851,40443200
2510,11/16/1990,1.276785731,1.285714269,1.241071463,1.254464269,1.029966354,45752000
2511,11/19/1990,1.267857194,1.299107194,1.258928537,1.299107194,1.066620111,55977600
2512,11/20/1990,1.303571463,1.3125,1.258928537,1.267857194,1.040963173,38407600
2513,11/21/1990,1.258928537,1.294642806,1.241071463,1.290178537,1.059289694,30802800
2514,11/23/1990,1.294642806,1.321428537,1.285714269,1.299107194,1.066620111,13300000
2515,11/26/1990,1.285714269,1.321428537,1.285714269,1.3125,1.077616334,20364400
2516,11/27/1990,1.321428537,1.366071463,1.3125,1.339285731,1.099608898,41146000
2517,11/28/1990,1.348214269,1.375,1.3125,1.3125,1.077616334,43727600
2518,11/29/1990,1.321428537,1.321428537,1.294642806,1.3125,1.077616334,31676400
2519,11/30/1990,1.294642806,1.330357194,1.294642806,1.3125,1.077616334,30377200
2520,12/3/1990,1.330357194,1.366071463,1.321428537,1.361607194,1.117935419,41350400
2521,12/4/1990,1.339285731,1.383928537,1.339285731,1.375,1.128931284,38038000
2522,12/5/1990,1.375,1.4375,1.352678537,1.433035731,1.176581144,54597200
2523,12/6/1990,1.473214269,1.491071463,1.446428537,1.473214269,1.209569335,133061600
2524,12/7/1990,1.464285731,1.526785731,1.464285731,1.517857194,1.246223092,82415200
2525,12/10/1990,1.508928537,1.517857194,1.482142806,1.491071463,1.224231124,62647200
2526,12/11/1990,1.473214269,1.482142806,1.428571463,1.428571463,1.172915936,86970800
2527,12/12/1990,1.419642806,1.428571463,1.392857194,1.415178537,1.161920071,60589200
2528,12/13/1990,1.410714269,1.464285731,1.410714269,1.455357194,1.194908023,40182800
2529,12/14/1990,1.4375,1.446428537,1.410714269,1.424107194,1.169250727,21767200
2530,12/17/1990,1.392857194,1.446428537,1.392857194,1.433035731,1.176581144,32776800
2531,12/18/1990,1.464285731,1.517857194,1.455357194,1.508928537,1.238892198,55246800
2532,12/19/1990,1.517857194,1.517857194,1.46875,1.495535731,1.227896333,35165200
2533,12/20/1990,1.473214269,1.589285731,1.473214269,1.571428537,1.290207505,100268000
2534,12/21/1990,1.580357194,1.616071463,1.553571463,1.607142806,1.319530368,86534000
2535,12/24/1990,1.598214269,1.607142806,1.571428537,1.571428537,1.290207505,14680400
2536,12/26/1990,1.571428537,1.580357194,1.535714269,1.5625,1.282876611,25768400
2537,12/27/1990,1.544642806,1.571428537,1.544642806,1.553571463,1.275545716,24413200
2538,12/28/1990,1.544642806,1.553571463,1.526785731,1.535714269,1.260884762,15982400
2539,12/31/1990,1.535714269,1.544642806,1.526785731,1.535714269,1.260884762,11068400
2540,1/2/1991,1.526785731,1.571428537,1.5,1.553571463,1.275545716,38746400
2541,1/3/1991,1.553571463,1.580357194,1.535714269,1.535714269,1.260884762,37545200
2542,1/4/1991,1.535714269,1.580357194,1.535714269,1.544642806,1.268214941,35380800
2543,1/7/1991,1.535714269,1.616071463,1.535714269,1.544642806,1.268214941,77700000
2544,1/8/1991,1.5625,1.566964269,1.517857194,1.544642806,1.268214941,54672800
2545,1/9/1991,1.580357194,1.642857194,1.5625,1.616071463,1.326860785,116816000
2546,1/10/1991,1.633928537,1.6875,1.633928537,1.683035731,1.38184154,108830400
2547,1/11/1991,1.678571463,1.6875,1.642857194,1.678571463,1.378175735,76913200
2548,1/14/1991,1.642857194,1.669642806,1.642857194,1.651785731,1.356184363,52710000
2549,1/15/1991,1.660714269,1.669642806,1.642857194,1.669642806,1.370845318,48014400
2550,1/16/1991,1.678571463,1.785714269,1.669642806,1.776785731,1.458813906,97658400
2551,1/17/1991,1.875,1.883928537,1.75,1.830357194,1.502798796,147918400
2552,1/18/1991,1.741071463,1.8125,1.732142806,1.794642806,1.473475575,235810400
2553,1/21/1991,1.776785731,1.839285731,1.776785731,1.8125,1.488136888,81076800
2554,1/22/1991,1.821428537,1.875,1.803571463,1.830357194,1.502798796,106932000
2555,1/23/1991,1.830357194,1.866071463,1.821428537,1.848214269,1.517459989,61065200
2556,1/24/1991,1.839285731,1.883928537,1.839285731,1.861607194,1.52845633,58483600
2557,1/25/1991,1.857142806,1.915178537,1.857142806,1.910714269,1.568774819,55952400
2558,1/28/1991,1.901785731,1.973214269,1.901785731,1.946428537,1.598097682,68370400
2559,1/29/1991,1.9375,1.946428537,1.866071463,1.919642806,1.576105475,53888800
2560,1/30/1991,1.901785731,1.991071463,1.901785731,1.982142806,1.627421141,84193200
2561,1/31/1991,1.982142806,2,1.955357194,1.982142806,1.627421141,60648000
2562,2/1/1991,1.982142806,2.066964388,1.982142806,1.991071463,1.634751201,111137600
2563,2/4/1991,1.991071463,2,1.964285731,1.973214269,1.620090127,66962000
2564,2/5/1991,1.973214269,2.071428537,1.955357194,2.0625,1.693397164,89028800
2565,2/6/1991,2.0625,2.080357075,2.017857075,2.03125,1.667739987,55641600
2566,2/7/1991,2.035714388,2.098214388,1.991071463,2.0625,1.693397164,130043200
2567,2/8/1991,2.053571463,2.151785612,2.053571463,2.138392925,1.755708694,78388800
2568,2/11/1991,2.142857075,2.196428537,2.133928537,2.191964388,1.799693346,80757600
2569,2/12/1991,2.178571463,2.1875,2.120535612,2.142857075,1.759374022,56187600
2570,2/13/1991,2.142857075,2.151785612,2.071428537,2.142857075,1.759374022,63887600
2571,2/14/1991,2.142857075,2.142857075,2.026785612,2.040178537,1.675070643,94418800
2572,2/15/1991,2.044642925,2.089285612,2.044642925,2.058035612,1.693292737,91403200
2573,2/19/1991,2.053571463,2.151785612,2.049107075,2.142857075,1.763081312,56562800
2574,2/20/1991,2.125,2.205357075,2.116071463,2.178571463,1.792465687,53410000
2575,2/21/1991,2.1875,2.223214388,2.098214388,2.107142925,1.733696222,47717600
2576,2/22/1991,2.107142925,2.205357075,2.089285612,2.133928537,1.755735278,58142000
2577,2/25/1991,2.151785612,2.160714388,2.053571463,2.071428537,1.704311728,89818400
2578,2/26/1991,2.053571463,2.098214388,2.017857075,2.080357075,1.711657763,62504400
2579,2/27/1991,2.080357075,2.089285612,2.053571463,2.080357075,1.711657763,43593200
2580,2/28/1991,2.080357075,2.089285612,2.008928537,2.044642925,1.682273269,56840000
2581,3/1/1991,2.035714388,2.107142925,2.035714388,2.0625,1.696965456,31533600
2582,3/4/1991,2.071428537,2.098214388,2.035714388,2.084821463,1.715330482,22089200
2583,3/5/1991,2.107142925,2.258928537,2.107142925,2.254464388,1.854908347,110362000
2584,3/6/1991,2.285714388,2.34375,2.245535612,2.25,1.851234913,130989600
2585,3/7/1991,2.267857075,2.410714388,2.258928537,2.401785612,1.976120234,80438400
2586,3/8/1991,2.419642925,2.4375,2.321428537,2.321428537,1.910004735,80550400
2587,3/11/1991,2.303571463,2.3125,2.223214388,2.267857075,1.865926981,43842400
2588,3/12/1991,2.25,2.276785612,2.232142925,2.245535612,1.847561836,58419200
2589,3/13/1991,2.241071463,2.375,2.241071463,2.366071463,1.946735263,43638000
2590,3/14/1991,2.383928537,2.410714388,2.303571463,2.330357075,1.917350769,56767200
2591,3/15/1991,2.348214388,2.375,2.330357075,2.366071463,1.946735263,51209200
2592,3/18/1991,2.348214388,2.4375,2.348214388,2.419642925,1.990812182,53502400
2593,3/19/1991,2.375,2.508928537,2.348214388,2.482142925,2.042235374,105548800
2594,3/20/1991,2.473214388,2.482142925,2.388392925,2.419642925,1.990812182,90426000
2595,3/21/1991,2.4375,2.455357075,2.276785612,2.3125,1.902657986,74200000
2596,3/22/1991,2.285714388,2.3125,2.223214388,2.258928537,1.858581543,84532000
2597,3/25/1991,2.267857075,2.321428537,2.258928537,2.303571463,1.895311952,33964000
2598,3/26/1991,2.3125,2.508928537,2.3125,2.5,2.056927443,83406400
2599,3/27/1991,2.5,2.508928537,2.446428537,2.473214388,2.034889221,47555200
2600,3/28/1991,2.473214388,2.5,2.419642925,2.428571463,1.998157978,19675600
2601,4/1/1991,2.428571463,2.482142925,2.410714388,2.446428537,2.012851,29481200
2602,4/2/1991,2.464285612,2.598214388,2.446428537,2.598214388,2.13773489,73231200
2603,4/3/1991,2.589285612,2.598214388,2.5,2.5,2.056927443,60032000
2604,4/4/1991,2.5,2.571428537,2.482142925,2.553571463,2.101004124,42109200
2605,4/5/1991,2.5625,2.5625,2.455357075,2.477678537,2.038561821,38852800
2606,4/8/1991,2.473214388,2.5,2.455357075,2.5,2.056927443,18118800
2607,4/9/1991,2.491071463,2.5,2.4375,2.455357075,2.020196915,29862000
2608,4/10/1991,2.446428537,2.473214388,2.383928537,2.388392925,1.965099931,54101600
2609,4/11/1991,2.419642925,2.549107075,2.410714388,2.535714388,2.086312771,88897200
2610,4/12/1991,2.553571463,2.616071463,2.491071463,2.5625,2.108350992,91929600
2611,4/15/1991,2.205357075,2.303571463,2.142857075,2.223214388,1.829196334,425096000
2612,4/16/1991,2.258928537,2.303571463,2.232142925,2.294642925,1.88796556,155195600
2613,4/17/1991,2.321428537,2.321428537,2.214285612,2.258928537,1.858581543,80600800
2614,4/18/1991,2.241071463,2.25,2.169642925,2.178571463,1.792465687,61840800
2615,4/19/1991,2.178571463,2.196428537,2.125,2.129464388,1.752061844,71825600
2616,4/22/1991,2.125,2.214285612,2.098214388,2.196428537,1.807158351,64254400
2617,4/23/1991,2.223214388,2.25,2.151785612,2.196428537,1.807158351,59323600
2618,4/24/1991,2.205357075,2.214285612,2.160714388,2.169642925,1.785119295,26362000
2619,4/25/1991,2.133928537,2.133928537,2.089285612,2.089285612,1.719004035,78845200
2620,4/26/1991,2.089285612,2.107142925,2.0625,2.09375,1.722676992,31264800
2621,4/29/1991,2.089285612,2.151785612,2.080357075,2.080357075,1.711657763,51676800
2622,4/30/1991,2.0625,2.080357075,1.946428537,1.964285731,1.616157651,177861600
2623,5/1/1991,1.714285731,1.75,1.678571463,1.6875,1.388426185,467093200
2624,5/2/1991,1.705357194,1.776785731,1.696428537,1.75,1.439849734,202781600
2625,5/3/1991,1.75,1.767857194,1.723214269,1.75,1.439849734,60928000
2626,5/6/1991,1.732142806,1.803571463,1.723214269,1.794642806,1.476580381,53082400
2627,5/7/1991,1.821428537,1.830357194,1.803571463,1.808035731,1.487599492,67620000
2628,5/8/1991,1.8125,1.8125,1.758928537,1.776785731,1.461887717,44195200
2629,5/9/1991,1.785714269,1.839285731,1.776785731,1.8125,1.491272449,59553200
2630,5/10/1991,1.839285731,1.901785731,1.8125,1.830357194,1.505965114,60432400
2631,5/13/1991,1.866071463,1.910714269,1.839285731,1.883928537,1.550042391,61236000
2632,5/14/1991,1.883928537,1.919642806,1.875,1.910714269,1.572080255,54236000
2633,5/15/1991,1.839285731,1.857142806,1.75,1.803571463,1.483926773,129586800
2634,5/16/1991,1.821428537,1.830357194,1.732142806,1.75,1.439849734,95533200
2635,5/17/1991,1.741071463,1.741071463,1.660714269,1.678571463,1.381080389,117765200
2636,5/20/1991,1.6875,1.696428537,1.571428537,1.580357194,1.303603411,65542400
2637,5/21/1991,1.616071463,1.660714269,1.598214269,1.616071463,1.333063602,87449600
2638,5/22/1991,1.633928537,1.660714269,1.625,1.651785731,1.362523556,56817600
2639,5/23/1991,1.660714269,1.669642806,1.598214269,1.611607194,1.329381227,52164000
2640,5/24/1991,1.625,1.642857194,1.607142806,1.638392806,1.351476312,24281600
2641,5/28/1991,1.642857194,1.651785731,1.616071463,1.642857194,1.355159044,42859600
2642,5/29/1991,1.651785731,1.705357194,1.638392806,1.678571463,1.384618759,96000800
2643,5/30/1991,1.678571463,1.705357194,1.660714269,1.700892806,1.403030872,39586400
2644,5/31/1991,1.696428537,1.705357194,1.651785731,1.678571463,1.384618759,54465600
2645,6/3/1991,1.678571463,1.767857194,1.669642806,1.758928537,1.450903654,55017200
2646,6/4/1991,1.767857194,1.767857194,1.732142806,1.754464269,1.447221518,46071200
2647,6/5/1991,1.758928537,1.758928537,1.705357194,1.714285731,1.414078832,33322800
2648,6/6/1991,1.723214269,1.723214269,1.660714269,1.665178537,1.373571277,42126000
2649,6/7/1991,1.651785731,1.678571463,1.629464269,1.647321463,1.358841538,38186400
2650,6/10/1991,1.642857194,1.683035731,1.633928537,1.642857194,1.355159044,41860000
2651,6/11/1991,1.607142806,1.625,1.580357194,1.59375,1.314651251,47140800
2652,6/12/1991,1.571428537,1.598214269,1.473214269,1.513392806,1.248366475,108908800
2653,6/13/1991,1.517857194,1.535714269,1.491071463,1.504464269,1.241001487,52841600
2654,6/14/1991,1.526785731,1.526785731,1.455357194,1.46875,1.211541295,56322000
2655,6/17/1991,1.464285731,1.508928537,1.464285731,1.5,1.237318993,41650000
2656,6/18/1991,1.508928537,1.544642806,1.482142806,1.504464269,1.241001487,61171600
2657,6/19/1991,1.491071463,1.508928537,1.473214269,1.491071463,1.229954004,44735600
2658,6/20/1991,1.473214269,1.5,1.455357194,1.5,1.237318993,36010800
2659,6/21/1991,1.5,1.517857194,1.491071463,1.5,1.237318993,51503200
2660,6/24/1991,1.491071463,1.508928537,1.473214269,1.491071463,1.229954004,51996000
2661,6/25/1991,1.5,1.535714269,1.491071463,1.513392806,1.248366475,56980000
2662,6/26/1991,1.526785731,1.553571463,1.508928537,1.535714269,1.266779304,62610800
2663,6/27/1991,1.517857194,1.526785731,1.491071463,1.517857194,1.252048731,37800000
2664,6/28/1991,1.508928537,1.517857194,1.4375,1.482142806,1.222588658,56660800
2665,7/1/1991,1.508928537,1.535714269,1.491071463,1.517857194,1.252048731,48706000
2666,7/2/1991,1.508928537,1.526785731,1.491071463,1.508928537,1.244683623,30035600
2667,7/3/1991,1.508928537,1.553571463,1.491071463,1.540178537,1.270461321,77593600
2668,7/5/1991,1.535714269,1.642857194,1.526785731,1.629464269,1.344111204,82888400
2669,7/8/1991,1.616071463,1.6875,1.607142806,1.669642806,1.377253413,76770400
2670,7/9/1991,1.6875,1.723214269,1.660714269,1.674107194,1.380936384,56610400
2671,7/10/1991,1.696428537,1.723214269,1.669642806,1.6875,1.391983747,39144000
2672,7/11/1991,1.678571463,1.6875,1.642857194,1.669642806,1.377253413,36478400
2673,7/12/1991,1.6875,1.6875,1.651785731,1.669642806,1.377253413,33188400
2674,7/15/1991,1.669642806,1.669642806,1.625,1.625,1.340428829,34496000
2675,7/16/1991,1.625,1.633928537,1.553571463,1.5625,1.288873792,55748000
2676,7/17/1991,1.553571463,1.589285731,1.508928537,1.517857194,1.252048731,52234000
2677,7/18/1991,1.571428537,1.611607194,1.535714269,1.602678537,1.322016716,99579200
2678,7/19/1991,1.616071463,1.651785731,1.607142806,1.642857194,1.355159044,32104800
2679,7/22/1991,1.633928537,1.651785731,1.625,1.642857194,1.355159044,27168400
2680,7/23/1991,1.651785731,1.660714269,1.589285731,1.607142806,1.325698853,33264000
2681,7/24/1991,1.616071463,1.633928537,1.589285731,1.607142806,1.325698853,32863600
2682,7/25/1991,1.616071463,1.633928537,1.607142806,1.616071463,1.333063602,16450000
2683,7/26/1991,1.633928537,1.633928537,1.598214269,1.602678537,1.322016716,18558400
2684,7/29/1991,1.616071463,1.625,1.589285731,1.625,1.340428829,13325200
2685,7/30/1991,1.625,1.669642806,1.625,1.660714269,1.369888663,22965600
2686,7/31/1991,1.660714269,1.674107194,1.607142806,1.651785731,1.362523556,25701200
2687,8/1/1991,1.642857194,1.758928537,1.633928537,1.754464269,1.447221518,112106400
2688,8/2/1991,1.776785731,1.794642806,1.75,1.785714269,1.472998619,68252800
2689,8/5/1991,1.776785731,1.776785731,1.723214269,1.732142806,1.428808451,25191600
2690,8/6/1991,1.741071463,1.794642806,1.705357194,1.767857194,1.458269119,55106800
2691,8/7/1991,1.767857194,1.821428537,1.763392806,1.799107194,1.484046459,52903200
2692,8/8/1991,1.8125,1.848214269,1.785714269,1.803571463,1.487729192,47362000
2693,8/9/1991,1.803571463,1.821428537,1.776785731,1.8125,1.495093822,38600800
2694,8/12/1991,1.8125,1.866071463,1.803571463,1.848214269,1.524553657,35632800
2695,8/13/1991,1.857142806,1.928571463,1.857142806,1.910714269,1.576108217,71646400
2696,8/14/1991,1.955357194,1.964285731,1.924107194,1.959821463,1.616616249,50178800
2697,8/15/1991,1.964285731,1.964285731,1.892857194,1.901785731,1.568743825,36386000
2698,8/16/1991,1.883928537,1.9375,1.866071463,1.901785731,1.568743825,39701200
2699,8/19/1991,1.767857194,1.84375,1.732142806,1.803571463,1.491092563,80620400
2700,8/20/1991,1.839285731,1.848214269,1.803571463,1.821428537,1.50585568,49856800
2701,8/21/1991,1.875,1.933035731,1.857142806,1.919642806,1.587054014,55843200
2702,8/22/1991,1.928571463,1.955357194,1.919642806,1.9375,1.601817369,41412000
2703,8/23/1991,1.928571463,1.982142806,1.883928537,1.892857194,1.564908862,60104800
2704,8/26/1991,1.892857194,1.910714269,1.875,1.892857194,1.564908862,25398800
2705,8/27/1991,1.892857194,1.928571463,1.883928537,1.928571463,1.594435096,25088000
2706,8/28/1991,1.928571463,1.9375,1.897321463,1.901785731,1.572290421,26896800
2707,8/29/1991,1.901785731,1.924107194,1.875,1.892857194,1.564908862,28338800
2708,8/30/1991,1.892857194,1.901785731,1.866071463,1.892857194,1.564908862,16534000
2709,9/3/1991,1.883928537,1.901785731,1.857142806,1.875,1.550145388,17094000
2710,9/4/1991,1.883928537,1.883928537,1.834821463,1.839285731,1.520619035,29946000
2711,9/5/1991,1.839285731,1.848214269,1.8125,1.821428537,1.50585568,19471200
2712,9/6/1991,1.821428537,1.848214269,1.803571463,1.839285731,1.520619035,19818400
2713,9/9/1991,1.848214269,1.910714269,1.839285731,1.901785731,1.572290421,31620400
2714,9/10/1991,1.883928537,1.90625,1.776785731,1.790178537,1.480019808,45710000
2715,9/11/1991,1.8125,1.821428537,1.767857194,1.803571463,1.491092563,44500400
2716,9/12/1991,1.830357194,1.830357194,1.776785731,1.808035731,1.494782805,29803200
2717,9/13/1991,1.785714269,1.794642806,1.732142806,1.736607194,1.4357301,41683600
2718,9/16/1991,1.758928537,1.758928537,1.660714269,1.6875,1.39513123,51444400
2719,9/17/1991,1.678571463,1.75,1.669642806,1.75,1.446802735,33852000
2720,9/18/1991,1.741071463,1.803571463,1.732142806,1.790178537,1.480019808,30338000
2721,9/19/1991,1.794642806,1.803571463,1.767857194,1.776785731,1.468947172,44584400
2722,9/20/1991,1.776785731,1.821428537,1.767857194,1.808035731,1.494782805,47037200
2723,9/23/1991,1.785714269,1.8125,1.758928537,1.767857194,1.461565852,21915600
2724,9/24/1991,1.767857194,1.799107194,1.723214269,1.794642806,1.483711123,26524400
2725,9/25/1991,1.794642806,1.803571463,1.758928537,1.803571463,1.491092563,13616400
2726,9/26/1991,1.794642806,1.794642806,1.75,1.785714269,1.476329327,17805200
2727,9/27/1991,1.785714269,1.8125,1.741071463,1.75,1.446802735,15702400
2728,9/30/1991,1.758928537,1.776785731,1.75,1.767857194,1.461565852,15800400
2729,10/1/1991,1.758928537,1.830357194,1.75,1.8125,1.498474121,32844000
2730,10/2/1991,1.848214269,1.848214269,1.767857194,1.776785731,1.468947172,4496800
2731,10/3/1991,1.785714269,1.785714269,1.696428537,1.705357194,1.409894109,45250800
2732,10/4/1991,1.714285731,1.741071463,1.696428537,1.723214269,1.424657822,19843600
2733,10/7/1991,1.714285731,1.741071463,1.696428537,1.71875,1.420966864,16175600
2734,10/8/1991,1.71875,1.732142806,1.660714269,1.723214269,1.424657822,43064000
2735,10/9/1991,1.723214269,1.741071463,1.705357194,1.714285731,1.417276025,33185600
2736,10/10/1991,1.741071463,1.75,1.669642806,1.705357194,1.409894109,39303600
2737,10/11/1991,1.71875,1.745535731,1.660714269,1.732142806,1.432038784,30013200
2738,10/14/1991,1.75,1.794642806,1.741071463,1.78125,1.472638249,27969200
2739,10/15/1991,1.803571463,1.875,1.785714269,1.875,1.550145388,72052400
2740,10/16/1991,1.875,1.928571463,1.866071463,1.910714269,1.579671741,50218000
2741,10/17/1991,1.892857194,1.901785731,1.839285731,1.870535731,1.546454787,37903600
2742,10/18/1991,1.96875,1.982142806,1.946428537,1.964285731,1.623961926,111739600
2743,10/21/1991,1.973214269,1.995535731,1.9375,1.955357194,1.616580367,29173200
2744,10/22/1991,1.982142806,2.008928537,1.946428537,1.946428537,1.60919857,52052000
2745,10/23/1991,1.964285731,1.973214269,1.883928537,1.897321463,1.56859982,42207200
2746,10/24/1991,1.892857194,1.901785731,1.839285731,1.861607194,1.53907311,44475200
2747,10/25/1991,1.848214269,1.866071463,1.8125,1.830357194,1.513237238,26742800
2748,10/28/1991,1.839285731,1.848214269,1.8125,1.839285731,1.520619035,19465600
2749,10/29/1991,1.839285731,1.857142806,1.8125,1.848214269,1.528000593,25309200
2750,10/30/1991,1.857142806,1.883928537,1.767857194,1.776785731,1.468947172,37060800
2751,10/31/1991,1.8125,1.848214269,1.785714269,1.839285731,1.520619035,57951600
2752,11/1/1991,1.830357194,1.857142806,1.803571463,1.821428537,1.50585568,50316000
2753,11/4/1991,1.8125,1.8125,1.732142806,1.776785731,1.468947172,48823600
2754,11/5/1991,1.776785731,1.803571463,1.741071463,1.741071463,1.439420819,53900000
2755,11/6/1991,1.75,1.758928537,1.696428537,1.714285731,1.417276025,59197600
2756,11/7/1991,1.732142806,1.803571463,1.723214269,1.776785731,1.468947172,74183200
2757,11/8/1991,1.830357194,1.919642806,1.821428537,1.901785731,1.572290421,93956800
2758,11/11/1991,1.910714269,1.946428537,1.901785731,1.919642806,1.587054014,41235600
2759,11/12/1991,1.9375,1.955357194,1.919642806,1.946428537,1.60919857,41672400
2760,11/13/1991,1.928571463,1.946428537,1.910714269,1.933035731,1.598126173,46480000
2761,11/14/1991,1.9375,1.973214269,1.928571463,1.955357194,1.616580367,47000800
2762,11/15/1991,1.946428537,1.955357194,1.776785731,1.785714269,1.476329327,64237600
2763,11/18/1991,1.785714269,1.875,1.785714269,1.861607194,1.542779565,59684800
2764,11/19/1991,1.848214269,1.848214269,1.776785731,1.830357194,1.516881466,71372000
2765,11/20/1991,1.830357194,1.857142806,1.794642806,1.803571463,1.494683266,42025200
2766,11/21/1991,1.803571463,1.848214269,1.803571463,1.821428537,1.509482026,26703600
2767,11/22/1991,1.821428537,1.848214269,1.794642806,1.830357194,1.516881466,24460800
2768,11/25/1991,1.821428537,1.866071463,1.821428537,1.830357194,1.516881466,19608400
2769,11/26/1991,1.839285731,1.857142806,1.785714269,1.839285731,1.524280906,34818000
2770,11/27/1991,1.830357194,1.839285731,1.803571463,1.821428537,1.509482026,15808800
2771,11/29/1991,1.803571463,1.839285731,1.803571463,1.8125,1.502082825,8523200
2772,12/2/1991,1.8125,1.857142806,1.785714269,1.848214269,1.531680107,29724800
2773,12/3/1991,1.857142806,1.857142806,1.794642806,1.803571463,1.494683266,25715200
2774,12/4/1991,1.8125,1.8125,1.785714269,1.803571463,1.494683266,20137600
2775,12/5/1991,1.803571463,1.821428537,1.758928537,1.785714269,1.479884505,24799600
2776,12/6/1991,1.767857194,1.776785731,1.732142806,1.741071463,1.442887068,49246400
2777,12/9/1991,1.75,1.785714269,1.741071463,1.754464269,1.453986526,24458000
2778,12/10/1991,1.75,1.767857194,1.732142806,1.754464269,1.453986526,30654400
2779,12/11/1991,1.758928537,1.776785731,1.732142806,1.75,1.450286746,21140000
2780,12/12/1991,1.763392806,1.776785731,1.75,1.763392806,1.461385727,22937600
2781,12/13/1991,1.776785731,1.8125,1.776785731,1.799107194,1.490983486,23780400
2782,12/16/1991,1.799107194,1.8125,1.785714269,1.803571463,1.494683266,19297600
2783,12/17/1991,1.803571463,1.821428537,1.794642806,1.803571463,1.494683266,24460800
2784,12/18/1991,1.794642806,1.857142806,1.785714269,1.848214269,1.531680107,46650800
2785,12/19/1991,1.830357194,1.848214269,1.8125,1.8125,1.502082825,28831600
2786,12/20/1991,1.830357194,1.839285731,1.794642806,1.794642806,1.487283945,32046000
2787,12/23/1991,1.803571463,1.848214269,1.785714269,1.839285731,1.524280906,25790800
2788,12/24/1991,1.857142806,1.919642806,1.848214269,1.866071463,1.546479225,47140800
2789,12/26/1991,1.883928537,1.964285731,1.866071463,1.959821463,1.624173045,33625200
2790,12/27/1991,1.955357194,1.991071463,1.946428537,1.964285731,1.627872944,41935600
2791,12/30/1991,1.964285731,2.044642925,1.964285731,2.026785612,1.679668546,45911600
2792,12/31/1991,2.049107075,2.071428537,2,2.013392925,1.668569922,33507600
2793,1/2/1992,1.991071463,2.133928537,1.982142806,2.125,1.761062384,58408000
2794,1/3/1992,2.142857075,2.151785612,2.080357075,2.107142925,1.746263385,47563600
2795,1/6/1992,2.098214388,2.107142925,2.0625,2.071428537,1.716665983,28560000
2796,1/7/1992,2.053571463,2.125,2.053571463,2.111607075,1.749963284,35366800
2797,1/8/1992,2.089285612,2.1875,2.089285612,2.160714388,1.790660262,58186800
2798,1/9/1992,2.160714388,2.223214388,2.151785612,2.223214388,1.842456102,52127600
2799,1/10/1992,2.196428537,2.232142925,2.178571463,2.223214388,1.842456102,49056000
2800,1/13/1992,2.223214388,2.241071463,2.196428537,2.214285612,1.835056663,26964000
2801,1/14/1992,2.223214388,2.3125,2.223214388,2.303571463,1.909050941,68451600
2802,1/15/1992,2.303571463,2.321428537,2.25,2.267857075,1.879452586,81435200
2803,1/16/1992,2.276785612,2.294642925,2.232142925,2.241071463,1.857254386,73382400
2804,1/17/1992,2.419642925,2.464285612,2.3125,2.3125,1.916450262,212088800
2805,1/20/1992,2.303571463,2.330357075,2.285714388,2.285714388,1.894252539,52416000
2806,1/21/1992,2.294642925,2.294642925,2.178571463,2.183035612,1.809158444,48521200
2807,1/22/1992,2.196428537,2.276785612,2.1875,2.267857075,1.879452586,45920000
2808,1/23/1992,2.294642925,2.3125,2.25,2.303571463,1.909050941,34588400
2809,1/24/1992,2.303571463,2.348214388,2.285714388,2.308035612,1.912750244,44402400
2810,1/27/1992,2.3125,2.330357075,2.294642925,2.303571463,1.909050941,20862800
2811,1/28/1992,2.3125,2.334821463,2.25,2.330357075,1.93124938,43430800
2812,1/29/1992,2.3125,2.348214388,2.258928537,2.258928537,1.872053862,36139600
2813,1/30/1992,2.267857075,2.276785612,2.241071463,2.276785612,1.886852622,21778400
2814,1/31/1992,2.285714388,2.330357075,2.267857075,2.3125,1.916450262,36139600
2815,2/3/1992,2.3125,2.366071463,2.303571463,2.348214388,1.946047902,39533200
2816,2/4/1992,2.348214388,2.366071463,2.321428537,2.348214388,1.946047902,48232800
2817,2/5/1992,2.366071463,2.383928537,2.325892925,2.361607075,1.957147121,40376000
2818,2/6/1992,2.348214388,2.357142925,2.285714388,2.290178537,1.897951365,23284800
2819,2/7/1992,2.294642925,2.3125,2.241071463,2.285714388,1.894252539,36884400
2820,2/10/1992,2.285714388,2.294642925,2.25,2.254464388,1.868354201,21610400
2821,2/11/1992,2.25,2.276785612,2.223214388,2.245535612,1.860954523,30503200
2822,2/12/1992,2.276785612,2.339285612,2.25,2.330357075,1.93124938,34490400
2823,2/13/1992,2.330357075,2.330357075,2.276785612,2.294642925,1.901650906,19003600
2824,2/14/1992,2.276785612,2.294642925,2.258928537,2.290178537,1.901506543,18146800
2825,2/18/1992,2.294642925,2.303571463,2.241071463,2.241071463,1.860733151,17088400
2826,2/19/1992,2.241071463,2.25,2.205357075,2.214285612,1.838493705,23917600
2827,2/20/1992,2.232142925,2.3125,2.223214388,2.308035612,1.916333318,32715200
2828,2/21/1992,2.3125,2.339285612,2.303571463,2.321428537,1.927452683,37895200
2829,2/24/1992,2.366071463,2.375,2.348214388,2.361607075,1.960812807,42851200
2830,2/25/1992,2.366071463,2.446428537,2.330357075,2.446428537,2.031238794,56803600
2831,2/26/1992,2.4375,2.5,2.4375,2.495535612,2.072012424,57271200
2832,2/27/1992,2.5,2.5,2.428571463,2.446428537,2.031238794,30542400
2833,2/28/1992,2.446428537,2.464285612,2.392857075,2.410714388,2.001586437,22598800
2834,3/2/1992,2.419642925,2.446428537,2.401785612,2.401785612,1.994173169,22313200
2835,3/3/1992,2.419642925,2.428571463,2.366071463,2.370535612,1.968225837,24819200
2836,3/4/1992,2.366071463,2.383928537,2.3125,2.321428537,1.927452683,28842800
2837,3/5/1992,2.303571463,2.339285612,2.25,2.267857075,1.882973075,59180800
2838,3/6/1992,2.267857075,2.285714388,2.25,2.285714388,1.897800684,33572000
2839,3/9/1992,2.276785612,2.294642925,2.267857075,2.276785612,1.890386939,27235600
2840,3/10/1992,2.285714388,2.3125,2.276785612,2.276785612,1.890386939,30674000
2841,3/11/1992,2.276785612,2.294642925,2.25,2.258928537,1.875560284,32914000
2842,3/12/1992,2.258928537,2.276785612,2.196428537,2.241071463,1.860733151,38225600
2843,3/13/1992,2.258928537,2.276785612,2.214285612,2.254464388,1.871853709,19796000
2844,3/16/1992,2.241071463,2.267857075,2.205357075,2.263392925,1.87926662,14072800
2845,3/17/1992,2.267857075,2.276785612,2.241071463,2.245535612,1.864440322,21274400
2846,3/18/1992,2.258928537,2.285714388,2.25,2.276785612,1.890386939,20258000
2847,3/19/1992,2.276785612,2.276785612,2.241071463,2.25,1.868147016,29629600
2848,3/20/1992,2.25,2.258928537,2.25,2.258928537,1.875560284,13540800
2849,3/23/1992,2.25,2.276785612,2.25,2.25,1.868147016,12518800
2850,3/24/1992,2.267857075,2.321428537,2.258928537,2.321428537,1.927452683,52354400
2851,3/25/1992,2.321428537,2.321428537,2.294642925,2.303571463,1.912626863,30388400
2852,3/26/1992,2.3125,2.330357075,2.276785612,2.285714388,1.897800684,30755200
2853,3/27/1992,2.28125,2.285714388,2.160714388,2.178571463,1.808840394,66133200
2854,3/30/1992,2.1875,2.1875,2.0625,2.075892925,1.723587871,84758800
2855,3/31/1992,2.080357075,2.133928537,2.071428537,2.080357075,1.727294683,53158000
2856,4/1/1992,2.044642925,2.116071463,2.044642925,2.107142925,1.749534488,39914000
2857,4/2/1992,2.107142925,2.125,2.084821463,2.098214388,1.742120743,33493600
2858,4/3/1992,2.098214388,2.116071463,2.089285612,2.107142925,1.749534488,29114400
2859,4/6/1992,2.107142925,2.178571463,2.107142925,2.169642925,1.801427364,25496800
2860,4/7/1992,2.178571463,2.1875,2.044642925,2.044642925,1.697641611,57554000
2861,4/8/1992,2.035714388,2.035714388,1.955357194,1.995535731,1.656868339,91756000
2862,4/9/1992,2,2.080357075,1.973214269,2.044642925,1.697641611,48034000
2863,4/10/1992,2.044642925,2.053571463,1.964285731,1.982142806,1.645748615,68516000
2864,4/13/1992,1.982142806,2.026785612,1.973214269,2.017857075,1.675401568,30707600
2865,4/14/1992,2.0625,2.116071463,2.044642925,2.098214388,1.742120743,36100400
2866,4/15/1992,2.071428537,2.174107075,2.053571463,2.160714388,1.794014454,54339600
2867,4/16/1992,2.151785612,2.169642925,2.089285612,2.107142925,1.749534488,64671600
2868,4/20/1992,2.107142925,2.107142925,2,2.026785612,1.682814837,51511600
2869,4/21/1992,2.035714388,2.044642925,2,2.008928537,1.66798842,45091200
2870,4/22/1992,2.008928537,2.071428537,2.008928537,2.058035612,1.708761573,42882000
2871,4/23/1992,2.053571463,2.080357075,2,2.035714388,1.690228105,45704400
2872,4/24/1992,2.035714388,2.080357075,2,2.017857075,1.675401568,24570000
2873,4/27/1992,2,2.008928537,1.964285731,1.991071463,1.653161883,35067200
2874,4/28/1992,1.973214269,1.991071463,1.892857194,1.9375,1.608682275,43531600
2875,4/29/1992,1.9375,2.035714388,1.9375,2.035714388,1.690228105,49725200
2876,4/30/1992,2.044642925,2.151785612,2.017857075,2.147321463,1.782894015,65066400
2877,5/1/1992,2.142857075,2.169642925,2.080357075,2.116071463,1.756947398,33594400
2878,5/4/1992,2.125,2.1875,2.116071463,2.160714388,1.794014454,30808400
2879,5/5/1992,2.160714388,2.165178537,2.125,2.160714388,1.794014454,45021200
2880,5/6/1992,2.169642925,2.21875,2.160714388,2.205357075,1.831080317,44497600
2881,5/7/1992,2.196428537,2.223214388,2.160714388,2.169642925,1.801427364,43089200
2882,5/8/1992,2.196428537,2.245535612,2.178571463,2.214285612,1.838493705,49674800
2883,5/11/1992,2.214285612,2.241071463,2.196428537,2.223214388,1.845906734,22724800
2884,5/12/1992,2.223214388,2.25,2.205357075,2.223214388,1.845906734,19261200
2885,5/13/1992,2.232142925,2.258928537,2.223214388,2.241071463,1.860733151,24368400
2886,5/14/1992,2.241071463,2.25,2.151785612,2.191964388,1.819960952,39230800
2887,5/15/1992,2.178571463,2.1875,2.160714388,2.165178537,1.797720313,30326800
2888,5/18/1992,2.196428537,2.196428537,2.142857075,2.15625,1.790307999,32272800
2889,5/19/1992,2.169642925,2.169642925,2.107142925,2.120535612,1.760654092,32919600
2890,5/20/1992,2.133928537,2.151785612,2.116071463,2.142857075,1.77918756,43302000
2891,5/21/1992,2.151785612,2.151785612,2.098214388,2.111607075,1.753241301,34423200
2892,5/22/1992,2.107142925,2.133928537,2.107142925,2.125,1.764361382,11617200
2893,5/26/1992,2.125,2.133928537,2.098214388,2.116071463,1.756947398,23903600
2894,5/27/1992,2.116071463,2.151785612,2.107142925,2.151785612,1.786600709,38522400
2895,5/28/1992,2.142857075,2.151785612,2.107142925,2.125,1.764361382,31810800
2896,5/29/1992,2.133928537,2.165178537,2.125,2.133928537,1.771774411,44562000
2897,6/1/1992,2.044642925,2.125,2,2.053571463,1.708489418,62011600
2898,6/2/1992,2.053571463,2.053571463,2.008928537,2.017857075,1.678776741,38920000
2899,6/3/1992,2.017857075,2.017857075,1.928571463,1.933035731,1.608208418,75143600
2900,6/4/1992,1.9375,1.955357194,1.910714269,1.946428537,1.619350672,45038000
2901,6/5/1992,1.955357194,1.973214269,1.9375,1.959821463,1.630493164,28182000
2902,6/8/1992,1.964285731,1.964285731,1.928571463,1.9375,1.611922979,26084800
2903,6/9/1992,1.9375,1.9375,1.910714269,1.928571463,1.604494452,25320400
2904,6/10/1992,1.928571463,1.955357194,1.910714269,1.919642806,1.597066522,31651200
2905,6/11/1992,1.919642806,1.9375,1.910714269,1.924107194,1.600780249,35128800
2906,6/12/1992,1.946428537,1.964285731,1.9375,1.950892806,1.623064637,24127600
2907,6/15/1992,1.928571463,1.928571463,1.875,1.879464269,1.563639522,47297600
2908,6/16/1992,1.848214269,1.857142806,1.741071463,1.758928537,1.463358045,91338800
2909,6/17/1992,1.75,1.758928537,1.678571463,1.696428537,1.411360979,76062000
2910,6/18/1992,1.696428537,1.75,1.598214269,1.616071463,1.34450686,108430000
2911,6/19/1992,1.642857194,1.642857194,1.5625,1.598214269,1.329650521,106859200
2912,6/22/1992,1.571428537,1.598214269,1.526785731,1.580357194,1.314793825,97484800
2913,6/23/1992,1.607142806,1.625,1.589285731,1.616071463,1.34450686,77887600
2914,6/24/1992,1.625,1.642857194,1.616071463,1.642857194,1.366791725,52766000
2915,6/25/1992,1.660714269,1.660714269,1.616071463,1.629464269,1.355648994,40152000
2916,6/26/1992,1.633928537,1.642857194,1.589285731,1.616071463,1.34450686,27591200
2917,6/29/1992,1.633928537,1.683035731,1.616071463,1.669642806,1.389075875,47107200
2918,6/30/1992,1.669642806,1.723214269,1.660714269,1.714285731,1.426217198,48336400
2919,7/1/1992,1.714285731,1.767857194,1.705357194,1.75,1.455930233,35882000
2920,7/2/1992,1.75,1.75,1.633928537,1.651785731,1.374219775,64162000
2921,7/6/1992,1.660714269,1.669642806,1.625,1.651785731,1.374219775,30500400
2922,7/7/1992,1.651785731,1.651785731,1.553571463,1.580357194,1.314793825,51772000
2923,7/8/1992,1.571428537,1.633928537,1.571428537,1.633928537,1.359363437,48988800
2924,7/9/1992,1.642857194,1.660714269,1.633928537,1.638392806,1.363077402,41448400
2925,7/10/1992,1.642857194,1.651785731,1.602678537,1.633928537,1.359363437,35949200
2926,7/13/1992,1.633928537,1.683035731,1.616071463,1.678571463,1.396504641,31390800
2927,7/14/1992,1.678571463,1.714285731,1.678571463,1.696428537,1.411360979,31497200
2928,7/15/1992,1.696428537,1.75,1.6875,1.714285731,1.426217198,43615600
2929,7/16/1992,1.705357194,1.75,1.6875,1.741071463,1.448501945,34949600
2930,7/17/1992,1.607142806,1.642857194,1.59375,1.607142806,1.337078691,105910000
2931,7/20/1992,1.598214269,1.616071463,1.571428537,1.598214269,1.329650521,48031200
2932,7/21/1992,1.625,1.651785731,1.607142806,1.633928537,1.359363437,32986800
2933,7/22/1992,1.616071463,1.625,1.571428537,1.580357194,1.314793825,40493600
2934,7/23/1992,1.589285731,1.598214269,1.5625,1.598214269,1.329650521,42879200
2935,7/24/1992,1.589285731,1.651785731,1.571428537,1.638392806,1.363077402,33742800
2936,7/27/1992,1.633928537,1.660714269,1.616071463,1.616071463,1.34450686,599200
2937,7/28/1992,1.625,1.660714269,1.616071463,1.660714269,1.381647825,33560800
2938,7/29/1992,1.665178537,1.705357194,1.660714269,1.6875,1.40393281,62692000
2939,7/30/1992,1.6875,1.696428537,1.669642806,1.6875,1.40393281,34473600
2940,7/31/1992,1.6875,1.696428537,1.669642806,1.669642806,1.389075875,22677200
2941,8/3/1992,1.669642806,1.6875,1.625,1.633928537,1.359363437,17136000
2942,8/4/1992,1.607142806,1.633928537,1.598214269,1.625,1.351935148,29929200
2943,8/5/1992,1.625,1.625,1.589285731,1.598214269,1.329650521,34815200
2944,8/6/1992,1.580357194,1.589285731,1.526785731,1.571428537,1.307365417,64492400
2945,8/7/1992,1.5,1.5625,1.482142806,1.549107194,1.288795233,54790400
2946,8/10/1992,1.544642806,1.589285731,1.535714269,1.575892806,1.311080098,22862000
2947,8/11/1992,1.589285731,1.589285731,1.535714269,1.553571463,1.292509556,30326800
2948,8/12/1992,1.5625,1.580357194,1.544642806,1.575892806,1.311080098,30346400
2949,8/13/1992,1.589285731,1.625,1.580357194,1.598214269,1.329650521,42747600
2950,8/14/1992,1.607142806,1.616071463,1.589285731,1.598214269,1.329650521,34025600
2951,8/17/1992,1.580357194,1.598214269,1.5625,1.598214269,1.333229661,32177600
2952,8/18/1992,1.589285731,1.616071463,1.589285731,1.598214269,1.333229661,28078400
2953,8/19/1992,1.59375,1.616071463,1.589285731,1.589285731,1.325780988,42635600
2954,8/20/1992,1.598214269,1.607142806,1.580357194,1.598214269,1.333229661,27227200
2955,8/21/1992,1.598214269,1.616071463,1.571428537,1.59375,1.329505205,27367200
2956,8/24/1992,1.580357194,1.598214269,1.544642806,1.544642806,1.288540363,38043600
2957,8/25/1992,1.544642806,1.589285731,1.544642806,1.584821463,1.322057128,33090400
2958,8/26/1992,1.580357194,1.589285731,1.544642806,1.580357194,1.318332672,30265200
2959,8/27/1992,1.598214269,1.611607194,1.580357194,1.589285731,1.325780988,20686400
2960,8/28/1992,1.580357194,1.616071463,1.571428537,1.607142806,1.340677619,15310400
2961,8/31/1992,1.607142806,1.651785731,1.598214269,1.642857194,1.370470166,30279200
2962,9/1/1992,1.651785731,1.660714269,1.633928537,1.660714269,1.385366201,15072400
2963,9/2/1992,1.660714269,1.741071463,1.660714269,1.732142806,1.444951892,47474000
2964,9/3/1992,1.75,1.758928537,1.705357194,1.705357194,1.422608018,52964800
2965,9/4/1992,1.723214269,1.723214269,1.669642806,1.6875,1.407711267,15808800
2966,9/8/1992,1.669642806,1.714285731,1.660714269,1.705357194,1.422608018,17500000
2967,9/9/1992,1.714285731,1.758928537,1.705357194,1.75,1.459848881,39300800
2968,9/10/1992,1.714285731,1.767857194,1.696428537,1.758928537,1.467296362,57044400
2969,9/11/1992,1.75,1.758928537,1.696428537,1.700892806,1.418883204,44970800
2970,9/14/1992,1.75,1.785714269,1.732142806,1.767857194,1.474745274,53670400
2971,9/15/1992,1.758928537,1.758928537,1.705357194,1.723214269,1.437504172,54630800
2972,9/16/1992,1.705357194,1.723214269,1.660714269,1.678571463,1.400262952,44679600
2973,9/17/1992,1.6875,1.6875,1.620535731,1.642857194,1.370470166,43108800
2974,9/18/1992,1.633928537,1.674107194,1.616071463,1.660714269,1.385366201,28901600
2975,9/21/1992,1.669642806,1.705357194,1.651785731,1.660714269,1.385366201,22419600
2976,9/22/1992,1.669642806,1.669642806,1.616071463,1.633928537,1.363022327,27885200
2977,9/23/1992,1.642857194,1.696428537,1.625,1.696428537,1.415159583,30993200
2978,9/24/1992,1.6875,1.705357194,1.651785731,1.651785731,1.377918482,31413200
2979,9/25/1992,1.651785731,1.660714269,1.616071463,1.625,1.355574012,34367200
2980,9/28/1992,1.607142806,1.607142806,1.5625,1.598214269,1.333229661,37380000
2981,9/29/1992,1.589285731,1.625,1.571428537,1.602678537,1.336953282,39317600
2982,9/30/1992,1.607142806,1.625,1.589285731,1.611607194,1.344401479,25012400
2983,10/1/1992,1.598214269,1.611607194,1.580357194,1.580357194,1.318332672,30682400
2984,10/2/1992,1.589285731,1.598214269,1.535714269,1.5625,1.303436518,28386400
2985,10/5/1992,1.544642806,1.5625,1.482142806,1.553571463,1.295988202,66239600
2986,10/6/1992,1.5625,1.607142806,1.526785731,1.598214269,1.333229661,28361200
2987,10/7/1992,1.607142806,1.616071463,1.553571463,1.5625,1.303436518,28327600
2988,10/8/1992,1.571428537,1.580357194,1.535714269,1.553571463,1.295988202,31743600
2989,10/9/1992,1.553571463,1.571428537,1.535714269,1.549107194,1.292263985,14686000
2990,10/12/1992,1.544642806,1.580357194,1.544642806,1.571428537,1.310884237,17908800
2991,10/13/1992,1.598214269,1.642857194,1.571428537,1.620535731,1.351849437,36794800
2992,10/14/1992,1.616071463,1.651785731,1.607142806,1.642857194,1.370470166,23931600
2993,10/15/1992,1.633928537,1.642857194,1.616071463,1.625,1.355574012,18855200
2994,10/16/1992,1.669642806,1.767857194,1.660714269,1.75,1.459848881,112837200
2995,10/19/1992,1.75,1.758928537,1.732142806,1.75,1.459848881,49011200
2996,10/20/1992,1.75,1.785714269,1.732142806,1.754464269,1.463573456,71811600
2997,10/21/1992,1.758928537,1.767857194,1.714285731,1.732142806,1.444951892,28562800
2998,10/22/1992,1.732142806,1.758928537,1.723214269,1.741071463,1.452400565,21117600
2999,10/23/1992,1.758928537,1.767857194,1.723214269,1.741071463,1.452400565,22856400
3000,10/26/1992,1.741071463,1.839285731,1.732142806,1.839285731,1.534330726,62672400
3001,10/27/1992,1.839285731,1.875,1.821428537,1.839285731,1.534330726,52990000
3002,10/28/1992,1.830357194,1.883928537,1.8125,1.866071463,1.556675792,49148400
3003,10/29/1992,1.866071463,1.928571463,1.839285731,1.901785731,1.586468339,53474400
3004,10/30/1992,1.910714269,1.910714269,1.857142806,1.875,1.564123631,32457600
3005,11/2/1992,1.875,1.883928537,1.848214269,1.866071463,1.556675792,42523600
3006,11/3/1992,1.875,1.875,1.839285731,1.857142806,1.549227238,28187600
3007,11/4/1992,1.857142806,1.883928537,1.857142806,1.875,1.564123631,35490000
3008,11/5/1992,1.875,1.964285731,1.875,1.964285731,1.638605475,74513600
3009,11/6/1992,1.955357194,2.017857075,1.955357194,1.991071463,1.660950541,65993200
3010,11/9/1992,2,2,1.955357194,1.973214269,1.646054029,28232400
3011,11/10/1992,1.964285731,2.017857075,1.955357194,2.008928537,1.675846696,30556400
3012,11/11/1992,2.017857075,2.080357075,2.008928537,2.026785612,1.69074297,35106400
3013,11/12/1992,2.035714388,2.053571463,2.013392925,2.03125,1.694467664,26899600
3014,11/13/1992,2.035714388,2.044642925,2,2.008928537,1.675846696,21187600
3015,11/16/1992,2.008928537,2.0625,2,2.049107075,1.709363222,16886800
3016,11/17/1992,2.044642925,2.053571463,1.959821463,1.973214269,1.646054029,42201600
3017,11/18/1992,2,2.080357075,1.982142806,2.0625,1.720535994,76202000
3018,11/19/1992,2.0625,2.125,2.0625,2.080357075,1.735432506,60135600
3019,11/20/1992,2.089285612,2.098214388,2.035714388,2.053571463,1.713087559,38872400
3020,11/23/1992,2.017857075,2.035714388,2.008928537,2.026785612,1.69074297,38180800
3021,11/24/1992,2.035714388,2.053571463,2.017857075,2.053571463,1.713087559,39205600
3022,11/25/1992,2.035714388,2.044642925,2,2.017857075,1.683294892,29335600
3023,11/27/1992,2.017857075,2.044642925,2.008928537,2.017857075,1.683294892,11799200
3024,11/30/1992,2.008928537,2.053571463,1.986607194,2.053571463,1.71673739,40126800
3025,12/1/1992,2.044642925,2.107142925,2.026785612,2.080357075,1.739129782,32536000
3026,12/2/1992,2.080357075,2.089285612,2.035714388,2.044642925,1.709273696,24444000
3027,12/3/1992,2.017857075,2.058035612,2.004464388,2.053571463,1.71673739,46897200
3028,12/4/1992,2.044642925,2.053571463,2.017857075,2.03125,1.698077679,23945600
3029,12/7/1992,2.026785612,2.0625,2.026785612,2.0625,1.724201798,36055600
3030,12/8/1992,2.0625,2.098214388,2.0625,2.075892925,1.735397816,49159600
3031,12/9/1992,2.0625,2.071428537,2.044642925,2.058035612,1.720469952,39852400
3032,12/10/1992,2.044642925,2.058035612,2.017857075,2.044642925,1.709273696,35047600
3033,12/11/1992,2.044642925,2.080357075,2.044642925,2.053571463,1.71673739,30046800
3034,12/14/1992,2.053571463,2.0625,2.026785612,2.044642925,1.709273696,27627600
3035,12/15/1992,2.026785612,2.035714388,1.982142806,2.013392925,1.683149457,45634400
3036,12/16/1992,2.008928537,2.035714388,1.946428537,1.964285731,1.642096758,56481600
3037,12/17/1992,1.973214269,2.053571463,1.973214269,2.03125,1.698077679,58466800
3038,12/18/1992,2.053571463,2.116071463,2.044642925,2.080357075,1.739129782,58864400
3039,12/21/1992,2.080357075,2.142857075,2.071428537,2.129464388,1.780182362,64016400
3040,12/22/1992,2.133928537,2.1875,2.133928537,2.165178537,1.810038209,70042000
3041,12/23/1992,2.151785612,2.160714388,2.116071463,2.133928537,1.783914804,28084000
3042,12/24/1992,2.142857075,2.142857075,2.107142925,2.107142925,1.761521935,11491200
3043,12/28/1992,2.116071463,2.133928537,2.116071463,2.125,1.776450515,17612000
3044,12/29/1992,2.125,2.169642925,2.125,2.129464388,1.780182362,29069600
3045,12/30/1992,2.133928537,2.133928537,2.098214388,2.098214388,1.754058003,25146800
3046,12/31/1992,2.098214388,2.142857075,2.098214388,2.133928537,1.783914804,23058000
3047,1/4/1993,2.125,2.142857075,2.0625,2.080357075,1.739129782,32284000
3048,1/5/1993,2.071428537,2.116071463,2.044642925,2.116071463,1.768985987,46564000
3049,1/6/1993,2.169642925,2.214285612,2.160714388,2.205357075,1.843626618,70350000
3050,1/7/1993,2.205357075,2.232142925,2.165178537,2.178571463,1.821234345,68034400
3051,1/8/1993,2.169642925,2.25,2.133928537,2.223214388,1.858555079,80234000
3052,1/11/1993,2.214285612,2.299107075,2.205357075,2.290178537,1.914535403,68432000
3053,1/12/1993,2.241071463,2.276785612,2.196428537,2.196428537,1.836163282,86539600
3054,1/13/1993,2.196428537,2.285714388,2.1875,2.267857075,1.895874858,49910000
3055,1/14/1993,2.285714388,2.330357075,2.276785612,2.321428537,1.940660357,91952000
3056,1/15/1993,2.178571463,2.223214388,2.142857075,2.151785612,1.798842549,225657600
3057,1/18/1993,2.125,2.142857075,2.071428537,2.125,1.776450515,83409200
3058,1/19/1993,2.133928537,2.160714388,2.116071463,2.133928537,1.783914804,68510400
3059,1/20/1993,2.133928537,2.151785612,2.125,2.142857075,1.791378617,39684400
3060,1/21/1993,2.133928537,2.151785612,2.098214388,2.142857075,1.791378617,46104800
3061,1/22/1993,2.151785612,2.151785612,2.107142925,2.125,1.776450515,36736000
3062,1/25/1993,2.116071463,2.160714388,2.116071463,2.142857075,1.791378617,50568000
3063,1/26/1993,2.160714388,2.214285612,2.160714388,2.169642925,1.813770652,71405600
3064,1/27/1993,2.178571463,2.205357075,2.098214388,2.151785612,1.798842549,56655200
3065,1/28/1993,2.142857075,2.151785612,2.116071463,2.138392925,1.78764689,46009600
3066,1/29/1993,2.151785612,2.1875,2.107142925,2.125,1.776450515,66525200
3067,2/1/1993,2.116071463,2.1875,2.116071463,2.1875,1.828699231,60138400
3068,2/2/1993,2.169642925,2.196428537,2.151785612,2.151785612,1.798842549,45584000
3069,2/3/1993,2.178571463,2.178571463,2.089285612,2.142857075,1.791378617,66046400
3070,2/4/1993,2.142857075,2.151785612,2.107142925,2.125,1.776450515,52038000
3071,2/5/1993,2.116071463,2.125,2.008928537,2.044642925,1.709273696,91904400
3072,2/8/1993,2.035714388,2.053571463,1.982142806,2.017857075,1.686881185,70268800
3073,2/9/1993,2.035714388,2.049107075,2.017857075,2.03125,1.698077679,59665200
3074,2/10/1993,2.035714388,2.044642925,1.964285731,1.991071463,1.664489269,67071200
3075,2/11/1993,1.991071463,2.008928537,1.964285731,1.96875,1.645829082,42067200
3076,2/12/1993,1.964285731,1.982142806,1.919642806,1.924107194,1.612021089,68849200
3077,2/16/1993,1.910714269,1.910714269,1.839285731,1.892857194,1.585839629,101934000
3078,2/17/1993,1.901785731,1.928571463,1.857142806,1.924107194,1.612021089,62395200
3079,2/18/1993,1.964285731,1.973214269,1.910714269,1.964285731,1.645682693,70030800
3080,2/19/1993,1.973214269,1.982142806,1.955357194,1.964285731,1.645682693,44450000
3081,2/22/1993,1.964285731,2,1.955357194,1.96875,1.649423122,24690400
3082,2/23/1993,1.964285731,1.973214269,1.928571463,1.9375,1.623242021,48518400
3083,2/24/1993,1.861607194,1.924107194,1.861607194,1.915178537,1.604540706,71640800
3084,2/25/1993,1.901785731,1.955357194,1.901785731,1.955357194,1.638202548,41806800
3085,2/26/1993,1.9375,1.9375,1.866071463,1.892857194,1.585839629,73721200
3086,3/1/1993,1.892857194,1.910714269,1.883928537,1.901785731,1.593320131,29825600
3087,3/2/1993,1.892857194,1.946428537,1.892857194,1.9375,1.623242021,36923600
3088,3/3/1993,1.928571463,1.964285731,1.901785731,1.950892806,1.634462118,50674400
3089,3/4/1993,1.946428537,1.973214269,1.910714269,1.964285731,1.645682693,47084800
3090,3/5/1993,1.955357194,1.991071463,1.955357194,1.964285731,1.645682693,27904800
3091,3/8/1993,1.964285731,2.026785612,1.964285731,2.017857075,1.690565228,44251200
3092,3/9/1993,2.017857075,2.053571463,2.017857075,2.026785612,1.698045373,38707200
3093,3/10/1993,2.026785612,2.044642925,2,2.026785612,1.698045373,33124000
3094,3/11/1993,2.035714388,2.044642925,2.008928537,2.03125,1.701785803,36153600
3095,3/12/1993,2.026785612,2.026785612,1.982142806,2.008928537,1.683084965,31673600
3096,3/15/1993,2,2.044642925,1.977678537,2.035714388,1.705526114,34008800
3097,3/16/1993,2.044642925,2.0625,2.017857075,2.017857075,1.690565228,25320400
3098,3/17/1993,2.017857075,2.035714388,1.964285731,1.96875,1.649423122,44055200
3099,3/18/1993,1.964285731,1.986607194,1.946428537,1.946428537,1.630722046,26546800
3100,3/19/1993,1.964285731,1.973214269,1.910714269,1.919642806,1.608281016,38525200
3101,3/22/1993,1.910714269,1.924107194,1.883928537,1.901785731,1.593320131,41300000
3102,3/23/1993,1.901785731,1.928571463,1.879464269,1.883928537,1.578359604,25634000
3103,3/24/1993,1.883928537,1.9375,1.875,1.919642806,1.608281016,35767200
3104,3/25/1993,1.919642806,1.955357194,1.910714269,1.955357194,1.638202548,42761600
3105,3/26/1993,1.955357194,1.955357194,1.875,1.901785731,1.593320131,37940000
3106,3/29/1993,1.866071463,1.875,1.8125,1.821428537,1.525996804,65427600
3107,3/30/1993,1.825892806,1.866071463,1.794642806,1.866071463,1.563398957,66012800
3108,3/31/1993,1.875,1.883928537,1.830357194,1.839285731,1.540957451,55759200
3109,4/1/1993,1.830357194,1.857142806,1.821428537,1.848214269,1.548437834,27050800
3110,4/2/1993,1.803571463,1.830357194,1.767857194,1.790178537,1.499815345,63448000
3111,4/5/1993,1.785714269,1.803571463,1.767857194,1.785714269,1.496075511,37293200
3112,4/6/1993,1.785714269,1.794642806,1.741071463,1.741071463,1.458673477,42092400
3113,4/7/1993,1.75,1.8125,1.732142806,1.803571463,1.511036158,40712000
3114,4/8/1993,1.785714269,1.803571463,1.75,1.776785731,1.488594651,40857600
3115,4/12/1993,1.767857194,1.821428537,1.767857194,1.785714269,1.496075511,23262400
3116,4/13/1993,1.803571463,1.830357194,1.723214269,1.732142806,1.451192617,41120800
3117,4/14/1993,1.723214269,1.741071463,1.700892806,1.741071463,1.458673477,42515200
3118,4/15/1993,1.723214269,1.723214269,1.669642806,1.6875,1.41379118,54675600
3119,4/16/1993,1.723214269,1.741071463,1.691964269,1.71875,1.439972758,171698800
3120,4/19/1993,1.732142806,1.767857194,1.723214269,1.732142806,1.451192617,56966000
3121,4/20/1993,1.741071463,1.794642806,1.723214269,1.785714269,1.496075511,60012400
3122,4/21/1993,1.794642806,1.8125,1.758928537,1.772321463,1.484855056,51318400
3123,4/22/1993,1.758928537,1.803571463,1.75,1.785714269,1.496075511,39418400
3124,4/23/1993,1.776785731,1.794642806,1.741071463,1.758928537,1.473633885,33535600
3125,4/26/1993,1.758928537,1.776785731,1.732142806,1.75,1.466154099,25701200
3126,4/27/1993,1.741071463,1.794642806,1.741071463,1.794642806,1.503555894,32418400
3127,4/28/1993,1.776785731,1.857142806,1.776785731,1.834821463,1.537217736,40810000
3128,4/29/1993,1.839285731,1.848214269,1.790178537,1.8125,1.518516421,20610800
3129,4/30/1993,1.8125,1.875,1.8125,1.830357194,1.533477306,33084800
3130,5/3/1993,1.830357194,1.857142806,1.821428537,1.852678537,1.552177787,16296000
3131,5/4/1993,1.866071463,1.9375,1.857142806,1.90625,1.59706068,42705600
3132,5/5/1993,1.892857194,1.982142806,1.892857194,1.946428537,1.630722046,63266000
3133,5/6/1993,1.946428537,1.955357194,1.910714269,1.919642806,1.608281016,17614800
3134,5/7/1993,1.910714269,1.955357194,1.910714269,1.955357194,1.638202548,20473600
3135,5/10/1993,1.964285731,1.995535731,1.964285731,1.964285731,1.645682693,34482000
3136,5/11/1993,1.964285731,1.973214269,1.928571463,1.946428537,1.630722046,39594800
3137,5/12/1993,1.9375,1.955357194,1.892857194,1.901785731,1.593320131,26306000
3138,5/13/1993,1.910714269,1.991071463,1.910714269,1.982142806,1.660643816,90431600
3139,5/14/1993,1.973214269,2,1.964285731,1.982142806,1.660643816,29352400
3140,5/17/1993,1.982142806,2,1.964285731,1.991071463,1.668124199,17410400
3141,5/18/1993,1.982142806,2.008928537,1.964285731,1.982142806,1.660643816,40868800
3142,5/19/1993,1.955357194,2.053571463,1.946428537,2.044642925,1.713006258,43192800
3143,5/20/1993,2.044642925,2.107142925,2.044642925,2.098214388,1.757888675,72632000
3144,5/21/1993,2.098214388,2.111607075,2.026785612,2.053571463,1.720486522,37049600
3145,5/24/1993,2.026785612,2.098214388,2.026785612,2.058035612,1.72422719,37578800
3146,5/25/1993,2.026785612,2.053571463,1.991071463,2.013392925,1.686825037,45180800
3147,5/26/1993,2,2.0625,1.977678537,2.0625,1.727966905,30391200
3148,5/27/1993,2.0625,2.089285612,2.044642925,2.053571463,1.720486522,49322000
3149,5/28/1993,2.035714388,2.053571463,2.008928537,2.022321463,1.697852612,45987200
3150,6/1/1993,2.017857075,2.0625,2.017857075,2.035714388,1.70909667,33768000
3151,6/2/1993,2.026785612,2.080357075,2,2.035714388,1.70909667,50120000
3152,6/3/1993,2.035714388,2.044642925,2,2.013392925,1.690356135,39214000
3153,6/4/1993,1.991071463,2.008928537,1.946428537,1.959821463,1.645379901,53421200
3154,6/7/1993,1.946428537,1.955357194,1.799107194,1.8125,1.521695256,120576400
3155,6/8/1993,1.741071463,1.785714269,1.714285731,1.767857194,1.484215379,155274000
3156,6/9/1993,1.607142806,1.629464269,1.571428537,1.580357194,1.32679832,294604800
3157,6/10/1993,1.553571463,1.598214269,1.526785731,1.589285731,1.334294438,138426400
3158,6/11/1993,1.607142806,1.616071463,1.549107194,1.5625,1.311806083,60580800
3159,6/14/1993,1.571428537,1.598214269,1.553571463,1.59375,1.338042498,62372800
3160,6/15/1993,1.616071463,1.616071463,1.495535731,1.5,1.259333968,112081200
3161,6/16/1993,1.508928537,1.544642806,1.482142806,1.508928537,1.266829967,88270000
3162,6/17/1993,1.517857194,1.517857194,1.446428537,1.473214269,1.236846209,102359600
3163,6/18/1993,1.486607194,1.504464269,1.419642806,1.464285731,1.229349852,77823200
3164,6/21/1993,1.446428537,1.446428537,1.410714269,1.415178537,1.188121915,68395600
3165,6/22/1993,1.459821463,1.5,1.419642806,1.477678537,1.240594625,84095200
3166,6/23/1993,1.491071463,1.491071463,1.428571463,1.446428537,1.214357972,45180800
3167,6/24/1993,1.446428537,1.491071463,1.428571463,1.491071463,1.251837969,55708800
3168,6/25/1993,1.441964269,1.455357194,1.410714269,1.428571463,1.199366093,64290800
3169,6/28/1993,1.446428537,1.446428537,1.383928537,1.433035731,1.203114271,88404400
3170,6/29/1993,1.4375,1.4375,1.375,1.392857194,1.169381499,73567200
3171,6/30/1993,1.383928537,1.419642806,1.375,1.410714269,1.184373617,50064000
3172,7/1/1993,1.392857194,1.419642806,1.357142806,1.357142806,1.139397502,54541200
3173,7/2/1993,1.366071463,1.383928537,1.348214269,1.375,1.15438962,47908000
3174,7/6/1993,1.366071463,1.392857194,1.339285731,1.348214269,1.131901503,38813600
3175,7/7/1993,1.339285731,1.352678537,1.294642806,1.303571463,1.094421268,56758800
3176,7/8/1993,1.303571463,1.339285731,1.294642806,1.303571463,1.094421268,34742400
3177,7/9/1993,1.321428537,1.330357194,1.303571463,1.3125,1.101917267,39219600
3178,7/12/1993,1.3125,1.361607194,1.294642806,1.357142806,1.139397502,43470000
3179,7/13/1993,1.383928537,1.383928537,1.321428537,1.330357194,1.116909385,39527600
3180,7/14/1993,1.3125,1.339285731,1.276785731,1.330357194,1.116909385,61574800
3181,7/15/1993,1.330357194,1.348214269,1.258928537,1.276785731,1.071933389,84509600
3182,7/16/1993,1.017857194,1.058035731,0.946428597,0.982142866,0.824563861,530149200
3183,7/19/1993,1,1.026785731,0.910714269,0.915178597,0.768343687,201558000
3184,7/20/1993,0.9375,0.991071403,0.919642866,0.959821403,0.805823863,132977600
3185,7/21/1993,0.928571403,0.955357134,0.910714269,0.9375,0.787083745,113976800
3186,7/22/1993,0.928571403,0.964285731,0.919642866,0.946428597,0.794579864,52794000
3187,7/23/1993,0.964285731,0.982142866,0.928571403,0.9375,0.787083745,58444400
3188,7/26/1993,0.955357134,0.982142866,0.928571403,0.959821403,0.805823863,38206000
3189,7/27/1993,0.955357134,0.982142866,0.9375,0.946428597,0.794579864,49652400
3190,7/28/1993,0.9375,0.964285731,0.9375,0.959821403,0.805823863,22948800
3191,7/29/1993,0.964285731,0.982142866,0.955357134,0.973214269,0.817067862,30343600
3192,7/30/1993,0.982142866,1.008928537,0.964285731,0.991071403,0.832060039,53611600
3193,8/2/1993,1.008928537,1.044642806,1,1.017857194,0.854548335,54076400
3194,8/3/1993,1.035714269,1.044642806,1.026785731,1.035714269,0.869540215,44119600
3195,8/4/1993,1.044642806,1.089285731,1.035714269,1.080357194,0.90702039,60748800
3196,8/5/1993,1.098214269,1.098214269,1.035714269,1.053571463,0.884532273,52343200
3197,8/6/1993,1.044642806,1.080357194,1.044642806,1.044642806,0.877036154,31480400
3198,8/9/1993,1.044642806,1.080357194,1.035714269,1.0625,0.892028332,40353600
3199,8/10/1993,1.053571463,1.0625,1.008928537,1.017857194,0.854548335,38194800
3200,8/11/1993,1.017857194,1.017857194,0.964285731,0.982142866,0.824563861,41742400
3201,8/12/1993,0.982142866,0.991071403,0.928571403,0.946428597,0.794579864,84543200
3202,8/13/1993,0.946428597,0.991071403,0.9375,0.977678597,0.820815921,34703200
3203,8/16/1993,0.982142866,1,0.973214269,0.982142866,0.828198195,25611600
3204,8/17/1993,0.991071403,1.017857194,0.973214269,1.013392806,0.854549706,27045200
3205,8/18/1993,1.035714269,1.0625,1.008928537,1.017857194,0.858314455,47180000
3206,8/19/1993,1.026785731,1.026785731,0.982142866,0.982142866,0.828198195,38032400
3207,8/20/1993,0.991071403,1,0.964285731,1,0.843256474,24984400
3208,8/23/1993,1,1.026785731,0.982142866,1.013392806,0.854549706,22794800
3209,8/24/1993,1.008928537,1.026785731,0.991071403,1,0.843256474,25314800
3210,8/25/1993,1,1.008928537,0.955357134,0.973214269,0.820668936,36442000
3211,8/26/1993,0.973214269,0.973214269,0.946428597,0.959821403,0.809375405,44035600
3212,8/27/1993,0.964285731,0.964285731,0.9375,0.946428597,0.798081875,46642400
3213,8/30/1993,0.946428597,0.946428597,0.924107134,0.928571403,0.783023596,68434800
3214,8/31/1993,0.946428597,0.955357134,0.928571403,0.946428597,0.798081875,31967600
3215,9/1/1993,0.946428597,0.955357134,0.919642866,0.933035731,0.786788404,56392000
3216,9/2/1993,0.928571403,0.9375,0.901785731,0.919642866,0.775494635,70565600
3217,9/3/1993,0.928571403,0.928571403,0.901785731,0.919642866,0.775494635,40734400
3218,9/7/1993,0.928571403,0.964285731,0.919642866,0.9375,0.790552735,35884800
3219,9/8/1993,0.9375,0.964285731,0.928571403,0.955357134,0.805610776,56658000
3220,9/9/1993,0.955357134,0.964285731,0.928571403,0.928571403,0.783023596,37382800
3221,9/10/1993,0.9375,0.9375,0.90625,0.9375,0.790552735,33622400
3222,9/13/1993,0.9375,0.946428597,0.883928597,0.901785731,0.760436356,63946400
3223,9/14/1993,0.866071403,0.892857134,0.857142866,0.866071403,0.730320156,69160000
3224,9/15/1993,0.875,0.892857134,0.839285731,0.875,0.737849176,64430800
3225,9/16/1993,0.866071403,0.892857134,0.866071403,0.883928597,0.745378315,21490000
3226,9/17/1993,0.870535731,0.910714269,0.866071403,0.901785731,0.760436356,43008000
3227,9/20/1993,0.901785731,0.910714269,0.883928597,0.888392866,0.749142647,27759200
3228,9/21/1993,0.883928597,0.901785731,0.852678597,0.875,0.737849176,36624000
3229,9/22/1993,0.866071403,0.910714269,0.866071403,0.910714269,0.767965496,27622000
3230,9/23/1993,0.910714269,0.910714269,0.875,0.883928597,0.745378315,32737600
3231,9/24/1993,0.892857134,0.901785731,0.875,0.892857134,0.752907336,19143600
3232,9/27/1993,0.892857134,0.901785731,0.866071403,0.883928597,0.745378315,28294000
3233,9/28/1993,0.883928597,0.892857134,0.866071403,0.883928597,0.745378315,23637600
3234,9/29/1993,0.866071403,0.888392866,0.848214269,0.852678597,0.719026625,59186400
3235,9/30/1993,0.857142866,0.857142866,0.821428597,0.834821403,0.703968287,68726000
3236,10/1/1993,0.8125,0.821428597,0.803571403,0.8125,0.685145736,83997200
3237,10/4/1993,0.808035731,0.821428597,0.785714269,0.8125,0.685145736,48210400
3238,10/5/1993,0.821428597,0.857142866,0.821428597,0.839285731,0.707732797,44077600
3239,10/6/1993,0.848214269,0.857142866,0.834821403,0.84375,0.711497426,43820000
3240,10/7/1993,0.839285731,0.848214269,0.8125,0.821428597,0.692674696,33726000
3241,10/8/1993,0.830357134,0.830357134,0.794642866,0.808035731,0.681381106,34851600
3242,10/11/1993,0.8125,0.857142866,0.8125,0.848214269,0.715262175,40286400
3243,10/12/1993,0.857142866,0.892857134,0.848214269,0.857142866,0.722791016,76585600
3244,10/13/1993,0.866071403,0.866071403,0.839285731,0.857142866,0.722791016,44251200
3245,10/14/1993,0.857142866,0.875,0.839285731,0.848214269,0.715262175,40171600
3246,10/15/1993,0.991071403,1.017857194,0.955357134,1.008928537,0.850785434,238812000
3247,10/18/1993,1,1.026785731,0.991071403,1.013392806,0.854549706,83249600
3248,10/19/1993,1.008928537,1.017857194,0.973214269,0.991071403,0.835726976,53393200
3249,10/20/1993,1,1.008928537,0.973214269,0.991071403,0.835726976,34602400
3250,10/21/1993,0.982142866,1.116071463,0.973214269,1.080357194,0.911017895,156777600
3251,10/22/1993,1.089285731,1.125,1.0625,1.080357194,0.911017895,99019200
3252,10/25/1993,1.080357194,1.089285731,1.058035731,1.071428537,0.903488874,54782000
3253,10/26/1993,1.0625,1.071428537,1.035714269,1.0625,0.895959914,55619200
3254,10/27/1993,1.071428537,1.151785731,1.0625,1.133928537,0.956192076,114766400
3255,10/28/1993,1.133928537,1.151785731,1.107142806,1.107142806,0.933604896,61115600
3256,10/29/1993,1.107142806,1.133928537,1.089285731,1.098214269,0.926076114,34216000
3257,11/1/1993,1.098214269,1.125,1.080357194,1.125,0.948663414,26493600
3258,11/2/1993,1.116071463,1.178571463,1.107142806,1.169642806,0.986308396,56061600
3259,11/3/1993,1.178571463,1.178571463,1.107142806,1.129464269,0.952427566,44240000
3260,11/4/1993,1.125,1.151785731,1.098214269,1.151785731,0.971250534,46342800
3261,11/5/1993,1.138392806,1.151785731,1.098214269,1.138392806,0.959956467,94508400
3262,11/8/1993,1.142857194,1.147321463,1.089285731,1.098214269,0.926076114,41748000
3263,11/9/1993,1.107142806,1.116071463,1.0625,1.075892806,0.907253146,42812000
3264,11/10/1993,1.080357194,1.098214269,1.071428537,1.098214269,0.926076114,19244400
3265,11/11/1993,1.098214269,1.142857194,1.089285731,1.120535731,0.944898605,35607600
3266,11/12/1993,1.125,1.142857194,1.089285731,1.133928537,0.956192076,35915600
3267,11/15/1993,1.125,1.169642806,1.125,1.142857194,0.963721752,39275600
3268,11/16/1993,1.142857194,1.223214269,1.133928537,1.214285731,1.023954034,75770800
3269,11/17/1993,1.214285731,1.25,1.169642806,1.196428537,1.008895516,75656000
3270,11/18/1993,1.196428537,1.205357194,1.178571463,1.196428537,1.008895516,28602000
3271,11/19/1993,1.178571463,1.196428537,1.160714269,1.178571463,0.997414351,30741200
3272,11/22/1993,1.169642806,1.178571463,1.151785731,1.160714269,0.982301593,37651600
3273,11/23/1993,1.160714269,1.178571463,1.116071463,1.178571463,0.997414351,46541600
3274,11/24/1993,1.169642806,1.196428537,1.165178537,1.178571463,0.997414351,22610000
3275,11/26/1993,1.169642806,1.178571463,1.151785731,1.165178537,0.986079574,10861200
3276,11/29/1993,1.151785731,1.160714269,1.125,1.133928537,0.959633172,24178000
3277,11/30/1993,1.133928537,1.165178537,1.125,1.125,0.952076912,28165200
3278,12/1/1993,1.142857194,1.151785731,1.116071463,1.125,0.952076912,27804000
3279,12/2/1993,1.133928537,1.142857194,1.107142806,1.133928537,0.959633172,25163600
3280,12/3/1993,1.133928537,1.142857194,1.107142806,1.125,0.952076912,30116800
3281,12/6/1993,1.125,1.160714269,1.116071463,1.151785731,0.974745929,39244800
3282,12/7/1993,1.142857194,1.151785731,1.125,1.151785731,0.974745929,15962800
3283,12/8/1993,1.142857194,1.151785731,1.125,1.138392806,0.96341157,9898000
3284,12/9/1993,1.133928537,1.142857194,1.0625,1.071428537,0.906739891,45690400
3285,12/10/1993,1.080357194,1.089285731,0.991071403,1.008928537,0.853846967,124314400
3286,12/13/1993,1.008928537,1.053571463,0.991071403,1.053571463,0.891627729,61082000
3287,12/14/1993,1.044642806,1.0625,1.035714269,1.040178537,0.880293489,73416000
3288,12/15/1993,1.035714269,1.0625,1.035714269,1.0625,0.899184048,30970800
3289,12/16/1993,1.053571463,1.0625,1.035714269,1.049107194,0.887849867,31592400
3290,12/17/1993,1.053571463,1.0625,1.040178537,1.053571463,0.891627729,36288000
3291,12/20/1993,1.044642806,1.0625,1.008928537,1.017857194,0.861403346,47258400
3292,12/21/1993,1.017857194,1.026785731,0.973214269,0.982142866,0.831178665,62781600
3293,12/22/1993,0.973214269,1.017857194,0.964285731,1,0.846290708,45343200
3294,12/23/1993,0.973214269,0.973214269,0.946428597,0.973214269,0.823622167,56739200
3295,12/27/1993,0.991071403,1.026785731,0.973214269,1.017857194,0.861403346,39984000
3296,12/28/1993,1.026785731,1.053571463,1.017857194,1.040178537,0.880293489,39874800
3297,12/29/1993,1.044642806,1.044642806,1.017857194,1.017857194,0.861403346,26838000
3298,12/30/1993,1.017857194,1.080357194,1.017857194,1.0625,0.899184048,78638000
3299,12/31/1993,1.0625,1.080357194,1.044642806,1.044642806,0.884071708,40241600
3300,1/3/1994,1.053571463,1.071428537,1.035714269,1.066964269,0.90296191,45382400
3301,1/4/1994,1.080357194,1.125,1.071428537,1.125,0.952076912,71293600
3302,1/5/1994,1.133928537,1.209821463,1.133928537,1.205357194,1.020082593,153034000
3303,1/6/1994,1.205357194,1.214285731,1.160714269,1.169642806,0.989858091,91627200
3304,1/7/1994,1.142857194,1.1875,1.116071463,1.183035731,1.001192331,74698400
3305,1/10/1994,1.178571463,1.209821463,1.169642806,1.200892806,1.01630497,50397200
3306,1/11/1994,1.196428537,1.205357194,1.133928537,1.138392806,0.96341157,88849600
3307,1/12/1994,1.151785731,1.151785731,1.089285731,1.089285731,0.92185235,109779600
3308,1/13/1994,1.071428537,1.098214269,1.0625,1.09375,0.925630748,132899200
3309,1/14/1994,1.098214269,1.133928537,1.089285731,1.107142806,0.93696481,53628400
3310,1/17/1994,1.107142806,1.125,1.071428537,1.084821463,0.91807431,36428000
3311,1/18/1994,1.080357194,1.080357194,1.035714269,1.049107194,0.887849867,90700400
3312,1/19/1994,1.044642806,1.0625,1.026785731,1.044642806,0.884071708,70397600
3313,1/20/1994,1.053571463,1.098214269,1.053571463,1.066964269,0.90296191,67020800
3314,1/21/1994,1.1875,1.196428537,1.151785731,1.191964269,1.008748412,245033600
3315,1/24/1994,1.1875,1.258928537,1.1875,1.25,1.057863474,173037200
3316,1/25/1994,1.241071463,1.25,1.1875,1.209821463,1.023860693,110583200
3317,1/26/1994,1.205357194,1.214285731,1.1875,1.196428537,1.012526155,41451200
3318,1/27/1994,1.196428537,1.223214269,1.178571463,1.21875,1.031417251,33062400
3319,1/28/1994,1.223214269,1.241071463,1.205357194,1.214285731,1.027639031,34109600
3320,1/31/1994,1.196428537,1.205357194,1.169642806,1.169642806,0.989858091,59595200
3321,2/1/1994,1.178571463,1.196428537,1.151785731,1.1875,1.004970074,39180400
3322,2/2/1994,1.1875,1.1875,1.160714269,1.178571463,0.997414351,36612800
3323,2/3/1994,1.178571463,1.200892806,1.160714269,1.196428537,1.012526155,34498800
3324,2/4/1994,1.196428537,1.25,1.1875,1.196428537,1.012526155,88502400
3325,2/7/1994,1.196428537,1.325892806,1.196428537,1.303571463,1.107170463,181361600
3326,2/8/1994,1.285714269,1.303571463,1.258928537,1.276785731,1.084421039,71346800
3327,2/9/1994,1.276785731,1.303571463,1.258928537,1.294642806,1.099586964,46746000
3328,2/10/1994,1.294642806,1.339285731,1.285714269,1.303571463,1.107170463,75507600
3329,2/11/1994,1.294642806,1.339285731,1.294642806,1.321428537,1.122337461,41062000
3330,2/14/1994,1.321428537,1.357142806,1.3125,1.321428537,1.122337461,61387200
3331,2/15/1994,1.3125,1.339285731,1.294642806,1.325892806,1.12612915,32443600
3332,2/16/1994,1.339285731,1.339285731,1.3125,1.3125,1.114753723,30506000
3333,2/17/1994,1.330357194,1.352678537,1.294642806,1.321428537,1.122337461,36288000
3334,2/18/1994,1.303571463,1.321428537,1.294642806,1.294642806,1.099586964,37268000
3335,2/22/1994,1.294642806,1.339285731,1.276785731,1.330357194,1.129920602,53642400
3336,2/23/1994,1.330357194,1.366071463,1.321428537,1.330357194,1.129920602,65133600
3337,2/24/1994,1.321428537,1.330357194,1.294642806,1.308035731,1.110962391,49464800
3338,2/25/1994,1.321428537,1.330357194,1.267857194,1.285714269,1.092003465,59206000
3339,2/28/1994,1.294642806,1.321428537,1.285714269,1.303571463,1.107170463,30956800
3340,3/1/1994,1.3125,1.3125,1.276785731,1.294642806,1.099586964,52967600
3341,3/2/1994,1.258928537,1.294642806,1.241071463,1.272321463,1.080628395,73536400
3342,3/3/1994,1.276785731,1.294642806,1.267857194,1.276785731,1.084421039,47118400
3343,3/4/1994,1.285714269,1.339285731,1.276785731,1.3125,1.114753723,56711200
3344,3/7/1994,1.321428537,1.361607194,1.3125,1.352678537,1.148878813,77599200
3345,3/8/1994,1.357142806,1.357142806,1.3125,1.321428537,1.122337461,46513600
3346,3/9/1994,1.308035731,1.339285731,1.285714269,1.339285731,1.137504101,62134800
3347,3/10/1994,1.330357194,1.34375,1.3125,1.330357194,1.129920602,35940800
3348,3/11/1994,1.321428537,1.348214269,1.3125,1.330357194,1.129920602,40460000
3349,3/14/1994,1.375,1.375,1.348214269,1.361607194,1.156462431,110426400
3350,3/15/1994,1.366071463,1.366071463,1.330357194,1.34375,1.141295314,51136400
3351,3/16/1994,1.339285731,1.348214269,1.303571463,1.3125,1.114753723,36792000
3352,3/17/1994,1.3125,1.321428537,1.294642806,1.303571463,1.107170463,39057200
3353,3/18/1994,1.3125,1.3125,1.276785731,1.299107194,1.103378773,55918800
3354,3/21/1994,1.299107194,1.303571463,1.258928537,1.267857194,1.076837063,61628000
3355,3/22/1994,1.258928537,1.267857194,1.232142806,1.25,1.061670184,60706800
3356,3/23/1994,1.258928537,1.267857194,1.223214269,1.254464269,1.065461993,54171600
3357,3/24/1994,1.254464269,1.258928537,1.214285731,1.236607194,1.050295234,47023200
3358,3/25/1994,1.241071463,1.241071463,1.169642806,1.169642806,0.993420124,85909600
3359,3/28/1994,1.178571463,1.214285731,1.169642806,1.1875,1.008586526,70644000
3360,3/29/1994,1.1875,1.205357194,1.151785731,1.169642806,0.993420124,53379200
3361,3/30/1994,1.160714269,1.1875,1.133928537,1.160714269,0.985836387,42456400
3362,3/31/1994,1.160714269,1.196428537,1.125,1.1875,1.008586526,52264800
3363,4/4/1994,1.151785731,1.1875,1.133928537,1.1875,1.008586526,42075600
3364,4/5/1994,1.205357194,1.223214269,1.196428537,1.196428537,1.016170144,24474800
3365,4/6/1994,1.214285731,1.214285731,1.169642806,1.196428537,1.016170144,32272800
3366,4/7/1994,1.196428537,1.205357194,1.169642806,1.191964269,1.012378335,19342400
3367,4/8/1994,1.205357194,1.214285731,1.1875,1.196428537,1.016170144,44212000
3368,4/11/1994,1.196428537,1.196428537,1.160714269,1.196428537,1.016170144,26706400
3369,4/12/1994,1.191964269,1.191964269,1.133928537,1.142857194,0.970669985,34207600
3370,4/13/1994,1.151785731,1.160714269,1.116071463,1.133928537,0.963086665,58284800
3371,4/14/1994,1.089285731,1.133928537,1.071428537,1.125,0.955503285,55498800
3372,4/15/1994,1.116071463,1.125,1.071428537,1.080357194,0.917586863,47087600
3373,4/18/1994,1.089285731,1.089285731,1.044642806,1.058035731,0.898627877,57573600
3374,4/19/1994,1.0625,1.071428537,1.017857194,1.035714269,0.879669607,41563200
3375,4/20/1994,1.044642806,1.071428537,1,1.008928537,0.856919587,70462000
3376,4/21/1994,1.017857194,1.089285731,0.964285731,1.058035731,0.898627877,102634000
3377,4/22/1994,1.116071463,1.142857194,1.017857194,1.0625,0.902419806,174456800
3378,4/25/1994,1.0625,1.107142806,1.053571463,1.107142806,0.940336466,89810000
3379,4/26/1994,1.125,1.125,1.107142806,1.116071463,0.947920024,41056400
3380,4/28/1994,1.107142806,1.116071463,1.0625,1.080357194,0.917586863,25118800
3381,4/29/1994,1.071428537,1.089285731,1.0625,1.071428537,0.910002947,23696400
3382,5/2/1994,1.071428537,1.116071463,1.071428537,1.107142806,0.940336466,30805600
3383,5/3/1994,1.107142806,1.116071463,1.053571463,1.080357194,0.917586863,33224800
3384,5/4/1994,1.107142806,1.1875,1.089285731,1.178571463,1.001003623,91039200
3385,5/5/1994,1.1875,1.205357194,1.151785731,1.174107194,0.997211814,72083200
3386,5/6/1994,1.151785731,1.169642806,1.116071463,1.154017806,0.980148852,46944800
3387,5/9/1994,1.151785731,1.160714269,1.098214269,1.116071463,0.947920024,35117600
3388,5/10/1994,1.133928537,1.142857194,1.107142806,1.107142806,0.940336466,36710800
3389,5/11/1994,1.107142806,1.125,1.0625,1.080357194,0.917586863,36380400
3390,5/12/1994,1.089285731,1.098214269,1.053571463,1.060267806,0.900523603,26776400
3391,5/13/1994,1.0625,1.089285731,1.044642806,1.071428537,0.910002947,23153200
3392,5/16/1994,1.071428537,1.089285731,1.053571463,1.053571463,0.894836366,33846400
3393,5/17/1994,1.0625,1.0625,1.026785731,1.049107194,0.891044796,45026800
3394,5/18/1994,1.0625,1.098214269,1.044642806,1.09375,0.928961694,30965200
3395,5/19/1994,1.098214269,1.160714269,1.089285731,1.147321463,0.974461496,68395600
3396,5/20/1994,1.133928537,1.151785731,1.107142806,1.109375,0.942232072,24536400
3397,5/23/1994,1.107142806,1.116071463,1.071428537,1.089285731,0.925169766,29988000
3398,5/24/1994,1.107142806,1.116071463,1.080357194,1.098214269,0.932753146,31612000
3399,5/25/1994,1.080357194,1.133928537,1.071428537,1.116071463,0.947920024,34028400
3400,5/26/1994,1.125,1.125,1.080357194,1.089285731,0.925169766,18258800
3401,5/27/1994,1.080357194,1.098214269,1.053571463,1.069196463,0.911698103,27171200
3402,5/31/1994,1.053571463,1.053571463,1.017857194,1.044642806,0.890761137,64349600
3403,6/1/1994,1.017857194,1.022321463,0.995535731,1.008928537,0.860307753,96440400
3404,6/2/1994,1.013392806,1.017857194,0.96875,0.977678597,0.833661258,96230400
3405,6/3/1994,0.96875,1,0.955357134,0.986607134,0.841274559,88421200
3406,6/6/1994,0.982142866,0.991071403,0.964285731,0.977678597,0.833661258,31508400
3407,6/7/1994,0.973214269,0.991071403,0.973214269,0.982142866,0.837468028,35061600
3408,6/8/1994,0.982142866,0.986607134,0.928571403,0.933035731,0.795594454,68541200
3409,6/9/1994,0.915178597,0.964285731,0.910714269,0.964285731,0.822241127,73382400
3410,6/10/1994,0.96875,0.977678597,0.941964269,0.946428597,0.807014525,35683200
3411,6/13/1994,0.941964269,0.970982134,0.941964269,0.964285731,0.822241127,23226000
3412,6/14/1994,0.973214269,0.977678597,0.950892866,0.966517866,0.824144483,38589600
3413,6/15/1994,0.964285731,1,0.959821403,0.993303597,0.846984446,39869200
3414,6/16/1994,0.991071403,0.991071403,0.933035731,0.941964269,0.803207755,54555200
3415,6/17/1994,0.928571403,0.955357134,0.924107134,0.946428597,0.807014525,56123200
3416,6/20/1994,0.9375,0.973214269,0.928571403,0.96875,0.826047719,49974400
3417,6/21/1994,0.959821403,0.973214269,0.919642866,0.928571403,0.791787863,60818800
3418,6/22/1994,0.9375,0.955357134,0.928571403,0.9375,0.799401164,28464800
3419,6/23/1994,0.9375,0.9375,0.888392866,0.897321403,0.765140951,50974000
3420,6/24/1994,0.897321403,0.933035731,0.883928597,0.914620519,0.779891849,73214400
3421,6/27/1994,0.901785731,0.9375,0.879464269,0.9375,0.799401164,63988400
3422,6/28/1994,0.9375,0.96875,0.915178597,0.955357134,0.814627767,43556800
3423,6/29/1994,0.955357134,0.96875,0.924107134,0.933035731,0.795594454,33891200
3424,6/30/1994,0.9375,0.959821403,0.9375,0.946428597,0.807014525,25432400
3425,7/1/1994,0.941964269,0.946428597,0.90625,0.919642866,0.784174204,44819600
3426,7/5/1994,0.915178597,0.955357134,0.915178597,0.946428597,0.807014525,21462000
3427,7/6/1994,0.9375,0.946428597,0.928571403,0.933035731,0.795594454,24346000
3428,7/7/1994,0.924107134,0.964285731,0.910714269,0.957589269,0.816531003,42537600
3429,7/8/1994,0.946428597,0.986607134,0.946428597,0.966517866,0.824144483,52057600
3430,7/11/1994,0.96875,0.977678597,0.950892866,0.964285731,0.822241127,26605600
3431,7/12/1994,0.964285731,1.015625,0.941964269,1.013392806,0.864114583,60578000
3432,7/13/1994,1.017857194,1.080357194,1.017857194,1.060267806,0.904084206,112565600
3433,7/14/1994,1.058035731,1.0625,1.008928537,1.022321463,0.871727884,45166800
3434,7/15/1994,1.008370519,1.022321463,0.982142866,1.008928537,0.860307753,23741200
3435,7/18/1994,1.004464269,1.035714269,1,1.013392806,0.864114583,19107200
3436,7/19/1994,1.022321463,1.026785731,0.977678597,0.988839269,0.843177736,29092000
3437,7/20/1994,0.977678597,0.986607134,0.941964269,0.950892866,0.810820997,54342400
3438,7/21/1994,0.950892866,1.017857194,0.946428597,1,0.852694452,72368800
3439,7/22/1994,1.129464269,1.141741037,1.071428537,1.107142806,0.944054425,196644000
3440,7/25/1994,1.111607194,1.138392806,1.098214269,1.131696463,0.964991391,105663600
3441,7/26/1994,1.133928537,1.142857194,1.111607194,1.120535731,0.955474555,47202400
3442,7/27/1994,1.116071463,1.120535731,1.09375,1.109375,0.94595778,33446000
3443,7/28/1994,1.107142806,1.147321463,1.102678537,1.138392806,0.970701396,61328400
3444,7/29/1994,1.138392806,1.214285731,1.138392806,1.203125,1.025898099,138941600
3445,8/1/1994,1.200892806,1.205357194,1.169642806,1.191964269,1.016381264,57318800
3446,8/2/1994,1.196428537,1.200892806,1.15625,1.162946463,0.991638005,67390400
3447,8/3/1994,1.169642806,1.1875,1.147321463,1.183035731,1.008768082,56711200
3448,8/4/1994,1.183035731,1.205357194,1.183035731,1.1875,1.012574553,46188800
3449,8/5/1994,1.174107194,1.191964269,1.174107194,1.1875,1.012574553,21753200
3450,8/8/1994,1.183035731,1.214285731,1.178571463,1.205357194,1.027801394,35319200
3451,8/9/1994,1.196428537,1.209821463,1.183035731,1.200892806,1.023995042,19650400
3452,8/10/1994,1.200892806,1.245535731,1.1875,1.236607194,1.054448128,63392000
3453,8/11/1994,1.223214269,1.254464269,1.209821463,1.225446463,1.044931769,74522000
3454,8/12/1994,1.227678537,1.254464269,1.209821463,1.241071463,1.058254838,44912000
3455,8/15/1994,1.241071463,1.25,1.223214269,1.236607194,1.058105469,30018800
3456,8/16/1994,1.227678537,1.241071463,1.214285731,1.241071463,1.061925769,38934000
3457,8/17/1994,1.245535731,1.263392806,1.236607194,1.25,1.069565058,71545600
3458,8/18/1994,1.241071463,1.258928537,1.232142806,1.236607194,1.058105469,51564800
3459,8/19/1994,1.241071463,1.25,1.223214269,1.245535731,1.065745592,32636800
3460,8/22/1994,1.241071463,1.25,1.236607194,1.245535731,1.065745592,38105200
3461,8/23/1994,1.245535731,1.28125,1.241071463,1.25,1.069565058,53611600
3462,8/24/1994,1.241071463,1.25,1.227678537,1.245535731,1.065745592,42896000
3463,8/25/1994,1.223214269,1.299107194,1.223214269,1.252232194,1.071475148,74698400
3464,8/26/1994,1.258928537,1.290178537,1.258928537,1.276785731,1.092484713,51049600
3465,8/29/1994,1.276785731,1.290178537,1.258928537,1.263392806,1.081025004,38026800
3466,8/30/1994,1.258928537,1.299107194,1.254464269,1.294642806,1.107763886,45519600
3467,8/31/1994,1.285714269,1.334821463,1.276785731,1.292410731,1.105853796,87959200
3468,9/1/1994,1.263392806,1.276785731,1.236607194,1.25,1.069565058,51072000
3469,9/2/1994,1.258928537,1.267857194,1.25,1.263392806,1.081025004,25326000
3470,9/6/1994,1.258928537,1.272321463,1.25,1.270089269,1.08675456,22856400
3471,9/7/1994,1.272321463,1.308035731,1.263392806,1.290178537,1.103943825,50974000
3472,9/8/1994,1.285714269,1.294642806,1.272321463,1.290178537,1.103943825,39709600
3473,9/9/1994,1.276785731,1.285714269,1.263392806,1.276785731,1.092484713,39309200
3474,9/12/1994,1.272321463,1.276785731,1.263392806,1.276785731,1.092484713,22635200
3475,9/13/1994,1.276785731,1.294642806,1.272321463,1.279017806,1.094394684,26056800
3476,9/14/1994,1.272321463,1.276785731,1.25,1.254464269,1.073385358,24771600
3477,9/15/1994,1.254464269,1.290178537,1.254464269,1.285714269,1.100124121,64738800
3478,9/16/1994,1.28125,1.330357194,1.267857194,1.299107194,1.11158371,91036400
3479,9/19/1994,1.299107194,1.3125,1.267857194,1.267857194,1.084844828,43587600
3480,9/20/1994,1.254464269,1.263392806,1.227678537,1.234375,1.056195974,49313600
3481,9/21/1994,1.232142806,1.236607194,1.205357194,1.21875,1.042826176,58710400
3482,9/22/1994,1.223214269,1.223214269,1.200892806,1.209821463,1.035186172,36559600
3483,9/23/1994,1.209821463,1.232142806,1.209821463,1.212053537,1.037096143,33219200
3484,9/26/1994,1.209821463,1.232142806,1.200892806,1.212053537,1.037096143,35425600
3485,9/27/1994,1.205357194,1.21875,1.191964269,1.209821463,1.035186172,27272000
3486,9/28/1994,1.214285731,1.227678537,1.200892806,1.209821463,1.035186172,20316800
3487,9/29/1994,1.205357194,1.227678537,1.191964269,1.21875,1.042826176,27344800
3488,9/30/1994,1.21875,1.232142806,1.200892806,1.203125,1.029456258,17925600
3489,10/3/1994,1.200892806,1.205357194,1.160714269,1.183035731,1.012267113,32398800
3490,10/4/1994,1.1875,1.214285731,1.178571463,1.205357194,1.031366825,40597200
3491,10/5/1994,1.200892806,1.361607194,1.191964269,1.352678537,1.157422423,177450000
3492,10/6/1994,1.334821463,1.338727713,1.285714269,1.294642806,1.107763886,131728800
3493,10/7/1994,1.290178537,1.323660731,1.267857194,1.321428537,1.130683064,91098000
3494,10/10/1994,1.325892806,1.415178537,1.321428537,1.388392806,1.187981367,130852400
3495,10/11/1994,1.477678537,1.495535731,1.40625,1.415178537,1.210900664,210576800
3496,10/12/1994,1.415178537,1.522321463,1.397321463,1.504464269,1.287298322,149329600
3497,10/13/1994,1.522321463,1.53125,1.450892806,1.46875,1.256739497,131325600
3498,10/14/1994,1.482142806,1.5,1.459821463,1.46875,1.256739497,44013200
3499,10/17/1994,1.459821463,1.482142806,1.388392806,1.419642806,1.214720488,75997600
3500,10/18/1994,1.450892806,1.486607194,1.446428537,1.473214269,1.260558724,117171600
3501,10/19/1994,1.464285731,1.504464269,1.464285731,1.473214269,1.260558724,87771600
3502,10/20/1994,1.473214269,1.493303537,1.446428537,1.464285731,1.252919436,54535600
3503,10/21/1994,1.455357194,1.526785731,1.455357194,1.522321463,1.302577496,80676400
3504,10/24/1994,1.526785731,1.540178537,1.495535731,1.508928537,1.291118383,51125200
3505,10/25/1994,1.486607194,1.522321463,1.482142806,1.522321463,1.302577496,75370400
3506,10/26/1994,1.522321463,1.545200944,1.522321463,1.544642806,1.321677208,49193200
3507,10/27/1994,1.544642806,1.5625,1.517857194,1.526785731,1.306397676,39852400
3508,10/28/1994,1.513392806,1.53125,1.491071463,1.504464269,1.287298322,68331200
3509,10/31/1994,1.5,1.549107194,1.482142806,1.542410731,1.319766998,88975600
3510,11/1/1994,1.53125,1.553013444,1.513392806,1.540178537,1.317856789,54524400
3511,11/2/1994,1.540178537,1.544642806,1.477678537,1.477678537,1.264378905,54686800
3512,11/3/1994,1.491071463,1.5,1.464285731,1.482142806,1.268198609,27630400
3513,11/4/1994,1.482142806,1.486607194,1.428571463,1.441964269,1.233819962,48011600
3514,11/7/1994,1.441964269,1.473214269,1.433035731,1.455357194,1.245279312,28260400
3515,11/8/1994,1.450892806,1.522321463,1.4375,1.508928537,1.291118383,87242400
3516,11/9/1994,1.526785731,1.535714269,1.464285731,1.486607194,1.27201879,101584000
3517,11/10/1994,1.491071463,1.495535731,1.464285731,1.475446463,1.262469053,38245200
3518,11/11/1994,1.473214269,1.482142806,1.464285731,1.46875,1.256739497,15568000
3519,11/14/1994,1.473214269,1.526785731,1.473214269,1.517857194,1.298757792,34907600
3520,11/15/1994,1.517857194,1.535714269,1.473214269,1.477678537,1.264378905,41904800
3521,11/16/1994,1.455357194,1.484375,1.450892806,1.462053537,1.251009107,46849600
3522,11/17/1994,1.459821463,1.464285731,1.424107194,1.428571463,1.222360492,37609600
3523,11/18/1994,1.428571463,1.446428537,1.415178537,1.428571463,1.226042151,36758400
3524,11/21/1994,1.428571463,1.4375,1.357142806,1.361607194,1.168571472,50649200
3525,11/22/1994,1.348214269,1.397321463,1.330357194,1.334821463,1.145583153,56084000
3526,11/23/1994,1.321428537,1.352678537,1.299107194,1.316964269,1.130257726,81953200
3527,11/25/1994,1.316964269,1.348214269,1.3125,1.348214269,1.157077074,21056000
3528,11/28/1994,1.34375,1.366071463,1.332589269,1.350446463,1.158993006,34669600
3529,11/29/1994,1.357142806,1.375,1.348214269,1.366071463,1.17240274,36033200
3530,11/30/1994,1.370535731,1.40625,1.321428537,1.330357194,1.141751647,78008000
3531,12/1/1994,1.321428537,1.34375,1.285714269,1.292410731,1.109184623,77330400
3532,12/2/1994,1.303571463,1.3125,1.272321463,1.305803537,1.120679021,43064000
3533,12/5/1994,1.303571463,1.334821463,1.290178537,1.328125,1.139835954,45068800
3534,12/6/1994,1.321428537,1.370535731,1.316964269,1.341517806,1.151329875,59522400
3535,12/7/1994,1.339285731,1.350446463,1.287946463,1.308035731,1.122595072,34325200
3536,12/8/1994,1.316964269,1.321428537,1.276785731,1.28125,1.099606395,42464800
3537,12/9/1994,1.28125,1.299107194,1.241071463,1.294642806,1.111100554,65181200
3538,12/12/1994,1.299107194,1.3125,1.267857194,1.303571463,1.118763566,56019600
3539,12/13/1994,1.308035731,1.319196463,1.294642806,1.299107194,1.114931822,29800400
3540,12/14/1994,1.303571463,1.361607194,1.303571463,1.352678537,1.160908461,77856800
3541,12/15/1994,1.357142806,1.370535731,1.316964269,1.325892806,1.137920141,56898800
3542,12/16/1994,1.330357194,1.348214269,1.3125,1.330357194,1.141751647,44945600
3543,12/19/1994,1.330357194,1.40625,1.330357194,1.397321463,1.199222326,83204800
3544,12/20/1994,1.397321463,1.401785731,1.370535731,1.375,1.180065632,43786400
3545,12/21/1994,1.352678537,1.375,1.339285731,1.370535731,1.176234365,39359600
3546,12/22/1994,1.375,1.388392806,1.366071463,1.379464269,1.183896542,33269600
3547,12/23/1994,1.375,1.40625,1.375,1.388392806,1.191559553,23472400
3548,12/27/1994,1.401785731,1.419642806,1.388392806,1.397321463,1.199222326,20479200
3549,12/28/1994,1.397321463,1.401785731,1.366071463,1.397321463,1.199222326,22290800
3550,12/29/1994,1.401785731,1.424107194,1.397321463,1.410714269,1.210716486,30335200
3551,12/30/1994,1.40625,1.424107194,1.383928537,1.392857194,1.19539094,18272800
3552,1/3/1995,1.388392806,1.388392806,1.352678537,1.370535731,1.176234365,25967200
3553,1/4/1995,1.379464269,1.415178537,1.379464269,1.40625,1.206885219,39670400
3554,1/5/1995,1.401785731,1.40625,1.383928537,1.388392806,1.191559553,18410000
3555,1/6/1995,1.486607194,1.540178537,1.46875,1.5,1.287344217,269155600
3556,1/9/1995,1.486607194,1.495535731,1.464285731,1.471540213,1.262919188,68521600
3557,1/10/1995,1.473214269,1.571428537,1.473214269,1.560267806,1.339067936,153697600
3558,1/11/1995,1.5625,1.716517806,1.524553537,1.669642806,1.432936907,218456000
3559,1/12/1995,1.647321463,1.65625,1.598214269,1.620535731,1.390791535,137944800
3560,1/13/1995,1.647321463,1.647321463,1.584821463,1.602678537,1.375465751,87844400
3561,1/16/1995,1.602678537,1.616071463,1.580357194,1.589285731,1.363971949,47244400
3562,1/17/1995,1.589285731,1.625,1.575892806,1.607142806,1.379297256,82527200
3563,1/18/1995,1.607142806,1.629464269,1.598214269,1.629464269,1.398454189,31914400
3564,1/19/1995,1.625,1.642857194,1.607142806,1.638392806,1.406117201,78573600
3565,1/20/1995,1.678571463,1.678571463,1.517857194,1.522321463,1.306501031,250090400
3566,1/23/1995,1.495535731,1.522321463,1.464285731,1.508928537,1.295007229,99635200
3567,1/24/1995,1.508928537,1.513392806,1.477678537,1.486607194,1.275850534,54524400
3568,1/25/1995,1.410714269,1.5,1.410714269,1.463727713,1.256214142,129267600
3569,1/26/1995,1.459821463,1.482142806,1.401785731,1.410714269,1.210716486,61597200
3570,1/27/1995,1.424107194,1.441964269,1.392857194,1.424107194,1.222210884,74642400
3571,1/30/1995,1.433035731,1.446428537,1.424107194,1.433035731,1.229873538,57646400
3572,1/31/1995,1.446428537,1.459821463,1.428571463,1.441964269,1.237536311,53194400
3573,2/1/1995,1.455357194,1.455357194,1.424107194,1.433035731,1.229873538,39592000
3574,2/2/1995,1.433035731,1.495535731,1.433035731,1.486607194,1.275850534,50895600
3575,2/3/1995,1.5,1.504464269,1.441964269,1.446428537,1.241368175,79802800
3576,2/6/1995,1.455357194,1.455357194,1.410714269,1.446428537,1.241368175,60757200
3577,2/7/1995,1.441964269,1.464285731,1.428571463,1.457589269,1.250946164,50400000
3578,2/8/1995,1.464285731,1.513392806,1.459821463,1.511160731,1.296922565,100716000
3579,2/9/1995,1.504464269,1.566964269,1.504464269,1.558035731,1.337152243,118848800
3580,2/10/1995,1.558035731,1.578125,1.549107194,1.5625,1.340983391,87740800
3581,2/13/1995,1.553571463,1.589285731,1.544642806,1.5625,1.344675183,70842800
3582,2/14/1995,1.5625,1.575892806,1.522321463,1.533482194,1.319702744,41403600
3583,2/15/1995,1.544642806,1.553571463,1.517857194,1.520089269,1.308177114,46118800
3584,2/16/1995,1.540178537,1.544642806,1.522321463,1.542410731,1.327386856,54695200
3585,2/17/1995,1.53125,1.535714269,1.517857194,1.517857194,1.306255937,30447200
3586,2/21/1995,1.522321463,1.526785731,1.459821463,1.464285731,1.260153055,75395600
3587,2/22/1995,1.450892806,1.464285731,1.433035731,1.457589269,1.254390478,73354400
3588,2/23/1995,1.46875,1.495535731,1.428571463,1.435267806,1.23518002,78677200
3589,2/24/1995,1.433035731,1.441964269,1.375,1.392857194,1.198682189,142203600
3590,2/27/1995,1.366071463,1.392857194,1.361049056,1.366071463,1.175630927,67202800
3591,2/28/1995,1.375,1.424107194,1.357142806,1.410714269,1.214049816,55742400
3592,3/1/1995,1.419642806,1.433035731,1.407924056,1.428571463,1.229417682,56112000
3593,3/2/1995,1.433035731,1.455357194,1.419642806,1.428571463,1.229417682,67186000
3594,3/3/1995,1.419642806,1.453125,1.410714269,1.4375,1.237101436,36442000
3595,3/6/1995,1.419642806,1.428571463,1.410714269,1.419642806,1.221733689,33180000
3596,3/7/1995,1.424107194,1.424107194,1.366071463,1.368303537,1.177551389,37696400
3597,3/8/1995,1.383928537,1.433035731,1.348214269,1.412946463,1.215970874,91218400
3598,3/9/1995,1.424107194,1.441964269,1.40625,1.419642806,1.221733689,49170800
3599,3/10/1995,1.415178537,1.441964269,1.40625,1.410714269,1.214049816,34353200
3600,3/13/1995,1.415178537,1.415178537,1.357142806,1.361607194,1.171788812,81438000
3601,3/14/1995,1.366071463,1.366071463,1.232142806,1.25,1.075740337,181966400
3602,3/15/1995,1.267857194,1.294642806,1.245535731,1.25,1.075740337,182742000
3603,3/16/1995,1.258928537,1.285714269,1.25,1.258928537,1.083424211,79184000
3604,3/17/1995,1.267857194,1.267857194,1.245535731,1.254464269,1.079582572,53911200
3605,3/20/1995,1.254464269,1.272321463,1.25,1.258928537,1.083424211,47471200
3606,3/21/1995,1.267857194,1.3125,1.258928537,1.294642806,1.114159703,76342000
3607,3/22/1995,1.294642806,1.410714269,1.294642806,1.359375,1.169867754,119786800
3608,3/23/1995,1.352678537,1.357142806,1.320870519,1.325892806,1.141052842,42523600
3609,3/24/1995,1.334821463,1.352678537,1.330357194,1.348214269,1.160262585,32029200
3610,3/27/1995,1.34375,1.34375,1.308035731,1.328125,1.142974138,35700000
3611,3/28/1995,1.294642806,1.297991037,1.21875,1.227678537,1.056530714,172449200
3612,3/29/1995,1.214285731,1.245535731,1.209821463,1.227678537,1.056530714,124219200
3613,3/30/1995,1.236607194,1.267857194,1.232142806,1.263392806,1.087266207,68353600
3614,3/31/1995,1.254464269,1.272321463,1.241071463,1.258928537,1.083424211,45810800
3615,4/3/1995,1.267857194,1.276785731,1.254464269,1.267857194,1.091108084,38575600
3616,4/4/1995,1.276785731,1.28125,1.200892806,1.209821463,1.041163206,107049600
3617,4/5/1995,1.21875,1.241071463,1.205357194,1.241071463,1.068056583,66214400
3618,4/6/1995,1.330357194,1.357142806,1.268973231,1.3125,1.129527569,180706400
3619,4/7/1995,1.321428537,1.325892806,1.294642806,1.3125,1.129527569,73931200
3620,4/10/1995,1.316964269,1.321428537,1.290178537,1.308035731,1.125685692,29450400
3621,4/11/1995,1.3125,1.352678537,1.308035731,1.348214269,1.160262585,53628400
3622,4/12/1995,1.366071463,1.415178537,1.334821463,1.392857194,1.198682189,118678000
3623,4/13/1995,1.401785731,1.401785731,1.352678537,1.366071463,1.175630927,43590400
3624,4/17/1995,1.361607194,1.40625,1.352678537,1.370535731,1.179472566,52203200
3625,4/18/1995,1.375,1.379464269,1.339285731,1.339285731,1.152578831,57783600
3626,4/19/1995,1.339285731,1.339285731,1.272321463,1.299107194,1.118001819,69857200
3627,4/20/1995,1.325892806,1.375,1.308035731,1.34375,1.156421185,82376000
3628,4/21/1995,1.330357194,1.410714269,1.325892806,1.397321463,1.202523947,166656000
3629,4/24/1995,1.392857194,1.415178537,1.375,1.392857194,1.198682189,68059600
3630,4/25/1995,1.397321463,1.40625,1.330357194,1.348214269,1.160262585,68409600
3631,4/26/1995,1.34375,1.383928537,1.334821463,1.366071463,1.175630927,57610000
3632,4/27/1995,1.375,1.375,1.348214269,1.352678537,1.1641047,34966400
3633,4/28/1995,1.357142806,1.370535731,1.339285731,1.366071463,1.175630927,48829200
3634,5/1/1995,1.366071463,1.383928537,1.357142806,1.366071463,1.175630927,44489200
3635,5/2/1995,1.366071463,1.370535731,1.339285731,1.361607194,1.171788812,30002000
3636,5/3/1995,1.366071463,1.379464269,1.357142806,1.361607194,1.171788812,42196000
3637,5/4/1995,1.366071463,1.424107194,1.357142806,1.375,1.183314443,75910800
3638,5/5/1995,1.383928537,1.397321463,1.361607194,1.388392806,1.194840312,52001600
3639,5/8/1995,1.424107194,1.464285731,1.419642806,1.446428537,1.244785666,96742800
3640,5/9/1995,1.450892806,1.477678537,1.428571463,1.473214269,1.267836928,80732400
3641,5/10/1995,1.482142806,1.495535731,1.455357194,1.479910731,1.273599505,68768000
3642,5/11/1995,1.486607194,1.486607194,1.441964269,1.464285731,1.260153055,130905600
3643,5/12/1995,1.459821463,1.560267806,1.446428537,1.558035731,1.340833545,161988400
3644,5/15/1995,1.540178537,1.5625,1.517857194,1.558035731,1.340833545,98338800
3645,5/16/1995,1.540178537,1.584821463,1.517857194,1.5625,1.344675183,83129200
3646,5/17/1995,1.5625,1.584821463,1.553571463,1.571428537,1.352359295,65786000
3647,5/18/1995,1.575892806,1.575892806,1.544642806,1.549107194,1.333149791,92892800
3648,5/19/1995,1.53125,1.5625,1.522321463,1.526785731,1.313940167,80648400
3649,5/22/1995,1.517857194,1.575892806,1.508928537,1.575892806,1.35620141,92971200
3650,5/23/1995,1.575892806,1.584821463,1.553571463,1.566964269,1.348517179,69165600
3651,5/24/1995,1.5625,1.580357194,1.53125,1.553571463,1.336991429,66166800
3652,5/25/1995,1.544642806,1.571428537,1.535714269,1.549107194,1.333149791,45715600
3653,5/26/1995,1.535714269,1.540178537,1.508928537,1.524553537,1.315662384,28638400
3654,5/30/1995,1.522321463,1.53125,1.482142806,1.5,1.294473648,49095200
3655,5/31/1995,1.504464269,1.504464269,1.464285731,1.484375,1.280989289,39883200
3656,6/1/1995,1.495535731,1.517857194,1.491071463,1.506696463,1.300252676,46681600
3657,6/2/1995,1.495535731,1.513392806,1.482142806,1.504464269,1.298326015,26423600
3658,6/5/1995,1.513392806,1.553571463,1.504464269,1.553571463,1.340704679,63663600
3659,6/6/1995,1.558035731,1.584821463,1.553571463,1.571428537,1.356115103,78817200
3660,6/7/1995,1.575892806,1.575892806,1.540178537,1.540178537,1.329146743,31130400
3661,6/8/1995,1.549107194,1.549107194,1.504464269,1.533482194,1.323367715,34034000
3662,6/9/1995,1.558035731,1.5625,1.540178537,1.553571463,1.340704679,46656400
3663,6/12/1995,1.571428537,1.589285731,1.566964269,1.577566981,1.361411929,53029200
3664,6/13/1995,1.589285731,1.59375,1.566964269,1.571428537,1.356115103,31486000
3665,6/14/1995,1.566964269,1.566964269,1.549107194,1.558035731,1.344557285,29512000
3666,6/15/1995,1.558035731,1.5625,1.549107194,1.558035731,1.344557285,23189600
3667,6/16/1995,1.566964269,1.571428537,1.553571463,1.566964269,1.352262378,22302000
3668,6/19/1995,1.566964269,1.616071463,1.553571463,1.584821463,1.367672801,117384400
3669,6/20/1995,1.642857194,1.705357194,1.642857194,1.691964269,1.460134864,184632000
3670,6/21/1995,1.700892806,1.790178537,1.669642806,1.763392806,1.521776795,156503200
3671,6/22/1995,1.75,1.772321463,1.736607194,1.754464269,1.514071584,118479200
3672,6/23/1995,1.741071463,1.75,1.705357194,1.741071463,1.502514124,57990800
3673,6/26/1995,1.723214269,1.732142806,1.700892806,1.71875,1.483251214,38194800
3674,6/27/1995,1.691964269,1.723214269,1.65625,1.65625,1.429314494,54275200
3675,6/28/1995,1.642857194,1.696428537,1.620535731,1.665178537,1.437019706,66589600
3676,6/29/1995,1.65625,1.71875,1.642857194,1.6875,1.456282616,58139200
3677,6/30/1995,1.6875,1.709821463,1.647321463,1.658482194,1.431240678,41372800
3678,7/3/1995,1.660714269,1.683035731,1.651785731,1.676339269,1.44665122,9847600
3679,7/5/1995,1.674107194,1.709821463,1.660714269,1.660714269,1.433166981,44265200
3680,7/6/1995,1.660714269,1.678571463,1.633928537,1.678571463,1.448577523,46023600
3681,7/7/1995,1.674107194,1.758928537,1.669642806,1.736607194,1.49866116,96779200
3682,7/10/1995,1.736607194,1.78125,1.71875,1.736607194,1.49866116,74482800
3683,7/11/1995,1.705357194,1.736607194,1.680803537,1.683035731,1.452430129,53673200
3684,7/12/1995,1.6875,1.714285731,1.647321463,1.678571463,1.448577523,70952000
3685,7/13/1995,1.691964269,1.741071463,1.683035731,1.700892806,1.467840552,88082400
3686,7/14/1995,1.691964269,1.75,1.678571463,1.741071463,1.502514124,69482000
3687,7/17/1995,1.745535731,1.776785731,1.736607194,1.75,1.510218859,56540400
3688,7/18/1995,1.75,1.770089269,1.705357194,1.71875,1.483251214,63658000
3689,7/19/1995,1.678571463,1.714285731,1.607142806,1.625,1.402346373,130258800
3690,7/20/1995,1.642857194,1.691964269,1.607142806,1.680803537,1.450503826,82818400
3691,7/21/1995,1.535714269,1.602678537,1.535714269,1.5625,1.348409534,189470400
3692,7/24/1995,1.571428537,1.625,1.5625,1.620535731,1.398493528,53656400
3693,7/25/1995,1.642857194,1.65625,1.629464269,1.633928537,1.410051346,65881200
3694,7/26/1995,1.651785731,1.651785731,1.620535731,1.620535731,1.398493528,42862400
3695,7/27/1995,1.625,1.696428537,1.625,1.671875,1.442798376,81295200
3696,7/28/1995,1.669642806,1.6875,1.607142806,1.625,1.402346373,65234400
3697,7/31/1995,1.625,1.629464269,1.598214269,1.607142806,1.386935592,39631200
3698,8/1/1995,1.602678537,1.602678537,1.553571463,1.553571463,1.340704679,52729600
3699,8/2/1995,1.566964269,1.607142806,1.5625,1.584821463,1.367672801,68782000
3700,8/3/1995,1.575892806,1.629464269,1.566964269,1.607142806,1.386935592,53482800
3701,8/4/1995,1.607142806,1.611607194,1.5625,1.580357194,1.363820434,48078800
3702,8/7/1995,1.575892806,1.59375,1.540178537,1.549107194,1.336852193,48440000
3703,8/8/1995,1.558035731,1.5625,1.513392806,1.517857194,1.309883714,58648800
3704,8/9/1995,1.522321463,1.5625,1.517857194,1.540178537,1.329146743,92254400
3705,8/10/1995,1.540178537,1.544642806,1.522321463,1.526785731,1.317588925,41006000
3706,8/11/1995,1.53125,1.540178537,1.495535731,1.537946463,1.327220559,51732800
3707,8/14/1995,1.535714269,1.5625,1.53125,1.549107194,1.336852193,41851600
3708,8/15/1995,1.566964269,1.575892806,1.540178537,1.573660731,1.358041048,79466800
3709,8/16/1995,1.571428537,1.589285731,1.558035731,1.589285731,1.375274777,73158400
3710,8/17/1995,1.59375,1.625,1.575892806,1.59375,1.379137516,61723200
3711,8/18/1995,1.602678537,1.611607194,1.5625,1.602678537,1.386863828,60289600
3712,8/21/1995,1.602678537,1.620535731,1.575892806,1.575892806,1.363685608,67944800
3713,8/22/1995,1.584821463,1.611607194,1.575892806,1.598214269,1.383000851,54261200
3714,8/23/1995,1.602678537,1.638392806,1.59375,1.625,1.406179667,63450800
3715,8/24/1995,1.629464269,1.651785731,1.625,1.633928537,1.413905859,71982400
3716,8/25/1995,1.638392806,1.638392806,1.59375,1.598214269,1.383000851,33586000
3717,8/28/1995,1.602678537,1.607142806,1.535714269,1.535714269,1.328917027,60760000
3718,8/29/1995,1.535714269,1.544642806,1.517857194,1.540178537,1.332780123,79265200
3719,8/30/1995,1.544642806,1.5625,1.540178537,1.549107194,1.340506434,38368400
3720,8/31/1995,1.549107194,1.553571463,1.535714269,1.535714269,1.328917027,21966000
3721,9/1/1995,1.535714269,1.553571463,1.53125,1.533482194,1.326985121,24595200
3722,9/5/1995,1.553571463,1.553571463,1.526785731,1.553571463,1.344369531,44993200
3723,9/6/1995,1.566964269,1.577566981,1.553571463,1.5625,1.352095485,50190000
3724,9/7/1995,1.571428537,1.618303537,1.5625,1.598214269,1.383000851,65581600
3725,9/8/1995,1.598214269,1.602678537,1.589285731,1.598214269,1.383000851,43694000
3726,9/11/1995,1.602678537,1.625,1.580357194,1.580357194,1.367548466,43122800
3727,9/12/1995,1.589285731,1.602678537,1.522321463,1.533482194,1.326985121,81564000
3728,9/13/1995,1.53125,1.549107194,1.5,1.513392806,1.309601545,80687600
3729,9/14/1995,1.477678537,1.486607194,1.419642806,1.428571463,1.236202002,137639600
3730,9/15/1995,1.334821463,1.424107194,1.267857194,1.28125,1.108718753,302990800
3731,9/18/1995,1.299107194,1.314732194,1.28125,1.310267806,1.133828759,155372000
3732,9/19/1995,1.3125,1.325892806,1.290178537,1.3125,1.135760307,122505600
3733,9/20/1995,1.330357194,1.334821463,1.303571463,1.308035731,1.131897449,80452400
3734,9/21/1995,1.303571463,1.339285731,1.299107194,1.321428537,1.143486738,86833600
3735,9/22/1995,1.316964269,1.330357194,1.299107194,1.323660731,1.145418406,99660400
3736,9/25/1995,1.366071463,1.366629481,1.334821463,1.33984375,1.159421802,78803200
3737,9/26/1995,1.348214269,1.352678537,1.325892806,1.334821463,1.155076027,62725600
3738,9/27/1995,1.339285731,1.339285731,1.241071463,1.294642806,1.120308042,112809200
3739,9/28/1995,1.303571463,1.352678537,1.303571463,1.348214269,1.166665316,82796000
3740,9/29/1995,1.357142806,1.366071463,1.316964269,1.330357194,1.151212931,70854000
3741,10/2/1995,1.348214269,1.375,1.339285731,1.34375,1.162802339,98000000
3742,10/3/1995,1.361607194,1.375,1.325892806,1.34375,1.162802339,72455600
3743,10/4/1995,1.308035731,1.321428537,1.285714269,1.299107194,1.124171138,66693200
3744,10/5/1995,1.294642806,1.308035731,1.28125,1.303571463,1.128034234,61017600
3745,10/6/1995,1.3125,1.321428537,1.272321463,1.274553537,1.102924109,77260400
3746,10/9/1995,1.263392806,1.276785731,1.227678537,1.243303537,1.075881839,93142000
3747,10/10/1995,1.227678537,1.25,1.200892806,1.238839269,1.072018623,100066400
3748,10/11/1995,1.258928537,1.272321463,1.21875,1.245535731,1.077813625,83218800
3749,10/12/1995,1.25,1.263392806,1.241071463,1.261160731,1.091334462,40513200
3750,10/13/1995,1.276785731,1.316964269,1.267857194,1.285714269,1.112581372,58797200
3751,10/16/1995,1.294642806,1.321428537,1.28125,1.290178537,1.11644423,45516800
3752,10/17/1995,1.303571463,1.316964269,1.28125,1.308035731,1.131897449,44654400
3753,10/18/1995,1.321428537,1.412946463,1.3125,1.334821463,1.155076027,128100000
3754,10/19/1995,1.28125,1.290178537,1.241071463,1.241071463,1.07395041,236224800
3755,10/20/1995,1.258928537,1.258928537,1.236607194,1.254464269,1.085539579,96583200
3756,10/23/1995,1.254464269,1.254464269,1.241071463,1.254464269,1.085539579,49450800
3757,10/24/1995,1.267857194,1.267857194,1.245535731,1.254464269,1.085539579,53373600
3758,10/25/1995,1.258928537,1.263392806,1.241071463,1.241071463,1.07395041,33325600
3759,10/26/1995,1.245535731,1.25,1.232142806,1.245535731,1.077813625,31466400
3760,10/27/1995,1.245535731,1.245535731,1.21875,1.241071463,1.07395041,38553200
3761,10/30/1995,1.245535731,1.258928537,1.236607194,1.258928537,1.089402556,43909600
3762,10/31/1995,1.258928537,1.308035731,1.254464269,1.296875,1.122239351,72304400
3763,11/1/1995,1.308035731,1.325892806,1.267857194,1.308035731,1.131897449,48308400
3764,11/2/1995,1.316964269,1.316964269,1.294642806,1.308035731,1.131897449,38189200
3765,11/3/1995,1.3125,1.316964269,1.28125,1.303571463,1.128034234,44858800
3766,11/6/1995,1.303571463,1.383928537,1.299107194,1.361607194,1.178254843,77943600
3767,11/7/1995,1.348214269,1.446428537,1.339285731,1.415178537,1.224611998,184097200
3768,11/8/1995,1.419642806,1.464285731,1.383928537,1.388392806,1.201433659,89706400
3769,11/9/1995,1.419642806,1.428571463,1.388392806,1.40625,1.216886163,65027200
3770,11/10/1995,1.40625,1.4375,1.388392806,1.419642806,1.228475571,55778800
3771,11/13/1995,1.4375,1.473214269,1.428571463,1.459821463,1.263243556,79343600
3772,11/14/1995,1.464285731,1.517857194,1.464285731,1.482142806,1.282559514,101819200
3773,11/15/1995,1.5,1.5,1.433035731,1.464285731,1.267106652,62034000
3774,11/16/1995,1.459821463,1.482142806,1.410714269,1.426339269,1.234270096,56557200
3775,11/17/1995,1.428571463,1.441964269,1.419642806,1.433035731,1.240064859,32132800
3776,11/20/1995,1.4375,1.4375,1.375,1.379464269,1.193707466,37114000
3777,11/21/1995,1.383928537,1.383928537,1.352678537,1.379464269,1.197431326,47902400
3778,11/22/1995,1.379464269,1.401785731,1.375,1.379464269,1.197431326,24701600
3779,11/24/1995,1.388392806,1.441964269,1.383928537,1.435267806,1.245870709,27487600
3780,11/27/1995,1.450892806,1.450892806,1.40625,1.40625,1.220682502,28968800
3781,11/28/1995,1.40625,1.433035731,1.401785731,1.428571463,1.240058541,44072000
3782,11/29/1995,1.433035731,1.433035731,1.392857194,1.401785731,1.216807365,26317200
3783,11/30/1995,1.388392806,1.392857194,1.357142806,1.361607194,1.181930542,43713600
3784,12/1/1995,1.357142806,1.366071463,1.325892806,1.34375,1.166429639,51052400
3785,12/4/1995,1.433035731,1.433035731,1.392857194,1.410714269,1.224557519,120170400
3786,12/5/1995,1.375,1.424107194,1.366071463,1.410714269,1.224557519,90899200
3787,12/6/1995,1.419642806,1.424107194,1.370535731,1.383928537,1.201306462,50276800
3788,12/7/1995,1.383928537,1.383928537,1.352678537,1.377232194,1.195493698,35481600
3789,12/8/1995,1.383928537,1.40625,1.352678537,1.40625,1.220682502,35338800
3790,12/11/1995,1.410714269,1.415178537,1.370535731,1.379464269,1.197431326,27913200
3791,12/12/1995,1.379464269,1.379464269,1.357142806,1.357142806,1.178055406,44388400
3792,12/13/1995,1.366071463,1.392857194,1.3125,1.370535731,1.189680815,171225600
3793,12/14/1995,1.388392806,1.40625,1.357142806,1.366071463,1.185805559,83375600
3794,12/15/1995,1.267857194,1.308035731,1.227678537,1.258928537,1.092801452,181720000
3795,12/18/1995,1.254464269,1.258928537,1.138392806,1.151785731,0.999797046,166633600
3796,12/19/1995,1.169642806,1.1875,1.151785731,1.169642806,1.015297771,107716000
3797,12/20/1995,1.196428537,1.200892806,1.160714269,1.165178537,1.011422634,91434000
3798,12/21/1995,1.169642806,1.169642806,1.129464269,1.160714269,1.007547259,83218800
3799,12/22/1995,1.165178537,1.174107194,1.147321463,1.151785731,0.999797046,58665600
3800,12/26/1995,1.160714269,1.160714269,1.133928537,1.145089269,0.99398464,34876800
3801,12/27/1995,1.147321463,1.191964269,1.138392806,1.15625,1.003672242,67141200
3802,12/28/1995,1.147321463,1.169642806,1.138392806,1.142857194,0.992046773,62498800
3803,12/29/1995,1.142857194,1.15625,1.129464269,1.138392806,0.988171935,76034000
3804,1/2/1996,1.151785731,1.151785731,1.133928537,1.147321463,0.995922029,34823600
3805,1/3/1996,1.142857194,1.174107194,1.138392806,1.147321463,0.995922029,107458400
3806,1/4/1996,1.15625,1.15625,1.120535731,1.127232194,0.978483438,75045600
3807,1/5/1996,1.129464269,1.223214269,1.120535731,1.223214269,1.061799884,111482000
3808,1/8/1996,1.232142806,1.267857194,1.214285731,1.236607194,1.073425174,30335200
3809,1/9/1996,1.236607194,1.236607194,1.169642806,1.169642806,1.015297771,62804000
3810,1/10/1996,1.160714269,1.241071463,1.151785731,1.223214269,1.061799884,91358400
3811,1/11/1996,1.165178537,1.25,1.15625,1.25,1.08505106,189184800
3812,1/12/1996,1.241071463,1.241071463,1.1875,1.209821463,1.050174356,100464000
3813,1/15/1996,1.205357194,1.232142806,1.191964269,1.21875,1.057924867,90770400
3814,1/16/1996,1.227678537,1.241071463,1.200892806,1.234375,1.071487904,88228000
3815,1/17/1996,1.227678537,1.227678537,1.205357194,1.214285731,1.054049611,59102400
3816,1/18/1996,1.174107194,1.191964269,1.084821463,1.140625,0.990109086,174596800
3817,1/19/1996,1.107142806,1.133928537,1.049107194,1.066964269,0.926168621,207306400
3818,1/22/1996,1.0625,1.107142806,1.044642806,1.089285731,0.945544422,124936000
3819,1/23/1996,1.205357194,1.214285731,1.107142806,1.129464269,0.980421066,247072000
3820,1/24/1996,1.147321463,1.151785731,1.133928537,1.151785731,0.999797046,163973600
3821,1/25/1996,1.133928537,1.142857194,1.075892806,1.080357194,0.937794089,111300000
3822,1/26/1996,1.084821463,1.116071463,1.022321463,1.09375,0.949419677,183937600
3823,1/29/1996,1.035714269,1.0625,1.026785731,1.040178537,0.902917445,83148800
3824,1/30/1996,0.964285731,1.004464269,0.959263384,0.975446403,0.846727312,155710800
3825,1/31/1996,0.991071403,1,0.977678597,0.986607134,0.856415212,82014800
3826,2/1/1996,0.982142866,1.013392806,0.982142866,1.013392806,0.879666328,83260800
3827,2/2/1996,1.03125,1.058035731,1.026785731,1.044642806,0.906792641,138994800
3828,2/5/1996,1.060267806,1.0625,1.035714269,1.044642806,0.906792641,79682400
3829,2/6/1996,1.044642806,1.071428537,1.044642806,1.058035731,0.918418169,56554400
3830,2/7/1996,1.0625,1.0625,0.991071403,1.008928537,0.875791013,90081600
3831,2/8/1996,0.982142866,1.004464269,0.982142866,0.995535731,0.864165604,65791600
3832,2/9/1996,0.995535731,1.017857194,0.986607134,0.991071403,0.860290468,51422000
3833,2/12/1996,1.004464269,1.017857194,1,1.013392806,0.879666328,48568800
3834,2/13/1996,1,1.03125,0.995535731,1.004464269,0.871915936,57125600
3835,2/14/1996,1.008928537,1.008928537,0.979910731,0.986607134,0.856415212,40796000
3836,2/15/1996,0.986607134,1.004464269,0.977678597,1,0.86804074,30520000
3837,2/16/1996,1.004464269,1.013392806,0.982142866,0.982142866,0.852540016,39110400
3838,2/20/1996,1,1.053571463,1,1.035714269,0.89904213,94228400
3839,2/21/1996,1.049107194,1.0625,1.040178537,1.058035731,0.918418169,55459600
3840,2/22/1996,1.071428537,1.075892806,1.058035731,1.066964269,0.926168621,46046000
3841,2/23/1996,1.066964269,1.080357194,1.058035731,1.066964269,0.926168621,43321600
3842,2/26/1996,1.071428537,1.075892806,1.053571463,1.053571463,0.914542913,29570800
3843,2/27/1996,1.066964269,1.066964269,1.017857194,1.022321463,0.887416601,37290400
3844,2/28/1996,1.03125,1.03125,0.986607134,0.991071403,0.860290468,46978400
3845,2/29/1996,0.982142866,0.991071403,0.973214269,0.982142866,0.852540016,28221200
3846,3/1/1996,0.986607134,0.986607134,0.950892866,0.959821403,0.833164096,57783600
3847,3/4/1996,0.973214269,0.977678597,0.9375,0.9375,0.813788235,46888800
3848,3/5/1996,0.946428597,0.955357134,0.9375,0.950892866,0.825413823,29610000
3849,3/6/1996,0.955357134,0.959821403,0.933035731,0.935267866,0.811850667,24763200
3850,3/7/1996,0.9375,0.941964269,0.90625,0.921875,0.800225139,65016000
3851,3/8/1996,0.919642866,0.9375,0.892857134,0.928571403,0.806037962,37251200
3852,3/11/1996,0.9375,0.941964269,0.919642866,0.924107134,0.802162826,31752000
3853,3/12/1996,0.928571403,0.941964269,0.915178597,0.921875,0.800225139,24038000
3854,3/13/1996,0.924107134,0.933035731,0.915178597,0.919642866,0.79828763,24920000
3855,3/14/1996,0.924107134,0.924107134,0.910714269,0.915178597,0.794412553,23340800
3856,3/15/1996,0.928571403,0.928571403,0.910714269,0.924107134,0.802162826,25345600
3857,3/18/1996,0.926339269,0.933035731,0.919642866,0.933035731,0.809913218,27283200
3858,3/19/1996,0.941964269,0.946428597,0.915178597,0.919642866,0.79828763,31091200
3859,3/20/1996,0.919642866,0.919642866,0.897321403,0.901785731,0.782786787,28996800
3860,3/21/1996,0.910714269,0.910714269,0.892857134,0.897321403,0.778911591,27496000
3861,3/22/1996,0.901785731,0.90625,0.888392866,0.90625,0.786662042,26891200
3862,3/25/1996,0.910714269,0.919642866,0.857142866,0.857142866,0.744035006,41092800
3863,3/26/1996,0.857142866,0.875,0.84375,0.852678597,0.74015981,40199600
3864,3/27/1996,0.830357134,0.901785731,0.821428597,0.901785731,0.782786787,107324000
3865,3/28/1996,0.883928597,0.915178597,0.861607134,0.863839269,0.749847829,73973200
3866,3/29/1996,0.866071403,0.883928597,0.848214269,0.877232134,0.761473417,41630400
3867,4/1/1996,0.897321403,0.924107134,0.875558019,0.910714269,0.790537238,39659200
3868,4/2/1996,0.915178597,0.915178597,0.888392866,0.892857134,0.775036275,25359600
3869,4/3/1996,0.897321403,0.897321403,0.868861616,0.877232134,0.761473417,18060000
3870,4/4/1996,0.879464269,0.879464269,0.857142866,0.861607134,0.747910142,21512400
3871,4/8/1996,0.852678597,0.875,0.848214269,0.870535731,0.755660653,42207200
3872,4/9/1996,0.888392866,0.946428597,0.870535731,0.928571403,0.806037962,58769200
3873,4/10/1996,0.933035731,0.946428597,0.924107134,0.928571403,0.806037962,43691200
3874,4/11/1996,0.933035731,0.9375,0.910714269,0.919642866,0.79828763,24567200
3875,4/12/1996,0.924107134,0.924107134,0.90625,0.910714269,0.790537238,20358800
3876,4/15/1996,0.910714269,0.919642866,0.892857134,0.919642866,0.79828763,38519600
3877,4/16/1996,0.924107134,0.928571403,0.915178597,0.924107134,0.802162826,25354000
3878,4/17/1996,0.924107134,0.928571403,0.897321403,0.901785731,0.782786787,21352800
3879,4/18/1996,0.90625,0.906808019,0.866071403,0.883928597,0.767286062,54311600
3880,4/19/1996,0.879464269,0.897321403,0.879464269,0.895089269,0.776974022,25449200
3881,4/22/1996,0.901785731,0.910714269,0.888392866,0.897321403,0.778911591,27778800
3882,4/23/1996,0.897321403,0.901785731,0.879464269,0.883928597,0.767286062,42487200
3883,4/24/1996,0.879464269,0.883928597,0.863839269,0.866071403,0.751785338,32085200
3884,4/25/1996,0.870535731,0.888392866,0.861607134,0.888392866,0.771161258,43601600
3885,4/26/1996,0.892857134,0.897321403,0.879464269,0.883928597,0.767286062,47216400
3886,4/29/1996,0.892857134,0.892857134,0.875,0.883928597,0.767286062,30262400
3887,4/30/1996,0.888392866,0.888392866,0.861607134,0.870535731,0.755660653,34165600
3888,5/1/1996,0.870535731,0.883928597,0.861607134,0.870535731,0.755660653,28176400
3889,5/2/1996,0.875,0.875,0.839285731,0.848214269,0.736284733,47076400
3890,5/3/1996,0.861607134,0.861607134,0.839285731,0.852678597,0.74015981,27115200
3891,5/6/1996,0.888392866,0.924107134,0.883928597,0.915178597,0.794412553,72371600
3892,5/7/1996,0.941964269,0.977678597,0.9375,0.959821403,0.833164096,88384800
3893,5/8/1996,0.973214269,0.973214269,0.915178597,0.955357134,0.82928896,46698400
3894,5/9/1996,0.941964269,0.946428597,0.919642866,0.933035731,0.809913218,24519600
3895,5/10/1996,0.9375,0.977678597,0.928571403,0.973214269,0.844789505,27647200
3896,5/13/1996,0.96875,0.986607134,0.950892866,0.966517866,0.838977039,46754400
3897,5/14/1996,0.991071403,1,0.982142866,0.982142866,0.852540016,49406000
3898,5/15/1996,0.995535731,1.03125,0.991071403,1.017857194,0.883541822,73091200
3899,5/16/1996,1.008928537,1.022321463,0.995535731,1.013392806,0.879666328,32519200
3900,5/17/1996,1.013392806,1.013392806,0.982142866,0.986607134,0.856415212,30825200
3901,5/20/1996,0.995535731,1.004464269,0.986607134,0.997767866,0.866103292,21128800
3902,5/21/1996,1,1.004464269,0.96875,0.96875,0.840914547,28596400
3903,5/22/1996,0.977678597,0.977678597,0.919642866,0.930803597,0.80797559,50470000
3904,5/23/1996,0.933035731,0.950892866,0.919642866,0.9375,0.813788235,31012800
3905,5/24/1996,0.9375,0.959821403,0.933035731,0.955357134,0.82928896,28310800
3906,5/28/1996,0.955357134,0.973214269,0.941964269,0.941964269,0.817663431,25463200
3907,5/29/1996,0.9375,0.9375,0.883928597,0.888392866,0.771161258,54880000
3908,5/30/1996,0.888392866,0.919642866,0.883928597,0.910714269,0.790537238,25866400
3909,5/31/1996,0.915178597,0.950892866,0.910714269,0.933035731,0.809913218,40661600
3910,6/3/1996,0.924107134,0.928571403,0.883928597,0.883928597,0.767286062,31365600
3911,6/4/1996,0.857142866,0.870535731,0.852678597,0.863839269,0.749847829,190559600
3912,6/5/1996,0.90625,0.910714269,0.866071403,0.897321403,0.778911591,127526000
3913,6/6/1996,0.892857134,0.901785731,0.861607134,0.866071403,0.751785338,90524000
3914,6/7/1996,0.857142866,0.870535731,0.839285731,0.870535731,0.755660653,66942400
3915,6/10/1996,0.870535731,0.875,0.857142866,0.861607134,0.747910142,26591600
3916,6/11/1996,0.866071403,0.866071403,0.857142866,0.857142866,0.744035006,38264800
3917,6/12/1996,0.875,0.875,0.857142866,0.866071403,0.751785338,37979200
3918,6/13/1996,0.870535731,0.890066981,0.857142866,0.879464269,0.763410985,47854800
3919,6/14/1996,0.883928597,0.883928597,0.852678597,0.854910731,0.742097557,36240400
3920,6/17/1996,0.861607134,0.861607134,0.84375,0.84375,0.732409477,28232400
3921,6/18/1996,0.84375,0.848214269,0.808035731,0.8125,0.705283284,55806800
3922,6/19/1996,0.825892866,0.834821403,0.808035731,0.825892866,0.716908634,33616800
3923,6/20/1996,0.834821403,0.834821403,0.803571403,0.8125,0.705283284,36772400
3924,6/21/1996,0.816964269,0.816964269,0.799107134,0.808035731,0.701408088,40462800
3925,6/24/1996,0.808035731,0.808035731,0.790178597,0.794642866,0.689782441,30690800
3926,6/25/1996,0.790178597,0.794642866,0.727678597,0.736607134,0.639405072,61740000
3927,6/26/1996,0.736607134,0.741071403,0.700892866,0.709821403,0.616154015,101082800
3928,6/27/1996,0.714285731,0.75,0.705357134,0.736607134,0.639405072,57310400
3929,6/28/1996,0.745535731,0.75,0.736607134,0.75,0.651030719,28921200
3930,7/1/1996,0.754464269,0.767857134,0.75,0.767857134,0.666531384,32995200
3931,7/2/1996,0.763392866,0.767857134,0.75,0.75,0.651030719,22251600
3932,7/3/1996,0.727678597,0.727678597,0.691964269,0.691964269,0.600653231,72153200
3933,7/5/1996,0.691964269,0.705357134,0.6875,0.696428597,0.604528487,26538400
3934,7/8/1996,0.700892866,0.709821403,0.678571403,0.683035731,0.59290278,47227600
3935,7/9/1996,0.696428597,0.700892866,0.678571403,0.678571403,0.589027703,46956000
3936,7/10/1996,0.683035731,0.696428597,0.669642866,0.669642866,0.581277549,42347200
3937,7/11/1996,0.669642866,0.674107134,0.620535731,0.638392866,0.554151237,72788800
3938,7/12/1996,0.65625,0.65625,0.616071403,0.645089269,0.559963703,67247600
3939,7/15/1996,0.647321403,0.647321403,0.611607134,0.613839269,0.532837629,33306000
3940,7/16/1996,0.620535731,0.620535731,0.571428597,0.602678597,0.52314955,72304400
3941,7/17/1996,0.620535731,0.625,0.59375,0.602678597,0.52314955,58399600
3942,7/18/1996,0.767857134,0.776785731,0.727120519,0.745535731,0.647155404,224263200
3943,7/19/1996,0.745535731,0.75,0.741071403,0.741071403,0.643280268,66494400
3944,7/22/1996,0.745535731,0.745535731,0.714285731,0.723214269,0.627779543,38052000
3945,7/23/1996,0.732142866,0.736607134,0.723214269,0.732142866,0.635529697,32530400
3946,7/24/1996,0.714285731,0.75,0.709821403,0.743303597,0.645217896,66018400
3947,7/25/1996,0.754464269,0.763392866,0.741071403,0.75,0.651030719,28607600
3948,7/26/1996,0.767857134,0.785714269,0.754464269,0.785714269,0.682032168,30920400
3949,7/29/1996,0.785714269,0.803571403,0.776785731,0.794642866,0.689782441,48924400
3950,7/30/1996,0.808035731,0.8125,0.758928597,0.763392866,0.662656128,47350800
3951,7/31/1996,0.758928597,0.785714269,0.758928597,0.785714269,0.682032168,23195200
3952,8/1/1996,0.785714269,0.785714269,0.754464269,0.758928597,0.658780992,27540800
3953,8/2/1996,0.772321403,0.785714269,0.758928597,0.772321403,0.670406461,31987200
3954,8/5/1996,0.772321403,0.78125,0.745535731,0.75,0.651030719,25253200
3955,8/6/1996,0.75,0.767857134,0.741071403,0.767857134,0.666531384,23396800
3956,8/7/1996,0.776785731,0.808035731,0.772321403,0.799107134,0.693657696,62115200
3957,8/8/1996,0.799107134,0.799107134,0.78125,0.790178597,0.685907483,25379200
3958,8/9/1996,0.794642866,0.834821403,0.790178597,0.825892866,0.716908634,57696800
3959,8/12/1996,0.834821403,0.84375,0.799107134,0.821428597,0.713033497,37836400
3960,8/13/1996,0.816964269,0.825892866,0.799107134,0.803571403,0.697532892,25877600
3961,8/14/1996,0.808035731,0.821428597,0.808035731,0.8125,0.705283284,17964800
3962,8/15/1996,0.808035731,0.8125,0.794642866,0.794642866,0.689782441,26905200
3963,8/16/1996,0.808035731,0.808035731,0.790178597,0.803571403,0.697532892,35439600
3964,8/19/1996,0.799107134,0.84375,0.799107134,0.84375,0.732409477,56579600
3965,8/20/1996,0.852678597,0.852678597,0.834821403,0.839285731,0.728534341,52939600
3966,8/21/1996,0.839285731,0.84375,0.816964269,0.821428597,0.713033497,28336000
3967,8/22/1996,0.821428597,0.830357134,0.816964269,0.830357134,0.720783889,21921200
3968,8/23/1996,0.821428597,0.857142866,0.821428597,0.852678597,0.74015981,50864800
3969,8/26/1996,0.852678597,0.861607134,0.839285731,0.861607134,0.747910142,22419600
3970,8/27/1996,0.861607134,0.892857134,0.857142866,0.887834847,0.77067703,72326800
3971,8/28/1996,0.888392866,0.892857134,0.875,0.888392866,0.771161258,40899600
3972,8/29/1996,0.888392866,0.888392866,0.870535731,0.875,0.75953573,26731600
3973,8/30/1996,0.883928597,0.883928597,0.866071403,0.866071403,0.751785338,26432000
3974,9/3/1996,0.861607134,0.870535731,0.852678597,0.861607134,0.747910142,17074400
3975,9/4/1996,0.852678597,0.879464269,0.852678597,0.861607134,0.747910142,25362400
3976,9/5/1996,0.839285731,0.848214269,0.816964269,0.816964269,0.709158361,69896400
3977,9/6/1996,0.825892866,0.830357134,0.808035731,0.821428597,0.713033497,60208400
3978,9/9/1996,0.808035731,0.8125,0.78125,0.785714269,0.682032168,37060800
3979,9/10/1996,0.790178597,0.790178597,0.767857134,0.767857134,0.666531384,38928400
3980,9/11/1996,0.767857134,0.776785731,0.75,0.754464269,0.654905856,36800400
3981,9/12/1996,0.75,0.754464269,0.723214269,0.727678597,0.631654739,65228800
3982,9/13/1996,0.727678597,0.758928597,0.727678597,0.75,0.651030719,41652800
3983,9/16/1996,0.767857134,0.821428597,0.763392866,0.799107134,0.693657696,61163200
3984,9/17/1996,0.816964269,0.825892866,0.803571403,0.821428597,0.713033497,52292800
3985,9/18/1996,0.821428597,0.861607134,0.816964269,0.839285731,0.728534341,88340000
3986,9/19/1996,0.84375,0.84375,0.834821403,0.834821403,0.724659026,29867600
3987,9/20/1996,0.834821403,0.839285731,0.8125,0.816964269,0.709158361,37287600
3988,9/23/1996,0.816964269,0.816964269,0.799107134,0.799107134,0.693657696,11440800
3989,9/24/1996,0.799107134,0.816964269,0.799107134,0.803571403,0.697532892,35946400
3990,9/25/1996,0.803571403,0.808035731,0.785714269,0.799107134,0.693657696,27260800
3991,9/26/1996,0.799107134,0.803571403,0.794642866,0.799107134,0.693657696,25821600
3992,9/27/1996,0.794642866,0.799107134,0.790178597,0.796875,0.691719949,20392400
3993,9/30/1996,0.790178597,0.799107134,0.790178597,0.792410731,0.687844872,21361200
3994,10/1/1996,0.785714269,0.883928597,0.785714269,0.879464269,0.763410985,134811600
3995,10/2/1996,0.84375,0.879464269,0.825892866,0.84375,0.732409477,69204800
3996,10/3/1996,0.84375,0.848214269,0.799107134,0.799107134,0.693657696,56929600
3997,10/4/1996,0.816964269,0.825892866,0.790178597,0.814732134,0.707220793,33364800
3998,10/7/1996,0.821428597,0.834821403,0.816964269,0.825892866,0.716908634,23928800
3999,10/8/1996,0.839285731,0.866071403,0.830357134,0.830357134,0.720783889,47608400
4000,10/9/1996,0.834821403,0.84375,0.816964269,0.821428597,0.713033497,21302400
4001,10/10/1996,0.852678597,0.875,0.848214269,0.863839269,0.749847829,69174000
4002,10/11/1996,0.870535731,0.879464269,0.857142866,0.866071403,0.751785338,30172800
4003,10/14/1996,0.875,0.90625,0.866071403,0.901785731,0.782786787,67421200
4004,10/15/1996,0.919642866,0.924107134,0.892857134,0.901785731,0.782786787,90764800
4005,10/16/1996,0.901785731,0.933035731,0.879464269,0.919642866,0.79828763,83686400
4006,10/17/1996,0.982142866,0.991071403,0.941964269,0.941964269,0.817663431,256656400
4007,10/18/1996,0.946428597,0.950892866,0.928571403,0.948660731,0.823476017,95664800
4008,10/21/1996,0.946428597,0.950892866,0.910714269,0.915178597,0.794412553,46902800
4009,10/22/1996,0.915178597,0.915178597,0.866071403,0.888392866,0.771161258,53429600
4010,10/23/1996,0.883928597,0.901785731,0.870535731,0.883928597,0.767286062,40014800
4011,10/24/1996,0.892857134,0.892857134,0.875,0.883928597,0.767286062,21092400
4012,10/25/1996,0.888392866,0.892857134,0.875,0.875,0.75953573,19390000
4013,10/28/1996,0.897321403,0.897321403,0.875,0.875,0.75953573,29999200
4014,10/29/1996,0.879464269,0.883928597,0.825892866,0.830357134,0.720783889,49907200
4015,10/30/1996,0.839285731,0.857142866,0.816964269,0.816964269,0.709158361,64262800
4016,10/31/1996,0.830357134,0.834821403,0.794642866,0.821428597,0.713033497,48554800
4017,11/1/1996,0.834821403,0.866071403,0.825892866,0.866071403,0.751785338,52833200
4018,11/4/1996,0.870535731,0.875,0.848214269,0.870535731,0.755660653,22817200
4019,11/5/1996,0.875,0.924107134,0.875,0.910714269,0.790537238,94528000
4020,11/6/1996,0.915178597,0.919642866,0.888392866,0.910714269,0.790537238,45077200
4021,11/7/1996,0.90625,0.928571403,0.901785731,0.924107134,0.802162826,38768800
4022,11/8/1996,0.924107134,0.9375,0.919642866,0.9375,0.813788235,47177200
4023,11/11/1996,0.941964269,0.941964269,0.924107134,0.928571403,0.806037962,23133600
4024,11/12/1996,0.933035731,0.9375,0.897321403,0.901785731,0.782786787,35739200
4025,11/13/1996,0.90625,0.924107134,0.892857134,0.912946403,0.792474687,20902000
4026,11/14/1996,0.910714269,0.919642866,0.90625,0.915178597,0.794412553,12132400
4027,11/15/1996,0.924107134,0.928571403,0.892857134,0.892857134,0.775036275,32678800
4028,11/18/1996,0.892857134,0.897321403,0.875,0.883928597,0.767286062,38208800
4029,11/19/1996,0.888392866,0.897321403,0.879464269,0.888392866,0.771161258,31108000
4030,11/20/1996,0.888392866,0.90625,0.888392866,0.892857134,0.775036275,25774000
4031,11/21/1996,0.888392866,0.892857134,0.870535731,0.875,0.75953573,17651200
4032,11/22/1996,0.875,0.901785731,0.875,0.901785731,0.782786787,25995200
4033,11/25/1996,0.90625,0.910714269,0.892857134,0.892857134,0.775036275,19737200
4034,11/26/1996,0.888392866,0.892857134,0.857142866,0.866071403,0.751785338,28246400
4035,11/27/1996,0.861607134,0.879464269,0.861607134,0.875,0.75953573,22260000
4036,11/29/1996,0.875,0.879464269,0.857142866,0.861607134,0.747910142,10572800
4037,12/2/1996,0.861607134,0.897321403,0.852678597,0.897321403,0.778911591,43744400
4038,12/3/1996,0.901785731,0.910714269,0.892857134,0.897321403,0.778911591,68882800
4039,12/4/1996,0.897321403,0.90625,0.888392866,0.892857134,0.775036275,47706400
4040,12/5/1996,0.892857134,0.901785731,0.892857134,0.892857134,0.775036275,35534800
4041,12/6/1996,0.870535731,0.90625,0.857142866,0.897321403,0.778911591,57346800
4042,12/9/1996,0.901785731,0.90625,0.886160731,0.892857134,0.775036275,39662000
4043,12/10/1996,0.888392866,0.892857134,0.866071403,0.875,0.75953573,46071200
4044,12/11/1996,0.848214269,0.866071403,0.848214269,0.857142866,0.744035006,40840800
4045,12/12/1996,0.861607134,0.866071403,0.852678597,0.852678597,0.74015981,21750400
4046,12/13/1996,0.848214269,0.852678597,0.830357134,0.830357134,0.720783889,22274000
4047,12/16/1996,0.839285731,0.839285731,0.803571403,0.808035731,0.701408088,37310000
4048,12/17/1996,0.799107134,0.803571403,0.794642866,0.803571403,0.697532892,39312000
4049,12/18/1996,0.8125,0.825892866,0.808035731,0.825892866,0.716908634,51268000
4050,12/19/1996,0.821428597,0.830357134,0.794642866,0.794642866,0.689782441,34221600
4051,12/20/1996,0.803571403,0.84375,0.763392866,0.839285731,0.728534341,136609200
4052,12/23/1996,0.857142866,0.866071403,0.830357134,0.830357134,0.720783889,83076000
4053,12/24/1996,0.830357134,0.834821403,0.816964269,0.825892866,0.716908634,14403200
4054,12/26/1996,0.830357134,0.830357134,0.816964269,0.821428597,0.713033497,21221200
4055,12/27/1996,0.816964269,0.848214269,0.816964269,0.825892866,0.716908634,34249600
4056,12/30/1996,0.825892866,0.830357134,0.776785731,0.776785731,0.674281895,65450000
4057,12/31/1996,0.763392866,0.767857134,0.741071403,0.745535731,0.647155404,95936400
4058,1/2/1997,0.754464269,0.758928597,0.741071403,0.75,0.651030719,35778400
4059,1/3/1997,0.754464269,0.794642866,0.75,0.776785731,0.674281895,29929200
4060,1/6/1997,0.629464269,0.655133903,0.616071403,0.638392866,0.554151237,470708000
4061,1/7/1997,0.647321403,0.651785731,0.625,0.625,0.54252553,244232800
4062,1/8/1997,0.651785731,0.65625,0.620535731,0.629464269,0.546400726,275032800
4063,1/9/1997,0.633928597,0.638392866,0.625,0.633928597,0.550275981,111664000
4064,1/10/1997,0.629464269,0.651785731,0.629464269,0.651785731,0.565776587,88429600
4065,1/13/1997,0.660714269,0.660714269,0.647321403,0.647321403,0.56190145,76437200
4066,1/14/1997,0.65625,0.65625,0.633928597,0.638392866,0.554151237,63943600
4067,1/15/1997,0.642857134,0.642857134,0.611607134,0.616071403,0.534775019,108273200
4068,1/16/1997,0.611607134,0.611607134,0.59375,0.598214269,0.519274414,167826400
4069,1/17/1997,0.598214269,0.611607134,0.59375,0.598214269,0.519274414,81286800
4070,1/20/1997,0.602678597,0.611607134,0.598214269,0.604910731,0.525087178,72906400
4071,1/21/1997,0.607142866,0.616071403,0.602678597,0.616071403,0.534775019,71206800
4072,1/22/1997,0.620535731,0.625,0.607142866,0.613839269,0.532837629,51405200
4073,1/23/1997,0.616071403,0.620535731,0.611607134,0.616071403,0.534775019,43086400
4074,1/24/1997,0.616071403,0.616071403,0.602678597,0.602678597,0.52314955,47070800
4075,1/27/1997,0.611607134,0.616071403,0.59375,0.59375,0.515399218,53510800
4076,1/28/1997,0.607142866,0.607142866,0.589285731,0.59375,0.515399218,52640000
4077,1/29/1997,0.59375,0.598214269,0.589285731,0.59375,0.515399218,37926000
4078,1/30/1997,0.598214269,0.598214269,0.589285731,0.598214269,0.519274414,34983200
4079,1/31/1997,0.59375,0.59375,0.589285731,0.59375,0.515399218,49907200
4080,2/3/1997,0.602678597,0.607142866,0.580357134,0.582589269,0.505711317,92027600
4081,2/4/1997,0.580357134,0.584821403,0.540178597,0.549107134,0.476647466,178161200
4082,2/5/1997,0.544642866,0.558035731,0.544642866,0.544642866,0.472772211,98621600
4083,2/6/1997,0.544642866,0.575892866,0.544642866,0.571428597,0.496023387,99876000
4084,2/7/1997,0.589285731,0.589285731,0.5625,0.564732134,0.490210533,58816800
4085,2/10/1997,0.575892866,0.575892866,0.558035731,0.558035731,0.484397829,46351200
4086,2/11/1997,0.566964269,0.571428597,0.553571403,0.560267866,0.486335486,35019600
4087,2/12/1997,0.5625,0.566964269,0.553571403,0.5625,0.488272786,44066400
4088,2/13/1997,0.5625,0.575892866,0.553571403,0.575892866,0.499898523,48958000
4089,2/14/1997,0.580357134,0.584821403,0.571428597,0.582589269,0.505711317,59312400
4090,2/18/1997,0.59375,0.638392866,0.580357134,0.638392866,0.554151237,92069600
4091,2/19/1997,0.638392866,0.638392866,0.611607134,0.629464269,0.546400726,60323200
4092,2/20/1997,0.629464269,0.629464269,0.607142866,0.607142866,0.527024806,31236800
4093,2/21/1997,0.602678597,0.607142866,0.571428597,0.584821403,0.507648885,52771600
4094,2/24/1997,0.580357134,0.602678597,0.580357134,0.59375,0.515399218,29397200
4095,2/25/1997,0.607142866,0.620535731,0.602678597,0.602678597,0.52314955,34521200
4096,2/26/1997,0.607142866,0.611607134,0.598214269,0.611607134,0.530899942,25793600
4097,2/27/1997,0.607142866,0.611607134,0.598214269,0.607142866,0.527024806,25748800
4098,2/28/1997,0.602678597,0.602678597,0.580357134,0.580357134,0.50377363,30469600
4099,3/3/1997,0.589285731,0.589285731,0.571428597,0.575892866,0.499898523,32614400
4100,3/4/1997,0.580357134,0.589285731,0.571428597,0.589285731,0.511524022,25799200
4101,3/5/1997,0.59375,0.607142866,0.589285731,0.607142866,0.527024806,24040800
4102,3/6/1997,0.607142866,0.607142866,0.589285731,0.59375,0.515399218,29072400
4103,3/7/1997,0.598214269,0.598214269,0.584821403,0.589285731,0.511524022,17654000
4104,3/10/1997,0.59375,0.598214269,0.587053597,0.59375,0.515399218,24796800
4105,3/11/1997,0.59375,0.59375,0.571428597,0.584821403,0.507648885,24626000
4106,3/12/1997,0.580357134,0.598214269,0.575892866,0.580357134,0.50377363,17749200
4107,3/13/1997,0.584821403,0.584821403,0.575892866,0.584821403,0.507648885,26272400
4108,3/14/1997,0.584821403,0.598214269,0.580357134,0.591517866,0.513461709,57604400
4109,3/17/1997,0.580357134,0.589285731,0.571428597,0.589285731,0.511524022,48188000
4110,3/18/1997,0.584821403,0.589285731,0.575892866,0.580357134,0.50377363,31768800
4111,3/19/1997,0.584821403,0.584821403,0.566964269,0.575892866,0.499898523,52057600
4112,3/20/1997,0.571428597,0.625,0.566964269,0.616071403,0.534775019,79259600
4113,3/21/1997,0.625,0.625,0.584821403,0.59375,0.515399218,34115200
4114,3/24/1997,0.589285731,0.59375,0.580357134,0.589285731,0.511524022,17805200
4115,3/25/1997,0.59375,0.59375,0.57421875,0.589285731,0.511524022,28140000
4116,3/26/1997,0.584821403,0.602678597,0.580357134,0.598214269,0.519274414,26709200
4117,3/27/1997,0.625,0.6875,0.616071403,0.665178597,0.577402174,284726400
4118,3/31/1997,0.665178597,0.691964269,0.616071403,0.651785731,0.565776587,242561200
4119,4/1/1997,0.629464269,0.636160731,0.620535731,0.625,0.54252553,55064800
4120,4/2/1997,0.638392866,0.645089269,0.629464269,0.642857134,0.558026195,55608000
4121,4/3/1997,0.660714269,0.683035731,0.651785731,0.674107134,0.585152507,137214000
4122,4/4/1997,0.683035731,0.700892866,0.678571403,0.6875,0.596778035,118812400
4123,4/7/1997,0.705357134,0.709821403,0.6875,0.696428597,0.604528487,63814800
4124,4/8/1997,0.700892866,0.700892866,0.665178597,0.683035731,0.59290278,48456800
4125,4/9/1997,0.6875,0.6875,0.674107134,0.678571403,0.589027703,61247200
4126,4/10/1997,0.678571403,0.683035731,0.660714269,0.674107134,0.585152507,29246000
4127,4/11/1997,0.674107134,0.674107134,0.647321403,0.651785731,0.565776587,19891200
4128,4/14/1997,0.65625,0.674107134,0.642857134,0.669642866,0.581277549,28089600
4129,4/15/1997,0.683035731,0.6875,0.647321403,0.658482134,0.571589351,34011600
4130,4/16/1997,0.665178597,0.678571403,0.65625,0.662946403,0.575464606,21554400
4131,4/17/1997,0.651785731,0.683035731,0.647321403,0.678571403,0.589027703,54866000
4132,4/18/1997,0.683035731,0.683035731,0.65625,0.65625,0.569651663,35361200
4133,4/21/1997,0.665178597,0.665178597,0.642857134,0.642857134,0.558026195,22288000
4134,4/22/1997,0.647321403,0.660714269,0.638392866,0.660714269,0.573527098,23662800
4135,4/23/1997,0.65625,0.660714269,0.647321403,0.647321403,0.56190145,13622000
4136,4/24/1997,0.660714269,0.660714269,0.633928597,0.638392866,0.554151237,18734800
4137,4/25/1997,0.629464269,0.638392866,0.620535731,0.625,0.54252553,21845600
4138,4/28/1997,0.633928597,0.638392866,0.625,0.629464269,0.546400726,11692800
4139,4/29/1997,0.642857134,0.642857134,0.625,0.631696403,0.548338413,12938800
4140,4/30/1997,0.607142866,0.616071403,0.598214269,0.607142866,0.527024806,64408400
4141,5/1/1997,0.602678597,0.611607134,0.598214269,0.607142866,0.527024806,18085200
4142,5/2/1997,0.607142866,0.611607134,0.598214269,0.607142866,0.527024806,25496800
4143,5/5/1997,0.607142866,0.611607134,0.598214269,0.607142866,0.527024806,24623200
4144,5/6/1997,0.607142866,0.611607134,0.598214269,0.602678597,0.52314955,20787200
4145,5/7/1997,0.602678597,0.607142866,0.584821403,0.589285731,0.511524022,28554400
4146,5/8/1997,0.59375,0.611607134,0.589285731,0.607142866,0.527024806,20734000
4147,5/9/1997,0.607142866,0.625,0.607142866,0.609375,0.528962433,47093200
4148,5/12/1997,0.616071403,0.629464269,0.607142866,0.627232134,0.544463038,41244000
4149,5/13/1997,0.625,0.638392866,0.607142866,0.627232134,0.544463038,49254800
4150,5/14/1997,0.638392866,0.642857134,0.625,0.631696403,0.548338413,33910800
4151,5/15/1997,0.633928597,0.642857134,0.625,0.633928597,0.550275981,24752000
4152,5/16/1997,0.625,0.629464269,0.616071403,0.616071403,0.534775019,23324000
4153,5/19/1997,0.625,0.629464269,0.607142866,0.607142866,0.527024806,13064800
4154,5/20/1997,0.607142866,0.622767866,0.598214269,0.616071403,0.534775019,21207200
4155,5/21/1997,0.611607134,0.611607134,0.589285731,0.602678597,0.52314955,30562000
4156,5/22/1997,0.598214269,0.602678597,0.589285731,0.59375,0.515399218,19191200
4157,5/23/1997,0.59375,0.607142866,0.59375,0.602678597,0.52314955,16758000
4158,5/27/1997,0.598214269,0.620535731,0.598214269,0.616071403,0.534775019,20521200
4159,5/28/1997,0.620535731,0.625,0.607142866,0.607142866,0.527024806,21884800
4160,5/29/1997,0.611607134,0.611607134,0.59375,0.59375,0.515399218,27795600
4161,5/30/1997,0.589285731,0.607142866,0.584821403,0.59375,0.515399218,44332400
4162,6/2/1997,0.607142866,0.607142866,0.598214269,0.604910731,0.525087178,10396400
4163,6/3/1997,0.598214269,0.604910731,0.59375,0.595982134,0.517336965,16310000
4164,6/4/1997,0.59375,0.598214269,0.589285731,0.59375,0.515399218,20101200
4165,6/5/1997,0.59375,0.611607134,0.591517866,0.595982134,0.517336965,16153200
4166,6/6/1997,0.59375,0.598214269,0.589285731,0.598214269,0.519274414,13218800
4167,6/9/1997,0.595982134,0.604910731,0.59375,0.59375,0.515399218,18701200
4168,6/10/1997,0.598214269,0.598214269,0.573660731,0.580357134,0.50377363,34762000
4169,6/11/1997,0.582589269,0.587053597,0.580357134,0.582589269,0.505711317,26350800
4170,6/12/1997,0.584821403,0.584821403,0.571428597,0.573660731,0.497961015,19672800
4171,6/13/1997,0.573660731,0.575892866,0.5625,0.564732134,0.490210533,33017600
4172,6/16/1997,0.566964269,0.566964269,0.549107134,0.553571403,0.480522513,33502000
4173,6/17/1997,0.555803597,0.589285731,0.553571403,0.583705366,0.506680131,35562800
4174,6/18/1997,0.575892866,0.580357134,0.5625,0.569196403,0.494085968,27412000
4175,6/19/1997,0.571428597,0.571428597,0.560267866,0.5625,0.488272786,30256800
4176,6/20/1997,0.560267866,0.5625,0.553571403,0.555803597,0.482460111,27546400
4177,6/23/1997,0.553571403,0.558035731,0.549107134,0.549107134,0.476647466,24886400
4178,6/24/1997,0.551339269,0.555803597,0.544642866,0.546875,0.474709839,27787200
4179,6/25/1997,0.546875,0.549107134,0.535714269,0.540178597,0.468897045,49658000
4180,6/26/1997,0.540178597,0.540178597,0.522321403,0.524553597,0.455333918,95496800
4181,6/27/1997,0.524553597,0.529017866,0.522321403,0.524553597,0.455333918,39488400
4182,6/30/1997,0.526785731,0.526785731,0.5,0.508928597,0.441770911,42795200
4183,7/1/1997,0.497767866,0.5,0.46875,0.470982134,0.408831716,112669200
4184,7/2/1997,0.473214298,0.477678567,0.464285702,0.466517866,0.404956609,62490400
4185,7/3/1997,0.46875,0.495535702,0.464285702,0.488839298,0.42433241,46695600
4186,7/7/1997,0.497767866,0.508928597,0.491071433,0.493303567,0.428207606,47868800
4187,7/8/1997,0.495535702,0.5,0.488839298,0.491071433,0.426270008,23923200
4188,7/9/1997,0.493303567,0.495535702,0.486607134,0.488839298,0.42433241,35504000
4189,7/10/1997,0.459821433,0.477678567,0.455357134,0.473214298,0.410769284,123127200
4190,7/11/1997,0.477678567,0.553571403,0.475446433,0.542410731,0.470834494,183736000
4191,7/14/1997,0.544642866,0.558035731,0.53125,0.558035731,0.484397829,102751600
4192,7/15/1997,0.5625,0.571428597,0.558035731,0.569196403,0.494085968,104588400
4193,7/16/1997,0.564732134,0.589285731,0.558035731,0.587053597,0.509586513,111563200
4194,7/17/1997,0.607142866,0.647321403,0.587053597,0.625,0.54252553,186566800
4195,7/18/1997,0.638392866,0.640625,0.609375,0.619419634,0.53768146,79391200
4196,7/21/1997,0.627232134,0.631696403,0.571428597,0.577008903,0.500867307,88729200
4197,7/22/1997,0.584821403,0.595982134,0.582589269,0.591517866,0.513461709,57834000
4198,7/23/1997,0.598214269,0.602678597,0.571428597,0.575892866,0.499898523,35322000
4199,7/24/1997,0.575892866,0.575892866,0.558035731,0.564732134,0.490210533,33373200
4200,7/25/1997,0.566964269,0.591517866,0.5625,0.580357134,0.50377363,54490800
4201,7/28/1997,0.587053597,0.589285731,0.580357134,0.587053597,0.509586513,27627600
4202,7/29/1997,0.587053597,0.59375,0.584821403,0.589285731,0.511524022,17810800
4203,7/30/1997,0.604910731,0.631696403,0.598214269,0.620535731,0.538650274,93576000
4204,7/31/1997,0.620535731,0.633928597,0.616071403,0.625,0.54252553,65954000
4205,8/1/1997,0.629464269,0.685267866,0.627232134,0.685267866,0.594840407,120478400
4206,8/4/1997,0.685267866,0.707589269,0.685267866,0.705357134,0.612278759,152829600
4207,8/5/1997,0.712053597,0.714285731,0.695870519,0.705357134,0.612278759,61782000
4208,8/6/1997,0.901785731,0.991071403,0.892857134,0.939732134,0.815725744,1047620000
4209,8/7/1997,1.026785731,1.055803537,1.013392806,1.042410731,0.904855192,938859600
4210,8/8/1997,0.993303597,1.013392806,0.933035731,0.957589269,0.831226468,453541200
4211,8/11/1997,0.939732134,0.944196403,0.839285731,0.877232134,0.761473417,387749600
4212,8/12/1997,0.859375,0.866071403,0.78125,0.787946403,0.683969915,262099600
4213,8/13/1997,0.794642866,0.852678597,0.729910731,0.84375,0.732409477,300356000
4214,8/14/1997,0.84375,0.866071403,0.810267866,0.821428597,0.713033497,108612000
4215,8/15/1997,0.825892866,0.837053597,0.814732134,0.830357134,0.720783889,65240000
4216,8/18/1997,0.832589269,0.848214269,0.8125,0.84375,0.732409477,54460000
4217,8/19/1997,0.845982134,0.875,0.832589269,0.872767866,0.757598162,72290400
4218,8/20/1997,0.872767866,0.897321403,0.863839269,0.879464269,0.763410985,81076800
4219,8/21/1997,0.875,0.881696403,0.852678597,0.857142866,0.744035006,64820000
4220,8/22/1997,0.837053597,0.857142866,0.834821403,0.84375,0.732409477,56907200
4221,8/25/1997,0.84375,0.845982134,0.819196403,0.823660731,0.714971185,34658400
4222,8/26/1997,0.808035731,0.821428597,0.790178597,0.794642866,0.689782441,56551600
4223,8/27/1997,0.799107134,0.8125,0.78125,0.810267866,0.703345478,47658800
4224,8/28/1997,0.790178597,0.803571403,0.785714269,0.785714269,0.682032168,23917600
4225,8/29/1997,0.779017866,0.785714269,0.767857134,0.776785731,0.674281895,27417600
4226,9/2/1997,0.785714269,0.805803597,0.783482134,0.799107134,0.693657696,46510800
4227,9/3/1997,0.799107134,0.830357134,0.796875,0.803571403,0.697532892,71033200
4228,9/4/1997,0.805803597,0.816964269,0.794642866,0.803571403,0.697532892,30634800
4229,9/5/1997,0.808035731,0.816964269,0.785714269,0.792410731,0.687844872,34176800
4230,9/8/1997,0.794642866,0.794642866,0.765625,0.767857134,0.666531384,43789200
4231,9/9/1997,0.761160731,0.78125,0.758928597,0.779017866,0.676219285,39757200
4232,9/10/1997,0.776785731,0.825892866,0.774553597,0.819196403,0.711095691,68516000
4233,9/11/1997,0.816964269,0.821428597,0.787946403,0.799107134,0.693657696,52469200
4234,9/12/1997,0.792410731,0.794642866,0.765625,0.787946403,0.683969915,28420000
4235,9/15/1997,0.78125,0.790178597,0.767857134,0.767857134,0.666531384,24228400
4236,9/16/1997,0.787946403,0.790736616,0.776785731,0.783482134,0.680094481,33555200
4237,9/17/1997,0.785714269,0.785714269,0.774553597,0.779017866,0.676219285,21691600
4238,9/18/1997,0.767857134,0.803571403,0.767857134,0.796875,0.691719949,42291200
4239,9/19/1997,0.792410731,0.792410731,0.776785731,0.783482134,0.680094481,23732800
4240,9/22/1997,0.790178597,0.823660731,0.785714269,0.814732134,0.707220793,50092000
4241,9/23/1997,0.794642866,0.794642866,0.774553597,0.776785731,0.674281895,50134000
4242,9/24/1997,0.774553597,0.776785731,0.763392866,0.767857134,0.666531384,55608000
4243,9/25/1997,0.761160731,0.776785731,0.75,0.754464269,0.654905856,55846000
4244,9/26/1997,0.767857134,0.783482134,0.754464269,0.761160731,0.66071862,52080000
4245,9/29/1997,0.774553597,0.794642866,0.770089269,0.787946403,0.683969915,41809600
4246,9/30/1997,0.785714269,0.796875,0.774553597,0.774553597,0.672344208,35142800
4247,10/1/1997,0.774553597,0.776785731,0.763392866,0.768973231,0.667500198,32617200
4248,10/2/1997,0.765625,0.785714269,0.763392866,0.783482134,0.680094481,33852000
4249,10/3/1997,0.785714269,0.794642866,0.774553597,0.790178597,0.685907483,40558000
4250,10/6/1997,0.792410731,0.794642866,0.774553597,0.783482134,0.680094481,23324000
4251,10/7/1997,0.78125,0.785714269,0.779017866,0.779017866,0.676219285,27322400
4252,10/8/1997,0.776785731,0.779017866,0.761160731,0.767857134,0.666531384,27210400
4253,10/9/1997,0.758928597,0.803571403,0.756696403,0.776785731,0.674281895,46832800
4254,10/10/1997,0.767857134,0.8125,0.767857134,0.810267866,0.703345478,67600400
4255,10/13/1997,0.8125,0.816964269,0.792410731,0.810267866,0.703345478,39656400
4256,10/14/1997,0.810267866,0.8125,0.792410731,0.810267866,0.703345478,41454000
4257,10/15/1997,0.790178597,0.883928597,0.790178597,0.850446403,0.738222361,202717200
4258,10/16/1997,0.754464269,0.787946403,0.745535731,0.767857134,0.666531384,184797200
4259,10/17/1997,0.754464269,0.754464269,0.709821403,0.71875,0.623904288,109667600
4260,10/20/1997,0.71875,0.720982134,0.665178597,0.667410731,0.579339683,102958800
4261,10/21/1997,0.674107134,0.689732134,0.667410731,0.680803597,0.590965271,118818000
4262,10/22/1997,0.680803597,0.6875,0.660714269,0.662946403,0.575464606,37794400
4263,10/23/1997,0.642857134,0.649553597,0.633928597,0.633928597,0.550275981,46695600
4264,10/24/1997,0.647321403,0.65625,0.589285731,0.591517866,0.513461709,97059200
4265,10/27/1997,0.598214269,0.647321403,0.598214269,0.598214269,0.519274414,82339600
4266,10/28/1997,0.571428597,0.660714269,0.566964269,0.647321403,0.56190145,85828400
4267,10/29/1997,0.658482134,0.660714269,0.616071403,0.625,0.54252553,44396800
4268,10/30/1997,0.609375,0.627232134,0.589285731,0.589285731,0.511524022,47238800
4269,10/31/1997,0.620535731,0.620535731,0.59375,0.608258903,0.527993739,66771600
4270,11/3/1997,0.627232134,0.633928597,0.609375,0.620535731,0.538650274,31502800
4271,11/4/1997,0.633928597,0.647321403,0.625,0.640625,0.556088686,42148400
4272,11/5/1997,0.651785731,0.665178597,0.645089269,0.65625,0.569651663,96779200
4273,11/6/1997,0.674107134,0.696428597,0.674107134,0.678571403,0.589027703,154271600
4274,11/7/1997,0.674107134,0.714285731,0.669642866,0.705357134,0.612278759,198903600
4275,11/10/1997,0.75,0.767857134,0.660714269,0.667410731,0.579339683,349560400
4276,11/11/1997,0.678571403,0.678571403,0.647321403,0.65625,0.569651663,83120800
4277,11/12/1997,0.645089269,0.660714269,0.627232134,0.629464269,0.546400726,52015600
4278,11/13/1997,0.642857134,0.645089269,0.625,0.642857134,0.558026195,64380400
4279,11/14/1997,0.651785731,0.660714269,0.642857134,0.658482134,0.571589351,33759600
4280,11/17/1997,0.674107134,0.676339269,0.654575884,0.660714269,0.573527098,51256800
4281,11/18/1997,0.660714269,0.660714269,0.645089269,0.645089269,0.559963703,36660400
4282,11/19/1997,0.638392866,0.654017866,0.638392866,0.651785731,0.565776587,19896800
4283,11/20/1997,0.649553597,0.665178597,0.647321403,0.660714269,0.573527098,32043200
4284,11/21/1997,0.665178597,0.667410731,0.642857134,0.649553597,0.563839018,24444000
4285,11/24/1997,0.627232134,0.642857134,0.625,0.629464269,0.546400726,39337200
4286,11/25/1997,0.631696403,0.638392866,0.602678597,0.620535731,0.538650274,51357600
4287,11/26/1997,0.620535731,0.631696403,0.616071403,0.625,0.54252553,15103200
4288,11/28/1997,0.629464269,0.638392866,0.622767866,0.633928597,0.550275981,10329200
4289,12/1/1997,0.631696403,0.640625,0.616071403,0.633928597,0.550275981,21809200
4290,12/2/1997,0.620535731,0.625,0.566964269,0.566964269,0.492148221,99204000
4291,12/3/1997,0.573660731,0.575892866,0.560267866,0.5625,0.488272786,85764000
4292,12/4/1997,0.571428597,0.571428597,0.558035731,0.558035731,0.484397829,49910000
4293,12/5/1997,0.555803597,0.571428597,0.555803597,0.564732134,0.490210533,55367200
4294,12/8/1997,0.555803597,0.5625,0.549107134,0.555803597,0.482460111,33395600
4295,12/9/1997,0.553571403,0.560267866,0.535714269,0.544642866,0.472772211,60762800
4296,12/10/1997,0.537946403,0.537946403,0.517857134,0.526785731,0.457271457,48720000
4297,12/11/1997,0.515625,0.520089269,0.495535702,0.520089269,0.451458722,64234800
4298,12/12/1997,0.526785731,0.53125,0.5,0.504464269,0.437895507,40140800
4299,12/15/1997,0.504464269,0.508928597,0.491071433,0.497767866,0.432082802,41473600
4300,12/16/1997,0.5,0.513392866,0.5,0.511160731,0.443708301,46407200
4301,12/17/1997,0.511160731,0.520089269,0.497767866,0.497767866,0.432082802,66323600
4302,12/18/1997,0.5,0.5,0.491071433,0.493303567,0.428207606,50512000
4303,12/19/1997,0.484375,0.495535702,0.473214298,0.488839298,0.42433241,47653200
4304,12/22/1997,0.495535702,0.5,0.470982134,0.475446433,0.412706912,39869200
4305,12/23/1997,0.46875,0.475446433,0.462053567,0.462053567,0.401081413,114707600
4306,12/24/1997,0.464285702,0.473214298,0.464285702,0.46875,0.406894118,24458000
4307,12/26/1997,0.466517866,0.477678567,0.464285702,0.475446433,0.412706912,26969600
4308,12/29/1997,0.475446433,0.479910702,0.459821433,0.46875,0.406894118,69549200
4309,12/30/1997,0.464285702,0.479910702,0.455357134,0.470982134,0.408831716,85626800
4310,12/31/1997,0.46875,0.486607134,0.462053567,0.46875,0.406894118,101589600
4311,1/2/1998,0.486607134,0.580357134,0.482142866,0.580357134,0.50377363,179527600
4312,1/5/1998,0.589285731,0.591517866,0.542410731,0.566964269,0.492148221,162968400
4313,1/6/1998,0.569196403,0.714285731,0.526785731,0.676339269,0.587090075,453118400
4314,1/7/1998,0.671875,0.678571403,0.618303597,0.625,0.54252553,260405600
4315,1/8/1998,0.622767866,0.665178597,0.604910731,0.649553597,0.563839018,193505200
4316,1/9/1998,0.647321403,0.691964269,0.625,0.649553597,0.563839018,221636800
4317,1/12/1998,0.622767866,0.665178597,0.611607134,0.651785731,0.565776587,129099600
4318,1/13/1998,0.665178597,0.700892866,0.660714269,0.696428597,0.604528487,159213600
4319,1/14/1998,0.709821403,0.712053597,0.6875,0.705357134,0.612278759,147316400
4320,1/15/1998,0.685267866,0.705357134,0.665178597,0.685267866,0.594840407,139818000
4321,1/16/1998,0.694196403,0.694196403,0.667410731,0.671875,0.583214819,61588800
4322,1/20/1998,0.680803597,0.689732134,0.665178597,0.680803597,0.590965271,60390400
4323,1/21/1998,0.669642866,0.680803597,0.662946403,0.675223231,0.58612138,47552400
4324,1/22/1998,0.667410731,0.705357134,0.665178597,0.6875,0.596778035,82432000
4325,1/23/1998,0.691964269,0.703125,0.6875,0.696428597,0.604528487,58290400
4326,1/26/1998,0.694196403,0.698660731,0.671875,0.694196403,0.602590919,36610000
4327,1/27/1998,0.685267866,0.703125,0.678571403,0.683035731,0.59290278,28058800
4328,1/28/1998,0.685267866,0.691964269,0.665178597,0.685267866,0.594840407,37780400
4329,1/29/1998,0.676339269,0.683035731,0.660714269,0.660714269,0.573527098,52970400
4330,1/30/1998,0.654017866,0.674107134,0.651785731,0.654017866,0.567714155,40611200
4331,2/2/1998,0.660714269,0.660714269,0.620535731,0.631696403,0.548338413,159185600
4332,2/3/1998,0.631696403,0.665178597,0.631696403,0.654017866,0.567714155,100654400
4333,2/4/1998,0.645089269,0.660714269,0.642857134,0.651785731,0.565776587,42548800
4334,2/5/1998,0.651785731,0.660714269,0.642857134,0.654017866,0.567714155,59567200
4335,2/6/1998,0.65625,0.667410731,0.651785731,0.660714269,0.573527098,50584800
4336,2/9/1998,0.65625,0.696428597,0.65625,0.685267866,0.594840407,123667600
4337,2/10/1998,0.683035731,0.698660731,0.680803597,0.694196403,0.602590919,105504000
4338,2/11/1998,0.696428597,0.696428597,0.674107134,0.678571403,0.589027703,52917200
4339,2/12/1998,0.683035731,0.694196403,0.680803597,0.691964269,0.600653231,50937600
4340,2/13/1998,0.685267866,0.709821403,0.678571403,0.696428597,0.604528487,51998800
4341,2/17/1998,0.696428597,0.705357134,0.696428597,0.700892866,0.608403683,45687600
4342,2/18/1998,0.698660731,0.741071403,0.698660731,0.734375,0.637467504,123648000
4343,2/19/1998,0.745535731,0.747767866,0.714285731,0.729910731,0.633592188,99915200
4344,2/20/1998,0.732142866,0.734375,0.707589269,0.714285731,0.620029271,81354000
4345,2/23/1998,0.71875,0.772321403,0.714285731,0.758928597,0.658780992,119372400
4346,2/24/1998,0.761160731,0.763392866,0.741071403,0.761160731,0.66071862,114147600
4347,2/25/1998,0.761160731,0.8125,0.747767866,0.796875,0.691719949,178166800
4348,2/26/1998,0.796875,0.841517866,0.78125,0.839285731,0.728534341,148783600
4349,2/27/1998,0.832589269,0.852678597,0.805803597,0.84375,0.732409477,129900400
4350,3/2/1998,0.841517866,0.841517866,0.794642866,0.8125,0.705283284,100111200
4351,3/3/1998,0.78125,0.828125,0.772321403,0.825892866,0.716908634,83518400
4352,3/4/1998,0.816964269,0.883928597,0.816964269,0.872767866,0.757598162,204456000
4353,3/5/1998,0.830357134,0.866071403,0.825892866,0.859375,0.745972753,168781200
4354,3/6/1998,0.852678597,0.875,0.834821403,0.872767866,0.757598162,166616800
4355,3/9/1998,0.848214269,0.868303597,0.803571403,0.8125,0.705283284,143732400
4356,3/10/1998,0.821428597,0.875,0.819196403,0.859375,0.745972753,178225600
4357,3/11/1998,0.897321403,0.935267866,0.877232134,0.933035731,0.809913218,303584400
4358,3/12/1998,0.933035731,0.964285731,0.912946403,0.964285731,0.837039292,186090800
4359,3/13/1998,0.973214269,0.973214269,0.9375,0.96875,0.840914547,141540000
4360,3/16/1998,0.96875,0.973214269,0.935267866,0.953125,0.827351451,100590000
4361,3/17/1998,0.946428597,0.953125,0.924107134,0.940848231,0.816694617,102564000
4362,3/18/1998,0.928571403,0.962053597,0.928571403,0.962053597,0.835101724,69249600
4363,3/19/1998,0.959821403,0.962053597,0.948660731,0.955357134,0.82928896,40014800
4364,3/20/1998,0.953125,0.959821403,0.928571403,0.941964269,0.817663431,53869200
4365,3/23/1998,0.926339269,0.9375,0.879464269,0.933035731,0.809913218,103684000
4366,3/24/1998,0.941964269,1,0.9375,1,0.86804074,168982800
4367,3/25/1998,0.986607134,0.991071403,0.941964269,0.969866097,0.841883361,96843600
4368,3/26/1998,0.955357134,0.964285731,0.944196403,0.948660731,0.823476017,50741600
4369,3/27/1998,0.950892866,0.975446403,0.941964269,0.962053597,0.835101724,63898800
4370,3/30/1998,0.955357134,0.982142866,0.955357134,0.979910731,0.850602448,62675200
4371,3/31/1998,0.979910731,0.993303597,0.973214269,0.982142866,0.852540016,66724000
4372,4/1/1998,0.979910731,0.993303597,0.966517866,0.982142866,0.852540016,46720800
4373,4/2/1998,0.975446403,0.979910731,0.962053597,0.975446403,0.846727312,48577200
4374,4/3/1998,0.96875,0.973214269,0.957589269,0.966517866,0.838977039,50766800
4375,4/6/1998,0.964285731,0.964285731,0.935267866,0.9375,0.813788235,86898000
4376,4/7/1998,0.921875,0.928571403,0.888392866,0.910714269,0.790537238,73175200
4377,4/8/1998,0.901785731,0.90625,0.881696403,0.892857134,0.775036275,56299600
4378,4/9/1998,0.895089269,0.924107134,0.892857134,0.915178597,0.794412553,42576800
4379,4/13/1998,0.915178597,0.953125,0.892857134,0.944196403,0.81960094,72074800
4380,4/14/1998,0.941964269,0.973214269,0.941964269,0.962053597,0.835101724,81961600
4381,4/15/1998,0.970982134,0.982142866,0.950892866,0.979910731,0.850602448,139378400
4382,4/16/1998,1.044642806,1.058035731,1.006696463,1.022321463,0.887416601,459488400
4383,4/17/1998,1.020089269,1.022321463,0.988839269,0.997767866,0.866103292,148041600
4384,4/20/1998,0.986607134,1.053571463,0.984375,1.035714269,0.89904213,129444000
4385,4/21/1998,1.037946463,1.040178537,1.017857194,1.035714269,0.89904213,87007200
4386,4/22/1998,1.026785731,1.035714269,0.982142866,0.982142866,0.852540016,71237600
4387,4/23/1998,0.979910731,1.035714269,0.970982134,0.988839269,0.85835278,118823600
4388,4/24/1998,0.991071403,1.008928537,0.982142866,0.997767866,0.866103292,53886000
4389,4/27/1998,0.955357134,0.991071403,0.955357134,0.991071403,0.860290468,102449200
4390,4/28/1998,0.995535731,1,0.9375,0.962053597,0.835101724,59292800
4391,4/29/1998,0.962053597,0.979910731,0.955357134,0.964285731,0.837039292,47384400
4392,4/30/1998,0.977678597,0.986607134,0.966517866,0.977678597,0.84866482,44987600
4393,5/1/1998,0.982142866,1.008928537,0.959821403,1,0.86804074,46018000
4394,5/4/1998,1.03125,1.053571463,1.03125,1.037946463,0.900979877,142786000
4395,5/5/1998,1.044642806,1.066964269,1.040178537,1.060267806,0.920355618,104820800
4396,5/6/1998,1.066964269,1.087053537,1.044642806,1.082589269,0.939731598,224252000
4397,5/7/1998,1.091517806,1.09375,1.066964269,1.078125,0.935856581,138224800
4398,5/8/1998,1.073660731,1.089285731,1.069196463,1.087053537,0.943607032,67704000
4399,5/11/1998,1.102678537,1.129464269,1.098214269,1.104910731,0.959107459,166255600
4400,5/12/1998,1.091517806,1.098214269,1.069196463,1.075892806,0.933919013,64453200
4401,5/13/1998,1.073660731,1.100446463,1.058035731,1.087053537,0.943607032,78604400
4402,5/14/1998,1.084821463,1.087053537,1.0625,1.073660731,0.931981266,40670000
4403,5/15/1998,1.073660731,1.084821463,1.044642806,1.055803537,0.91648066,68146400
4404,5/18/1998,1.049107194,1.055803537,1.013392806,1.017857194,0.883541822,58097200
4405,5/19/1998,1.033482194,1.051339269,1.029017806,1.049107194,0.910667837,54566400
4406,5/20/1998,1.058035731,1.066964269,1.026785731,1.055803537,0.91648066,47544000
4407,5/21/1998,1.055803537,1.060267806,1.022321463,1.03125,0.895167053,32748800
4408,5/22/1998,1.026785731,1.026785731,0.975446403,0.995535731,0.864165604,66648400
4409,5/26/1998,1.002232194,1.008928537,0.950892866,0.953125,0.827351451,77943600
4410,5/27/1998,0.917410731,0.957589269,0.915178597,0.955357134,0.82928896,92548400
4411,5/28/1998,0.955357134,0.995535731,0.955357134,0.979910731,0.850602448,74622800
4412,5/29/1998,0.982142866,0.984375,0.944196403,0.950892866,0.825413823,54180000
4413,6/1/1998,0.946428597,0.986607134,0.915178597,0.9375,0.813788235,79923200
4414,6/2/1998,0.944196403,0.975446403,0.928571403,0.959821403,0.833164096,44825200
4415,6/3/1998,0.96875,0.973214269,0.935267866,0.939732134,0.815725744,36285200
4416,6/4/1998,0.950892866,0.959821403,0.921875,0.957589269,0.831226468,39034800
4417,6/5/1998,0.959821403,0.973214269,0.941964269,0.959821403,0.833164096,30830800
4418,6/8/1998,0.964285731,0.988839269,0.957589269,0.973214269,0.844789505,31656800
4419,6/9/1998,0.977678597,1.017857194,0.977678597,1.008928537,0.875791013,68936000
4420,6/10/1998,1,1.035714269,0.986607134,1.002232194,0.869978547,57307600
4421,6/11/1998,1.006696463,1.022321463,0.993303597,0.993303597,0.862228096,45029600
4422,6/12/1998,0.986607134,1.008928537,0.977678597,1.004464269,0.871915936,55963600
4423,6/15/1998,0.973214269,1.008928537,0.973214269,0.982142866,0.852540016,34165600
4424,6/16/1998,0.988839269,1.004464269,0.975446403,1,0.86804074,32421200
4425,6/17/1998,1,1.020089269,0.997767866,1.004464269,0.871915936,46793600
4426,6/18/1998,0.991071403,1.002232194,0.970982134,0.975446403,0.846727312,29999200
4427,6/19/1998,0.977678597,0.979910731,0.955357134,0.966517866,0.838977039,34389600
4428,6/22/1998,0.964285731,0.984375,0.955357134,0.977678597,0.84866482,33642000
4429,6/23/1998,0.979910731,1.004464269,0.973214269,0.993303597,0.862228096,57764000
4430,6/24/1998,0.991071403,1.022321463,0.975446403,1.008928537,0.875791013,68448800
4431,6/25/1998,1.020089269,1.029017806,1.011160731,1.020089269,0.885479212,47952800
4432,6/26/1998,1.017857194,1.022321463,0.991071403,1.006696463,0.873853743,27778800
4433,6/29/1998,1.008928537,1.029017806,1.002232194,1.024553537,0.889354229,41546400
4434,6/30/1998,1.022321463,1.029017806,1.004464269,1.024553537,0.889354229,32765600
4435,7/1/1998,1.03125,1.071428537,1.017857194,1.069196463,0.928106308,78528800
4436,7/2/1998,1.060267806,1.073660731,1.035714269,1.035714269,0.89904213,74527600
4437,7/6/1998,1.053571463,1.084821463,1.040178537,1.084821463,0.941668987,67737600
4438,7/7/1998,1.084821463,1.102678537,1.071428537,1.089285731,0.945544422,60368000
4439,7/8/1998,1.098214269,1.176339269,1.095982194,1.162946463,1.009485245,233203600
4440,7/9/1998,1.176339269,1.200892806,1.122767806,1.131696463,0.982358932,141652000
4441,7/10/1998,1.149553537,1.165178537,1.133928537,1.145089269,0.99398464,75630800
4442,7/13/1998,1.140625,1.21875,1.138392806,1.212053537,1.052112103,178847200
4443,7/14/1998,1.212053537,1.214285731,1.183035731,1.194196463,1.036611557,137132800
4444,7/15/1998,1.203125,1.238839269,1.196428537,1.229910731,1.067612886,148741600
4445,7/16/1998,1.352678537,1.361607194,1.276785731,1.339285731,1.162555099,640337600
4446,7/17/1998,1.330357194,1.330357194,1.292410731,1.316964269,1.143178701,157388000
4447,7/20/1998,1.305803537,1.308035731,1.267857194,1.294642806,1.1238029,95972800
4448,7/21/1998,1.290178537,1.321428537,1.270089269,1.272321463,1.104426622,82376000
4449,7/22/1998,1.247767806,1.272321463,1.223214269,1.25,1.08505106,70182000
4450,7/23/1998,1.243303537,1.272321463,1.241071463,1.247767806,1.083113432,63282800
4451,7/24/1998,1.263392806,1.267857194,1.207589269,1.238839269,1.075362921,67821600
4452,7/27/1998,1.223214269,1.245535731,1.1875,1.229910731,1.067612886,53558400
4453,7/28/1998,1.216517806,1.236607194,1.178571463,1.200892806,1.042424202,56344400
4454,7/29/1998,1.205357194,1.28125,1.203125,1.254464269,1.088926077,111930000
4455,7/30/1998,1.279017806,1.3125,1.267857194,1.303571463,1.131553173,90574400
4456,7/31/1998,1.308035731,1.3125,1.232142806,1.236607194,1.073425174,45777200
4457,8/3/1998,1.223214269,1.270089269,1.1875,1.254464269,1.088926077,75440400
4458,8/4/1998,1.267857194,1.285714269,1.214285731,1.220982194,1.059862494,73480400
4459,8/5/1998,1.205357194,1.285714269,1.196428537,1.285714269,1.116052389,113520400
4460,8/6/1998,1.252232194,1.316964269,1.245535731,1.316964269,1.143178701,109653600
4461,8/7/1998,1.328125,1.334821463,1.285714269,1.303571463,1.131553173,74505200
4462,8/10/1998,1.296875,1.359375,1.294642806,1.354910731,1.176117897,122150000
4463,8/11/1998,1.348214269,1.464285731,1.334821463,1.392857194,1.209056973,439868800
4464,8/12/1998,1.419642806,1.462053537,1.41015625,1.430803537,1.241995692,172443600
4465,8/13/1998,1.426339269,1.455357194,1.40625,1.408482194,1.222619891,97694800
4466,8/14/1998,1.453125,1.455357194,1.410714269,1.446428537,1.255559087,112694400
4467,8/17/1998,1.464285731,1.529017806,1.424107194,1.497767806,1.300123453,232719200
4468,8/18/1998,1.515625,1.549107194,1.508928537,1.520089269,1.319499254,151488400
4469,8/19/1998,1.553571463,1.5625,1.464285731,1.464285731,1.271059394,121497600
4470,8/20/1998,1.464285731,1.46875,1.4375,1.450892806,1.259434462,97980400
4471,8/21/1998,1.428571463,1.555803537,1.392857194,1.535714269,1.333062768,203344400
4472,8/24/1998,1.551339269,1.553571463,1.433035731,1.470982194,1.276872754,152544000
4473,8/25/1998,1.513392806,1.513392806,1.439732194,1.457589269,1.265247107,123891600
4474,8/26/1998,1.424107194,1.46875,1.410714269,1.441964269,1.25168395,101620400
4475,8/27/1998,1.401785731,1.401785731,1.272321463,1.339285731,1.162555099,278560800
4476,8/28/1998,1.325892806,1.375,1.21875,1.220982194,1.059862494,233063600
4477,8/31/1998,1.241071463,1.245535731,1.107142806,1.113839269,0.966857791,217056000
4478,9/1/1998,1.120535731,1.263392806,1.09375,1.21875,1.057924867,217268800
4479,9/2/1998,1.267857194,1.334821463,1.258928537,1.270089269,1.102489233,210750400
4480,9/3/1998,1.25,1.254464269,1.214285731,1.236607194,1.073425174,102438000
4481,9/4/1998,1.267857194,1.301339269,1.205357194,1.254464269,1.088926077,94318000
4482,9/8/1998,1.357142806,1.366071463,1.3125,1.366071463,1.185805559,100699200
4483,9/9/1998,1.359375,1.361607194,1.321428537,1.334821463,1.158679366,88673200
4484,9/10/1998,1.294642806,1.366071463,1.276785731,1.361607194,1.181930542,131720400
4485,9/11/1998,1.375,1.415178537,1.316964269,1.34375,1.166429639,88071200
4486,9/14/1998,1.366071463,1.386160731,1.325892806,1.328125,1.152866602,61768000
4487,9/15/1998,1.3125,1.377232194,1.303571463,1.363839269,1.18386817,108413200
4488,9/16/1998,1.379464269,1.383928537,1.321428537,1.332589269,1.156741977,64719200
4489,9/17/1998,1.287946463,1.325892806,1.28125,1.285714269,1.116052389,67323200
4490,9/18/1998,1.287946463,1.3125,1.270089269,1.3125,1.139303327,76269200
4491,9/21/1998,1.274553537,1.319196463,1.261160731,1.319196463,1.145116687,73967600
4492,9/22/1998,1.325892806,1.34375,1.299107194,1.321428537,1.147054195,64484000
4493,9/23/1998,1.330357194,1.370535731,1.305803537,1.368303537,1.187743068,71979600
4494,9/24/1998,1.352678537,1.412946463,1.348214269,1.375,1.19355607,120710800
4495,9/25/1998,1.363839269,1.399553537,1.34375,1.383928537,1.201306462,57072400
4496,9/28/1998,1.419642806,1.435267806,1.357142806,1.395089269,1.210994482,101354400
4497,9/29/1998,1.395089269,1.428571463,1.361607194,1.410714269,1.224557519,76283200
4498,9/30/1998,1.383928537,1.401785731,1.357142806,1.361607194,1.181930542,41795600
4499,10/1/1998,1.3125,1.357142806,1.263392806,1.274553537,1.106364608,92554000
4500,10/2/1998,1.267857194,1.294642806,1.21875,1.252232194,1.086988568,118893600
4501,10/5/1998,1.214285731,1.234375,1.125,1.149553537,0.997859716,137970000
4502,10/6/1998,1.203125,1.225446463,1.160714269,1.162946463,1.009485245,99965600
4503,10/7/1998,1.15625,1.189732194,1.138392806,1.140625,0.990109086,118339200
4504,10/8/1998,1.107142806,1.113839269,1.017857194,1.100446463,0.955232501,172303600
4505,10/9/1998,1.133928537,1.258928537,1.098214269,1.254464269,1.088926077,167059200
4506,10/12/1998,1.339285731,1.372767806,1.305803537,1.337053537,1.160616755,155724800
4507,10/13/1998,1.359375,1.399553537,1.285714269,1.383928537,1.201306462,235407200
4508,10/14/1998,1.419642806,1.475446463,1.314732194,1.334821463,1.158679366,570004400
4509,10/15/1998,1.294642806,1.330357194,1.267857194,1.308035731,1.135428309,210168000
4510,10/16/1998,1.325892806,1.359375,1.303571463,1.310267806,1.137365818,153890800
4511,10/19/1998,1.310267806,1.359375,1.28125,1.339285731,1.162555099,118944000
4512,10/20/1998,1.354910731,1.363839269,1.285714269,1.287946463,1.117989659,95522000
4513,10/21/1998,1.3125,1.337053537,1.276785731,1.325892806,1.150929213,107654400
4514,10/22/1998,1.316964269,1.34375,1.294642806,1.3125,1.139303327,79343600
4515,10/23/1998,1.3125,1.316964269,1.254464269,1.267857194,1.100551963,88995200
4516,10/26/1998,1.287946463,1.348214269,1.267857194,1.337053537,1.160616755,118960800
4517,10/27/1998,1.357142806,1.390625,1.252232194,1.258928537,1.092801452,134548400
4518,10/28/1998,1.258928537,1.321428537,1.254464269,1.314732194,1.141241074,90927200
4519,10/29/1998,1.301339269,1.337053537,1.279017806,1.301339269,1.129615784,86144800
4520,10/30/1998,1.314732194,1.339285731,1.294642806,1.325892806,1.150929213,79410800
4521,11/2/1998,1.339285731,1.348214269,1.330357194,1.34375,1.166429639,63442400
4522,11/3/1998,1.334821463,1.366071463,1.332589269,1.350446463,1.172242761,92612800
4523,11/4/1998,1.377232194,1.397321463,1.361607194,1.381696463,1.199368954,156970800
4524,11/5/1998,1.370535731,1.40625,1.359375,1.363839269,1.18386817,151779600
4525,11/6/1998,1.352678537,1.366071463,1.330357194,1.359375,1.179993033,199334800
4526,11/9/1998,1.345982194,1.361607194,1.267857194,1.308035731,1.135428309,165197200
4527,11/10/1998,1.292410731,1.294642806,1.25,1.254464269,1.088926077,220995600
4528,11/11/1998,1.276785731,1.279017806,1.169642806,1.198660731,1.040486455,237126400
4529,11/12/1998,1.183035731,1.229910731,1.174107194,1.214285731,1.054049611,148775200
4530,11/13/1998,1.247767806,1.287946463,1.238839269,1.274553537,1.106364608,197954400
4531,11/16/1998,1.283482194,1.3125,1.265625,1.285714269,1.116052389,96132400
4532,11/17/1998,1.276785731,1.279017806,1.241071463,1.243303537,1.079238057,52682000
4533,11/18/1998,1.256696463,1.285714269,1.245535731,1.265625,1.098614097,82415200
4534,11/19/1998,1.267857194,1.328125,1.265625,1.276785731,1.108302474,86632000
4535,11/20/1998,1.301339269,1.3125,1.241071463,1.261160731,1.094738722,99806000
4536,11/23/1998,1.270089269,1.314732194,1.256696463,1.294642806,1.1238029,144488400
4537,11/24/1998,1.290178537,1.3125,1.276785731,1.283482194,1.114114761,79937200
4538,11/25/1998,1.28125,1.287946463,1.247767806,1.254464269,1.088926077,75950000
4539,11/27/1998,1.252232194,1.254464269,1.241071463,1.252232194,1.086988568,38276000
4540,11/30/1998,1.234375,1.243303537,1.133928537,1.140625,0.990109086,140372400
4541,12/1/1998,1.142857194,1.243303537,1.129464269,1.21875,1.057924867,216434400
4542,12/2/1998,1.21875,1.316964269,1.196428537,1.285714269,1.116052389,240620800
4543,12/3/1998,1.296875,1.303571463,1.200892806,1.203125,1.04436183,156511600
4544,12/4/1998,1.225446463,1.229910731,1.142857194,1.169642806,1.015297771,180342400
4545,12/7/1998,1.191964269,1.205357194,1.169642806,1.205357194,1.0462991,141649200
4546,12/8/1998,1.212053537,1.212053537,1.142857194,1.145089269,0.99398464,170027200
4547,12/9/1998,1.167410731,1.174107194,1.129464269,1.142857194,0.992046773,148229200
4548,12/10/1998,1.167410731,1.176339269,1.138392806,1.142857194,0.992046773,97812400
4549,12/11/1998,1.151785731,1.214285731,1.142857194,1.205357194,1.0462991,172499600
4550,12/14/1998,1.174107194,1.189732194,1.151785731,1.160714269,1.007547259,125361600
4551,12/15/1998,1.169642806,1.200892806,1.169642806,1.198660731,1.040486455,66178000
4552,12/16/1998,1.205357194,1.220982194,1.165178537,1.171875,1.017235398,93587200
4553,12/17/1998,1.176339269,1.205357194,1.169642806,1.194196463,1.036611557,82653200
4554,12/18/1998,1.191964269,1.263392806,1.1875,1.256696463,1.090863824,197873200
4555,12/21/1998,1.263392806,1.272321463,1.223214269,1.252232194,1.086988568,89362000
4556,12/22/1998,1.299107194,1.361607194,1.285714269,1.357142806,1.178055406,287700000
4557,12/23/1998,1.379464269,1.446428537,1.370535731,1.421875,1.234245777,308758800
4558,12/24/1998,1.424107194,1.428571463,1.399553537,1.401785731,1.216807365,49996800
4559,12/28/1998,1.392857194,1.46875,1.392857194,1.459821463,1.267184377,181328000
4560,12/29/1998,1.46875,1.482142806,1.4375,1.457589269,1.265247107,96838000
4561,12/30/1998,1.433035731,1.46875,1.428571463,1.430803537,1.241995692,59340400
4562,12/31/1998,1.446428537,1.477678537,1.410714269,1.462053537,1.269121766,67922400
4563,1/4/1999,1.504464269,1.508928537,1.428571463,1.473214269,1.278810143,238221200
4564,1/5/1999,1.497767806,1.569196463,1.482142806,1.546875,1.34275043,352528400
4565,1/6/1999,1.575892806,1.575892806,1.464285731,1.491071463,1.294310808,337142400
4566,1/7/1999,1.508928537,1.609375,1.504464269,1.607142806,1.395065784,357254800
4567,1/8/1999,1.662946463,1.674107194,1.571428537,1.607142806,1.395065784,169708000
4568,1/11/1999,1.633928537,1.645089269,1.602678537,1.638392806,1.422191381,140243600
4569,1/12/1999,1.654017806,1.665178537,1.575892806,1.647321463,1.429942369,205184000
4570,1/13/1999,1.53125,1.689732194,1.508928537,1.660714269,1.441567779,261954000
4571,1/14/1999,1.625,1.642857194,1.466517806,1.477678537,1.282685161,430964800
4572,1/15/1999,1.493303537,1.504464269,1.428571463,1.475446463,1.28074789,251501600
4573,1/19/1999,1.497767806,1.511160731,1.441964269,1.459821463,1.267184377,133722400
4574,1/20/1999,1.466517806,1.5,1.446428537,1.448660731,1.257496595,194530000
4575,1/21/1999,1.444196463,1.448660731,1.339285731,1.386160731,1.203243732,150122000
4576,1/22/1999,1.345982194,1.410714269,1.323660731,1.383928537,1.201306462,86441600
4577,1/25/1999,1.401785731,1.412946463,1.386160731,1.40625,1.220682502,96334000
4578,1/26/1999,1.426339269,1.459821463,1.415178537,1.446428537,1.255559087,140011200
4579,1/27/1999,1.464285731,1.477678537,1.426339269,1.433035731,1.243933558,91238000
4580,1/28/1999,1.459821463,1.473214269,1.439732194,1.459821463,1.267184377,84070000
4581,1/29/1999,1.470982194,1.484375,1.428571463,1.470982194,1.276872754,60678800
4582,2/1/1999,1.488839269,1.497767806,1.439732194,1.462053537,1.269121766,69728400
4583,2/2/1999,1.441964269,1.455357194,1.392857194,1.399553537,1.214869618,76790000
4584,2/3/1999,1.392857194,1.448660731,1.383928537,1.435267806,1.245870709,84686000
4585,2/4/1999,1.435267806,1.4375,1.348214269,1.352678537,1.17418015,115945200
4586,2/5/1999,1.366071463,1.370535731,1.267857194,1.296875,1.125740409,194300400
4587,2/8/1999,1.310267806,1.354910731,1.294642806,1.348214269,1.170305014,117056800
4588,2/9/1999,1.354910731,1.395089269,1.323660731,1.328125,1.152866602,175288400
4589,2/10/1999,1.316964269,1.381696463,1.285714269,1.368303537,1.187743068,140907200
4590,2/11/1999,1.383928537,1.419642806,1.377232194,1.415178537,1.228432298,141299200
4591,2/12/1999,1.397321463,1.397321463,1.321428537,1.345982194,1.168367267,107226000
4592,2/16/1999,1.388392806,1.388392806,1.352678537,1.368303537,1.187743068,75056800
4593,2/17/1999,1.361607194,1.381696463,1.319196463,1.321428537,1.147054195,74015200
4594,2/18/1999,1.341517806,1.352678537,1.270089269,1.285714269,1.116052389,125042400
4595,2/19/1999,1.294642806,1.345982194,1.292410731,1.328125,1.152866602,90423200
4596,2/22/1999,1.334821463,1.388392806,1.330357194,1.372767806,1.191618323,74667600
4597,2/23/1999,1.377232194,1.412946463,1.354910731,1.372767806,1.191618323,80544800
4598,2/24/1999,1.386160731,1.392857194,1.334821463,1.337053537,1.160616755,53188800
4599,2/25/1999,1.332589269,1.345982194,1.303571463,1.319196463,1.145116687,66150000
4600,2/26/1999,1.303571463,1.321428537,1.232142806,1.243303537,1.079238057,166812800
4601,3/1/1999,1.243303537,1.243303537,1.200892806,1.205357194,1.0462991,121956800
4602,3/2/1999,1.21875,1.261160731,1.205357194,1.236607194,1.073425174,170763600
4603,3/3/1999,1.241071463,1.254464269,1.196428537,1.220982194,1.059862494,73337600
4604,3/4/1999,1.232142806,1.232142806,1.15625,1.194196463,1.036611557,91817600
4605,3/5/1999,1.225446463,1.225446463,1.15625,1.185267806,1.028860927,117009200
4606,3/8/1999,1.1875,1.238839269,1.185267806,1.227678537,1.065675259,137667600
4607,3/9/1999,1.225446463,1.227678537,1.196428537,1.21875,1.057924867,79923200
4608,3/10/1999,1.220982194,1.220982194,1.158482194,1.162946463,1.009485245,136570000
4609,3/11/1999,1.151785731,1.209821463,1.142857194,1.149553537,0.997859716,118414800
4610,3/12/1999,1.154017806,1.196428537,1.154017806,1.185267806,1.028860927,67849600
4611,3/15/1999,1.189732194,1.25,1.1875,1.216517806,1.055987477,88040400
4612,3/16/1999,1.25,1.270089269,1.247767806,1.267857194,1.100551963,99957200
4613,3/17/1999,1.283482194,1.287946463,1.212053537,1.216517806,1.055987477,91579600
4614,3/18/1999,1.227678537,1.272321463,1.223214269,1.267857194,1.100551963,56770000
4615,3/19/1999,1.283482194,1.285714269,1.174107194,1.196428537,1.038548827,134125600
4616,3/22/1999,1.214285731,1.256696463,1.176339269,1.252232194,1.086988568,148402800
4617,3/23/1999,1.229910731,1.229910731,1.169642806,1.178571463,1.023048043,103888400
4618,3/24/1999,1.1875,1.205357194,1.160714269,1.203125,1.04436183,100038400
4619,3/25/1999,1.227678537,1.245535731,1.191964269,1.207589269,1.048236847,99990800
4620,3/26/1999,1.205357194,1.207589269,1.178571463,1.1875,1.030798435,63459200
4621,3/29/1999,1.196428537,1.265625,1.194196463,1.263392806,1.096676826,142217600
4622,3/30/1999,1.25,1.299107194,1.25,1.28125,1.112177372,138630800
4623,3/31/1999,1.299107194,1.325892806,1.28125,1.283482194,1.114114761,105588000
4624,4/1/1999,1.287946463,1.310267806,1.276785731,1.287946463,1.117989659,65514400
4625,4/5/1999,1.285714269,1.352678537,1.285714269,1.323660731,1.148991823,115234000
4626,4/6/1999,1.314732194,1.368303537,1.314732194,1.357142806,1.178055406,157147200
4627,4/7/1999,1.359375,1.366071463,1.299107194,1.325892806,1.150929213,102953200
4628,4/8/1999,1.316964269,1.323660731,1.285714269,1.316964269,1.143178701,74102000
4629,4/9/1999,1.294642806,1.330357194,1.283482194,1.3125,1.139303327,67135600
4630,4/12/1999,1.25,1.316964269,1.245535731,1.294642806,1.1238029,98954800
4631,4/13/1999,1.296875,1.314732194,1.232142806,1.236607194,1.073425174,103096000
4632,4/14/1999,1.258928537,1.323660731,1.25,1.268973231,1.101520777,170256800
4633,4/15/1999,1.263392806,1.292410731,1.225446463,1.276785731,1.108302474,433619200
4634,4/16/1999,1.28125,1.287946463,1.258928537,1.265625,1.098614097,125554800
4635,4/19/1999,1.274553537,1.285714269,1.196428537,1.209821463,1.050174356,230454000
4636,4/20/1999,1.209821463,1.241071463,1.196428537,1.216517806,1.055987477,130964400
4637,4/21/1999,1.214285731,1.227678537,1.196428537,1.227678537,1.065675259,87850000
4638,4/22/1999,1.252232194,1.308035731,1.252232194,1.299107194,1.127678037,185043600
4639,4/23/1999,1.294642806,1.408482194,1.294642806,1.399553537,1.214869618,261710400
4640,4/26/1999,1.410714269,1.473214269,1.401785731,1.462053537,1.269121766,231982800
4641,4/27/1999,1.535714269,1.636160731,1.535714269,1.633928537,1.418316722,526512000
4642,4/28/1999,1.59375,1.631696463,1.558035731,1.573660731,1.366001725,238747600
4643,4/29/1999,1.544642806,1.584821463,1.4921875,1.535714269,1.333062768,197327200
4644,4/30/1999,1.571428537,1.683035731,1.571428537,1.642857194,1.426066995,368082400
4645,5/3/1999,1.645089269,1.785714269,1.633928537,1.770089269,1.536509395,367609200
4646,5/4/1999,1.723214269,1.736607194,1.649553537,1.660714269,1.441567779,202809600
4647,5/5/1999,1.654017806,1.678571463,1.59375,1.678571463,1.457068682,144824400
4648,5/6/1999,1.662946463,1.674107194,1.571428537,1.589285731,1.379564881,108287200
4649,5/7/1999,1.59375,1.638392806,1.526785731,1.638392806,1.422191381,108679200
4650,5/10/1999,1.669642806,1.676339269,1.59375,1.616071463,1.402816176,98249200
4651,5/11/1999,1.602678537,1.649553537,1.555803537,1.598214269,1.387315392,114648800
4652,5/12/1999,1.602678537,1.660714269,1.575892806,1.660714269,1.441567779,98781200
4653,5/13/1999,1.658482194,1.671875,1.625,1.649553537,1.431879759,73880800
4654,5/14/1999,1.611607194,1.636160731,1.584821463,1.584821463,1.375689745,56658000
4655,5/17/1999,1.5625,1.595982194,1.535714269,1.584821463,1.375689745,52690400
4656,5/18/1999,1.600446463,1.642857194,1.584821463,1.616071463,1.402816176,104594000
4657,5/19/1999,1.625,1.633928537,1.553571463,1.613839269,1.40087831,74569600
4658,5/20/1999,1.622767806,1.633928537,1.517857194,1.517857194,1.317561984,104428800
4659,5/21/1999,1.535714269,1.582589269,1.520089269,1.569196463,1.36212635,115796800
4660,5/24/1999,1.558035731,1.582589269,1.495535731,1.497767806,1.300123453,65231600
4661,5/25/1999,1.484375,1.515625,1.462053537,1.482142806,1.286560535,91627200
4662,5/26/1999,1.491071463,1.584821463,1.473214269,1.573660731,1.366001725,109387600
4663,5/27/1999,1.542410731,1.5625,1.524553537,1.553571463,1.34856379,84190400
4664,5/28/1999,1.546875,1.582589269,1.540178537,1.573660731,1.366001725,50282400
4665,6/1/1999,1.607142806,1.618303537,1.584821463,1.600446463,1.38925302,115256400
4666,6/2/1999,1.589285731,1.712053537,1.571428537,1.662946463,1.443505526,130264400
4667,6/3/1999,1.674107194,1.714285731,1.671875,1.694196463,1.470631599,122127600
4668,6/4/1999,1.700892806,1.720982194,1.6875,1.71875,1.491945505,92170400
4669,6/7/1999,1.71875,1.75,1.696428537,1.747767806,1.517133713,104571600
4670,6/8/1999,1.741071463,1.743303537,1.698660731,1.703125,1.478381872,78414000
4671,6/9/1999,1.694196463,1.732142806,1.694196463,1.729910731,1.501633406,88446400
4672,6/10/1999,1.709821463,1.723214269,1.689732194,1.71875,1.491945505,79262400
4673,6/11/1999,1.71875,1.732142806,1.651785731,1.658482194,1.439630389,46261600
4674,6/14/1999,1.660714269,1.665178537,1.611607194,1.622767806,1.408628464,39270000
4675,6/15/1999,1.613839269,1.669642806,1.611607194,1.645089269,1.428004742,32597600
4676,6/16/1999,1.65625,1.716517806,1.65625,1.712053537,1.486132264,56254800
4677,6/17/1999,1.700892806,1.714285731,1.633928537,1.65625,1.437692761,56100800
4678,6/18/1999,1.620535731,1.6875,1.613839269,1.683035731,1.460944057,52015600
4679,6/21/1999,1.678571463,1.6875,1.642857194,1.660714269,1.441567779,33787600
4680,6/22/1999,1.654017806,1.676339269,1.620535731,1.620535731,1.406690955,37769200
4681,6/23/1999,1.609375,1.610491037,1.555803537,1.560267806,1.354375958,132874000
4682,6/24/1999,1.558035731,1.558035731,1.508928537,1.511160731,1.311749339,108340400
4683,6/25/1999,1.517857194,1.524553537,1.502232194,1.506696463,1.307874322,73533600
4684,6/28/1999,1.515625,1.533482194,1.513392806,1.520089269,1.319499254,69423200
4685,6/29/1999,1.525669694,1.627232194,1.522321463,1.620535731,1.406690955,95096400
4686,6/30/1999,1.631696463,1.676339269,1.604910731,1.654017806,1.435755014,85817200
4687,7/1/1999,1.654017806,1.662946463,1.616071463,1.618303537,1.404753566,37304400
4688,7/2/1999,1.626116037,1.674107194,1.613839269,1.654017806,1.435755014,30920400
4689,7/6/1999,1.640625,1.700892806,1.636160731,1.691964269,1.46869421,113453200
4690,7/7/1999,1.691964269,1.8125,1.678571463,1.78125,1.546197891,274789200
4691,7/8/1999,1.825892806,1.966517806,1.816964269,1.946428537,1.68957901,406260400
4692,7/9/1999,1.946428537,1.986607194,1.892857194,1.986607194,1.724456191,152174400
4693,7/12/1999,1.982142806,1.986607194,1.935267806,1.946428537,1.68957901,75978000
4694,7/13/1999,1.910714269,1.935267806,1.888392806,1.917410731,1.664390802,70814800
4695,7/14/1999,1.946428537,2.022321463,1.946428537,1.997767806,1.734144211,156139200
4696,7/15/1999,1.995535731,1.997767806,1.832589269,1.901785731,1.650827646,422951200
4697,7/16/1999,1.915178537,1.946428537,1.892857194,1.895089269,1.645014644,102874800
4698,7/19/1999,1.926339269,1.993303537,1.868303537,1.944196463,1.68764174,140324800
4699,7/20/1999,1.948660731,1.982142806,1.883928537,1.888392806,1.63920188,110518800
4700,7/21/1999,1.930803537,1.979910731,1.888392806,1.930803537,1.676016331,179541600
4701,7/22/1999,1.915178537,1.924107194,1.825892806,1.870535731,1.623701334,101682000
4702,7/23/1999,1.886160731,1.919642806,1.881696463,1.904017806,1.652765274,57262800
4703,7/26/1999,1.888392806,1.892857194,1.816964269,1.819196463,1.579136491,87796800
4704,7/27/1999,1.879464269,1.926339269,1.875,1.917410731,1.664390802,98977200
4705,7/28/1999,1.924107194,1.977678537,1.892857194,1.941964269,1.68570447,82227600
4706,7/29/1999,1.90625,1.973214269,1.897321463,1.924107194,1.670203447,68868800
4707,7/30/1999,1.946428537,2.004464388,1.946428537,1.988839269,1.726393342,95785200
4708,8/2/1999,1.986607194,2.071428537,1.982142806,1.991071463,1.728331208,90610800
4709,8/3/1999,2.026785612,2.051339388,1.915178537,1.973214269,1.712830424,92094800
4710,8/4/1999,1.970982194,1.995535731,1.901785731,1.921875,1.66826582,92856400
4711,8/5/1999,1.910714269,1.959821463,1.861607194,1.955357194,1.69732964,80634400
4712,8/6/1999,1.930803537,1.975446463,1.910714269,1.933035731,1.677954078,108889200
4713,8/9/1999,1.940848231,1.970982194,1.9375,1.944196463,1.68764174,58321200
4714,8/10/1999,1.928571463,2,1.915178537,1.977678537,1.716705561,104056400
4715,8/11/1999,2,2.133928537,1.997767806,2.131696463,1.850399494,212584400
4716,8/12/1999,2.109375,2.191964388,2.09375,2.142857075,1.860087156,166527200
4717,8/13/1999,2.165178537,2.214285612,2.138392925,2.145089388,1.862024784,74608800
4718,8/16/1999,2.136160612,2.167410612,2.125,2.160714388,1.875588179,69232800
4719,8/17/1999,2.154017925,2.15625,2.104910612,2.154017925,1.869775653,80234000
4720,8/18/1999,2.145089388,2.214285612,2.129464388,2.147321463,1.863962531,117143600
4721,8/19/1999,2.136160612,2.160714388,2.091517925,2.098214388,1.821335673,137505200
4722,8/20/1999,2.116071463,2.120535612,2.078125,2.113839388,1.834898829,81986800
4723,8/23/1999,2.120535612,2.191964388,2.118303537,2.169642925,1.883337975,88891600
4724,8/24/1999,2.15625,2.169642925,2.140625,2.15625,1.871713161,125566000
4725,8/25/1999,2.167410612,2.196428537,2.147321463,2.191964388,1.902714849,73791200
4726,8/26/1999,2.183035612,2.254464388,2.183035612,2.21875,1.925965548,101122000
4727,8/27/1999,2.241071463,2.321428537,2.238839388,2.3125,2.007344484,111708800
4728,8/30/1999,2.321428537,2.321428537,2.214285612,2.216517925,1.924028158,84148400
4729,8/31/1999,2.235491037,2.352678537,2.216517925,2.330357075,2.022845268,158636800
4730,9/1/1999,2.392857075,2.457589388,2.357142925,2.450892925,2.1274755,197156400
4731,9/2/1999,2.415178537,2.551339388,2.388392925,2.520089388,2.187540531,223787200
4732,9/3/1999,2.569196463,2.6875,2.517857075,2.625,2.278606653,408816800
4733,9/7/1999,2.633928537,2.783482075,2.625,2.727678537,2.36773634,246198400
4734,9/8/1999,2.720982075,2.774553537,2.660714388,2.660714388,2.309608698,190551200
4735,9/9/1999,2.696428537,2.712053537,2.638392925,2.698660612,2.342547417,133520800
4736,9/10/1999,2.714285612,2.774553537,2.667410612,2.765625,2.400675297,114690800
4737,9/13/1999,2.752232075,2.752232075,2.671875,2.678571463,2.325110197,63000000
4738,9/14/1999,2.668526888,2.803571463,2.667410612,2.779017925,2.412301302,97073200
4739,9/15/1999,2.816964388,2.825892925,2.6875,2.691964388,2.336734533,89894000
4740,9/16/1999,2.716517925,2.787946463,2.638392925,2.743303537,2.381299496,110471200
4741,9/17/1999,2.761160612,2.776785612,2.723214388,2.747767925,2.385174513,69319600
4742,9/20/1999,2.75,2.861607075,2.745535612,2.823660612,2.451052904,114167200
4743,9/21/1999,2.613839388,2.616071463,2.464285612,2.473214388,2.146850348,839389600
4744,9/22/1999,2.491071463,2.558035612,2.46484375,2.511160612,2.179789782,280792400
4745,9/23/1999,2.540178537,2.544642925,2.25,2.261160612,1.962780237,285938800
4746,9/24/1999,2.263392925,2.393415213,2.25,2.319196463,2.013157606,294968800
4747,9/27/1999,2.370535612,2.383928537,2.185267925,2.189732075,1.900776982,237048000
4748,9/28/1999,2.196428537,2.214285612,2.051339388,2.129464388,1.848462105,353740800
4749,9/29/1999,2.151785612,2.1875,2.071428537,2.109375,1.831023455,164320800
4750,9/30/1999,2.127232075,2.292410612,2.116071463,2.261160612,1.962780237,227021200
4751,10/1/1999,2.21875,2.229910612,2.125,2.204241037,1.913371682,153697600
4752,10/4/1999,2.227678537,2.316964388,2.227678537,2.305803537,2.001531839,114839200
4753,10/5/1999,2.34375,2.433035612,2.3125,2.426339388,2.106162071,203551600
4754,10/6/1999,2.477678537,2.486607075,2.392857075,2.399553537,2.082910299,201068000
4755,10/7/1999,2.444196463,2.450892925,2.316964388,2.370535612,2.057721853,151471600
4756,10/8/1999,2.363839388,2.368303537,2.267857075,2.341517925,2.032533407,95701200
4757,10/11/1999,2.357142925,2.4375,2.357142925,2.381696463,2.067409515,65780400
4758,10/12/1999,2.424107075,2.486607075,2.392857075,2.417410612,2.098410845,140938000
4759,10/13/1999,2.379464388,2.482142925,2.276785612,2.286830425,1.985062122,159182800
4760,10/14/1999,2.473214388,2.618303537,2.464285612,2.613839388,2.268919468,474700800
4761,10/15/1999,2.540178537,2.707589388,2.506696463,2.662946463,2.311545849,293294400
4762,10/18/1999,2.638392925,2.651785612,2.540178537,2.616071463,2.270856619,194101600
4763,10/19/1999,2.558035612,2.678571463,2.444196463,2.446428537,2.123599768,255645600
4764,10/20/1999,2.5,2.6875,2.5,2.683035612,2.328983784,270351200
4765,10/21/1999,2.591517925,2.752232075,2.584821463,2.71875,2.359986067,198363200
4766,10/22/1999,2.754464388,2.758928537,2.620535612,2.640625,2.292170048,104876800
4767,10/25/1999,2.651785612,2.71875,2.633928537,2.660714388,2.309608698,81648000
4768,10/26/1999,2.676339388,2.696428537,2.618303537,2.680803537,2.327046871,90358800
4769,10/27/1999,2.65625,2.736607075,2.622767925,2.727678537,2.36773634,110768000
4770,10/28/1999,2.752232075,2.821428537,2.716517925,2.78125,2.414238453,126022400
4771,10/29/1999,2.814732075,2.895089388,2.814732075,2.861607075,2.483991385,130762800
4772,11/1/1999,2.857142925,2.881696463,2.763392925,2.772321463,2.406487465,69644400
4773,11/2/1999,2.785714388,2.917410612,2.761160612,2.866071463,2.487867117,99808800
4774,11/3/1999,2.915178537,2.973214388,2.892857075,2.910714388,2.526618958,82115600
4775,11/4/1999,2.930803537,3.049107075,2.879464388,2.986607075,2.592496872,94771600
4776,11/5/1999,3.022321463,3.15625,3,3.154017925,2.737816095,104202000
4777,11/8/1999,3.133928537,3.490513325,3.098214388,3.441964388,2.987765312,237731200
4778,11/9/1999,3.370535612,3.375,3.142857075,3.200892925,2.778506041,202294400
4779,11/10/1999,3.151785612,3.330357075,3.147321463,3.265625,2.834696293,144474400
4780,11/11/1999,3.271205425,3.308035612,3.209821463,3.294642925,2.859884739,67468800
4781,11/12/1999,3.283482075,3.285714388,3.120535612,3.236607075,2.809507132,69764800
4782,11/15/1999,3.200892925,3.316964388,3.160714388,3.194196463,2.772693157,64976800
4783,11/16/1999,3.214285612,3.276785612,3.160714388,3.256696463,2.826945543,58464000
4784,11/17/1999,3.238839388,3.383928537,3.214285612,3.223214388,2.797881603,91142800
4785,11/18/1999,3.252232075,3.254464388,3.158482075,3.200892925,2.778506041,91196000
4786,11/19/1999,3.196428537,3.316964388,3.145089388,3.301339388,2.865697145,78128400
4787,11/22/1999,3.276785612,3.276785612,3.1875,3.236607075,2.809507132,50590400
4788,11/23/1999,3.276785612,3.401785612,3.160714388,3.314732075,2.877323389,135828000
4789,11/24/1999,3.321428537,3.392857075,3.274553537,3.381696463,2.935450792,53776800
4790,11/26/1999,3.383928537,3.410714388,3.361607075,3.395089388,2.947076797,33017600
4791,11/29/1999,3.366071463,3.5625,3.330357075,3.377232075,2.931575537,116040400
4792,11/30/1999,3.504464388,3.705357075,3.477678537,3.495535612,3.034267426,210795200
4793,12/1/1999,3.607142925,3.732142925,3.573660612,3.680803537,3.195086956,154641200
4794,12/2/1999,3.683035612,3.950892925,3.633928537,3.935267925,3.41597271,141839600
4795,12/3/1999,4.006696224,4.127232075,3.995535612,4.107142925,3.565167427,161980000
4796,12/6/1999,4.091517925,4.189732075,3.979910612,4.142857075,3.596168518,116695600
4797,12/7/1999,4.162946224,4.214285851,4.071428776,4.207589149,3.65235877,111255200
4798,12/8/1999,4.151785851,4.209821224,3.910714388,3.930803537,3.412098169,103087600
4799,12/9/1999,3.964285612,3.964285612,3.602678537,3.758928537,3.262902975,213799600
4800,12/10/1999,3.761160612,3.901785612,3.535714388,3.678571463,3.19315052,159440400
4801,12/13/1999,3.656808138,3.660714388,3.533482075,3.535714388,3.069144249,132490400
4802,12/14/1999,3.513392925,3.5625,3.383928537,3.388392925,2.941263199,108967600
4803,12/15/1999,3.330357075,3.473214388,3.252232075,3.464285612,3.007141352,155744400
4804,12/16/1999,3.5,3.513392925,3.357142925,3.511160612,3.047830582,115956400
4805,12/17/1999,3.602678537,3.642857075,3.517857075,3.571428537,3.100145102,123751600
4806,12/20/1999,3.555803537,3.558035612,3.450892925,3.5,3.03814292,70996800
4807,12/21/1999,3.506696463,3.680803537,3.497767925,3.660714388,3.177650213,76899200
4808,12/22/1999,3.674107075,3.734375,3.526785612,3.569196463,3.098208427,81768400
4809,12/23/1999,3.636160612,3.723214388,3.609375,3.696428537,3.208651304,57383200
4810,12/27/1999,3.727678537,3.729910612,3.544642925,3.546875,3.078832388,42098000
4811,12/28/1999,3.540178537,3.558035612,3.392857075,3.506696463,3.043955803,61894000
4812,12/29/1999,3.457589388,3.649553537,3.410714388,3.595982075,3.121459007,71125600
4813,12/30/1999,3.649553537,3.71875,3.558035612,3.582589388,3.109833717,51786000
4814,12/31/1999,3.604910612,3.674107075,3.553571463,3.671875,3.187336922,40952800
4815,1/3/2000,3.745535612,4.017857075,3.631696463,3.997767925,3.470225573,133949200
4816,1/4/2000,3.866071463,3.950892925,3.613839388,3.660714388,3.177650213,128094400
4817,1/5/2000,3.705357075,3.948660612,3.678571463,3.714285612,3.22415185,194580400
4818,1/6/2000,3.790178537,3.821428537,3.392857075,3.392857075,2.945138931,191993200
4819,1/7/2000,3.446428537,3.607142925,3.410714388,3.553571463,3.084645033,115183600
4820,1/10/2000,3.642857075,3.651785612,3.383928537,3.491071463,3.030392647,126266000
4821,1/11/2000,3.426339388,3.549107075,3.232142925,3.3125,2.875385523,110387200
4822,1/12/2000,3.392857075,3.410714388,3.089285612,3.113839388,2.70293951,244017200
4823,1/13/2000,3.374441862,3.526785612,3.303571463,3.455357075,2.999391317,258171200
4824,1/14/2000,3.571428537,3.651785612,3.549107075,3.587053537,3.113708496,97594000
4825,1/18/2000,3.607142925,3.785714388,3.587053537,3.712053537,3.222213507,114794400
4826,1/19/2000,3.772321463,3.883928537,3.691964388,3.805803537,3.303592205,149410800
4827,1/20/2000,4.125,4.339285851,4.053571224,4.053571224,3.518665314,457783200
4828,1/21/2000,4.080357075,4.080357075,3.935267925,3.975446463,3.450849295,123981200
4829,1/24/2000,3.872767925,4.026785851,3.754464388,3.794642925,3.293904066,110219200
4830,1/25/2000,3.75,4.040178776,3.65625,4.008928776,3.479914188,124286400
4831,1/26/2000,3.928571463,4.078125,3.919642925,3.935267925,3.41597271,91789600
4832,1/27/2000,3.886160612,4.035714149,3.821428537,3.928571463,3.410160065,85036000
4833,1/28/2000,3.863839388,3.959821463,3.59375,3.629464388,3.150522709,105837200
4834,1/31/2000,3.607142925,3.709821463,3.375,3.705357075,3.216401339,175420000
4835,2/1/2000,3.714285612,3.75,3.571428537,3.580357075,3.10789609,79508800
4836,2/2/2000,3.598214388,3.647321463,3.464285612,3.529017925,3.063332319,116048800
4837,2/3/2000,3.582589388,3.723214388,3.580357075,3.689732075,3.202838659,118798400
4838,2/4/2000,3.712053537,3.928571463,3.700892925,3.857142925,3.348157167,106330000
4839,2/7/2000,3.857142925,4.080357075,3.783482075,4.073660851,3.536104441,110266800
4840,2/8/2000,4.071428776,4.147321224,3.973214388,4.102678776,3.561292887,102160800
4841,2/9/2000,4.075892925,4.183035851,4.015625,4.022321224,3.491538525,74841200
4842,2/10/2000,4.03125,4.066964149,3.928571463,4.053571224,3.518665314,75745600
4843,2/11/2000,4.058035851,4.075892925,3.866071463,3.883928537,3.371408939,53062800
4844,2/14/2000,3.904017925,4.138392925,3.879464388,4.136160851,3.590356112,91884800
4845,2/15/2000,4.116071224,4.283482075,4.113839149,4.25,3.689173937,121436000
4846,2/16/2000,4.205357075,4.21875,4.004464149,4.075892925,3.538042068,94561600
4847,2/17/2000,4.113839149,4.125,4.040178776,4.102678776,3.561292887,72374400
4848,2/18/2000,4.09375,4.120535851,3.959821463,3.973214388,3.448912382,58360400
4849,2/22/2000,3.933035612,4.176339149,3.810267925,4.064732075,3.528352976,105574000
4850,2/23/2000,4.044085026,4.25,3.964285612,4.151785851,3.603919506,118274800
4851,2/24/2000,4.189732075,4.254464149,3.991071463,4.114397526,3.571465015,94108000
4852,2/25/2000,4.100446224,4.178571224,3.933035612,3.941964388,3.42178607,62286000
4853,2/28/2000,3.933035612,4.107142925,3.870535612,4.044642925,3.510914803,82082000
4854,2/29/2000,4.055803776,4.1875,4.020089149,4.09375,3.553541899,92240400
4855,3/1/2000,4.234375,4.716517925,4.232142925,4.654017925,4.039878368,269250800
4856,3/2/2000,4.535714149,4.569196224,4.310267925,4.357142925,3.782177687,77814800
4857,3/3/2000,4.459821224,4.579799175,4.285714149,4.571428776,3.968187094,80841600
4858,3/6/2000,4.5,4.611607075,4.464285851,4.488839149,3.896495342,52640000
4859,3/7/2000,4.515625,4.551339149,4.325892925,4.388392925,3.809303522,68252800
4860,3/8/2000,4.388392925,4.426339149,4.234375,4.357142925,3.782177687,67807600
4861,3/9/2000,4.316964149,4.464285851,4.223214149,4.366071224,3.789928198,69179600
4862,3/10/2000,4.345982075,4.569196224,4.321428776,4.491071224,3.898431301,62151600
4863,3/13/2000,4.361607075,4.517857075,4.267857075,4.332589149,3.760864973,75989200
4864,3/14/2000,4.329241276,4.4375,4.071428776,4.080357075,3.541916847,107144800
4865,3/15/2000,4.129464149,4.294642925,4.075892925,4.151785851,3.603919506,110902400
4866,3/16/2000,4.189732075,4.357142925,4.089285851,4.341517925,3.768614531,94525200
4867,3/17/2000,4.290178776,4.464285851,4.272321224,4.464285851,3.875182629,76260800
4868,3/20/2000,4.410714149,4.508928776,4.370535851,4.392857075,3.813179731,51122400
4869,3/21/2000,4.377232075,4.883928776,4.34375,4.819196224,4.183258057,131082000
4870,3/22/2000,4.7421875,5.15625,4.698660851,5.149553776,4.470023155,141999200
4871,3/23/2000,5.071428776,5.370535851,5,5.046875,4.380892754,140641200
4872,3/24/2000,5.087053776,5.140625,4.839285851,4.953125,4.299514771,111728400
4873,3/27/2000,4.915178776,5.169642925,4.888392925,4.984375,4.326641083,69795600
4874,3/28/2000,4.901785851,5.071428776,4.897321224,4.96875,4.31307888,50741600
4875,3/29/2000,4.977678776,4.979910851,4.779575825,4.854910851,4.214261055,59959200
4876,3/30/2000,4.770089149,4.917410851,4.479910851,4.491071224,3.898431301,103600000
4877,3/31/2000,4.551339149,4.901785851,4.5,4.850446224,4.210383892,101158400
4878,4/3/2000,4.839285851,4.982142925,4.622767925,4.761160851,4.132880688,82140800
4879,4/4/2000,4.736607075,4.75,4.169642925,4.546875,3.946873665,165082400
4880,4/5/2000,4.516741276,4.745535851,4.428571224,4.65625,4.041814804,114416400
4881,4/6/2000,4.665178776,4.803571224,4.401785851,4.470982075,3.880994081,64906800
4882,4/7/2000,4.544642925,4.709821224,4.482142925,4.705357075,4.084443092,60608800
4883,4/10/2000,4.703125,4.741071224,4.455357075,4.464285851,3.875182629,53065600
4884,4/11/2000,4.410714149,4.459821224,4.216517925,4.265625,3.702736139,135455600
4885,4/12/2000,4.25,4.25,3.745535612,3.901785612,3.386909246,235284000
4886,4/13/2000,3.982142925,4.285714149,3.875,4.064732075,3.528352976,132456800
4887,4/14/2000,3.904017925,4.214285851,3.892857075,3.995535612,3.468288422,166905200
4888,4/17/2000,3.910714388,4.426339149,3.895089388,4.424107075,3.840305805,102390400
4889,4/18/2000,4.410714149,4.53125,4.263392925,4.53125,3.933309793,97731200
4890,4/19/2000,4.506696224,4.651785851,4.276785851,4.325892925,3.75505209,130037600
4891,4/20/2000,4.417410851,4.455357075,4.180803776,4.245535851,3.685298443,180530000
4892,4/24/2000,4.107142925,4.303571224,4.098214149,4.303571224,3.73567605,110905200
4893,4/25/2000,4.361607075,4.598214149,4.359375,4.582589149,3.97787571,97910400
4894,4/26/2000,4.522321224,4.571428776,4.285714149,4.332589149,3.760864973,91728000
4895,4/27/2000,4.185267925,4.535714149,4.163504601,4.526785851,3.92943573,81650800
4896,4/28/2000,4.540178776,4.553571224,4.332589149,4.430803776,3.846119881,62395200
4897,5/1/2000,4.459821224,4.46875,4.352678776,4.439732075,3.853868008,56548800
4898,5/2/2000,4.401785851,4.508928776,4.196428776,4.209821224,3.654297113,59108000
4899,5/3/2000,4.247767925,4.330357075,3.986607075,4.109375,3.567105532,122449600
4900,5/4/2000,4.111607075,4.116071224,3.948660612,3.953125,3.43147397,99878800
4901,5/5/2000,3.957589388,4.098214149,3.954241037,4.040178776,3.507040024,71019200
4902,5/8/2000,4.003348351,4.060267925,3.928571463,3.933035612,3.414035559,46225200
4903,5/9/2000,3.939732075,3.973214388,3.745535612,3.765625,3.268716574,81785200
4904,5/10/2000,3.716517925,3.75,3.526785612,3.546875,3.078832388,133772800
4905,5/11/2000,3.620535612,3.723214388,3.535714388,3.671875,3.187336922,124936000
4906,5/12/2000,3.785714388,3.946428537,3.741629362,3.84375,3.336531639,76728400
4907,5/15/2000,3.859375,3.859375,3.575892925,3.607142925,3.131147146,169733200
4908,5/16/2000,3.732700825,3.895089388,3.669642925,3.774553537,3.276466846,110112800
4909,5/17/2000,3.700892925,3.703125,3.584821463,3.620535612,3.142772913,99523200
4910,5/18/2000,3.678571463,3.747767925,3.59375,3.598214388,3.123396635,93444400
4911,5/19/2000,3.544642925,3.544642925,3.334821463,3.357142925,2.914137363,185166800
4912,5/22/2000,3.348214388,3.348214388,3.071428537,3.212053537,2.788193703,188876800
4913,5/23/2000,3.232142925,3.334821463,3.058035612,3.064732075,2.660313129,129396400
4914,5/24/2000,3.078125,3.205357075,2.964285612,3.131696463,2.718440771,169615600
4915,5/25/2000,3.160714388,3.309151888,3.071428537,3.116629362,2.705361366,101687600
4916,5/26/2000,3.142857075,3.209821463,3.044642925,3.084821463,2.677751303,45287200
4917,5/30/2000,3.129464388,3.147321463,2.919642925,3.127232075,2.7145648,178264800
4918,5/31/2000,3.102678537,3.258928537,2.993303537,3,2.604122877,108376800
4919,6/1/2000,2.919642925,3.198660612,2.870535612,3.183035612,2.763004303,225960000
4920,6/2/2000,3.348214388,3.5625,3.178571463,3.305803537,2.869571924,198212000
4921,6/5/2000,3.332589388,3.401785612,3.203125,3.261160612,2.83082056,80917200
4922,6/6/2000,3.284598112,3.455357075,3.225446463,3.316964388,2.879260778,131370400
4923,6/7/2000,3.34375,3.464285612,3.272321463,3.448660612,2.993577957,84254800
4924,6/8/2000,3.486607075,3.517857075,3.325892925,3.386160612,2.939325094,59631600
4925,6/9/2000,3.455357075,3.497767925,3.370535612,3.419642925,2.968390226,63089600
4926,6/12/2000,3.441964388,3.444196463,3.245535612,3.256696463,2.826945543,72584400
4927,6/13/2000,3.256696463,3.381696463,3.149553537,3.375,2.929637909,87864000
4928,6/14/2000,3.381696463,3.4375,3.21875,3.229910612,2.803694487,69361600
4929,6/15/2000,3.258928537,3.334821463,3.178571463,3.299107075,2.863759518,62143200
4930,6/16/2000,3.339285612,3.348214388,3.180803537,3.256696463,2.826945543,75891200
4931,6/19/2000,3.234375,3.495535612,3.207589388,3.450892925,2.9955163,98501200
4932,6/20/2000,3.517857075,3.712053537,3.513392925,3.616071463,3.138897896,125347600
4933,6/21/2000,3.607142925,4.066964149,3.59375,3.973214388,3.448912382,122500000
4934,6/22/2000,3.982142925,4.116071224,3.825892925,3.839285612,3.332656384,116928000
4935,6/23/2000,3.841517925,3.901785612,3.629464388,3.691964388,3.20477581,51241400
4936,6/26/2000,3.75,3.910714388,3.723214388,3.866071463,3.355908155,46338600
4937,6/27/2000,3.841517925,3.964285612,3.6875,3.696428537,3.208651304,50867600
4938,6/28/2000,3.808035612,3.955357075,3.678571463,3.888392925,3.37528348,71607200
4939,6/29/2000,3.790178537,3.852678537,3.647321463,3.660714388,3.177650213,50915200
4940,6/30/2000,3.772321463,3.924107075,3.691964388,3.741071463,3.247402668,80774400
4941,7/3/2000,3.723214388,3.879464388,3.723214388,3.808035612,3.305530548,17707200
4942,7/5/2000,3.803571463,3.941964388,3.625,3.6875,3.200900555,66304000
4943,7/6/2000,3.75,3.78125,3.544642925,3.700892925,3.212526083,77386400
4944,7/7/2000,3.756696463,3.915178537,3.723214388,3.888392925,3.37528348,65900800
4945,7/10/2000,3.863839388,4.160714149,3.839285612,4.080357075,3.541916847,99449000
4946,7/11/2000,4.071428776,4.232142925,3.959821463,4.066964149,3.530290842,89474000
4947,7/12/2000,4.151785851,4.209821224,4.026785851,4.205357075,3.650421381,56358400
4948,7/13/2000,4.178571224,4.330357075,3.910714388,4.035714149,3.503164053,111414800
4949,7/14/2000,4.080357075,4.214285851,4.0625,4.120535851,3.576793194,47569200
4950,7/17/2000,4.160714149,4.200892925,4.080357075,4.165178776,3.615545511,65000600
4951,7/18/2000,4.178571224,4.205357075,4.0625,4.089285851,3.549666405,79601200
4952,7/19/2000,3.941964388,4.058035851,3.696428537,3.763392925,3.266778469,114468200
4953,7/20/2000,3.928571463,4.075892925,3.866071463,3.9375,3.417910576,116393200
4954,7/21/2000,3.8828125,3.973214388,3.78125,3.825892925,3.321031094,49058800
4955,7/24/2000,3.754464388,3.776785612,3.392857075,3.477678537,3.018767118,103042800
4956,7/25/2000,3.59375,3.616071463,3.504464388,3.575892925,3.104020834,52901800
4957,7/26/2000,3.560267925,3.660714388,3.517857075,3.575892925,3.104020834,52617600
4958,7/27/2000,3.571428537,3.803571463,3.5625,3.714285612,3.22415185,73746400
4959,7/28/2000,3.734375,3.75,3.348214388,3.450892925,2.9955163,59473400
4960,7/31/2000,3.511160612,3.6875,3.482142925,3.629464388,3.150522709,38824800
4961,8/1/2000,3.59375,3.654017925,3.517857075,3.522321463,3.057518959,34321000
4962,8/2/2000,3.5,3.566964388,3.370535612,3.375,2.929637909,40588800
4963,8/3/2000,3.254464388,3.433035612,3.160714388,3.428571463,2.976140022,84974400
4964,8/4/2000,3.533482075,3.660714388,3.308035612,3.383928537,2.93738842,65780400
4965,8/7/2000,3.419642925,3.504464388,3.370535612,3.424107075,2.972264528,46837000
4966,8/8/2000,3.424107075,3.428571463,3.308035612,3.339285612,2.898636103,44168600
4967,8/9/2000,3.4375,3.459821463,3.375,3.392857075,2.945138931,94910200
4968,8/10/2000,3.428571463,3.459821463,3.383928537,3.397321463,2.94901371,62928600
4969,8/11/2000,3.345982075,3.428571463,3.254464388,3.40625,2.956763744,59514000
4970,8/14/2000,3.399553537,3.40625,3.308035612,3.361607075,2.918012381,39165000
4971,8/15/2000,3.375,3.424107075,3.321428537,3.334821463,2.894760847,28550200
4972,8/16/2000,3.348214388,3.5,3.34375,3.464285612,3.007141352,35918400
4973,8/17/2000,3.455357075,3.745535612,3.450892925,3.674107075,3.189275026,67725000
4974,8/18/2000,3.669642925,3.700892925,3.5625,3.571428537,3.100145102,47544000
4975,8/21/2000,3.589285612,3.683035612,3.544642925,3.607142925,3.131147146,33616800
4976,8/22/2000,3.616071463,3.772321463,3.598214388,3.691964388,3.20477581,69200600
4977,8/23/2000,3.676339388,3.910714388,3.647321463,3.879464388,3.367533445,59215800
4978,8/24/2000,3.905133963,4.044642925,3.8125,4.0078125,3.478945494,77691600
4979,8/25/2000,4.035714149,4.107142925,4.026785851,4.058035851,3.522540331,83615000
4980,8/28/2000,4.089285851,4.214285851,4.075892925,4.147321224,3.600044489,89751200
4981,8/29/2000,4.133928776,4.245535851,4.120535851,4.227678776,3.669797659,66757600
4982,8/30/2000,4.214285851,4.285714149,4.193080425,4.25,3.689173937,71348200
4983,8/31/2000,4.212053776,4.392857075,4.209821224,4.352678776,3.778303146,104899200
4984,9/1/2000,4.379464149,4.544642925,4.366071224,4.53125,3.933309793,64218000
4985,9/5/2000,4.475446224,4.580357075,4.446428776,4.459821224,3.871306896,74660600
4986,9/6/2000,4.383928776,4.455357075,4.125,4.174107075,3.623295546,88851000
4987,9/7/2000,4.223214149,4.46875,4.160714149,4.428571224,3.844180107,54366200
4988,9/8/2000,4.401785851,4.401785851,4.178571224,4.205357075,3.650421381,48879600
4989,9/11/2000,4.191964149,4.3125,4.151785851,4.174107075,3.623295546,46845400
4990,9/12/2000,4.095982075,4.290178776,4.071428776,4.125,3.580668211,46999400
4991,9/13/2000,4.053571224,4.25,4.053571224,4.142857075,3.596168518,76496000
4992,9/14/2000,4.183035851,4.258928776,4.058035851,4.061383724,3.525446892,106638000
4993,9/15/2000,4.125,4.15625,3.875,3.9453125,3.424692392,98628600
4994,9/18/2000,3.946428537,4.339285851,3.933035612,4.332589149,3.760864973,106134000
4995,9/19/2000,4.267857075,4.321428776,4.183035851,4.28125,3.716299772,67877600
4996,9/20/2000,4.243303776,4.388392925,4.183035851,4.360491276,3.785084724,56847000
4997,9/21/2000,4.178571224,4.258928776,3.946428537,4.049107075,3.514790535,127622600
4998,9/22/2000,3.59375,3.745535612,3.571428537,3.727678537,3.235777378,181675200
4999,9/25/2000,3.767857075,3.964285612,3.71875,3.821428537,3.317155838,108887800
5000,9/26/2000,3.808035612,3.910714388,3.669642925,3.674107075,3.189275026,72734200
5001,9/27/2000,3.696428537,3.767857075,3.446428537,3.495535612,3.034267426,100564800
5002,9/28/2000,3.522321463,3.84375,3.4375,3.821428537,3.317155838,244896400
5003,9/29/2000,2.013392925,2.071428537,1.8125,1.839285731,1.59657526,1855410200
5004,10/2/2000,1.90625,1.910714269,1.678571463,1.732142806,1.503570676,606197200
5005,10/3/2000,1.78125,1.785714269,1.584821463,1.59375,1.383439898,509530000
5006,10/4/2000,1.598214269,1.696428537,1.5625,1.6875,1.464818954,366506000
5007,10/5/2000,1.678571463,1.75,1.571428537,1.575892806,1.36793983,218251600
5008,10/6/2000,1.620535731,1.638392806,1.5,1.584821463,1.375689745,153164200
5009,10/9/2000,1.616071463,1.633928537,1.508928537,1.553571463,1.34856379,149391200
5010,10/10/2000,1.544642806,1.602678537,1.464285731,1.491071463,1.294310808,172775400
5011,10/11/2000,1.4375,1.5,1.366071463,1.401785731,1.216807365,299605600
5012,10/12/2000,1.450892806,1.486607194,1.392857194,1.428571463,1.240058541,297766000
5013,10/13/2000,1.446428537,1.580357194,1.428571463,1.575892806,1.36793983,311938200
5014,10/16/2000,1.59375,1.660714269,1.526785731,1.535714269,1.333062768,205044000
5015,10/17/2000,1.549107194,1.566964269,1.40625,1.4375,1.247808576,150430000
5016,10/18/2000,1.388392806,1.504464269,1.339285731,1.4375,1.247808576,208566400
5017,10/19/2000,1.368303537,1.415178537,1.308035731,1.352678537,1.17418015,376681200
5018,10/20/2000,1.361607194,1.455357194,1.352678537,1.392857194,1.209056973,197815800
5019,10/23/2000,1.447544694,1.46875,1.388392806,1.455357194,1.263309479,137823000
5020,10/24/2000,1.477678537,1.491071463,1.34375,1.348214269,1.170305014,201112800
5021,10/25/2000,1.361607194,1.370535731,1.316964269,1.321428537,1.147054195,165992400
5022,10/26/2000,1.34375,1.348214269,1.25,1.321428537,1.147054195,180462800
5023,10/27/2000,1.348214269,1.370535731,1.276785731,1.325892806,1.150929213,186125800
5024,10/30/2000,1.366071463,1.424107194,1.339285731,1.379464269,1.197431326,159797400
5025,10/31/2000,1.410714269,1.446428537,1.375,1.397321463,1.212931752,221470200
5026,11/1/2000,1.388392806,1.491071463,1.388392806,1.464285731,1.271059394,143841600
5027,11/2/2000,1.508928537,1.602678537,1.504464269,1.59375,1.383439898,147673400
5028,11/3/2000,1.642857194,1.642857194,1.566964269,1.589285731,1.379564881,128955400
5029,11/6/2000,1.602678537,1.616071463,1.491071463,1.53125,1.329187393,98369600
5030,11/7/2000,1.535714269,1.558035731,1.486607194,1.522321463,1.32143724,75490800
5031,11/8/2000,1.526785731,1.53125,1.415178537,1.433035731,1.243933558,105522200
5032,11/9/2000,1.419642806,1.464285731,1.361607194,1.441964269,1.25168395,119208600
5033,11/10/2000,1.3828125,1.419642806,1.361607194,1.361607194,1.181930542,105562800
5034,11/13/2000,1.339285731,1.428571463,1.303571463,1.383928537,1.201306462,107954000
5035,11/14/2000,1.424107194,1.464285731,1.397321463,1.446428537,1.255559087,102250400
5036,11/15/2000,1.430803537,1.441964269,1.375,1.419642806,1.23230803,70589400
5037,11/16/2000,1.392857194,1.415178537,1.348214269,1.357142806,1.178055406,59843000
5038,11/17/2000,1.370535731,1.375,1.303571463,1.321428537,1.147054195,111545000
5039,11/20/2000,1.328125,1.392857194,1.303571463,1.352678537,1.17418015,102016600
5040,11/21/2000,1.370535731,1.392857194,1.339285731,1.34375,1.166429639,75488000
5041,11/22/2000,1.34375,1.366071463,1.3125,1.321428537,1.147054195,70133000
5042,11/24/2000,1.347098231,1.392857194,1.34375,1.379464269,1.197431326,40233200
5043,11/27/2000,1.419642806,1.424107194,1.321428537,1.334821463,1.158679366,64698200
5044,11/28/2000,1.334821463,1.357142806,1.28125,1.287946463,1.117989659,67281200
5045,11/29/2000,1.292410731,1.308035731,1.232142806,1.254464269,1.088926077,123037600
5046,11/30/2000,1.191964269,1.214285731,1.151785731,1.178571463,1.023048043,202399400
5047,12/1/2000,1.214285731,1.25,1.200892806,1.21875,1.057924867,96426400
5048,12/4/2000,1.227678537,1.227678537,1.174107194,1.191964269,1.034673929,92880200
5049,12/5/2000,1.209821463,1.245535731,1.169642806,1.214285731,1.054049611,153494600
5050,12/6/2000,1.044642806,1.071428537,1,1.022321463,0.887416601,343616000
5051,12/7/2000,1.03125,1.0625,1,1.022321463,0.887416601,102229400
5052,12/8/2000,1.058035731,1.09375,1.03125,1.075892806,0.933919013,108906000
5053,12/11/2000,1.084821463,1.098214269,1.0625,1.084821463,0.941668987,83127800
5054,12/12/2000,1.089285731,1.142857194,1.071428537,1.098214269,0.953294933,96565000
5055,12/13/2000,1.111607194,1.111607194,1.0625,1.071428537,0.930043578,86221800
5056,12/14/2000,1.073660731,1.089285731,1.03125,1.03125,0.895167053,65829400
5057,12/15/2000,1.040178537,1.049107194,1,1.004464269,0.871915936,128486400
5058,12/18/2000,1.040178537,1.044642806,0.995535731,1.017857194,0.883541822,81452000
5059,12/19/2000,1.026785731,1.089285731,1,1,0.86804074,93501800
5060,12/20/2000,0.984375,1.044642806,0.973214269,1.026785731,0.891291857,141332800
5061,12/21/2000,1.017857194,1.071428537,0.991071403,1.004464269,0.871915936,91711200
5062,12/22/2000,1.008928537,1.071428537,1.008928537,1.071428537,0.930043578,79513000
5063,12/26/2000,1.0625,1.071428537,1.017857194,1.049107194,0.910667837,54203800
5064,12/27/2000,1.024553537,1.058035731,1.013392806,1.058035731,0.918418169,81366600
5065,12/28/2000,1.026785731,1.066964269,1.022321463,1.058035731,0.918418169,76294400
5066,12/29/2000,1.049107194,1.071428537,1.035714269,1.0625,0.922293484,157584000
5067,1/2/2001,1.0625,1.089285731,1.040178537,1.0625,0.922293484,113078000
5068,1/3/2001,1.035714269,1.191964269,1.03125,1.169642806,1.015297771,204268400
5069,1/4/2001,1.295758963,1.321428537,1.200892806,1.21875,1.057924867,184849000
5070,1/5/2001,1.209821463,1.241071463,1.147321463,1.169642806,1.015297771,103089000
5071,1/8/2001,1.209821463,1.213169694,1.138392806,1.183035731,1.026923418,93424800
5072,1/9/2001,1.200892806,1.260044694,1.183035731,1.227678537,1.065675259,147232400
5073,1/10/2001,1.191964269,1.214285731,1.147321463,1.183035731,1.026923418,145195400
5074,1/11/2001,1.160714269,1.321428537,1.160714269,1.285714269,1.116052389,200933600
5075,1/12/2001,1.276785731,1.285714269,1.21875,1.227678537,1.065675259,105844200
5076,1/16/2001,1.245535731,1.303571463,1.214285731,1.223214269,1.061799884,76529600
5077,1/17/2001,1.254464269,1.254464269,1.178571463,1.200892806,1.042424202,210218400
5078,1/18/2001,1.272321463,1.339285731,1.258928537,1.334821463,1.158679366,306752600
5079,1/19/2001,1.388392806,1.397321463,1.334821463,1.392857194,1.209056973,194166000
5080,1/22/2001,1.361607194,1.401785731,1.316964269,1.375,1.19355607,129831800
5081,1/23/2001,1.379464269,1.495535731,1.361607194,1.464285731,1.271059394,219882600
5082,1/24/2001,1.473214269,1.477678537,1.397321463,1.464285731,1.271059394,179272800
5083,1/25/2001,1.46875,1.46875,1.410714269,1.424107194,1.236183524,122427200
5084,1/26/2001,1.392857194,1.415178537,1.361607194,1.397321463,1.212931752,120705200
5085,1/29/2001,1.397321463,1.553571463,1.397321463,1.549107194,1.344688416,213882200
5086,1/30/2001,1.540178537,1.571428537,1.491071463,1.553571463,1.34856379,173105800
5087,1/31/2001,1.535714269,1.607142806,1.53125,1.544642806,1.340812922,182676200
5088,2/1/2001,1.477678537,1.535714269,1.464285731,1.508928537,1.309811711,92423800
5089,2/2/2001,1.508928537,1.566964269,1.464285731,1.473214269,1.278810143,106835400
5090,2/5/2001,1.464285731,1.46875,1.410714269,1.441964269,1.25168395,71528800
5091,2/6/2001,1.439732194,1.527901769,1.428571463,1.508928537,1.309811711,115677800
5092,2/7/2001,1.475446463,1.491071463,1.415178537,1.482142806,1.286560535,98471800
5093,2/8/2001,1.46875,1.504464269,1.441964269,1.482142806,1.286560535,151032000
5094,2/9/2001,1.464285731,1.486607194,1.334821463,1.366071463,1.185805559,147520800
5095,2/12/2001,1.361607194,1.428571463,1.34375,1.40625,1.220682502,68530000
5096,2/13/2001,1.424107194,1.459821463,1.357142806,1.366071463,1.185805559,59267600
5097,2/14/2001,1.370535731,1.401785731,1.321428537,1.392857194,1.209056973,77280000
5098,2/15/2001,1.40625,1.46875,1.40625,1.433035731,1.243933558,77854000
5099,2/16/2001,1.357142806,1.392857194,1.339285731,1.357142806,1.178055406,65977800
5100,2/20/2001,1.370535731,1.388392806,1.299107194,1.308035731,1.135428309,78723400
5101,2/21/2001,1.303571463,1.424107194,1.303571463,1.348214269,1.170305014,97564600
5102,2/22/2001,1.361607194,1.383928537,1.285714269,1.34375,1.166429639,107990400
5103,2/23/2001,1.330357194,1.348214269,1.303571463,1.34375,1.166429639,73466400
5104,2/26/2001,1.361607194,1.40625,1.325892806,1.392857194,1.209056973,51609600
5105,2/27/2001,1.377232194,1.388392806,1.334821463,1.383928537,1.201306462,87129000
5106,2/28/2001,1.383928537,1.388392806,1.294642806,1.303571463,1.131553173,127058400
5107,3/1/2001,1.272321463,1.339285731,1.227678537,1.339285731,1.162555099,82615400
5108,3/2/2001,1.308035731,1.459821463,1.303571463,1.375,1.19355607,101550400
5109,3/5/2001,1.383928537,1.464285731,1.375,1.455357194,1.263309479,81043200
5110,3/6/2001,1.479910731,1.575892806,1.477678537,1.535714269,1.333062768,182950600
5111,3/7/2001,1.522321463,1.544642806,1.482142806,1.517857194,1.317561984,104885200
5112,3/8/2001,1.477678537,1.508928537,1.459821463,1.486607194,1.290435791,51214800
5113,3/9/2001,1.473214269,1.477678537,1.428571463,1.446428537,1.255559087,74783800
5114,3/12/2001,1.40625,1.419642806,1.294642806,1.330357194,1.154804349,97755000
5115,3/13/2001,1.348214269,1.397321463,1.299107194,1.397321463,1.212931752,110832400
5116,3/14/2001,1.321428537,1.464285731,1.316964269,1.459821463,1.267184377,119443800
5117,3/15/2001,1.491071463,1.526785731,1.40625,1.40625,1.220682502,132329400
5118,3/16/2001,1.357142806,1.450892806,1.348214269,1.401785731,1.216807365,117579000
5119,3/19/2001,1.410714269,1.473214269,1.392857194,1.46875,1.274935007,89002200
5120,3/20/2001,1.479910731,1.495535731,1.40625,1.40625,1.220682502,124801600
5121,3/21/2001,1.412946463,1.491071463,1.383928537,1.4375,1.247808576,92843800
5122,3/22/2001,1.455357194,1.553571463,1.441964269,1.544642806,1.340812922,180825400
5123,3/23/2001,1.575892806,1.683035731,1.571428537,1.642857194,1.426066995,236222000
5124,3/26/2001,1.652142882,1.696428537,1.509285688,1.55571425,1.350423098,183612800
5125,3/27/2001,1.567142844,1.646428585,1.564285755,1.633571386,1.418006778,135955400
5126,3/28/2001,1.577142835,1.607142806,1.535714269,1.583571434,1.374604464,146165600
5127,3/29/2001,1.554999948,1.674999952,1.535714269,1.609285712,1.396925688,153266400
5128,3/30/2001,1.610714316,1.622857094,1.524285674,1.576428533,1.368404388,100087400
5129,4/2/2001,1.577857137,1.618571401,1.528571486,1.542142868,1.338642955,85227800
5130,4/3/2001,1.525714278,1.528571486,1.437857151,1.445714235,1.254939198,92171800
5131,4/4/2001,1.411428571,1.446428537,1.339285731,1.392857194,1.209056973,171371200
5132,4/5/2001,1.471428514,1.607142806,1.428571463,1.490714312,1.294000745,111690600
5133,4/6/2001,1.485714316,1.502857089,1.421428561,1.470714331,1.276640177,81222400
5134,4/9/2001,1.477857113,1.524285674,1.432857156,1.46714282,1.273539662,66645600
5135,4/10/2001,1.492857099,1.621428609,1.484285712,1.574285746,1.366544127,114343600
5136,4/11/2001,1.64142859,1.642857194,1.519999981,1.557142854,1.351663351,83524000
5137,4/12/2001,1.529999971,1.644285679,1.510714293,1.601428628,1.390105247,74733400
5138,4/16/2001,1.577857137,1.600000024,1.49000001,1.531428576,1.329342365,71306200
5139,4/17/2001,1.514285684,1.514999986,1.399999976,1.45714283,1.264859319,171299800
5140,4/18/2001,1.540714264,1.720000029,1.505714297,1.627857089,1.413046241,275210600
5141,4/19/2001,1.825000048,1.839285731,1.685714245,1.837142825,1.594715118,468417600
5142,4/20/2001,1.780714273,1.830714345,1.757142901,1.788571477,1.552552938,173350800
5143,4/23/2001,1.738571405,1.785714269,1.714285731,1.732142806,1.503570676,135381400
5144,4/24/2001,1.737857103,1.767857194,1.679285765,1.716428518,1.489929914,94284400
5145,4/25/2001,1.729285717,1.775714278,1.683571458,1.765714288,1.532712102,82695200
5146,4/26/2001,1.797857165,1.864285707,1.762857199,1.763571382,1.530851841,199924200
5147,4/27/2001,1.799999952,1.877857089,1.767857194,1.871428609,1.624476433,113253000
5148,4/30/2001,1.907142878,1.937142849,1.77642858,1.820714235,1.580454111,123694200
5149,5/1/2001,1.815000057,1.892857194,1.799999952,1.852142811,1.607735634,106813000
5150,5/2/2001,1.881428599,1.907142878,1.840000033,1.899285674,1.64865768,92131200
5151,5/3/2001,1.855000019,1.875,1.76642859,1.78285718,1.547592759,75385800
5152,5/4/2001,1.731428623,1.846428514,1.711428523,1.839285731,1.59657526,70263200
5153,5/7/2001,1.830000043,1.840000033,1.774285674,1.78285718,1.547592759,69137600
5154,5/8/2001,1.810714245,1.817857146,1.71071434,1.754999995,1.523411632,78859200
5155,5/9/2001,1.724285722,1.753571391,1.69071424,1.712857127,1.486829758,81222400
5156,5/10/2001,1.729285717,1.75,1.639285684,1.642857194,1.426066995,72244200
5157,5/11/2001,1.643571377,1.677857161,1.625714302,1.632142901,1.416767001,50761200
5158,5/14/2001,1.63499999,1.691428542,1.625,1.663571477,1.444047928,77305200
5159,5/15/2001,1.669285655,1.821428537,1.645714283,1.655714273,1.437227607,59256400
5160,5/16/2001,1.661428571,1.75,1.632142901,1.721428514,1.494270205,80582600
5161,5/17/2001,1.730714321,1.737857103,1.660714269,1.682142854,1.460168719,83029800
5162,5/18/2001,1.668571472,1.688571453,1.65142858,1.68071425,1.458928704,39762800
5163,5/21/2001,1.687857151,1.707857132,1.646428585,1.682857156,1.460788608,115249400
5164,5/22/2001,1.714285731,1.72357142,1.671428561,1.678571463,1.457068682,103229000
5165,5/23/2001,1.696428537,1.696428537,1.632857084,1.659285665,1.440327644,70260400
5166,5/24/2001,1.663571477,1.66428566,1.615714312,1.657142878,1.438467622,67939200
5167,5/25/2001,1.657142878,1.663571477,1.607142806,1.625714302,1.411186218,39685800
5168,5/29/2001,1.594285727,1.607142806,1.486428618,1.533571482,1.331202745,128997400
5169,5/30/2001,1.482857108,1.482857108,1.378571391,1.412857175,1.226417542,194269600
5170,5/31/2001,1.41428566,1.445714235,1.392142892,1.424999952,1.236958146,110723200
5171,6/1/2001,1.437857151,1.506428599,1.427142859,1.492142916,1.29524076,114018800
5172,6/4/2001,1.505714297,1.507857084,1.461428523,1.475714326,1.280980706,70480200
5173,6/5/2001,1.485714316,1.507142901,1.453571439,1.495714307,1.298341393,117948600
5174,6/6/2001,1.495000005,1.495000005,1.452142835,1.480714321,1.28532064,55794200
5175,6/7/2001,1.479285717,1.549999952,1.46071434,1.547142863,1.342982888,81295200
5176,6/8/2001,1.546428561,1.546428561,1.479285717,1.522857189,1.321902037,85656200
5177,6/11/2001,1.503571391,1.504999995,1.424999952,1.431428552,1.242538333,73500000
5178,6/12/2001,1.412142873,1.477857113,1.411428571,1.450714231,1.25927937,75948600
5179,6/13/2001,1.529999971,1.552142859,1.432857156,1.462142825,1.269199729,127871800
5180,6/14/2001,1.431428552,1.46071434,1.412142873,1.419999957,1.232617736,74337200
5181,6/15/2001,1.435714245,1.482142806,1.382142901,1.460000038,1.267339706,113656200
5182,6/18/2001,1.457857132,1.489285707,1.428571463,1.452142835,1.260519385,86478000
5183,6/19/2001,1.489285707,1.528571486,1.429285765,1.442142844,1.251838684,80271800
5184,6/20/2001,1.428571463,1.560714245,1.427142859,1.547857165,1.343602896,107905000
5185,6/21/2001,1.53928566,1.642857194,1.507142901,1.606428623,1.394445658,85332800
5186,6/22/2001,1.605714321,1.642857194,1.554285765,1.590000033,1.380184889,71506400
5187,6/25/2001,1.607142806,1.714285731,1.603571415,1.713571429,1.487450004,109887400
5188,6/26/2001,1.667142868,1.697857141,1.643571377,1.696428537,1.472569466,68195400
5189,6/27/2001,1.702142835,1.714285731,1.607142806,1.667142868,1.447148204,93532600
5190,6/28/2001,1.646428585,1.707857132,1.638571382,1.681428552,1.459548593,87102400
5191,6/29/2001,1.690000057,1.79285717,1.657142878,1.660714269,1.441567779,128847600
5192,7/2/2001,1.688571453,1.730714321,1.652857184,1.70714283,1.481869578,57512000
5193,7/3/2001,1.679285765,1.727142811,1.678571463,1.702857137,1.478149295,28135800
5194,7/5/2001,1.685714245,1.697857141,1.643571377,1.656428576,1.437847495,38073000
5195,7/6/2001,1.625714302,1.639999986,1.551428556,1.573571444,1.365924239,75730200
5196,7/9/2001,1.577857137,1.642857194,1.548571467,1.621428609,1.407466173,84366800
5197,7/10/2001,1.639285684,1.647857189,1.488571405,1.50999999,1.310741544,98817600
5198,7/11/2001,1.502142906,1.610714316,1.5,1.610000014,1.397546172,117626600
5199,7/12/2001,1.66428566,1.772142887,1.66428566,1.74000001,1.510390759,153700400
5200,7/13/2001,1.72357142,1.786428571,1.702857137,1.774999976,1.540772557,113685600
5201,7/16/2001,1.777142882,1.79285717,1.707857132,1.711428523,1.485589862,69666800
5202,7/17/2001,1.712857127,1.801428556,1.643571377,1.79285717,1.556273103,161957600
5203,7/18/2001,1.55571425,1.627142906,1.458571434,1.485000014,1.289040685,284253200
5204,7/19/2001,1.51642859,1.529999971,1.410714269,1.425714254,1.237578511,215285000
5205,7/20/2001,1.407142878,1.432857156,1.392142892,1.427142859,1.238818288,111146000
5206,7/23/2001,1.434999943,1.464285731,1.393571377,1.395714283,1.211537242,60340000
5207,7/24/2001,1.38499999,1.422857165,1.337857127,1.363571405,1.183635473,87094000
5208,7/25/2001,1.365714312,1.378571391,1.283571482,1.31928575,1.145193815,110969600
5209,7/26/2001,1.320000052,1.342857122,1.274999976,1.327857137,1.152633905,92285200
5210,7/27/2001,1.339285731,1.375,1.321428537,1.354285717,1.175575137,83533800
5211,7/30/2001,1.365714312,1.382857084,1.322142839,1.352142811,1.173715234,60839800
5212,7/31/2001,1.376428604,1.387142897,1.322142839,1.34214282,1.165034771,58756600
5213,8/1/2001,1.357857108,1.412857175,1.353571415,1.361428618,1.181775689,76034000
5214,8/2/2001,1.403571486,1.419285655,1.375714302,1.415714264,1.228897572,63022400
5215,8/3/2001,1.420714259,1.421428561,1.357142806,1.392857194,1.209056973,46513600
5216,8/6/2001,1.360000014,1.404285669,1.357142806,1.366428614,1.186115861,24913000
5217,8/7/2001,1.380714297,1.404999971,1.355714321,1.375,1.19355607,42137200
5218,8/8/2001,1.375714302,1.407142878,1.324285746,1.350000024,1.17185533,69042400
5219,8/9/2001,1.354285717,1.367857099,1.337142825,1.360714316,1.181155324,50166200
5220,8/10/2001,1.360000014,1.379999995,1.327857137,1.35857141,1.179295421,46740400
5221,8/13/2001,1.364285707,1.380714297,1.340000033,1.363571405,1.183635473,36999200
5222,8/14/2001,1.371428609,1.382857084,1.333571434,1.337857127,1.161314607,57237600
5223,8/15/2001,1.340000033,1.352857113,1.299999952,1.317142844,1.143333793,72319800
5224,8/16/2001,1.304999948,1.339285731,1.283571482,1.33214283,1.156354427,72023000
5225,8/17/2001,1.285714269,1.317857146,1.284999967,1.290714264,1.120393038,52106600
5226,8/20/2001,1.295714259,1.302142859,1.272142887,1.294285655,1.123492599,63075600
5227,8/21/2001,1.295714259,1.295714259,1.264285684,1.279999971,1.11109221,46425400
5228,8/22/2001,1.281428576,1.303571463,1.257857084,1.300714254,1.129073024,43493800
5229,8/23/2001,1.299999952,1.309999943,1.255714297,1.272142887,1.10427177,54269600
5230,8/24/2001,1.285714269,1.330000043,1.260714293,1.326428533,1.151394367,72583000
5231,8/27/2001,1.328571439,1.378571391,1.297142863,1.351428628,1.173095584,43911000
5232,8/28/2001,1.350000024,1.367142916,1.314285755,1.314285755,1.140853882,42933800
5233,8/29/2001,1.317142844,1.345000029,1.273571372,1.273571372,1.105512142,59992800
5234,8/30/2001,1.267142892,1.298571467,1.234285712,1.273571372,1.105512142,92173200
5235,8/31/2001,1.26642859,1.328571439,1.260714293,1.325000048,1.150153995,54226200
5236,9/4/2001,1.321428537,1.362857103,1.298571467,1.303571463,1.131553173,87053400
5237,9/5/2001,1.302857161,1.353571415,1.294285655,1.325000048,1.150153995,90014400
5238,9/6/2001,1.314285755,1.352142811,1.260714293,1.265714288,1.098691583,70592200
5239,9/7/2001,1.25,1.29285717,1.228571415,1.234285712,1.071410179,60457600
5240,9/10/2001,1.214285731,1.25,1.208571434,1.240714312,1.076990843,77211400
5241,9/17/2001,1.142857194,1.219285727,1.123571396,1.213571429,1.053429604,114501800
5242,9/18/2001,1.20714283,1.265714288,1.154999971,1.162857175,1.00940764,81775400
5243,9/19/2001,1.178571463,1.221428514,1.114285707,1.215714335,1.055289745,93329600
5244,9/20/2001,1.163571477,1.21071434,1.107142806,1.120000005,0.972205639,102793600
5245,9/21/2001,1.057142854,1.160714269,1.048571467,1.123571396,0.975305796,142629200
5246,9/24/2001,1.150714278,1.202857137,1.139285684,1.174999952,1.019948125,73634400
5247,9/25/2001,1.152857184,1.158571482,1.096428514,1.110000014,0.963525355,93601200
5248,9/26/2001,1.129285693,1.13499999,1.066428542,1.08214283,0.939344168,123449200
5249,9/27/2001,1.089285731,1.125,1.08571434,1.107857108,0.961664975,80560200
5250,9/28/2001,1.122142911,1.136428595,1.099285722,1.107857108,0.961664975,91277200
5251,10/1/2001,1.106428623,1.142142892,1.087857127,1.110000014,0.963525355,52052000
5252,10/2/2001,1.102142811,1.130714297,1.062857151,1.075000048,0.933143675,58970800
5253,10/3/2001,1.067857146,1.097142816,1.05928576,1.070000052,0.928803682,170760800
5254,10/4/2001,1.096428514,1.160714269,1.070714235,1.134285688,0.984606385,100280600
5255,10/5/2001,1.100000024,1.153571486,1.070714235,1.152857184,1.000727296,85671600
5256,10/8/2001,1.112142801,1.16785717,1.107142806,1.157142878,1.004447341,51996000
5257,10/9/2001,1.146428585,1.157142878,1.116428614,1.142857194,0.992046773,43506400
5258,10/10/2001,1.149999976,1.203571439,1.139285684,1.201428533,1.042889118,76939800
5259,10/11/2001,1.208571434,1.267142892,1.203571439,1.267142892,1.099931598,83540800
5260,10/12/2001,1.236428618,1.291428566,1.204285741,1.286428571,1.116672516,71953000
5261,10/15/2001,1.282142878,1.312857151,1.282142878,1.284999967,1.11543262,79688000
5262,10/16/2001,1.292142868,1.299999952,1.269285679,1.286428571,1.116672516,50737400
5263,10/17/2001,1.309999943,1.315000057,1.211428523,1.213571429,1.053429604,71384600
5264,10/18/2001,1.235000014,1.302142859,1.235000014,1.285714269,1.116052389,153143200
5265,10/19/2001,1.281428576,1.314285755,1.277142882,1.307142854,1.134653449,41697600
5266,10/22/2001,1.300714254,1.362142801,1.292142868,1.35857141,1.179295421,97984600
5267,10/23/2001,1.365714312,1.387142897,1.27642858,1.295714259,1.12473309,171245200
5268,10/24/2001,1.289999962,1.363571405,1.267857194,1.353571415,1.17495513,93606800
5269,10/25/2001,1.317142844,1.375,1.297142863,1.370714307,1.189836144,63737800
5270,10/26/2001,1.347142816,1.375,1.330000043,1.333571434,1.157594323,69741000
5271,10/29/2001,1.326428533,1.333571434,1.257142901,1.259285688,1.093111277,59795400
5272,10/30/2001,1.241428614,1.285714269,1.218571424,1.257142901,1.091251254,69190800
5273,10/31/2001,1.26642859,1.314285755,1.245714307,1.254285693,1.088771343,68437600
5274,11/1/2001,1.260714293,1.341428518,1.232142806,1.327857137,1.152633905,78248800
5275,11/2/2001,1.322857141,1.347142816,1.297142863,1.326428533,1.151394367,49301000
5276,11/5/2001,1.345714331,1.375,1.329285741,1.362142801,1.182395697,58948400
5277,11/6/2001,1.354285717,1.40142858,1.323571444,1.397857189,1.213396907,79004800
5278,11/7/2001,1.389999986,1.437857151,1.380714297,1.399285674,1.21463716,95747400
5279,11/8/2001,1.402142882,1.420714259,1.326428533,1.336428523,1.160074472,85535800
5280,11/9/2001,1.328571439,1.375,1.325000048,1.336428523,1.160074472,33573400
5281,11/12/2001,1.332857132,1.369285703,1.28285718,1.339285731,1.162555099,50374800
5282,11/13/2001,1.362857103,1.38499999,1.336428523,1.383571386,1.20099628,56168000
5283,11/14/2001,1.399285674,1.421428561,1.367857099,1.400714278,1.215877175,55287400
5284,11/15/2001,1.389285684,1.421428561,1.373571396,1.389285684,1.205956578,53257400
5285,11/16/2001,1.376428604,1.377857089,1.314285755,1.355000019,1.176195621,57666000
5286,11/19/2001,1.357142806,1.432142854,1.354285717,1.428571463,1.240058541,83147400
5287,11/20/2001,1.415714264,1.442857146,1.392857194,1.394999981,1.210916996,69146000
5288,11/21/2001,1.400714278,1.41428566,1.375714302,1.405714273,1.22021699,50395800
5289,11/23/2001,1.40785718,1.424999952,1.397857189,1.417142868,1.230138183,15001000
5290,11/26/2001,1.424285769,1.53928566,1.419999957,1.52642858,1.325002313,115172400
5291,11/27/2001,1.514285684,1.537142873,1.464285731,1.5,1.302061439,67138400
5292,11/28/2001,1.489285707,1.514999986,1.457857132,1.466428518,1.272920012,62652800
5293,11/29/2001,1.471428514,1.478571415,1.442142844,1.458571434,1.266099453,50691200
5294,11/30/2001,1.462142825,1.531428576,1.446428537,1.521428585,1.320662498,75978000
5295,12/3/2001,1.504285693,1.519999981,1.471428514,1.503571391,1.305161595,45291400
5296,12/4/2001,1.503571391,1.611428618,1.480000019,1.600000024,1.388865471,95104800
5297,12/5/2001,1.597142816,1.716428518,1.583571434,1.697142839,1.473189235,142144800
5298,12/6/2001,1.677142859,1.678571463,1.581428528,1.627142906,1.412426472,84733600
5299,12/7/2001,1.604285717,1.622142911,1.571428537,1.610000014,1.397546172,50878800
5300,12/10/2001,1.59214282,1.642142892,1.587857127,1.610000014,1.397546172,42502600
5301,12/11/2001,1.619285703,1.632142901,1.546428561,1.55571425,1.350423098,51368800
5302,12/12/2001,1.562142849,1.56571424,1.517857194,1.534999967,1.332442403,48115200
5303,12/13/2001,1.534999967,1.53928566,1.464285731,1.5,1.302061439,49460600
5304,12/14/2001,1.480714321,1.487857103,1.434999943,1.456428528,1.26423943,47471200
5305,12/17/2001,1.45714283,1.5,1.442142844,1.472857118,1.278499961,43428000
5306,12/18/2001,1.492142916,1.523571372,1.44428575,1.500714302,1.302681446,58809800
5307,12/19/2001,1.470000029,1.548571467,1.462142825,1.544285655,1.340502739,72489200
5308,12/20/2001,1.528571486,1.533571482,1.472857118,1.476428628,1.281600475,55216000
5309,12/21/2001,1.500714302,1.538571477,1.485714316,1.5,1.302061439,64083600
5310,12/24/2001,1.492857099,1.532142878,1.492857099,1.525714278,1.324382544,12657400
5311,12/26/2001,1.524999976,1.592857122,1.50999999,1.534999967,1.332442403,36600200
5312,12/27/2001,1.541428566,1.589285731,1.541428566,1.576428533,1.368404388,47877200
5313,12/28/2001,1.56928575,1.642857194,1.568571448,1.602142811,1.390725374,74781000
5314,12/31/2001,1.607857108,1.618571401,1.55928576,1.564285755,1.357863903,34445600
5315,1/2/2002,1.575000048,1.66428566,1.568571448,1.66428566,1.444667697,132374200
5316,1/3/2002,1.642857194,1.696428537,1.626428604,1.68428576,1.462028742,153001800
5317,1/4/2002,1.667142868,1.71071434,1.642142892,1.692142844,1.468848825,102494000
5318,1/7/2002,1.69428575,1.714285731,1.625,1.635714293,1.4198668,111146000
5319,1/8/2002,1.625,1.646428585,1.604285717,1.61500001,1.401886225,112509600
5320,1/9/2002,1.628571391,1.637857199,1.519999981,1.546428561,1.342363119,81958800
5321,1/10/2002,1.515714288,1.53285718,1.446428537,1.51642859,1.31632185,113184400
5322,1/11/2002,1.527857184,1.559999943,1.471428514,1.503571391,1.305161595,87200400
5323,1/14/2002,1.500714302,1.528571486,1.492857099,1.510714293,1.31136179,103999000
5324,1/15/2002,1.522857189,1.554285765,1.514999986,1.549999952,1.345462799,72580200
5325,1/16/2002,1.529285669,1.529285669,1.464285731,1.484285712,1.288420558,141723400
5326,1/17/2002,1.568571448,1.624285698,1.562142849,1.605714321,1.393825293,165144000
5327,1/18/2002,1.571428537,1.614285707,1.568571448,1.583571434,1.374604464,84702800
5328,1/22/2002,1.590714335,1.597857118,1.558571458,1.558571458,1.352903724,81828600
5329,1/23/2002,1.557142854,1.645714283,1.542142868,1.644285679,1.42730689,110819800
5330,1/24/2002,1.636428595,1.679285765,1.635714293,1.65785718,1.439087868,86000600
5331,1/25/2002,1.63499999,1.672857165,1.618571401,1.660714269,1.441567779,46478600
5332,1/28/2002,1.671428561,1.682142854,1.622857094,1.662142873,1.442807794,46611600
5333,1/29/2002,1.658571482,1.681428552,1.632142901,1.647857189,1.430407405,60081000
5334,1/30/2002,1.647857189,1.724285722,1.638571382,1.720714331,1.493650556,117894000
5335,1/31/2002,1.725714326,1.76642859,1.722142816,1.765714288,1.532712102,117111400
5336,2/1/2002,1.738571405,1.78285718,1.738571405,1.743571401,1.513491273,99576400
5337,2/4/2002,1.737142801,1.822857141,1.728571415,1.810714245,1.571773529,130593400
5338,2/5/2002,1.792142868,1.855714321,1.791428566,1.817857146,1.577973962,114221800
5339,2/6/2002,1.828571439,1.855714321,1.725000024,1.762142897,1.529611945,149394000
5340,2/7/2002,1.760714293,1.806428552,1.720000029,1.735714316,1.506670713,86958200
5341,2/8/2002,1.742857099,1.75999999,1.669285655,1.716428518,1.489929914,88832800
5342,2/11/2002,1.709285736,1.785714269,1.695714235,1.784285665,1.548833013,99650600
5343,2/12/2002,1.761428595,1.788571477,1.746428609,1.764999986,1.532091856,56070000
5344,2/13/2002,1.76642859,1.802857161,1.760714293,1.786428571,1.550693154,78218000
5345,2/14/2002,1.78928566,1.802142859,1.741428614,1.757142901,1.525272012,65042600
5346,2/15/2002,1.752142906,1.784285665,1.703571439,1.70714283,1.481869578,65046800
5347,2/19/2002,1.697142839,1.705000043,1.605714321,1.615714312,1.402505755,97564600
5348,2/20/2002,1.626428604,1.657142878,1.596428514,1.652142882,1.434127569,71360800
5349,2/21/2002,1.637142897,1.642857194,1.532142878,1.535714269,1.333062768,111687800
5350,2/22/2002,1.547142863,1.639285684,1.535714269,1.624285698,1.409946203,101619000
5351,2/25/2002,1.632142901,1.765714288,1.597142816,1.700714231,1.476289272,106712200
5352,2/26/2002,1.707857132,1.740714312,1.660714269,1.69071424,1.467609167,65032800
5353,2/27/2002,1.710000038,1.732142806,1.495714307,1.568571448,1.361584306,257539800
5354,2/28/2002,1.58214283,1.613571405,1.524999976,1.549999952,1.345462799,114234400
5355,3/1/2002,1.566428542,1.678571463,1.558571458,1.674999952,1.453968287,87248000
5356,3/4/2002,1.661428571,1.755714297,1.625714302,1.735000014,1.506050706,87064600
5357,3/5/2002,1.725000024,1.745000005,1.671428561,1.68071425,1.458928704,68675600
5358,3/6/2002,1.677142859,1.738571405,1.637857199,1.719285727,1.492410541,56551600
5359,3/7/2002,1.718571424,1.752142906,1.686428547,1.741428614,1.511631131,64562400
5360,3/8/2002,1.767142892,1.792142868,1.735714316,1.761428595,1.528992057,67443600
5361,3/11/2002,1.757142901,1.795714259,1.721428514,1.789999962,1.553792953,65696400
5362,3/12/2002,1.750714302,1.767142892,1.721428514,1.765714288,1.532712102,63513800
5363,3/13/2002,1.740714312,1.774999976,1.725000024,1.749285698,1.518451333,50191400
5364,3/14/2002,1.735714316,1.757142901,1.705000043,1.745000005,1.51473105,54324200
5365,3/15/2002,1.747142911,1.78285718,1.732142806,1.782142878,1.546972632,60225200
5366,3/18/2002,1.782142878,1.78928566,1.737142801,1.767142892,1.533952236,76139000
5367,3/19/2002,1.763571382,1.807142854,1.735714316,1.774999976,1.540772557,60586400
5368,3/20/2002,1.761428595,1.795714259,1.75,1.779999971,1.54511261,73579800
5369,3/21/2002,1.704285741,1.735714316,1.661428571,1.73357141,1.504810929,154088200
5370,3/22/2002,1.730000019,1.754285693,1.705000043,1.720714331,1.493650556,50548400
5371,3/25/2002,1.719285727,1.720714331,1.659999967,1.66785717,1.447768211,65707600
5372,3/26/2002,1.657142878,1.688571453,1.642857194,1.675714254,1.454588652,64460200
5373,3/27/2002,1.66785717,1.69428575,1.661428571,1.676428556,1.455208421,31925600
5374,3/28/2002,1.692857146,1.705714345,1.675714254,1.69071424,1.467609167,27113800
5375,4/1/2002,1.669999957,1.764285684,1.662857175,1.747142911,1.516591311,49761600
5376,4/2/2002,1.714285731,1.735714316,1.705000043,1.719285727,1.492410541,50948800
5377,4/3/2002,1.717857122,1.749285698,1.685714245,1.696428537,1.472569466,53632600
5378,4/4/2002,1.69071424,1.78928566,1.69071424,1.778571486,1.543872833,84624400
5379,4/5/2002,1.782142878,1.799285769,1.721428514,1.767142892,1.533952236,69587000
5380,4/8/2002,1.725714326,1.762857199,1.698571444,1.754285693,1.522791982,65378600
5381,4/9/2002,1.756428599,1.785714269,1.715000033,1.721428514,1.494270205,47882800
5382,4/10/2002,1.729285717,1.782142878,1.715000033,1.761428595,1.528992057,56245000
5383,4/11/2002,1.787857175,1.799999952,1.767857194,1.775714278,1.541392326,101813600
5384,4/12/2002,1.786428571,1.797857165,1.754999995,1.789999962,1.553792953,80060400
5385,4/15/2002,1.789999962,1.796428561,1.771428585,1.785714269,1.550072551,74842600
5386,4/16/2002,1.796428561,1.856428623,1.794285655,1.838571429,1.595954895,153644400
5387,4/17/2002,1.852142811,1.869285703,1.812857151,1.86500001,1.618896365,99062600
5388,4/18/2002,1.821428537,1.822857141,1.777142882,1.815000057,1.57549417,100427600
5389,4/19/2002,1.820714235,1.820714235,1.780714273,1.784285665,1.548833013,93851800
5390,4/22/2002,1.774285674,1.780714273,1.730714321,1.752142906,1.520931482,67356800
5391,4/23/2002,1.752857089,1.769999981,1.720714331,1.732142806,1.503570676,58367400
5392,4/24/2002,1.735714316,1.75,1.691428542,1.697857141,1.473809361,35112000
5393,4/25/2002,1.682857156,1.738571405,1.682142854,1.722857118,1.495510221,48550600
5394,4/26/2002,1.734285712,1.740714312,1.642857194,1.643571377,1.426687121,76245400
5395,4/29/2002,1.654285669,1.718571424,1.649285674,1.711428523,1.485589862,68072200
5396,4/30/2002,1.706428528,1.741428614,1.696428537,1.73357141,1.504810929,70240800
5397,5/1/2002,1.735000014,1.735000014,1.668571472,1.712857127,1.486829758,53676000
5398,5/2/2002,1.700714231,1.738571405,1.685714245,1.692142844,1.468848825,59836000
5399,5/3/2002,1.683571458,1.715714335,1.673571467,1.679285765,1.45768857,57695400
5400,5/6/2002,1.66785717,1.678571463,1.604285717,1.617857099,1.404365778,62416200
5401,5/7/2002,1.638571382,1.639285684,1.581428528,1.605000019,1.393205404,60687200
5402,5/8/2002,1.657142878,1.751428604,1.645714283,1.740714312,1.511011124,109170600
5403,5/9/2002,1.732142806,1.739285707,1.700000048,1.727857113,1.499850392,56154000
5404,5/10/2002,1.735000014,1.735000014,1.64142859,1.665714264,1.445908189,58849000
5405,5/13/2002,1.679999948,1.720714331,1.638571382,1.710000038,1.48434937,66402000
5406,5/14/2002,1.746428609,1.834285736,1.730000019,1.829285741,1.587894917,131626600
5407,5/15/2002,1.812142849,1.855714321,1.774285674,1.80571425,1.567433476,83956600
5408,5/16/2002,1.789999962,1.817857146,1.767857194,1.800714254,1.563093424,56763000
5409,5/17/2002,1.820714235,1.841428518,1.757857084,1.786428571,1.550693154,59123400
5410,5/20/2002,1.754999995,1.780714273,1.752142906,1.767142892,1.533952236,67478600
5411,5/21/2002,1.773571372,1.785714269,1.671428561,1.675714254,1.454588652,70247800
5412,5/22/2002,1.669285655,1.740714312,1.665714264,1.737142801,1.507910967,72718800
5413,5/23/2002,1.746428609,1.802857161,1.719285727,1.798571467,1.561233521,92349600
5414,5/24/2002,1.784999967,1.784999967,1.711428523,1.725000024,1.497370481,41543600
5415,5/28/2002,1.692142844,1.728571415,1.673571467,1.712857127,1.486829758,37429000
5416,5/29/2002,1.708571434,1.745714307,1.674999952,1.712857127,1.486829758,55448400
5417,5/30/2002,1.697857141,1.741428614,1.679285765,1.728571415,1.500471115,49093800
5418,5/31/2002,1.720714331,1.732142806,1.662857175,1.66428566,1.444667697,91373800
5419,6/3/2002,1.670714259,1.674999952,1.612857103,1.636428595,1.420486689,58777600
5420,6/4/2002,1.634285688,1.645714283,1.584285736,1.627142906,1.412426472,86955400
5421,6/5/2002,1.630714297,1.630714297,1.596428514,1.622857094,1.408706188,69270600
5422,6/6/2002,1.639999986,1.659285665,1.574285746,1.582857132,1.373984814,64999200
5423,6/7/2002,1.554285765,1.567142844,1.495000005,1.528571486,1.326862574,153094200
5424,6/10/2002,1.534285665,1.559999943,1.524285674,1.534285665,1.331822634,69393800
5425,6/11/2002,1.545714259,1.549999952,1.457857132,1.461428523,1.268579721,87374000
5426,6/12/2002,1.457857132,1.482142806,1.424285769,1.434999943,1.245638609,132179600
5427,6/13/2002,1.429999948,1.432142854,1.384285688,1.395714283,1.211537242,88020800
5428,6/14/2002,1.374285698,1.454285741,1.293571472,1.435714245,1.246258378,106225000
5429,6/17/2002,1.445714235,1.47357142,1.41785717,1.46714282,1.273539662,81152400
5430,6/18/2002,1.458571434,1.470714331,1.427142859,1.439285755,1.249358296,88340000
5431,6/19/2002,1.240714312,1.257142901,1.205714345,1.222857118,1.061490059,427366800
5432,6/20/2002,1.226428628,1.257142901,1.203571439,1.222142816,1.060869813,99159200
5433,6/21/2002,1.212142825,1.249285698,1.199285746,1.203571439,1.04474926,111294400
5434,6/24/2002,1.197857141,1.26642859,1.192857146,1.23357141,1.070790172,107983400
5435,6/25/2002,1.242857099,1.262857199,1.204285741,1.224285722,1.062729716,75300400
5436,6/26/2002,1.200000048,1.235000014,1.14142859,1.182142854,1.0261482,139738200
5437,6/27/2002,1.199285746,1.23357141,1.172857165,1.218571424,1.057769537,62914600
5438,6/28/2002,1.221428514,1.272857189,1.214285731,1.265714288,1.098691583,67464600
5439,7/1/2002,1.264999986,1.277142882,1.217857122,1.218571424,1.057769537,55672400
5440,7/2/2002,1.216428518,1.225714326,1.202142835,1.210000038,1.050329685,76297200
5441,7/3/2002,1.200714231,1.262857199,1.196428537,1.253571391,1.088151217,49757400
5442,7/5/2002,1.264999986,1.339285731,1.264999986,1.338571429,1.161934733,40412400
5443,7/8/2002,1.322857141,1.329285741,1.262857199,1.286428571,1.116672516,52801000
5444,7/9/2002,1.292142868,1.306428552,1.247142911,1.252142906,1.086910963,56687400
5445,7/10/2002,1.264999986,1.297857165,1.232142806,1.237142801,1.073889971,51720200
5446,7/11/2002,1.232857108,1.310714245,1.212142825,1.307142854,1.134653449,93419200
5447,7/12/2002,1.325000048,1.34214282,1.232857108,1.250714302,1.085671186,110873000
5448,7/15/2002,1.245000005,1.328571439,1.200714231,1.302142859,1.130313158,73998400
5449,7/16/2002,1.296428561,1.326428533,1.257857084,1.275714278,1.107371688,111692000
5450,7/17/2002,1.152142882,1.157142878,1.085000038,1.116428614,0.96910578,303871400
5451,7/18/2002,1.107142806,1.111428618,1.053571463,1.070714235,0.929423451,139865600
5452,7/19/2002,1.049999952,1.083571434,1.037857175,1.068571448,0.927563846,96301800
5453,7/22/2002,1.053571463,1.085000038,1.043571472,1.06571424,0.925083101,107724400
5454,7/23/2002,1.064285755,1.080714345,1.031428576,1.033571482,0.897182226,99972600
5455,7/24/2002,1.023571372,1.087142825,1.017857194,1.08571434,0.942444265,101648400
5456,7/25/2002,1.066428542,1.067857146,1.000714302,1.025714278,0.890361905,119838600
5457,7/26/2002,1.03285718,1.037857175,0.985714257,1.024285674,0.88912183,51926000
5458,7/29/2002,1.034285665,1.078571439,1.02642858,1.072857141,0.931283891,68740000
5459,7/30/2002,1.060714245,1.107857108,1.039999962,1.102142811,0.956705034,88709600
5460,7/31/2002,1.100000024,1.101428628,1.064285755,1.090000033,0.946164489,77674800
5461,8/1/2002,1.079285741,1.101428628,1.052142859,1.057142854,0.91764307,57239000
5462,8/2/2002,1.052857161,1.071428537,1.017857194,1.032142878,0.895942152,44765000
5463,8/5/2002,1.036428571,1.049999952,0.997857153,0.999285698,0.867420673,51006200
5464,8/6/2002,1.014999986,1.087857127,1.005714297,1.052857161,0.913922846,68013400
5465,8/7/2002,1.077857137,1.097142816,1.024999976,1.073571444,0.931903541,83368600
5466,8/8/2002,1.054999948,1.09857142,1.054999948,1.092857122,0.948644519,56837200
5467,8/9/2002,1.089285731,1.089285731,1.053571463,1.071428537,0.930043578,51429000
5468,8/12/2002,1.064285755,1.072857141,1.049285769,1.070714235,0.929423451,44941400
5469,8/13/2002,1.064285755,1.086428523,1.03928566,1.042142868,0.904622495,67467400
5470,8/14/2002,1.047857165,1.096428514,1.038571477,1.083571434,0.940584183,99771000
5471,8/15/2002,1.089285731,1.125,1.072142839,1.11500001,0.967865467,80519600
5472,8/16/2002,1.103571415,1.149999976,1.091428518,1.129285693,0.980266094,61306000
5473,8/19/2002,1.127142906,1.160714269,1.122857094,1.14142859,0.990806639,54139400
5474,8/20/2002,1.140714288,1.149285674,1.109285712,1.136428595,0.986466467,46656400
5475,8/21/2002,1.143571377,1.159999967,1.103571415,1.15142858,0.999487281,50607200
5476,8/22/2002,1.157142878,1.160714269,1.118571401,1.140714288,0.990186393,64577800
5477,8/23/2002,1.135714293,1.137857199,1.103571415,1.123571396,0.975305796,40811400
5478,8/26/2002,1.139285684,1.139285684,1.082857132,1.109285712,0.962905586,47492200
5479,8/27/2002,1.122142911,1.124285698,1.050714254,1.060714245,0.920743287,65557800
5480,8/28/2002,1.057142854,1.080000043,1.046428561,1.049999952,0.911442816,61993400
5481,8/29/2002,1.046428561,1.077142835,1.036428571,1.049999952,0.911442816,41042400
5482,8/30/2002,1.052142859,1.081428528,1.041428566,1.053571463,0.914542913,48379800
5483,9/3/2002,1.034999967,1.03928566,1.003571391,1.003571391,0.871141016,69234200
5484,9/4/2002,1.014285684,1.05571425,1.012142897,1.034285665,0.897802055,105165200
5485,9/5/2002,1.015714288,1.025714278,1.003571391,1.012857199,0.879201472,56544600
5486,9/6/2002,1.036428571,1.046428561,1.01642859,1.027142882,0.891601682,45397800
5487,9/9/2002,1.019999981,1.037857175,1.010714293,1.02642858,0.890981674,39561200
5488,9/10/2002,1.029285669,1.034999967,1.008571386,1.023571372,0.888501823,62367200
5489,9/11/2002,1.024285674,1.04285717,1.010714293,1.020714283,0.886021614,50603000
5490,9/12/2002,1.014285684,1.036428571,1.008571386,1.00999999,0.876721382,67457600
5491,9/13/2002,1.009285688,1.024285674,1.003571391,1.012142897,0.878581345,70737800
5492,9/16/2002,1.00999999,1.043571472,1.008571386,1.035714269,0.89904213,71660400
5493,9/17/2002,1.040714264,1.073571444,1.040714264,1.057142854,0.91764307,106999200
5494,9/18/2002,1.049285769,1.077857137,1.037142873,1.072857141,0.931283891,82160400
5495,9/19/2002,1.053571463,1.057142854,1.034285665,1.041428566,0.904002547,51486400
5496,9/20/2002,1.044285655,1.067142844,1.037142873,1.062142849,0.921983302,88197200
5497,9/23/2002,1.054285765,1.068571448,1.032142878,1.060714245,0.920743287,65927400
5498,9/24/2002,1.028571486,1.058571458,1.028571486,1.045714259,0.907722414,62665400
5499,9/25/2002,1.049285769,1.083571434,1.046428561,1.066428542,0.925703645,63670600
5500,9/26/2002,1.078571439,1.085000038,1.03928566,1.049999952,0.911442816,52161200
5501,9/27/2002,1.034999967,1.060714245,1.034285665,1.051428556,0.91268307,51538200
5502,9/30/2002,1.028571486,1.040714264,1.00999999,1.035714269,0.89904213,59424400
5503,10/1/2002,1.042142868,1.04285717,1,1.036428571,0.899662435,85605800
5504,10/2/2002,1.023571372,1.044999957,1.007142901,1.012142897,0.878581345,57337000
5505,10/3/2002,1.012857199,1.04285717,1.004285693,1.021428585,0.886641741,54474000
5506,10/4/2002,1.025714278,1.028571486,0.999285698,1.002142906,0.869900942,47706400
5507,10/7/2002,0.997857153,1.014999986,0.982857168,0.98357141,0.85378021,61174400
5508,10/8/2002,0.992857158,0.997142851,0.954285741,0.97714287,0.848200083,113411200
5509,10/9/2002,0.96714288,0.989285707,0.957857132,0.970714271,0.842619598,89171600
5510,10/10/2002,0.97357142,1.015714288,0.970000029,1.007857084,0.874860883,80393600
5511,10/11/2002,1.017857194,1.05571425,1.007142901,1.036428571,0.899662435,73669400
5512,10/14/2002,1.03928566,1.070000052,1.031428576,1.054999948,0.915783048,48601000
5513,10/15/2002,1.087142825,1.089285731,1.05571425,1.082857132,0.939964116,101379600
5514,10/16/2002,1.061428547,1.080714345,0.992857158,1.039999962,0.902762532,76906200
5515,10/17/2002,1.014999986,1.027142882,0.998571455,1.007857084,0.874860883,117324200
5516,10/18/2002,1,1.024999976,0.995000005,1.024285674,0.88912183,72074800
5517,10/21/2002,1.018571377,1.044999957,1,1.039999962,0.902762532,59630200
5518,10/22/2002,1.033571482,1.062857151,1.018571377,1.049999952,0.911442816,54537000
5519,10/23/2002,1.044999957,1.070000052,1.035714269,1.062857151,0.922603548,52259200
5520,10/24/2002,1.072857141,1.086428523,1.03928566,1.049285769,0.910822809,43687000
5521,10/25/2002,1.049285769,1.103571415,1.042142868,1.101428628,0.956085026,69767600
5522,10/28/2002,1.110714316,1.139285684,1.089285731,1.11500001,0.967865467,87325000
5523,10/29/2002,1.112142801,1.134285688,1.068571448,1.102857113,0.957324982,64794800
5524,10/30/2002,1.106428623,1.169285655,1.105714321,1.14142859,0.990806639,67669000
5525,10/31/2002,1.142142892,1.174285769,1.137142897,1.147857189,0.996387124,73959200
5526,11/1/2002,1.138571382,1.178571463,1.13499999,1.168571472,1.014367819,47457200
5527,11/4/2002,1.178571463,1.241428614,1.16785717,1.206428528,1.04722929,94204600
5528,11/5/2002,1.196428537,1.211428523,1.16785717,1.20714283,1.047849059,52673600
5529,11/6/2002,1.220000029,1.237142801,1.192857146,1.230000019,1.067690253,54097400
5530,11/7/2002,1.210000038,1.221428514,1.129285693,1.142857194,0.992046773,84044800
5531,11/8/2002,1.143571377,1.157142878,1.10857141,1.131428599,0.982126117,47516000
5532,11/11/2002,1.124285698,1.13499999,1.080000043,1.082857132,0.939964116,38243800
5533,11/12/2002,1.094285727,1.145714283,1.091428518,1.117142916,0.969725728,55948200
5534,11/13/2002,1.107142806,1.147857189,1.091428518,1.113571405,0.966625452,57934800
5535,11/14/2002,1.135714293,1.172142863,1.127142906,1.16428566,1.010647535,35428400
5536,11/15/2002,1.159285665,1.159999967,1.125714302,1.139285684,0.988946438,40248600
5537,11/18/2002,1.156428576,1.157142878,1.10857141,1.117857099,0.970345557,41144600
5538,11/19/2002,1.110714316,1.125,1.072142839,1.090714335,0.946784377,52738000
5539,11/20/2002,1.092857122,1.121428609,1.089285731,1.109285712,0.962905586,52185000
5540,11/21/2002,1.135714293,1.174285769,1.125,1.16785717,1.013747692,104620600
5541,11/22/2002,1.149285674,1.16428566,1.135714293,1.143571377,0.992666841,56964600
5542,11/25/2002,1.144999981,1.152857184,1.122142911,1.140714288,0.990186393,49856800
5543,11/26/2002,1.132142901,1.135714293,1.090714335,1.100714326,0.955464721,60065600
5544,11/27/2002,1.114285707,1.132857084,1.103571415,1.122857094,0.974685669,71699600
5545,11/29/2002,1.127857089,1.134285688,1.100714326,1.107142806,0.961045027,35858200
5546,12/2/2002,1.135714293,1.149999976,1.072142839,1.084285736,0.941204309,99685600
5547,12/3/2002,1.08571434,1.095714331,1.078571439,1.082857132,0.939964116,56967400
5548,12/4/2002,1.084285736,1.085000038,1.035714269,1.06928575,0.928183854,81439400
5549,12/5/2002,1.073571444,1.077142835,1.037857175,1.044999957,0.907102585,60849600
5550,12/6/2002,1.046428561,1.085000038,1.037142873,1.067857146,0.92694366,61339600
5551,12/9/2002,1.067142844,1.067857146,1.047857165,1.053571463,0.914542913,59021200
5552,12/10/2002,1.053571463,1.103571415,1.052142859,1.091428518,0.947404683,77152600
5553,12/11/2002,1.092857122,1.106428623,1.077142835,1.106428623,0.960425317,63375200
5554,12/12/2002,1.107857108,1.110714316,1.072142839,1.085000038,0.941824377,37335200
5555,12/13/2002,1.081428528,1.08214283,1.046428561,1.056428552,0.917023003,41195000
5556,12/16/2002,1.057857156,1.078571439,1.043571472,1.060714245,0.920743287,62906200
5557,12/17/2002,1.060714245,1.085000038,1.047142863,1.077142835,0.935003996,55665400
5558,12/18/2002,1.057142854,1.061428547,1.035714269,1.040714264,0.90338254,37675400
5559,12/19/2002,1.037857175,1.06571424,1.007142901,1.014285684,0.880441308,86879800
5560,12/20/2002,1.020714283,1.039999962,0.984285712,1.00999999,0.876721382,79524200
5561,12/23/2002,1.011428595,1.03928566,1.008571386,1.034999967,0.898422241,31456600
5562,12/24/2002,1.031428576,1.033571482,1.021428585,1.025714278,0.890361905,9835000
5563,12/26/2002,1.029999971,1.057857156,1.019999981,1.028571486,0.892841935,21355600
5564,12/27/2002,1.022142887,1.027142882,1.000714302,1.004285693,0.871760845,20008800
5565,12/30/2002,1.005714297,1.010714293,0.988571405,1.004999995,0.872380972,38760400
5566,12/31/2002,1,1.025714278,0.996428549,1.023571372,0.888501823,50181600
5567,1/2/2003,1.025714278,1.06571424,1.024999976,1.057142854,0.91764307,45357200
5568,1/3/2003,1.057142854,1.066428542,1.042142868,1.064285755,0.923843503,36863400
5569,1/6/2003,1.073571444,1.09857142,1.062857151,1.064285755,0.923843503,97633200
5570,1/7/2003,1.056428552,1.071428537,1.033571482,1.060714245,0.920743287,85586200
5571,1/8/2003,1.041428566,1.050714254,1.031428576,1.03928566,0.902142584,57411200
5572,1/9/2003,1.044285655,1.06571424,1.035714269,1.048571467,0.910202801,53813200
5573,1/10/2003,1.041428566,1.058571458,1.034999967,1.051428556,0.91268307,43775200
5574,1/13/2003,1.064285755,1.064285755,1.025714278,1.044999957,0.907102585,44735600
5575,1/14/2003,1.049285769,1.058571458,1.034999967,1.043571472,0.905862629,46715200
5576,1/15/2003,1.042142868,1.049999952,1.018571377,1.030714273,0.894702077,92782200
5577,1/16/2003,1.014999986,1.054285765,1.014999986,1.044285655,0.906482577,139767600
5578,1/17/2003,1.039999962,1.039999962,1.005714297,1.007142901,0.874241233,66690400
5579,1/21/2003,1.014999986,1.029285669,1,1.001428604,0.869280994,63364000
5580,1/22/2003,0.998571455,1.010714293,0.985714257,0.991428554,0.860600352,53785200
5581,1/23/2003,1.003571391,1.025714278,0.996428549,1.012142897,0.878581345,57064000
5582,1/24/2003,1.017142892,1.017142892,0.968571424,0.985714257,0.855640173,76367200
5583,1/27/2003,0.97714287,1.035714269,0.975000024,1.009285688,0.876101196,97851600
5584,1/28/2003,1.017142892,1.049285769,1.011428595,1.041428566,0.904002547,71563800
5585,1/29/2003,1.03928566,1.078571439,1.021428585,1.066428542,0.925703645,93261000
5586,1/30/2003,1.070000052,1.076428533,1.020714283,1.022857189,0.887881756,101764600
5587,1/31/2003,1.013571382,1.03928566,1.003571391,1.025714278,0.890361905,85306200
5588,2/3/2003,1.029285669,1.065000057,1.024999976,1.047142863,0.908962846,66196200
5589,2/4/2003,1.032142878,1.046428561,1.022142887,1.04285717,0.905242622,79353400
5590,2/5/2003,1.050714254,1.066428542,1.031428576,1.032142878,0.895942152,55403600
5591,2/6/2003,1.025714278,1.042142868,1.015714288,1.030714273,0.894702077,44787400
5592,2/7/2003,1.03928566,1.04285717,1.004999995,1.010714293,0.87734127,67425400
5593,2/10/2003,1.018571377,1.040714264,1.004285693,1.024999976,0.889741659,41972000
5594,2/11/2003,1.035714269,1.044999957,1.014285684,1.024999976,0.889741659,41195000
5595,2/12/2003,1.019285679,1.04285717,1.019285679,1.027857184,0.892221987,57171800
5596,2/13/2003,1.029285669,1.045714259,1.017142892,1.038571477,0.901522458,52123400
5597,2/14/2003,1.043571472,1.051428556,1.024999976,1.047857165,0.909582794,60824400
5598,2/18/2003,1.053571463,1.092857122,1.051428556,1.090714335,0.946784377,72724400
5599,2/19/2003,1.076428533,1.08214283,1.048571467,1.060714245,0.920743287,60092200
5600,2/20/2003,1.060714245,1.068571448,1.050714254,1.054999948,0.915783048,56088200
5601,2/21/2003,1.058571458,1.075714231,1.046428561,1.071428537,0.930043578,39361000
5602,2/24/2003,1.061428547,1.073571444,0.985714257,1.052857161,0.913922846,45063200
5603,2/25/2003,1.048571467,1.077142835,1.041428566,1.072857141,0.931283891,47160400
5604,2/26/2003,1.070714235,1.072857141,1.034285665,1.035714269,0.89904213,54273800
5605,2/27/2003,1.040714264,1.071428537,1.036428571,1.061428547,0.921363473,38585400
5606,2/28/2003,1.061428547,1.077857137,1.054999948,1.072142839,0.930663466,48774600
5607,3/3/2003,1.072142839,1.082857132,1.03928566,1.046428561,0.90834254,50940400
5608,3/4/2003,1.052857161,1.057857156,1.031428576,1.039999962,0.902762532,31603600
5609,3/5/2003,1.043571472,1.057142854,1.037142873,1.044285655,0.906482577,31670800
5610,3/6/2003,1.041428566,1.04285717,1.028571486,1.039999962,0.902762532,24964800
5611,3/7/2003,1.033571482,1.050714254,1.022142887,1.037857175,0.90090239,50246000
5612,3/10/2003,1.036428571,1.047857165,1.021428585,1.02642858,0.890981674,33643400
5613,3/11/2003,1.025714278,1.034999967,1.008571386,1.01642859,0.882301509,40297600
5614,3/12/2003,1.012142897,1.027857184,1.004285693,1.015714288,0.881681502,55640200
5615,3/13/2003,1.033571482,1.057142854,1.012142897,1.051428556,0.91268307,83861400
5616,3/14/2003,1.048571467,1.072142839,1.045714259,1.05571425,0.916402996,38274600
5617,3/17/2003,1.063571453,1.076428533,1.050714254,1.072142839,0.930663466,99978200
5618,3/18/2003,1.071428537,1.077857137,1.058571458,1.071428537,0.930043578,57495200
5619,3/19/2003,1.076428533,1.08214283,1.056428552,1.067857146,0.92694366,35329000
5620,3/20/2003,1.066428542,1.070714235,1.04285717,1.065000057,0.92446363,40794600
5621,3/21/2003,1.077857137,1.08214283,1.058571458,1.071428537,0.930043578,74487000
5622,3/24/2003,1.047857165,1.057142854,1.024999976,1.02642858,0.890981674,40275200
5623,3/25/2003,1.029285669,1.05928576,1.02642858,1.03928566,0.902142584,41924400
5624,3/26/2003,1.03928566,1.039999962,1.021428585,1.029285669,0.893462002,44585800
5625,3/27/2003,1.022857189,1.049999952,1.022857189,1.034999967,0.898422241,30598400
5626,3/28/2003,1.028571486,1.044285655,1.02642858,1.040714264,0.90338254,36325800
5627,3/31/2003,1.023571372,1.037857175,1.002857089,1.00999999,0.876721382,64164800
5628,4/1/2003,1.014285684,1.022142887,1.004999995,1.011428595,0.877961397,38585400
5629,4/2/2003,1.025714278,1.049285769,1.019285679,1.04285717,0.905242622,42842800
5630,4/3/2003,1.039999962,1.049999952,1.024999976,1.03285718,0.896562397,36428000
5631,4/4/2003,1.037142873,1.047857165,1.027857184,1.029285669,0.893462002,36505000
5632,4/7/2003,1.060714245,1.067857146,1.029285669,1.034999967,0.898422241,49215600
5633,4/8/2003,1.036428571,1.046428561,1.025714278,1.032142878,0.895942152,32233600
5634,4/9/2003,1.037142873,1.044285655,1.00999999,1.013571382,0.879821479,36681400
5635,4/10/2003,1.014285684,1.027857184,1.014285684,1.02642858,0.890981674,26775000
5636,4/11/2003,1.003571391,1.031428576,0.923571408,0.942857146,0.818438351,348177200
5637,4/14/2003,0.979285717,0.982142866,0.964285731,0.970000029,0.84199965,125739600
5638,4/15/2003,0.970714271,0.971428573,0.949999988,0.956428587,0.83021903,75992000
5639,4/16/2003,0.927857161,0.976428568,0.922857165,0.945714295,0.820918679,254044000
5640,4/17/2003,0.942857146,0.946428597,0.908571422,0.937142849,0.813478291,154064400
5641,4/21/2003,0.937857151,0.942142844,0.927142859,0.938571453,0.814718366,38080000
5642,4/22/2003,0.941428542,0.972857118,0.935000002,0.964999974,0.837659299,75142200
5643,4/23/2003,0.966428578,0.97357142,0.954285741,0.970000029,0.84199965,52420200
5644,4/24/2003,0.965714276,0.972142875,0.928571403,0.959999979,0.833319128,81277000
5645,4/25/2003,0.961428583,0.970000029,0.944999993,0.953571439,0.827738941,51329600
5646,4/28/2003,0.962857127,0.997142851,0.959285736,0.99000001,0.859360337,159199600
5647,4/29/2003,0.998571455,1.011428595,0.970000029,1.004285693,0.871760845,114559200
5648,4/30/2003,0.995000005,1.024999976,0.989285707,1.015714288,0.881681502,114543800
5649,5/1/2003,1.017857194,1.027857184,1,1.025714278,0.890361905,85689800
5650,5/2/2003,1.03285718,1.042142868,1.024285674,1.032142878,0.895942152,80295600
5651,5/5/2003,1.054999948,1.205714345,1.053571463,1.149285674,0.997627139,388927000
5652,5/6/2003,1.15142858,1.278571486,1.149999976,1.25,1.08505106,378623000
5653,5/7/2003,1.237857103,1.302857161,1.222142816,1.260714293,1.094351411,263594800
5654,5/8/2003,1.264285684,1.290714264,1.235000014,1.285714269,1.116052389,171934000
5655,5/9/2003,1.30928576,1.314285755,1.277142882,1.307142854,1.134653449,147096600
5656,5/12/2003,1.296428561,1.338571429,1.294999957,1.325714231,1.150774121,104843200
5657,5/13/2003,1.316428542,1.355000019,1.282142878,1.333571434,1.157594323,111699000
5658,5/14/2003,1.345000029,1.345714331,1.316428542,1.325000048,1.150153995,88872000
5659,5/15/2003,1.328571439,1.346428514,1.31928575,1.337857127,1.161314607,71248800
5660,5/16/2003,1.327857137,1.357857108,1.30571425,1.342857122,1.165654778,85407000
5661,5/19/2003,1.323571444,1.33214283,1.289999962,1.29285717,1.122252584,111472200
5662,5/20/2003,1.29285717,1.297142863,1.257142901,1.270714283,1.103032112,104055000
5663,5/21/2003,1.270714283,1.292142868,1.262142897,1.274999976,1.106752038,76252400
5664,5/22/2003,1.277857184,1.314285755,1.267142892,1.302857161,1.130933404,44615200
5665,5/23/2003,1.300714254,1.318571448,1.28285718,1.308571458,1.135893464,51679600
5666,5/27/2003,1.28285718,1.350000024,1.279285669,1.34857142,1.170615077,72532600
5667,5/28/2003,1.321428537,1.332857132,1.296428561,1.30571425,1.133413315,84919800
5668,5/29/2003,1.306428552,1.321428537,1.278571486,1.29285717,1.122252584,83441400
5669,5/30/2003,1.294285655,1.298571467,1.252142906,1.282142878,1.112952352,95687200
5670,6/2/2003,1.29285717,1.306428552,1.23357141,1.246428609,1.081950784,104647200
5671,6/3/2003,1.245714307,1.262142897,1.215714335,1.236428618,1.07327044,90214600
5672,6/4/2003,1.235714316,1.270714283,1.224285722,1.257142901,1.091251254,67800600
5673,6/5/2003,1.246428609,1.267142892,1.237857103,1.25999999,1.093731403,51374400
5674,6/6/2003,1.267142892,1.288571477,1.224285722,1.225000024,1.06335032,60347000
5675,6/9/2003,1.210000038,1.21714282,1.187857151,1.199285746,1.041029096,64988000
5676,6/10/2003,1.206428528,1.235000014,1.196428537,1.227142811,1.065210104,44161600
5677,6/11/2003,1.225000024,1.250714302,1.200714231,1.246428609,1.081950784,56278600
5678,6/12/2003,1.253571391,1.277142882,1.246428609,1.269285679,1.10179162,63147000
5679,6/13/2003,1.267857194,1.282142878,1.22357142,1.244285703,1.080091,47811400
5680,6/16/2003,1.257142901,1.304999948,1.246428609,1.304999948,1.132793069,59631600
5681,6/17/2003,1.315000057,1.321428537,1.284999967,1.299285769,1.127833009,44366000
5682,6/18/2003,1.317857146,1.39142859,1.307857156,1.365714312,1.185495734,113745800
5683,6/19/2003,1.382857084,1.400714278,1.340714335,1.367142916,1.186735868,95382000
5684,6/20/2003,1.382142901,1.398571372,1.350000024,1.371428609,1.190456033,89136600
5685,6/23/2003,1.378571391,1.406428576,1.339285731,1.361428618,1.181775689,76840400
5686,6/24/2003,1.390714288,1.404999971,1.337142825,1.341428518,1.164414525,128595600
5687,6/25/2003,1.347142816,1.385714293,1.336428523,1.363571405,1.183635473,82453000
5688,6/26/2003,1.33571434,1.379999995,1.33571434,1.377857089,1.1960361,40426400
5689,6/27/2003,1.378571391,1.379285693,1.320000052,1.337857127,1.161314607,91448000
5690,6/30/2003,1.334285736,1.372142911,1.327857137,1.361428618,1.181775689,55538000
5691,7/1/2003,1.347857118,1.370000005,1.322142839,1.363571405,1.183635473,45248000
5692,7/2/2003,1.359285712,1.385714293,1.35857141,1.376428604,1.194796324,81324600
5693,7/3/2003,1.357142806,1.396428585,1.355714321,1.366428614,1.186115861,34442800
5694,7/7/2003,1.376428604,1.441428542,1.366428614,1.419285655,1.231997848,71568000
5695,7/8/2003,1.394285679,1.464285731,1.392142892,1.45714283,1.264859319,64184400
5696,7/9/2003,1.443571448,1.46071434,1.420714259,1.420714259,1.23323822,53411400
5697,7/10/2003,1.419999957,1.424285769,1.383571386,1.398571372,1.214017034,42733600
5698,7/11/2003,1.404285669,1.428571463,1.394999981,1.41785717,1.230758071,34214600
5699,7/14/2003,1.429285765,1.45714283,1.419285655,1.421428561,1.233857751,47101600
5700,7/15/2003,1.429999948,1.445714235,1.387857199,1.400714278,1.215877175,51661400
5701,7/16/2003,1.426428556,1.428571463,1.384285688,1.419285655,1.231997848,62732600
5702,7/17/2003,1.442142844,1.496428609,1.437857151,1.492857099,1.295861006,187803000
5703,7/18/2003,1.492857099,1.512857199,1.45714283,1.49000001,1.293380857,74709600
5704,7/21/2003,1.477857113,1.485714316,1.450000048,1.472142816,1.277880192,45952200
5705,7/22/2003,1.490714312,1.497142911,1.464285731,1.485714316,1.289660573,49606200
5706,7/23/2003,1.496428609,1.497142911,1.461428523,1.485000014,1.289040685,35758800
5707,7/24/2003,1.502857089,1.535714269,1.455714345,1.465000033,1.271680236,57309000
5708,7/25/2003,1.457857132,1.540714264,1.45714283,1.538571477,1.335542917,54171600
5709,7/28/2003,1.535714269,1.535714269,1.49000001,1.499285698,1.301441193,42589400
5710,7/29/2003,1.499285698,1.505714297,1.465714335,1.480000019,1.284700394,49280000
5711,7/30/2003,1.48357141,1.492857099,1.44071424,1.448571444,1.257419109,43398600
5712,7/31/2003,1.481428623,1.524999976,1.469285727,1.505714297,1.307021618,75366200
5713,8/1/2003,1.5,1.519285679,1.474285722,1.480714321,1.28532064,37401000
5714,8/4/2003,1.466428518,1.535714269,1.448571444,1.514999986,1.315081716,57528800
5715,8/5/2003,1.524999976,1.528571486,1.435714245,1.455714345,1.263619423,62360200
5716,8/6/2003,1.432857156,1.44071424,1.392857194,1.402142882,1.217117548,61366200
5717,8/7/2003,1.409285665,1.434999943,1.387142897,1.423571467,1.23571825,43594600
5718,8/8/2003,1.436428547,1.437857151,1.399999976,1.402857184,1.217737198,34414800
5719,8/11/2003,1.415714264,1.423571467,1.393571377,1.404285669,1.218977094,34307000
5720,8/12/2003,1.411428571,1.41428566,1.389999986,1.407142878,1.221457481,41109600
5721,8/13/2003,1.418571472,1.452857137,1.398571372,1.441428542,1.251218915,71024800
5722,8/14/2003,1.443571448,1.452142835,1.424285769,1.426428556,1.238198161,48195000
5723,8/15/2003,1.429999948,1.433571458,1.404285669,1.40785718,1.222077489,31466400
5724,8/18/2003,1.418571472,1.457857132,1.408571482,1.452857137,1.261139154,48193600
5725,8/19/2003,1.455000043,1.46071434,1.428571463,1.451428533,1.25989902,33422200
5726,8/20/2003,1.441428542,1.519285679,1.438571453,1.500714302,1.302681446,68303200
5727,8/21/2003,1.502142906,1.550714254,1.496428609,1.548571467,1.344223261,63831600
5728,8/22/2003,1.557857156,1.571428537,1.474285722,1.491428614,1.294620991,62566000
5729,8/25/2003,1.484285712,1.493571401,1.463571429,1.49000001,1.293380857,34445600
5730,8/26/2003,1.482142806,1.504999995,1.453571439,1.503571391,1.305161595,41239800
5731,8/27/2003,1.493571401,1.534285665,1.475714326,1.534285665,1.331822634,56425600
5732,8/28/2003,1.523571372,1.587142825,1.523571372,1.585000038,1.375844359,79906400
5733,8/29/2003,1.58571434,1.632142901,1.575000048,1.61500001,1.401886225,65788800
5734,9/2/2003,1.618571401,1.635714293,1.600000024,1.632142901,1.416767001,60533200
5735,9/3/2003,1.628571391,1.665714264,1.625714302,1.639285684,1.422966957,67207000
5736,9/4/2003,1.654285669,1.660714269,1.626428604,1.630714297,1.415526628,49945000
5737,9/5/2003,1.623571396,1.653571486,1.600714326,1.607142806,1.395065784,60033400
5738,9/8/2003,1.605714321,1.627857089,1.605000019,1.624285698,1.409946203,41811000
5739,9/9/2003,1.609285712,1.619285703,1.580000043,1.597857118,1.387005091,45092600
5740,9/10/2003,1.589285731,1.61500001,1.579285741,1.584285736,1.375225067,56222600
5741,9/11/2003,1.589285731,1.627857089,1.578571439,1.611428618,1.39878583,53421200
5742,9/12/2003,1.607857108,1.652857184,1.593571424,1.649999976,1.432267427,44997400
5743,9/15/2003,1.629285693,1.635714293,1.580000043,1.586428523,1.377084613,56711200
5744,9/16/2003,1.586428523,1.620714307,1.58571434,1.597142816,1.386385202,67251800
5745,9/17/2003,1.597857118,1.59857142,1.560714245,1.580000043,1.371504545,72349200
5746,9/18/2003,1.578571439,1.642142892,1.567857146,1.634285688,1.418626547,63226800
5747,9/19/2003,1.634285688,1.646428585,1.602142811,1.612857103,1.400025845,51489200
5748,9/22/2003,1.584285736,1.607142806,1.56571424,1.577142835,1.369024277,44955400
5749,9/23/2003,1.572857141,1.604285717,1.562857151,1.602142811,1.390725374,33112800
5750,9/24/2003,1.586428523,1.593571424,1.505714297,1.522857189,1.321902037,75321400
5751,9/25/2003,1.524285674,1.52642858,1.446428537,1.459285736,1.266719222,143595200
5752,9/26/2003,1.450000048,1.549999952,1.439285755,1.477857113,1.282840371,86812600
5753,9/29/2003,1.534999967,1.547857165,1.475000024,1.521428585,1.320662498,91425600
5754,9/30/2003,1.506428599,1.515714288,1.460000038,1.480000019,1.284700394,71356600
5755,10/1/2003,1.479285717,1.507142901,1.442142844,1.485000014,1.289040685,59028200
5756,10/2/2003,1.485714316,1.485714316,1.448571444,1.469285727,1.275399923,51014600
5757,10/3/2003,1.499285698,1.561428547,1.491428614,1.549285769,1.344843388,74900000
5758,10/6/2003,1.547857165,1.595000029,1.541428566,1.59214282,1.382045269,67082400
5759,10/7/2003,1.575000048,1.672142863,1.565000057,1.658571482,1.439707994,104543600
5760,10/8/2003,1.660714269,1.681428552,1.623571396,1.647142887,1.429787159,107167200
5761,10/9/2003,1.66428566,1.69071424,1.627857089,1.674999952,1.453968287,86937200
5762,10/10/2003,1.678571463,1.700714231,1.669285655,1.691428542,1.468229055,43709400
5763,10/13/2003,1.695000052,1.743571401,1.69428575,1.739285707,1.509771347,69966400
5764,10/14/2003,1.737142801,1.767142892,1.727857113,1.753571391,1.522171617,68854800
5765,10/15/2003,1.774999976,1.786428571,1.755714297,1.772857189,1.538912177,152525800
5766,10/16/2003,1.700000048,1.702857137,1.600714326,1.660714269,1.441567779,243920600
5767,10/17/2003,1.669999957,1.677857161,1.602142811,1.625,1.410566568,89952800
5768,10/20/2003,1.614285707,1.667142868,1.59857142,1.658571482,1.439707994,69783000
5769,10/21/2003,1.664999962,1.671428561,1.625,1.655714273,1.437227607,44115400
5770,10/22/2003,1.638571382,1.657142878,1.620000005,1.625714302,1.411186218,40399800
5771,10/23/2003,1.623571396,1.653571486,1.613571405,1.642142892,1.425447106,41302800
5772,10/24/2003,1.611428618,1.632142901,1.587857127,1.614285707,1.40126586,54964000
5773,10/27/2003,1.625,1.63499999,1.606428623,1.614285707,1.40126586,40503400
5774,10/28/2003,1.611428618,1.697857141,1.600000024,1.69428575,1.470709085,62928600
5775,10/29/2003,1.679285765,1.70714283,1.667142868,1.692142844,1.468848825,66770200
5776,10/30/2003,1.713571429,1.714285731,1.633571386,1.649285674,1.431647182,65139200
5777,10/31/2003,1.66428566,1.66785717,1.627142906,1.63499999,1.419246674,54538400
5778,11/3/2003,1.630714297,1.66428566,1.627142906,1.653571486,1.435367703,75710600
5779,11/4/2003,1.647857189,1.649999976,1.613571405,1.636428595,1.420486689,62308400
5780,11/5/2003,1.629999995,1.652142882,1.605000019,1.644999981,1.427927494,80617600
5781,11/6/2003,1.636428595,1.653571486,1.617857099,1.65142858,1.433507323,99268400
5782,11/7/2003,1.656428576,1.659999967,1.603571415,1.607142806,1.395065784,52536400
5783,11/10/2003,1.603571415,1.617857099,1.559999943,1.564285755,1.357863903,58569000
5784,11/11/2003,1.564285755,1.572857141,1.534285665,1.538571477,1.335542917,53768400
5785,11/12/2003,1.534285665,1.622857094,1.534285665,1.595000029,1.38452518,75000800
5786,11/13/2003,1.576428533,1.611428618,1.56571424,1.601428628,1.390105247,53193000
5787,11/14/2003,1.605714321,1.61500001,1.519999981,1.53285718,1.3305825,59262000
5788,11/17/2003,1.524999976,1.52642858,1.496428609,1.509285688,1.310121536,57064000
5789,11/18/2003,1.514999986,1.524285674,1.453571439,1.457857132,1.265479445,66798200
5790,11/19/2003,1.468571424,1.475000024,1.447142839,1.458571434,1.266099453,86146200
5791,11/20/2003,1.435714245,1.505714297,1.435714245,1.455714345,1.263619423,59897600
5792,11/21/2003,1.452857137,1.470000029,1.41785717,1.448571444,1.257419109,60459000
5793,11/24/2003,1.464285731,1.519285679,1.46071434,1.510714293,1.31136179,95456200
5794,11/25/2003,1.51642859,1.517857194,1.472142816,1.477142811,1.282220006,67163600
5795,11/26/2003,1.492142916,1.510714293,1.446428537,1.480000019,1.284700394,61282200
5796,11/28/2003,1.484285712,1.504999995,1.465714335,1.493571401,1.296481133,19024600
5797,12/1/2003,1.502857089,1.560714245,1.5,1.550714254,1.346083403,90384000
5798,12/2/2003,1.54285717,1.564285755,1.529285669,1.538571477,1.335542917,51324000
5799,12/3/2003,1.538571477,1.559999943,1.497142911,1.502142906,1.303921103,47824000
5800,12/4/2003,1.495714307,1.512142897,1.48357141,1.510714293,1.31136179,44485000
5801,12/5/2003,1.492857099,1.510714293,1.480714321,1.489285707,1.292760611,46544400
5802,12/8/2003,1.484285712,1.505714297,1.457857132,1.503571391,1.305161595,37059400
5803,12/9/2003,1.512142897,1.517857194,1.45714283,1.46071434,1.267959595,33786200
5804,12/10/2003,1.46071434,1.472142816,1.425714254,1.455714345,1.263619423,67834200
5805,12/11/2003,1.446428537,1.524285674,1.443571448,1.514999986,1.315081716,45784200
5806,12/12/2003,1.522857189,1.522857189,1.478571415,1.492142916,1.29524076,48168400
5807,12/15/2003,1.534999967,1.534999967,1.433571458,1.44071424,1.250598431,97227200
5808,12/16/2003,1.442142844,1.463571429,1.429285765,1.437142849,1.24749887,93489200
5809,12/17/2003,1.43428576,1.437857151,1.413571477,1.419999957,1.232617736,68565000
5810,12/18/2003,1.421428561,1.441428542,1.421428561,1.431428552,1.242538333,82728800
5811,12/19/2003,1.442142844,1.458571434,1.40142858,1.407142878,1.221457481,113390200
5812,12/22/2003,1.403571486,1.420714259,1.375,1.41785717,1.230758071,94266200
5813,12/23/2003,1.422857165,1.424999952,1.399999976,1.414999962,1.228277802,77124600
5814,12/24/2003,1.408571482,1.470714331,1.403571486,1.457857132,1.265479445,44368800
5815,12/26/2003,1.453571439,1.493571401,1.452857137,1.484285712,1.288420558,25923800
5816,12/29/2003,1.493571401,1.511428595,1.49000001,1.510714293,1.31136179,58364600
5817,12/30/2003,1.512857199,1.535714269,1.510714293,1.519999981,1.319422126,51213400
5818,12/31/2003,1.524999976,1.537857175,1.512857199,1.52642858,1.325002313,43612800
5819,1/2/2004,1.53928566,1.553571463,1.512857199,1.519999981,1.319422126,36160600
5820,1/5/2004,1.529999971,1.599285722,1.529999971,1.583571434,1.374604464,98754600
5821,1/6/2004,1.589285731,1.601428628,1.550714254,1.577857137,1.369644284,127337000
5822,1/7/2004,1.578571439,1.630714297,1.566428542,1.613571405,1.400645733,146718600
5823,1/8/2004,1.631428599,1.695000052,1.617857099,1.668571472,1.448388338,115075800
5824,1/9/2004,1.659285665,1.72357142,1.627857089,1.642857194,1.426066995,106864800
5825,1/12/2004,1.660714269,1.714285731,1.649999976,1.695000052,1.471329212,121886800
5826,1/13/2004,1.764285684,1.774285674,1.704285741,1.722857118,1.495510221,169754200
5827,1/14/2004,1.742857099,1.752857089,1.698571444,1.728571415,1.500471115,155010800
5828,1/15/2004,1.636428595,1.671428561,1.607142806,1.632142901,1.416767001,254552200
5829,1/16/2004,1.63499999,1.645714283,1.61500001,1.622857094,1.408706188,93205000
5830,1/20/2004,1.619285703,1.628571391,1.589285731,1.623571396,1.409326196,78986600
5831,1/21/2004,1.621428609,1.640714288,1.602142811,1.61500001,1.401886225,56665000
5832,1/22/2004,1.611428618,1.630714297,1.584285736,1.584285736,1.375225067,51251200
5833,1/23/2004,1.601428628,1.624285698,1.589285731,1.611428618,1.39878583,56792400
5834,1/26/2004,1.604285717,1.647142887,1.602142811,1.643571377,1.426687121,67817400
5835,1/27/2004,1.645714283,1.660714269,1.628571391,1.647857189,1.430407405,76767600
5836,1/28/2004,1.631428599,1.669999957,1.600714326,1.60857141,1.396305561,68850600
5837,1/29/2004,1.616428614,1.628571391,1.585000038,1.620000005,1.406226158,53174800
5838,1/30/2004,1.617857099,1.633571386,1.601428628,1.611428618,1.39878583,46324600
5839,2/2/2004,1.604285717,1.629285693,1.577142835,1.594285727,1.383905172,71857800
5840,2/3/2004,1.592857122,1.600000024,1.571428537,1.590000033,1.380184889,45203200
5841,2/4/2004,1.571428537,1.577857137,1.549999952,1.556428552,1.351043463,76388200
5842,2/5/2004,1.558571458,1.636428595,1.557857156,1.601428628,1.390105247,88211200
5843,2/6/2004,1.603571415,1.63499999,1.600000024,1.622142911,1.4080863,48335000
5844,2/9/2004,1.615714312,1.632857084,1.607142806,1.619285703,1.405605912,47065200
5845,2/10/2004,1.615714312,1.65142858,1.602857113,1.64142859,1.424826741,63835800
5846,2/11/2004,1.649285674,1.705000043,1.646428585,1.700000048,1.475669384,87136000
5847,2/12/2004,1.686428547,1.713571429,1.685714245,1.695000052,1.471329212,45997000
5848,2/13/2004,1.703571439,1.721428514,1.630714297,1.642857194,1.426066995,78995000
5849,2/17/2004,1.649999976,1.677857161,1.649999976,1.654285669,1.435987473,42739200
5850,2/18/2004,1.655714273,1.674285769,1.646428585,1.661428571,1.442187786,35408800
5851,2/19/2004,1.666428566,1.688571453,1.600714326,1.605000019,1.393205404,80770200
5852,2/20/2004,1.607142806,1.607857108,1.586428523,1.600000024,1.388865471,69400800
5853,2/23/2004,1.595714331,1.604285717,1.563571453,1.585000038,1.375844359,48519800
5854,2/24/2004,1.581428528,1.624285698,1.571428537,1.597142816,1.386385202,64764000
5855,2/25/2004,1.591428518,1.635714293,1.586428523,1.629285693,1.414286733,69069000
5856,2/26/2004,1.634285688,1.655714273,1.628571391,1.645714283,1.428547144,49602000
5857,2/27/2004,1.639999986,1.715714335,1.639285684,1.708571434,1.483109951,117209400
5858,3/1/2004,1.721428514,1.735714316,1.705000043,1.715714335,1.489310145,80420200
5859,3/2/2004,1.714285731,1.721428514,1.697857141,1.700714231,1.476289272,64171800
5860,3/3/2004,1.685714245,1.727857113,1.685714245,1.708571434,1.483109951,56282800
5861,3/4/2004,1.709285736,1.801428556,1.707857132,1.797142863,1.559993505,165055800
5862,3/5/2004,1.782142878,1.963571429,1.778571486,1.909999967,1.657958031,385149800
5863,3/8/2004,1.90142858,1.913571477,1.842857122,1.857142806,1.612075925,130718000
5864,3/9/2004,1.850000024,1.945000052,1.839285731,1.935714245,1.680278897,154590800
5865,3/10/2004,1.931428552,2.00999999,1.924285769,1.977142811,1.716240883,251741000
5866,3/11/2004,1.947857141,2.002857208,1.934999943,1.939285755,1.683379054,148962800
5867,3/12/2004,1.951428533,1.984285712,1.94071424,1.968571424,1.708800197,82306000
5868,3/15/2004,1.93071425,1.953571439,1.875714302,1.889285684,1.639977217,120429400
5869,3/16/2004,1.896428585,1.900714278,1.813571453,1.844285727,1.600915551,151358200
5870,3/17/2004,1.854285717,1.884285688,1.841428518,1.870714307,1.623856068,102858000
5871,3/18/2004,1.852857113,1.861428618,1.827857137,1.833571434,1.591614723,80270400
5872,3/19/2004,1.825714231,1.924285769,1.824285746,1.847142816,1.603395224,102144000
5873,3/22/2004,1.812142849,1.869285703,1.803571463,1.847142816,1.603395224,104757800
5874,3/23/2004,1.84857142,1.857142806,1.801428556,1.806428552,1.568053722,96378800
5875,3/24/2004,1.804999948,1.839285731,1.804999948,1.821428537,1.581074476,107053800
5876,3/25/2004,1.867142916,1.922142863,1.849285722,1.919285655,1.666018605,141611400
5877,3/26/2004,1.928571463,1.954285741,1.922142863,1.931428552,1.676558614,104973400
5878,3/29/2004,1.955000043,1.999285698,1.942857146,1.993571401,1.730501413,87682000
5879,3/30/2004,1.981428623,1.996428609,1.952857137,1.994285703,1.731121302,89919200
5880,3/31/2004,1.994285703,1.998571396,1.924999952,1.931428552,1.676558614,97693400
5881,4/1/2004,1.920714259,1.947857141,1.90142858,1.936428547,1.680899024,79583000
5882,4/2/2004,1.982142806,1.995000005,1.945000052,1.964285731,1.705080032,68619600
5883,4/5/2004,1.962857127,2.026428461,1.960000038,2.022857189,1.755922794,96418000
5884,4/6/2004,1.979285717,2.010714293,1.959285736,1.987857103,1.725541115,64498000
5885,4/7/2004,1.972142816,1.978571415,1.922857165,1.950714231,1.693299651,63779800
5886,4/8/2004,1.991428614,2,1.942857146,1.966428518,1.706940532,60229400
5887,4/12/2004,1.964285731,2.007142782,1.963571429,2.002857208,1.738561988,57635200
5888,4/13/2004,1.998571396,2.002142906,1.917142868,1.923571467,1.669738293,109099200
5889,4/14/2004,1.909999967,1.933571458,1.879285693,1.902857184,1.651757956,159933200
5890,4/15/2004,2.058571339,2.112857103,2.011428595,2.092857122,1.816685081,440361600
5891,4/16/2004,2.08214283,2.093571424,2.035714388,2.084285736,1.80924499,100732800
5892,4/19/2004,2.008571386,2.053571463,1.987857103,2.025000095,1.757782578,178088400
5893,4/20/2004,2.015000105,2.029285669,1.968571424,1.980714321,1.71934104,88629800
5894,4/21/2004,1.971428514,2.008571386,1.955000043,1.980714321,1.71934104,81468800
5895,4/22/2004,1.968571424,2.012857199,1.936428547,1.984285712,1.722440958,86146200
5896,4/23/2004,1.978571415,2,1.932142854,1.978571415,1.717480779,78957200
5897,4/26/2004,1.970000029,1.974285722,1.928571463,1.937857151,1.682139039,57782200
5898,4/27/2004,1.945714235,1.960000038,1.906428576,1.924285769,1.670358658,70966000
5899,4/28/2004,1.915714264,1.929285765,1.881428599,1.889285684,1.639977217,57792000
5900,4/29/2004,1.889285684,1.928571463,1.855714321,1.912142873,1.659818411,115197600
5901,4/30/2004,1.90785718,1.925714254,1.820714235,1.841428518,1.598435402,116625600
5902,5/3/2004,1.857142806,1.880714297,1.838571429,1.862142801,1.616416335,74408600
5903,5/4/2004,1.855000019,1.896428585,1.821428537,1.867142916,1.620756507,69995800
5904,5/5/2004,1.871428609,1.910714269,1.854285717,1.903571486,1.652377605,59526600
5905,5/6/2004,1.885714293,1.910714269,1.850000024,1.898571372,1.648037314,65889600
5906,5/7/2004,1.896428585,1.969285727,1.896428585,1.904999971,1.653617501,104759200
5907,5/10/2004,1.876428604,1.899999976,1.852857113,1.877142906,1.629436731,62494600
5908,5/11/2004,1.885714293,1.942142844,1.885714293,1.938571453,1.682759285,76293000
5909,5/12/2004,1.913571477,1.952857137,1.874285698,1.950000048,1.692679524,61355000
5910,5/13/2004,1.935714245,1.980000019,1.921428561,1.942142844,1.685858965,57463000
5911,5/14/2004,1.946428537,1.951428533,1.889285684,1.932857156,1.677798867,64450400
5912,5/17/2004,1.907142878,1.932857156,1.882857084,1.902857184,1.651757956,75111400
5913,5/18/2004,1.926428556,1.949285746,1.91428566,1.932857156,1.677798867,51515800
5914,5/19/2004,1.95714283,1.964285731,1.887142897,1.890714288,1.641217113,93898000
5915,5/20/2004,1.902142882,1.928571463,1.890714288,1.90785718,1.656098127,49074200
5916,5/21/2004,1.921428561,1.942857146,1.909285665,1.936428547,1.680899024,44973600
5917,5/24/2004,1.949285746,1.992857099,1.936428547,1.952857137,1.695159912,58900800
5918,5/25/2004,1.964285731,2.03642869,1.949285746,2.029285669,1.761502981,79994600
5919,5/26/2004,2.023571491,2.055714369,2,2.03642869,1.767703414,80542000
5920,5/27/2004,2.03285718,2.04285717,1.987142801,2.012142897,1.746622086,58993200
5921,5/28/2004,2.005714178,2.019285679,1.985714316,2.004285812,1.739801884,36429400
5922,6/1/2004,1.985000014,2.014285803,1.972142816,2.004285812,1.739801884,45533600
5923,6/2/2004,2.002142906,2.083571434,1.985714316,2.065714359,1.793124795,79678200
5924,6/3/2004,2.051428556,2.070714235,2.020714283,2.028571367,1.760882616,62732600
5925,6/4/2004,2.039999962,2.089285612,2.03642869,2.055714369,1.784443974,99778000
5926,6/7/2004,2.074285746,2.141428471,2.057857037,2.129285812,1.848307371,73969000
5927,6/8/2004,2.142142773,2.17428565,2.130714178,2.16785717,1.881788373,103905200
5928,6/9/2004,2.149285793,2.193571329,2.142857075,2.157142878,1.872487783,87301200
5929,6/10/2004,2.157142878,2.212142944,2.157142878,2.195714235,1.905969858,64394400
5930,6/14/2004,2.189285755,2.191428661,2.107142925,2.151428461,1.867527485,60996600
5931,6/15/2004,2.181428671,2.224285603,2.16142869,2.192142963,1.902869701,111158600
5932,6/16/2004,2.190000057,2.380000114,2.180714369,2.33857131,2.029975891,227410400
5933,6/17/2004,2.32571435,2.366428614,2.300714254,2.343571424,2.034316063,137830000
5934,6/18/2004,2.332857132,2.386428595,2.316428661,2.350714207,2.040515661,101563000
5935,6/21/2004,2.365714312,2.392857075,2.294285774,2.309285641,2.004554272,97553400
5936,6/22/2004,2.307142973,2.363571405,2.306428671,2.357142925,2.046096087,90127800
5937,6/23/2004,2.357142925,2.416428566,2.349285603,2.407142878,2.08949852,97717200
5938,6/24/2004,2.393571377,2.407142878,2.355714321,2.369999886,2.057256699,63128800
5939,6/25/2004,2.362142801,2.407142878,2.357142925,2.407142878,2.08949852,80857000
5940,6/28/2004,2.441428661,2.442142963,2.300714254,2.320714235,2.014474154,130274200
5941,6/29/2004,2.290714264,2.356428623,2.24357152,2.321428537,2.015094519,147638400
5942,6/30/2004,2.32571435,2.355000019,2.277857065,2.324285746,2.017574787,93261000
5943,7/1/2004,2.29285717,2.319999933,2.278571367,2.307142973,2.00269413,85485400
5944,7/2/2004,2.177142859,2.227142811,2.123571396,2.220000029,1.92705071,227670800
5945,7/6/2004,2.233571529,2.244285822,2.200000048,2.21071434,1.918990374,87245200
5946,7/7/2004,2.20357132,2.24000001,2.152142763,2.170714378,1.884268641,99498000
5947,7/8/2004,2.152142763,2.191428661,2.139285803,2.152857065,1.868767977,58345000
5948,7/9/2004,2.162142754,2.178571463,2.144999981,2.144999981,1.861948133,52215800
5949,7/12/2004,2.144285679,2.145714283,2.066428661,2.081428528,1.806765079,127905400
5950,7/13/2004,2.089285612,2.114285707,2.072857141,2.087142944,1.811725259,79044000
5951,7/14/2004,2.061428547,2.140714169,2.052857161,2.112857103,1.834046006,208950000
5952,7/15/2004,2.332857132,2.402142763,2.293571472,2.352142811,2.041756392,441931000
5953,7/16/2004,2.342857122,2.351428509,2.294285774,2.299999952,1.996493459,122095400
5954,7/19/2004,2.28642869,2.301428556,2.261428595,2.283571482,1.982233524,133292600
5955,7/20/2004,2.282142878,2.299999952,2.25357151,2.299999952,1.996493459,80936800
5956,7/21/2004,2.315714359,2.336428642,2.238571405,2.258571386,1.960532188,75314400
5957,7/22/2004,2.232142925,2.266428471,2.218571424,2.262857199,1.964252234,83529600
5958,7/23/2004,2.252142906,2.267857075,2.177142859,2.192857027,1.90348959,68392800
5959,7/26/2004,2.20357132,2.24642849,2.198571444,2.232857227,1.93821156,98483000
5960,7/27/2004,2.271428585,2.339285612,2.255000114,2.316428661,2.010754585,106251600
5961,7/28/2004,2.307857037,2.315000057,2.225714207,2.305000067,2.000833511,71262800
5962,7/29/2004,2.319285631,2.344285727,2.295000076,2.331428528,2.023775578,55539400
5963,7/30/2004,2.33214283,2.357142925,2.285714388,2.309999943,2.005173445,60755800
5964,8/2/2004,2.227142811,2.299999952,2.223571539,2.255714178,1.958052278,91273000
5965,8/3/2004,2.24642849,2.265714169,2.224999905,2.234999895,1.940071464,52907400
5966,8/4/2004,2.227857113,2.294285774,2.226428509,2.270714283,1.971072674,69122200
5967,8/5/2004,2.272142887,2.307142973,2.232142925,2.242142916,1.9462713,61125400
5968,8/6/2004,2.20714283,2.221428633,2.12142849,2.127142906,1.846446633,123072600
5969,8/9/2004,2.132142782,2.174999952,2.129285812,2.16428566,1.878688335,72711800
5970,8/10/2004,2.170714378,2.252857208,2.16785717,2.251428604,1.954331875,87759000
5971,8/11/2004,2.221428633,2.223571539,2.16142869,2.214999914,1.922710419,80598000
5972,8/12/2004,2.174999952,2.20357132,2.162857056,2.169285774,1.883028507,56550200
5973,8/13/2004,2.185714245,2.234285831,2.17142868,2.202857256,1.912170053,82012000
5974,8/16/2004,2.214285612,2.265714169,2.188571453,2.198571444,1.908449769,108918600
5975,8/17/2004,2.184285641,2.223571539,2.16785717,2.204999924,1.914030313,80754800
5976,8/18/2004,2.179285765,2.275000095,2.177857161,2.267142773,1.967972398,91163800
5977,8/19/2004,2.250714302,2.275714397,2.168571472,2.193571329,1.904109716,97230000
5978,8/20/2004,2.193571329,2.21357131,2.177857161,2.200000048,1.909689546,79195200
5979,8/23/2004,2.204285622,2.233571529,2.185714245,2.220000029,1.92705071,63665000
5980,8/24/2004,2.232857227,2.282142878,2.227857113,2.282142878,1.980993629,93534000
5981,8/25/2004,2.276428461,2.367857218,2.266428471,2.360714197,2.049196005,126404600
5982,8/26/2004,2.359999895,2.512857199,2.33857131,2.475714207,2.14902091,238964600
5983,8/27/2004,2.477142811,2.482857227,2.428571463,2.45357132,2.129800797,97203400
5984,8/30/2004,2.428571463,2.480000019,2.425714254,2.437142849,2.115539074,54535600
5985,8/31/2004,2.433571339,2.49642849,2.428571463,2.46357131,2.138480902,94140200
5986,9/1/2004,2.450000048,2.570714235,2.442142963,2.561428547,2.223424911,128931600
5987,9/2/2004,2.535714388,2.557857037,2.487857103,2.547142744,2.211024284,101581200
5988,9/3/2004,2.500714302,2.565714359,2.500714302,2.516428471,2.184362888,73367000
5989,9/7/2004,2.528571367,2.585000038,2.516428471,2.554285765,2.217223883,75489400
5990,9/8/2004,2.549999952,2.612142801,2.548571348,2.596428633,2.253805876,85881600
5991,9/9/2004,2.57857132,2.592857122,2.519999981,2.549999952,2.213504076,115334800
5992,9/10/2004,2.547142744,2.587857246,2.53285718,2.562142849,2.224044561,82003600
5993,9/13/2004,2.562857151,2.576428652,2.522857189,2.542142868,2.206683874,70494200
5994,9/14/2004,2.517142773,2.53928566,2.484285831,2.535000086,2.200484037,63705600
5995,9/15/2004,2.525714397,2.534285784,2.485714197,2.514285803,2.182502508,58167200
5996,9/16/2004,2.514285803,2.625714302,2.505714178,2.596428633,2.253805876,125479200
5997,9/17/2004,2.610714197,2.670000076,2.599999905,2.652857065,2.302788734,125577200
5998,9/20/2004,2.634285688,2.712857246,2.633571386,2.693571329,2.338129997,61250000
5999,9/21/2004,2.696428537,2.776428461,2.675714254,2.714999914,2.356730223,96663000
6000,9/22/2004,2.721428633,2.724285603,2.629285812,2.637142897,2.289147854,100422000
6001,9/23/2004,2.645714283,2.678571463,2.637857199,2.662142754,2.310848475,99351000
6002,9/24/2004,2.674999952,2.714285612,2.653571367,2.663571358,2.312088728,92372000
6003,9/27/2004,2.639285803,2.712857246,2.630714178,2.680714369,2.326969385,99379000
6004,9/28/2004,2.675714254,2.734999895,2.674999952,2.71714282,2.358590841,88296600
6005,9/29/2004,2.709285736,2.775714397,2.701428652,2.762857199,2.39827323,68377400
6006,9/30/2004,2.785714388,2.805000067,2.74642849,2.767857075,2.402612925,106253000
6007,10/1/2004,2.794285774,2.79928565,2.755714178,2.762142897,2.397652388,116351200
6008,10/4/2004,2.798571348,2.798571348,2.767857075,2.770714283,2.405092478,143521000
6009,10/5/2004,2.754285812,2.833571434,2.742857218,2.812142849,2.441054821,101540600
6010,10/6/2004,2.821428537,2.91142869,2.819285631,2.902857065,2.51979804,111575800
6011,10/7/2004,2.895714283,2.923571348,2.818571329,2.829999924,2.456555605,106537200
6012,10/8/2004,2.82571435,2.840714216,2.774285793,2.789999962,2.421833992,89807200
6013,10/11/2004,2.771428585,2.789999962,2.728571415,2.75642848,2.392692566,80967600
6014,10/12/2004,2.75,2.755714178,2.689285755,2.734999895,2.374091864,115047800
6015,10/13/2004,2.776428461,2.839999914,2.767142773,2.839285612,2.46461606,290752000
6016,10/14/2004,3.085000038,3.267857075,3.03928566,3.212857246,2.788891315,692106800
6017,10/15/2004,3.205714226,3.257857084,3.156428576,3.25,2.821133137,257782000
6018,10/18/2004,3.192857027,3.410714388,3.192857027,3.410714388,2.960639238,300188000
6019,10/19/2004,3.435714245,3.45357132,3.379285812,3.387142897,2.940178394,200498200
6020,10/20/2004,3.369999886,3.400000095,3.33214283,3.390714169,2.943278074,151277000
6021,10/21/2004,3.391428471,3.437857151,3.382857084,3.42428565,2.972419977,181126400
6022,10/22/2004,3.395714283,3.404999971,3.358571529,3.386428595,2.939558744,120766800
6023,10/25/2004,3.37142849,3.417142868,3.362142801,3.396428585,2.948238373,98161000
6024,10/26/2004,3.389285803,3.432142973,3.355000019,3.426428556,2.974279165,148590400
6025,10/27/2004,3.464999914,3.615714312,3.440714359,3.592857122,3.118746519,298373600
6026,10/28/2004,3.569999933,3.730000019,3.535714388,3.727857113,3.23593235,216066200
6027,10/29/2004,3.702857256,3.799999952,3.700000048,3.742857218,3.248952866,202554800
6028,11/1/2004,3.75,3.804285765,3.71714282,3.74642849,3.252052784,150512600
6029,11/2/2004,3.742857218,3.862857103,3.742857218,3.821428537,3.317155838,182497000
6030,11/3/2004,3.883571386,4.007857323,3.856428623,3.95071435,3.429381371,301043400
6031,11/4/2004,3.930714369,3.967857122,3.883571386,3.889285803,3.376058817,232156400
6032,11/5/2004,3.918571472,3.928571463,3.71714282,3.908571482,3.392800331,301261800
6033,11/8/2004,3.876428604,3.96071434,3.847142935,3.884285688,3.37171793,131730200
6034,11/9/2004,3.873571396,3.896428585,3.812857151,3.860714197,3.351257563,118941200
6035,11/10/2004,3.853571415,3.956428528,3.850714207,3.910714388,3.394659281,127169000
6036,11/11/2004,3.924999952,3.959285736,3.873571396,3.950000048,3.428760529,101824800
6037,11/12/2004,3.929285765,3.977857113,3.917142868,3.964285612,3.441161871,98925400
6038,11/15/2004,3.942857027,3.961428642,3.88142848,3.945714235,3.425041199,94011400
6039,11/16/2004,3.940000057,3.942857027,3.891428471,3.92428565,3.406440258,73775800
6040,11/17/2004,3.942142963,3.96071434,3.872857094,3.92142868,3.40395999,99437800
6041,11/18/2004,3.87857151,3.96071434,3.877857208,3.956428528,3.434341192,114787400
6042,11/19/2004,3.96357131,4.065000057,3.892857075,3.940714359,3.420701742,191319800
6043,11/22/2004,4.41428566,4.571428776,4.135714054,4.382143021,3.803879738,642052600
6044,11/23/2004,4.449999809,4.46071434,4.360714436,4.376428604,3.798918486,227862600
6045,11/24/2004,4.406428337,4.657142639,4.396428585,4.574999809,3.971285582,347697000
6046,11/26/2004,4.66785717,4.697143078,4.595714092,4.610714436,4.002288342,137536000
6047,11/29/2004,4.925000191,4.969285488,4.815000057,4.888571262,4.243479252,428229200
6048,11/30/2004,4.913571358,4.913571358,4.78928566,4.78928566,4.157295227,257129600
6049,12/1/2004,4.842143059,4.853571415,4.733571529,4.842143059,4.203178406,200138400
6050,12/2/2004,4.723571301,4.778571606,4.618571281,4.657856941,4.043209076,246860600
6051,12/3/2004,4.609285831,4.642857075,4.410714149,4.477142811,3.886342525,309712200
6052,12/6/2004,4.589285851,4.731428623,4.49642849,4.698571205,4.078551292,311980200
6053,12/7/2004,4.709285736,4.766428471,4.468571663,4.492142677,3.899363518,264224800
6054,12/8/2004,4.505714417,4.602142811,4.432142735,4.519999981,3.923544645,172975600
6055,12/9/2004,4.486428738,4.599999905,4.433571339,4.570714474,3.967564821,185375400
6056,12/10/2004,4.644999981,4.717857361,4.62142849,4.653571606,4.039489746,193943400
6057,12/13/2004,4.687142849,4.70714283,4.614285946,4.636428356,4.024609089,98760200
6058,12/14/2004,4.67142868,4.705714226,4.644285679,4.663571358,4.048169613,103930400
6059,12/15/2004,4.659999847,4.675714493,4.618571281,4.661428452,4.046310425,99590400
6060,12/16/2004,4.724999905,4.821428776,4.717857361,4.757143021,4.129395485,281528800
6061,12/17/2004,4.774285793,4.788571358,4.635714054,4.642142773,4.029568672,195874000
6062,12/20/2004,4.676428795,4.714285851,4.411428452,4.480000019,3.888822556,292031600
6063,12/21/2004,4.539999962,4.554999828,4.400000095,4.549285889,3.948966026,266103600
6064,12/22/2004,4.547142982,4.597142696,4.528571606,4.553571224,3.95268774,141457400
6065,12/23/2004,4.553571224,4.589285851,4.54285717,4.572143078,3.968807459,61482400
6066,12/27/2004,4.62857151,4.653571606,4.491428375,4.511428356,3.916104555,139872600
6067,12/28/2004,4.521428585,4.589285851,4.432142735,4.584285736,3.979346991,152938800
6068,12/29/2004,4.557857037,4.641428471,4.540714264,4.602857113,3.995467424,112390600
6069,12/30/2004,4.629285812,4.644999981,4.587142944,4.62857151,4.017789364,86335200
6070,12/31/2004,4.635000229,4.642857075,4.573571205,4.599999905,3.992986917,69647200
6071,1/3/2005,4.627142906,4.650714397,4.471428394,4.520714283,3.92416501,172998000
6072,1/4/2005,4.556428432,4.676428795,4.497857094,4.567142963,3.964467049,274202600
6073,1/5/2005,4.604285717,4.660714149,4.574999809,4.607142925,3.999188185,170108400
6074,1/6/2005,4.619285583,4.636428356,4.523571491,4.610714436,4.002288342,176388800
6075,1/7/2005,4.642857075,4.973571301,4.625,4.946428776,4.293700695,556862600
6076,1/10/2005,4.987857342,5.050000191,4.848571301,4.925714493,4.27572155,431327400
6077,1/11/2005,4.875,4.939285755,4.581428528,4.611428738,4.002909184,652906800
6078,1/12/2005,4.675000191,4.70714283,4.521428585,4.675714493,4.058710575,479925600
6079,1/13/2005,5.264999866,5.315714359,4.980714321,4.985714436,4.327803135,791179200
6080,1/14/2005,5.017857075,5.122857094,4.942142963,5.014285564,4.352604866,442685600
6081,1/18/2005,4.989285946,5.050000191,4.839285851,5.04642868,4.380505085,251615000
6082,1/19/2005,5.034999847,5.104285717,4.982142925,4.991428375,4.332762718,187973800
6083,1/20/2005,4.974999905,5.090714455,4.962142944,5.032856941,4.368725777,228730600
6084,1/21/2005,5.093571663,5.114285946,5,5.034999847,4.370584965,227833200
6085,1/24/2005,5.070000172,5.127142906,5.03928566,5.054285526,4.387327194,210407400
6086,1/25/2005,5.097856998,5.202857018,5.067142963,5.146428585,4.467309475,242307800
6087,1/26/2005,5.190000057,5.196428776,5.087142944,5.160714149,4.479709625,184874200
6088,1/27/2005,5.154285908,5.208571434,5.110714436,5.188571453,4.503890991,124056800
6089,1/28/2005,5.187142849,5.284285545,5.174285889,5.284285545,4.586975098,200403000
6090,1/31/2005,5.327142715,5.563571453,5.322143078,5.492856979,4.768024921,420274400
6091,2/1/2005,5.50357151,5.554999828,5.46999979,5.537857056,4.807085514,169598800
6092,2/2/2005,5.567857265,5.707857132,5.549285889,5.687857151,4.937292099,255015600
6093,2/3/2005,5.650000095,5.673571587,5.523571491,5.557857037,4.824446201,182912800
6094,2/4/2005,5.562142849,5.63785696,5.537857056,5.631428719,4.888309956,140889000
6095,2/7/2005,5.63785696,5.66785717,5.535714149,5.638571262,4.894510746,131114200
6096,2/8/2005,5.647857189,5.812857151,5.627857208,5.778571606,5.01603508,222504800
6097,2/9/2005,5.788571358,5.856428623,5.57857132,5.624285698,4.882109642,297864000
6098,2/10/2005,5.622857094,5.662857056,5.475714207,5.597142696,4.858548641,273254800
6099,2/11/2005,5.704285622,5.840000153,5.638571262,5.800714493,5.035257816,300263600
6100,2/14/2005,5.909285545,6.056428432,5.860714436,6.045000076,5.247306824,317865800
6101,2/15/2005,6.190000057,6.362857342,6.142857075,6.315000057,5.481678009,578054400
6102,2/16/2005,6.29642868,6.442857265,6.239285946,6.437857151,5.588322639,409810800
6103,2/17/2005,6.474999905,6.491428375,6.24642849,6.272142887,5.444477081,379618400
6104,2/18/2005,6.267142773,6.275714397,6.160714149,6.200714111,5.382473946,290813600
6105,2/22/2005,6.16428566,6.307142735,6.092143059,6.092143059,5.288227558,304823400
6106,2/23/2005,6.19428587,6.317857265,6.110714436,6.30214262,5.470515728,336295400
6107,2/24/2005,6.320000172,6.379285812,6.266428471,6.352142811,5.5139184,379757000
6108,2/25/2005,6.401428699,6.422142982,6.299285889,6.356428623,5.517640114,228877600
6109,2/28/2005,6.382857323,6.448571205,6.28000021,6.408571243,5.562901497,162902600
6110,3/1/2005,6.42714262,6.44428587,6.308571339,6.357142925,5.518259525,117047000
6111,3/2/2005,6.321428776,6.412857056,6.297142982,6.302856922,5.471136093,114540300
6112,3/3/2005,6.338571548,6.344285488,5.888571262,5.96999979,5.182202816,352913400
6113,3/4/2005,6.108571529,6.144285679,5.978571415,6.115714073,5.308689117,189154700
6114,3/7/2005,6.114285946,6.178571224,6.050000191,6.107142925,5.301249027,112658000
6115,3/8/2005,5.985714436,6.022857189,5.728571415,5.789999962,5.0259552,255362800
6116,3/9/2005,5.662857056,5.754285812,5.547142982,5.62142849,4.879629135,330616300
6117,3/10/2005,5.647142887,5.751428604,5.58571434,5.690000057,4.939152718,194277300
6118,3/11/2005,5.744285583,5.798571587,5.685714245,5.752857208,4.993715286,158207700
6119,3/14/2005,5.788571358,5.827142715,5.645714283,5.760000229,4.999916553,151346300
6120,3/15/2005,5.80571413,5.877142906,5.75,5.851428509,5.079278946,127152200
6121,3/16/2005,5.887142658,6.044285774,5.825714111,5.882857323,5.106560707,174453300
6122,3/17/2005,5.932857037,6.125714302,5.902857304,6.035714149,5.239246845,200480000
6123,3/18/2005,6.190000057,6.205714226,6.071428776,6.137142658,5.327290535,235037600
6124,3/21/2005,6.184285641,6.281428337,6.122857094,6.242856979,5.419054031,135282000
6125,3/22/2005,6.244285583,6.28000021,6.097142696,6.118571281,5.311170101,137853800
6126,3/23/2005,6.064285755,6.199999809,6.002857208,6.07857132,5.276448727,152455800
6127,3/24/2005,6.130000114,6.142857075,6.071428776,6.071428776,5.270247936,88176200
6128,3/28/2005,6.107142925,6.137142658,6.067142963,6.075714111,5.273967266,68852700
6129,3/29/2005,6.079999924,6.118571281,5.928571224,5.964285851,5.177243233,115339000
6130,3/30/2005,6.010000229,6.114285946,5.974285603,6.114285946,5.307450294,98739900
6131,3/31/2005,6.064285755,6.074285507,5.941428661,5.952857018,5.167323112,159033700
6132,4/1/2005,6.01285696,6.025714397,5.795714378,5.841428757,5.070599556,160321000
6133,4/4/2005,5.855714321,5.901428699,5.73714304,5.869999886,5.095399857,145003600
6134,4/5/2005,5.888571262,6.034285545,5.869999886,5.984285831,5.194604397,139059900
6135,4/6/2005,6.057142735,6.115714073,6.021428585,6.047142982,5.249166012,103706400
6136,4/7/2005,6.047142982,6.25,6.035714149,6.222856998,5.40169239,126746900
6137,4/8/2005,6.242856979,6.349999905,6.21999979,6.248571396,5.424015522,162487500
6138,4/11/2005,6.307142735,6.321428776,5.98714304,5.988571644,5.19832468,205415700
6139,4/12/2005,6.070000172,6.170000076,6.001428604,6.094285488,5.290089607,245265300
6140,4/13/2005,6.135714054,6.141428471,5.769999981,5.862857342,5.08920002,342986700
6141,4/14/2005,5.544285774,5.651428699,5.26285696,5.32285738,4.620457172,688298100
6142,4/15/2005,5.231428623,5.321428776,5.039999962,5.050000191,4.383606434,432021800
6143,4/18/2005,5,5.185714245,4.857142925,5.088571548,4.417087078,331794400
6144,4/19/2005,5.228571415,5.348571301,5.124285698,5.298571587,4.599377155,270410700
6145,4/20/2005,5.380000114,5.391428471,5.062857151,5.07285738,4.403447151,236282900
6146,4/21/2005,5.199999809,5.315714359,5.12857151,5.311428547,4.610535622,189898100
6147,4/22/2005,5.26285696,5.285714149,4.985714436,5.071428776,4.402207851,209782300
6148,4/25/2005,5.212857246,5.288571358,5.158571243,5.282856941,4.585735798,186615100
6149,4/26/2005,5.254285812,5.358571529,5.159999847,5.170000076,4.487770557,202626900
6150,4/27/2005,5.127142906,5.19428587,5.07285738,5.135714054,4.458008289,153472200
6151,4/28/2005,5.184285641,5.191428661,5.034285545,5.077142715,4.407166481,143776500
6152,4/29/2005,5.16428566,5.175714493,5.031428337,5.151428699,4.471652031,167907600
6153,5/2/2005,5.172857285,5.235714436,5.145714283,5.204285622,4.517530918,116480000
6154,5/3/2005,5.199999809,5.248571396,5.147142887,5.172857285,4.490252018,124184900
6155,5/4/2005,5.158571243,5.314285755,5.157142639,5.307142735,4.606816292,112044100
6156,5/5/2005,5.321428776,5.324285507,5.210000038,5.239999771,4.548534393,96841500
6157,5/6/2005,5.269999981,5.332857132,5.255714417,5.320000172,4.617977619,81561900
6158,5/9/2005,5.325714111,5.349999905,5.25,5.281428337,4.584495544,88923800
6159,5/10/2005,5.25,5.321428776,5.190000057,5.202857018,4.516292095,110065900
6160,5/11/2005,5.028571606,5.095714092,4.730000019,5.087142944,4.415847301,510495300
6161,5/12/2005,5.059999943,5.084285736,4.857142925,4.875714302,4.232318878,242560500
6162,5/13/2005,4.885714054,5.032856941,4.867142677,4.967143059,4.311684608,175678300
6163,5/16/2005,4.937142849,5.099999905,4.932857037,5.07857132,4.408408642,118573700
6164,5/17/2005,5.019999981,5.065714359,4.934285641,5.051428795,4.38484621,147086100
6165,5/18/2005,5.064285755,5.365714073,4.998571396,5.119999886,4.444368839,159180700
6166,5/19/2005,5.111428738,5.382857323,5.111428738,5.364285946,4.656419277,198290400
6167,5/20/2005,5.321428776,5.37857151,5.312857151,5.364285946,4.656419277,113162700
6168,5/23/2005,5.407142639,5.699999809,5.407142639,5.679999828,4.930470943,260643600
6169,5/24/2005,5.635714054,5.712857246,5.575714111,5.67142868,4.923032284,148365000
6170,5/25/2005,5.642857075,5.70714283,5.617142677,5.682857037,4.932952881,99001700
6171,5/26/2005,5.705714226,5.848571301,5.705714226,5.820000172,5.051998615,131380200
6172,5/27/2005,5.80571413,5.827142715,5.715714455,5.794285774,5.029676437,79002000
6173,5/31/2005,5.808571339,5.820000172,5.654285908,5.679999828,4.930470943,101051300
6174,6/1/2005,5.698571205,5.82285738,5.69428587,5.757143021,4.997433186,113453200
6175,6/2/2005,5.721428394,5.760000229,5.657142639,5.71999979,4.965193748,93493400
6176,6/3/2005,5.451428413,5.511428356,5.395714283,5.462857246,4.741982937,239217300
6177,6/6/2005,5.475714207,5.518571377,5.365714073,5.417142868,4.702300549,202991600
6178,6/7/2005,5.37142849,5.389999866,5.20714283,5.21999979,4.531172276,186316200
6179,6/8/2005,5.232857227,5.321428776,5.224285603,5.274285793,4.578295708,101001600
6180,6/9/2005,5.285714149,5.420000076,5.260000229,5.37857151,4.668819427,97563900
6181,6/10/2005,5.342857361,5.342857361,5.074285507,5.115714073,4.440647125,169733200
6182,6/13/2005,5.127142906,5.230000019,5.117142677,5.12857151,4.451809406,108943100
6183,6/14/2005,5.131428719,5.16428566,5.107142925,5.142857075,4.464209557,86961700
6184,6/15/2005,5.267142773,5.32857132,5.185714245,5.304285526,4.604336739,140835800
6185,6/16/2005,5.312857151,5.440000057,5.260000229,5.425714493,4.709741592,136918600
6186,6/17/2005,5.495714188,5.505714417,5.404285908,5.472856998,4.75066328,149031400
6187,6/20/2005,5.407142639,5.441428661,5.349999905,5.372857094,4.663858414,80929100
6188,6/21/2005,5.388571262,5.455714226,5.340000153,5.408571243,4.694860935,92631700
6189,6/22/2005,5.465714455,5.514285564,5.448571205,5.507143021,4.780423641,106231300
6190,6/23/2005,5.547142982,5.682857037,5.521428585,5.55571413,4.822586536,168563500
6191,6/24/2005,5.584285736,5.588571548,5.382857323,5.394285679,4.682460308,102677400
6192,6/27/2005,5.26285696,5.442857265,5.239999771,5.300000191,4.600615978,150042900
6193,6/28/2005,5.355714321,5.369999886,5.309999943,5.329999924,4.626657486,87574900
6194,6/29/2005,5.318571568,5.327142715,5.159999847,5.195714474,4.510091305,112089600
6195,6/30/2005,5.230000019,5.308571339,5.187142849,5.258571625,4.564655304,104597500
6196,7/1/2005,5.261428356,5.281428337,5.184285641,5.214285851,4.526212692,62500200
6197,7/5/2005,5.221428394,5.449999809,5.214285851,5.425714493,4.709741592,113567300
6198,7/6/2005,5.387142658,5.451428413,5.314285755,5.341428757,4.63657856,98656600
6199,7/7/2005,5.258571625,5.394285679,5.257143021,5.375714302,4.666338921,95930800
6200,7/8/2005,5.409999847,5.468571663,5.352857113,5.464285851,4.743222237,72683800
6201,7/11/2005,5.481428623,5.521428585,5.397142887,5.442857265,4.724621296,97197100
6202,7/12/2005,5.461428642,5.485714436,5.415714264,5.462857246,4.741982937,96759600
6203,7/13/2005,5.46999979,5.5,5.41428566,5.478571415,4.755624294,171208800
6204,7/14/2005,5.827142715,6.001428604,5.747142792,5.821428776,5.053237915,524015100
6205,7/15/2005,5.852857113,5.938571453,5.78000021,5.935714245,5.152442455,171920700
6206,7/18/2005,5.915714264,6.014285564,5.909999847,5.92714262,5.145000935,146574400
6207,7/19/2005,5.931428432,6.175714493,5.867142677,6.170000076,5.35581255,167765500
6208,7/20/2005,6.122857094,6.257143021,6.092857361,6.232857227,5.410374641,113348900
6209,7/21/2005,6.242856979,6.291428566,6.12857151,6.184285641,5.368212223,101066000
6210,7/22/2005,6.205714226,6.285714149,6.198571205,6.285714149,5.456257343,75276600
6211,7/25/2005,6.284285545,6.325714111,6.247142792,6.258571625,5.432695866,73656800
6212,7/26/2005,6.287142754,6.301428795,6.19428587,6.232857227,5.410374641,67148200
6213,7/27/2005,6.261428356,6.295714378,6.095714092,6.284285545,5.455015659,70937300
6214,7/28/2005,6.264285564,6.285714149,6.185714245,6.257143021,5.431455612,62827800
6215,7/29/2005,6.222856998,6.340000153,6.037142754,6.092857361,5.288849354,140520100
6216,8/1/2005,6.081428528,6.154285908,6.011428356,6.107142925,5.301249027,78562400
6217,8/2/2005,6.127142906,6.214285851,6.087142944,6.170000076,5.35581255,74218900
6218,8/3/2005,6.170000076,6.187142849,6.110000134,6.174285889,5.359534264,64580600
6219,8/4/2005,6.127142906,6.142857075,6.041428566,6.101428509,5.296289921,67326000
6220,8/5/2005,6.070000172,6.19428587,6.002857208,6.141428471,5.331010342,60482800
6221,8/8/2005,6.142857075,6.178571224,6.087142944,6.092857361,5.288849354,44095800
6222,8/9/2005,6.132857323,6.269999981,6.130000114,6.260000229,5.433936119,95209800
6223,8/10/2005,6.285714149,6.341428757,6.187142849,6.197143078,5.37937355,90236300
6224,8/11/2005,6.198571205,6.302856922,6.178571224,6.285714149,5.456257343,67995900
6225,8/12/2005,6.208571434,6.602857113,6.19428587,6.58571434,5.716669083,229009200
6226,8/15/2005,6.639999866,6.904285908,6.635714054,6.811428547,5.912597179,271681900
6227,8/16/2005,6.769999981,6.785714149,6.601428509,6.607142925,5.73526907,134405600
6228,8/17/2005,6.62857151,6.777143002,6.624285698,6.735714436,5.846875668,124931100
6229,8/18/2005,6.701428413,6.714285851,6.535714149,6.614285946,5.741470814,110639900
6230,8/19/2005,6.611428738,6.67142868,6.538571358,6.547142982,5.683187962,94142300
6231,8/22/2005,6.592857361,6.678571224,6.465714455,6.552856922,5.688147068,96933200
6232,8/23/2005,6.550000191,6.58571434,6.474285603,6.534285545,5.672027111,73901100
6233,8/24/2005,6.514285564,6.731428623,6.51285696,6.538571358,5.675745964,143017700
6234,8/25/2005,6.588571548,6.641428471,6.544285774,6.579999924,5.711709976,69063400
6235,8/26/2005,6.588571548,6.619999886,6.480000019,6.534285545,5.672027111,65264500
6236,8/29/2005,6.467143059,6.575714111,6.465714455,6.548571587,5.684428215,64073800
6237,8/30/2005,6.570000172,6.684285641,6.559999943,6.652857304,5.774951458,129690400
6238,8/31/2005,6.69428587,6.718571663,6.610000134,6.698571205,5.814632416,100739100
6239,9/1/2005,6.714285851,6.738571644,6.584285736,6.608571529,5.736510277,89091800
6240,9/2/2005,6.614285946,6.685714245,6.588571548,6.602857113,5.731550694,55594700
6241,9/6/2005,6.67142868,6.982857227,6.650000095,6.971428394,6.051484108,204654800
6242,9/7/2005,7.007143021,7.057142735,6.845714092,6.954285622,6.036603451,240768500
6243,9/8/2005,7.050000191,7.159999847,7.019999981,7.111428738,6.173008919,175660100
6244,9/9/2005,7.152857304,7.33571434,7.112857342,7.329999924,6.362739086,153910400
6245,9/12/2005,7.300000191,7.375714302,7.225714207,7.342857361,6.373900414,113199100
6246,9/13/2005,7.288571358,7.327142715,7.188571453,7.260000229,6.301976681,123221000
6247,9/14/2005,7.294285774,7.312857151,7.065714359,7.087142944,6.151929379,118606600
6248,9/15/2005,7.142857075,7.168571472,7.047142982,7.124285698,6.184170246,103789000
6249,9/16/2005,7.175714493,7.315714359,7.135714054,7.315714359,6.350338936,147751100
6250,9/19/2005,7.29285717,7.55571413,7.29285717,7.519999981,6.527667522,195932800
6251,9/20/2005,7.570000172,7.687142849,7.559999943,7.598571301,6.595869541,204957200
6252,9/21/2005,7.565714359,7.57857132,7.408571243,7.44428587,6.461943626,108686900
6253,9/22/2005,7.411428452,7.495714188,7.331428528,7.41428566,6.435902596,115931900
6254,9/23/2005,7.442857265,7.642857075,7.405714512,7.599999905,6.597110271,139614300
6255,9/26/2005,7.718571663,7.794285774,7.617142677,7.691428661,6.676474571,136640700
6256,9/27/2005,7.702857018,7.748571396,7.632857323,7.634285927,6.626870632,85425900
6257,9/28/2005,7.581428528,7.587142944,7.227142811,7.297142982,6.334217548,281386000
6258,9/29/2005,7.318571568,7.51285696,7.258571625,7.477142811,6.490465641,159211500
6259,9/30/2005,7.475714207,7.66428566,7.411428452,7.658571243,6.647952557,132908300
6260,10/3/2005,7.73714304,7.791428566,7.668571472,7.777143002,6.750878811,126888300
6261,10/4/2005,7.849999905,7.907142639,7.662857056,7.678571224,6.665312767,134864800
6262,10/5/2005,7.761428356,7.765714169,7.535714149,7.539999962,6.545027256,152692400
6263,10/6/2005,7.599999905,7.641428471,7.267142773,7.385714054,6.411099911,189384300
6264,10/7/2005,7.388571262,7.418571472,7.221428394,7.32857132,6.36149931,169470700
6265,10/10/2005,7.394285679,7.415714264,7.182857037,7.195714474,6.246173382,126876400
6266,10/11/2005,7.318571568,7.409999847,7.199999809,7.369999886,6.397461414,306471200
6267,10/12/2005,6.949999809,7.185714245,6.838571548,7.035714149,6.107287884,674371600
6268,10/13/2005,7.062857151,7.70714283,7.038571358,7.67714262,6.664074421,466393900
6269,10/14/2005,7.718571663,7.764285564,7.541428566,7.714285851,6.696314335,258888000
6270,10/17/2005,7.711428642,7.747142792,7.525714397,7.634285927,6.626870632,154208600
6271,10/18/2005,7.607142925,7.70714283,7.45714283,7.458571434,6.474343777,152397000
6272,10/19/2005,7.438571453,7.851428509,7.315714359,7.848571301,6.812880516,252170800
6273,10/20/2005,7.781428337,8.071428299,7.764285564,8.020000458,6.961687565,339440500
6274,10/21/2005,8.119999886,8.140000343,7.908571243,7.951428413,6.902164459,199181500
6275,10/24/2005,7.892857075,8.112856865,7.869999886,8.112856865,7.042291164,152438300
6276,10/25/2005,8.057143211,8.12142849,7.955714226,8.014286041,6.956727982,116281900
6277,10/26/2005,8.039999962,8.222857475,7.988571644,8.14714241,7.072050571,157898300
6278,10/27/2005,8.141428947,8.144286156,7.915714264,7.915714264,6.871162891,102885300
6279,10/28/2005,8.005714417,8.061429024,7.738571644,7.781428337,6.754598141,192446800
6280,10/31/2005,7.885714054,8.282856941,7.821428776,8.227143288,7.141496181,235211200
6281,11/1/2005,8.177143097,8.305714607,8.124285698,8.214285851,7.130334854,187421500
6282,11/2/2005,8.245714188,8.571428299,8.228571892,8.564285278,7.434149265,214265100
6283,11/3/2005,8.608571053,8.902856827,8.581428528,8.83571434,7.669760704,221095700
6284,11/4/2005,8.62142849,8.748571396,8.51714325,8.735713959,7.582956791,219508800
6285,11/7/2005,8.692856789,8.81000042,8.591428757,8.60428524,7.468872547,159707800
6286,11/8/2005,8.564285278,8.625714302,8.442856789,8.557143211,7.427949429,118441400
6287,11/9/2005,8.571428299,8.744285583,8.571428299,8.587142944,7.453991413,138232500
6288,11/10/2005,8.662857056,8.742856979,8.430000305,8.739999771,7.586676121,166336100
6289,11/11/2005,8.791428566,8.872857094,8.762857437,8.791428566,7.631319523,106362200
6290,11/14/2005,8.791428566,8.85428524,8.701428413,8.778571129,7.620156765,92483300
6291,11/15/2005,8.800000191,9.011428833,8.779999733,8.89714241,7.723081589,134210300
6292,11/16/2005,9.021428108,9.294285774,9.012857437,9.278571129,8.054180145,196128800
6293,11/17/2005,9.369999886,9.411428452,9.178571701,9.217143059,8.0008564,169051400
6294,11/18/2005,9.329999924,9.347143173,9.195713997,9.222857475,8.005818367,131240200
6295,11/21/2005,9.260000229,9.312856674,9.10285759,9.279999733,8.055418968,127927800
6296,11/22/2005,9.262857437,9.537142754,9.217143059,9.502857208,8.248868942,135070600
6297,11/23/2005,9.554286003,9.711428642,9.527142525,9.587142944,8.322029114,121463300
6298,11/25/2005,9.665714264,9.934286118,9.642857552,9.905714035,8.598564148,98753200
6299,11/28/2005,10.10285759,10.15285683,9.867142677,9.951428413,8.638243675,254629900
6300,11/29/2005,9.998571396,10.04285717,9.62142849,9.728571892,8.444795609,222858300
6301,11/30/2005,9.775713921,9.83571434,9.64571476,9.688570976,8.410074234,148918700
6302,12/1/2005,9.850000381,10.24714279,9.829999924,10.22857189,8.878818512,203223300
6303,12/2/2005,10.32428551,10.39142895,10.10000038,10.3757143,9.006543159,223940500
6304,12/5/2005,10.27857113,10.36142826,10.21285725,10.26000023,8.906101227,145917800
6305,12/6/2005,10.56142902,10.68999958,10.47857189,10.57857132,9.182629585,214257400
6306,12/7/2005,10.60428524,10.63714314,10.445714,10.56428528,9.170232773,169866200
6307,12/8/2005,10.45714283,10.59571457,10.37142849,10.58285713,9.186351776,197619800
6308,12/9/2005,10.60142899,10.65571404,10.47857189,10.61857128,9.217355728,138850600
6309,12/12/2005,10.695714,10.76428604,10.65142822,10.70142841,9.289274216,131248600
6310,12/13/2005,10.69285679,10.77999973,10.60142899,10.71142864,9.297958374,123454100
6311,12/14/2005,10.36142826,10.47142887,10.03857136,10.28714275,8.929659843,362679100
6312,12/15/2005,10.38285732,10.40857124,10.19285679,10.31142902,8.950739861,140290500
6313,12/16/2005,10.30571461,10.32857132,10.15142822,10.15857124,8.818055153,167792800
6314,12/19/2005,10.15857124,10.37142849,10.14857101,10.1971426,8.851539612,132323800
6315,12/20/2005,10.23285675,10.34000015,10.15999985,10.30142879,8.942061424,119777000
6316,12/21/2005,10.37142849,10.51571465,10.36285686,10.5,9.114426613,118934200
6317,12/22/2005,10.55857182,10.64142895,10.51428604,10.57428551,9.178913116,92652700
6318,12/23/2005,10.59571457,10.60857105,10.47142887,10.47857189,9.09582901,57464400
6319,12/27/2005,10.5714283,10.73999977,10.56428528,10.60428524,9.204951286,147647500
6320,12/28/2005,10.63857174,10.68000031,10.47428608,10.51000023,9.123108864,99528800
6321,12/29/2005,10.53999996,10.54571438,10.20285702,10.20714283,8.860220909,122506300
6322,12/30/2005,10.13000011,10.34714317,10.04857159,10.27000046,8.914780617,156065700
6323,1/3/2006,10.34000015,10.6785717,10.3214283,10.6785717,9.269434929,201808600
6324,1/4/2006,10.73285675,10.85428524,10.64285755,10.71000004,9.296718597,154900900
6325,1/5/2006,10.68999958,10.69999981,10.53571415,10.6257143,9.223554611,112355600
6326,1/6/2006,10.75,10.95714283,10.64999962,10.89999962,9.46164608,176114400
6327,1/9/2006,10.96142864,11.02857113,10.81999969,10.86428547,9.430640221,168760200
6328,1/10/2006,10.89285755,11.69857121,10.83285713,11.55142879,10.02711201,569967300
6329,1/11/2006,11.97714329,12.11428547,11.79857159,11.98571396,10.40408993,373448600
6330,1/12/2006,12.13857174,12.34285736,11.945714,12.04142857,10.45245171,320202400
6331,1/13/2006,12.14142895,12.28714275,12.08571434,12.22714329,10.61365986,194076400
6332,1/17/2006,12.24285698,12.34000015,11.98142815,12.10142899,10.50453472,208905900
6333,1/18/2006,11.86857128,12.00714302,11.69285679,11.78428555,10.22924042,300159300
6334,1/19/2006,11.60714245,11.66571426,11.2485714,11.29142857,9.801419258,423962000
6335,1/20/2006,11.32571411,11.43428612,10.83285713,10.86999989,9.435602188,283689700
6336,1/23/2006,10.87142849,11.36571407,10.85714245,11.09571457,9.631533623,264932500
6337,1/24/2006,11.2514286,11.34571457,10.82428551,10.86285686,9.429404259,285563600
6338,1/25/2006,11.05571461,11.0714283,10.46428585,10.60000038,9.201231956,318946600
6339,1/26/2006,10.64714241,10.77571392,10.27571392,10.33285713,8.969343185,295346800
6340,1/27/2006,10.42142868,10.51428604,10.15714264,10.28999996,8.932141304,238466200
6341,1/30/2006,10.16714287,10.94285679,10.1242857,10.71428585,9.300440788,349600300
6342,1/31/2006,10.78571415,10.90571404,10.53571415,10.78714275,9.363681793,228385500
6343,2/1/2006,10.70714283,10.92285728,10.66285706,10.77428532,9.352519989,130296600
6344,2/2/2006,10.72857189,10.76571465,10.29285717,10.30000019,8.94081974,176830500
6345,2/3/2006,10.31999969,10.39857101,10.14857101,10.26428604,8.909817696,173030900
6346,2/6/2006,10.28857136,10.35857105,9.534285545,9.614285469,8.345591545,412941900
6347,2/7/2006,9.752857208,9.925714493,9.525713921,9.657142639,8.382792473,347207700
6348,2/8/2006,9.784285545,9.868571281,9.428571701,9.829999924,8.532842636,238278600
6349,2/9/2006,9.87142849,9.890000343,9.218571663,9.278571129,8.054180145,287441000
6350,2/10/2006,9.311429024,9.667142868,8.985713959,9.615714073,8.346832275,440119400
6351,2/13/2006,9.518571854,9.535714149,9.234285355,9.244285583,8.02441597,220874500
6352,2/14/2006,9.300000191,9.728571892,9.285714149,9.662857056,8.387756348,290234700
6353,2/15/2006,9.594285965,9.945713997,9.535714149,9.888571739,8.583683014,289942800
6354,2/16/2006,9.987142563,10.14428616,9.925714493,10.08142853,8.751089096,237043800
6355,2/17/2006,10.04285717,10.12714291,9.944285393,10.04142857,8.716368675,143999800
6356,2/21/2006,10.08428574,10.11428547,9.811429024,9.868571281,8.566321373,194901700
6357,2/22/2006,9.857142448,10.23857117,9.714285851,10.18857098,8.844097137,244559700
6358,2/23/2006,10.25571442,10.4285717,10.20428562,10.25,8.897418976,214229400
6359,2/24/2006,10.30571461,10.41285706,10.17142868,10.20857143,8.861457825,133686000
6360,2/27/2006,10.28428555,10.3028574,10.09285736,10.14142895,8.803173065,197810200
6361,2/28/2006,10.22571468,10.34285736,9.728571892,9.784285545,8.493161201,316745100
6362,3/1/2006,9.834285736,9.927143097,9.717143059,9.87142849,8.568803787,190954400
6363,3/2/2006,9.855713844,9.998571396,9.81000042,9.944285393,8.632045746,156318400
6364,3/3/2006,9.91428566,9.987142563,9.64714241,9.674285889,8.397673607,184417100
6365,3/6/2006,9.670000076,9.674285889,9.277142525,9.35428524,8.119903564,228166400
6366,3/7/2006,9.394286156,9.557143211,9.297142982,9.472857475,8.222826958,218219400
6367,3/8/2006,9.470000267,9.600000381,9.33571434,9.380000114,8.142220497,163312800
6368,3/9/2006,9.425714493,9.495714188,9.115714073,9.132857323,7.927692413,199826200
6369,3/10/2006,9.149999619,9.212857246,8.92142868,9.027142525,7.835929394,260785700
6370,3/13/2006,9.29285717,9.468571663,9.255714417,9.382857323,8.144703865,215296900
6371,3/14/2006,9.39571476,9.617142677,9.357142448,9.617142677,8.348073959,160505100
6372,3/15/2006,9.672857285,9.720000267,9.359999657,9.461428642,8.212905884,222999000
6373,3/16/2006,9.550000191,9.557143211,9.185714722,9.187143326,7.974813938,187409600
6374,3/17/2006,9.25,9.362856865,9.158571243,9.237142563,8.018217087,203010500
6375,3/20/2006,9.317142487,9.351428986,9.124285698,9.141428947,7.935129642,151360300
6376,3/21/2006,8.829999924,9.191428185,8.770000458,8.829999924,7.66479826,336341600
6377,3/22/2006,8.880000114,9.035714149,8.752857208,8.81000042,7.647442341,336473900
6378,3/23/2006,8.831428528,8.842857361,8.515714645,8.594285965,7.46019125,356956600
6379,3/24/2006,8.607142448,8.705714226,8.432857513,8.565713882,7.435387611,267995000
6380,3/27/2006,8.62142849,8.768571854,8.485713959,8.501428604,7.379586697,277018000
6381,3/28/2006,8.518571854,8.591428757,8.321428299,8.387143135,7.280383587,342580700
6382,3/29/2006,8.447142601,8.931428909,8.238571167,8.904285431,7.729284763,586708500
6383,3/30/2006,8.974286079,9.04285717,8.789999962,8.964285851,7.781367779,347662700
6384,3/31/2006,9.035714149,9.087142944,8.891428947,8.960000038,7.777645111,203839300
6385,4/3/2006,9.095714569,9.159999847,8.944285393,8.949999809,7.768962383,203947800
6386,4/4/2006,8.87142849,8.888571739,8.721428871,8.738571167,7.585436821,232981000
6387,4/5/2006,9.244285583,9.601428986,9.16428566,9.601428986,8.334432602,558352200
6388,4/6/2006,9.757143021,10.29285717,9.742856979,10.1771431,8.834174156,665942200
6389,4/7/2006,10.13285732,10.17285728,9.781428337,9.970000267,8.654366493,386309700
6390,4/10/2006,10.04142857,10.13285732,9.778571129,9.81000042,8.515480995,225878800
6391,4/11/2006,9.855713844,9.899999619,9.581428528,9.712857246,8.431155205,234829000
6392,4/12/2006,9.715714455,9.738571167,9.471428871,9.529999733,8.272429466,184973600
6393,4/13/2006,9.477143288,9.634285927,9.401428223,9.495714188,8.242667198,183669500
6394,4/17/2006,9.501428604,9.548571587,9.192856789,9.258571625,8.036820412,180484500
6395,4/18/2006,9.291428566,9.495714188,9.255714417,9.460000038,8.2116642,198711100
6396,4/19/2006,9.545714378,9.571428299,9.35285759,9.37857151,8.140985489,271508300
6397,4/20/2006,9.930000305,10,9.45714283,9.661428452,8.38651371,416745700
6398,4/21/2006,9.741428375,9.805714607,9.495714188,9.577142715,8.313351631,197246700
6399,4/24/2006,9.550000191,9.56000042,9.357142448,9.392857552,8.153384209,176757000
6400,4/25/2006,9.422857285,9.512857437,9.365714073,9.452857018,8.205463409,132265700
6401,4/26/2006,9.521428108,9.754285812,9.485713959,9.735713959,8.450998306,177721600
6402,4/27/2006,9.675714493,9.979999542,9.62142849,9.908571243,8.601043701,211486800
6403,4/28/2006,9.911428452,10.18571472,9.885714531,10.05571461,8.728772163,190009400
6404,5/1/2006,10.10999966,10.22000027,9.880000114,9.942856789,8.630806923,187595100
6405,5/2/2006,10.02142811,10.28285694,10.01571465,10.23142815,8.88129425,192915800
6406,5/3/2006,10.26142883,10.27857113,10.02571392,10.16285706,8.821774483,171747800
6407,5/4/2006,10.17428589,10.41285706,10.06571388,10.16142845,8.820533752,215105100
6408,5/5/2006,10.26571465,10.3214283,10.16428566,10.27000046,8.914780617,140977900
6409,5/8/2006,10.4271431,10.54285717,10.24571419,10.27000046,8.914780617,148712900
6410,5/9/2006,10.26000023,10.36571407,10.08857155,10.14714241,8.808132172,132916700
6411,5/10/2006,10.18428612,10.18999958,9.944285393,10.08571434,8.754811287,114972200
6412,5/11/2006,10.11285686,10.11999989,9.649999619,9.735713959,8.450998306,203172200
6413,5/12/2006,9.692856789,9.812856674,9.551428795,9.67142868,8.395196915,160443500
6414,5/15/2006,9.624285698,9.768571854,9.588571548,9.684286118,8.406356812,132294400
6415,5/16/2006,9.728571892,9.75,9.25,9.282856941,8.057896614,234185000
6416,5/17/2006,9.244285583,9.385714531,9.152856827,9.322856903,8.09262085,188548500
6417,5/18/2006,9.382857323,9.465714455,9.01714325,9.025713921,7.834685802,164610600
6418,5/19/2006,9.037142754,9.268571854,8.974286079,9.215714455,7.999616146,246466500
6419,5/22/2006,9.124285698,9.141428947,8.967143059,9.054286003,7.859489441,179743900
6420,5/23/2006,9.265714645,9.312856674,9,9.021428108,7.830967903,173603500
6421,5/24/2006,8.998571396,9.092857361,8.794285774,9.048571587,7.854532242,229007800
6422,5/25/2006,9.180000305,9.20714283,9.041428566,9.18999958,7.977294445,115843000
6423,5/26/2006,9.187143326,9.222857475,9.020000458,9.07857132,7.880570889,108237500
6424,5/30/2006,9.041428566,9.04285717,8.745714188,8.745714188,7.591636658,140850500
6425,5/31/2006,8.822856903,8.827142715,8.384285927,8.538571358,7.411828041,320244400
6426,6/1/2006,8.550000191,8.89714241,8.502857208,8.881428719,7.709444046,235627000
6427,6/2/2006,8.998571396,9.014286041,8.697142601,8.808571815,7.646200657,171446800
6428,6/5/2006,8.735713959,8.735713959,8.567142487,8.571428299,7.440348625,151446400
6429,6/6/2006,8.60285759,8.661428452,8.415714264,8.531428337,7.405629158,181509300
6430,6/7/2006,8.58571434,8.62857151,8.33571434,8.365714073,7.261779308,187626600
6431,6/8/2006,8.348571777,8.704285622,8.16428566,8.680000305,7.534595013,349370700
6432,6/9/2006,8.739999771,8.794285774,8.442856789,8.462857246,7.346106052,193959500
6433,6/12/2006,8.485713959,8.532856941,8.137143135,8.142857552,7.068334579,179446400
6434,6/13/2006,8.229999542,8.442856789,8.194285393,8.332857132,7.233258724,270160800
6435,6/14/2006,8.325714111,8.39714241,8.098571777,8.229999542,7.143975735,219534000
6436,6/15/2006,8.185714722,8.534285545,8.107142448,8.48285675,7.363463879,297595900
6437,6/16/2006,8.422857285,8.455714226,8.217143059,8.222857475,7.137775898,209525400
6438,6/19/2006,8.261428833,8.311429024,8.142857552,8.17142868,7.093133926,176143800
6439,6/20/2006,8.229999542,8.33571434,8.184286118,8.210000038,7.126616001,168243600
6440,6/21/2006,8.248571396,8.387143135,8.185714722,8.265714645,7.174977303,215824000
6441,6/22/2006,8.314285278,8.535714149,8.295714378,8.511428833,7.388267994,241408300
6442,6/23/2006,8.531428337,8.595714569,8.390000343,8.404285431,7.295262814,165050900
6443,6/26/2006,8.452857018,8.45714283,8.338571548,8.427143097,7.315104008,116634000
6444,6/27/2006,8.441428185,8.460000038,8.199999809,8.204285622,7.121654034,137652900
6445,6/28/2006,8.184286118,8.185714722,7.915714264,8.002857208,6.946807384,212676100
6446,6/29/2006,8.108571053,8.441428185,8.055714607,8.424285889,7.312624454,218349600
6447,6/30/2006,8.227143288,8.25,8.071428299,8.181428909,7.101815224,184923900
6448,7/3/2006,8.217143059,8.311429024,8.191428185,8.278571129,7.186137199,48692700
6449,7/5/2006,8.16428566,8.228571892,8.079999924,8.142857552,7.068334579,129560200
6450,7/6/2006,8.155714035,8.199999809,7.94428587,7.967143059,6.915805817,158302200
6451,7/7/2006,7.925714493,8.07857132,7.809999943,7.91428566,6.869923115,199840200
6452,7/10/2006,7.95714283,8.069999695,7.785714149,7.857142925,6.820320129,132336400
6453,7/11/2006,7.872857094,7.998571396,7.789999962,7.949999809,6.900926113,206255700
6454,7/12/2006,7.881428719,7.891428471,7.559999943,7.565714359,6.567349434,231832300
6455,7/13/2006,7.432857037,7.731428623,7.344285488,7.464285851,6.479305744,312476500
6456,7/14/2006,7.5,7.55571413,7.165714264,7.238571644,6.283375263,248259200
6457,7/17/2006,7.389999866,7.587142944,7.37857151,7.481428623,6.494184971,256135600
6458,7/18/2006,7.594285488,7.692857265,7.407142639,7.557142735,6.559908867,250112100
6459,7/19/2006,7.565714359,7.868571281,7.480000019,7.728571415,6.708715439,347685800
6460,7/20/2006,8.708571434,8.798571587,8.531428337,8.642857552,7.502352715,493036600
6461,7/21/2006,8.545714378,8.735713959,8.520000458,8.674285889,7.529634476,222973100
6462,7/24/2006,8.751428604,8.87142849,8.632857323,8.774285316,7.616438866,180714100
6463,7/25/2006,8.825714111,8.869999886,8.682857513,8.847143173,7.679680347,147267400
6464,7/26/2006,8.857142448,9.234285355,8.811429024,9.124285698,7.920251846,224606900
6465,7/27/2006,9.214285851,9.288571358,8.979999542,9.057143211,7.861969948,183761200
6466,7/28/2006,9.134285927,9.382857323,9.071428299,9.369999886,8.133542061,172876900
6467,7/31/2006,9.547142982,9.804286003,9.468571663,9.708571434,8.427436829,223210400
6468,8/1/2006,9.60285759,9.704285622,9.420000076,9.597143173,8.330713272,177941400
6469,8/2/2006,9.66428566,9.811429024,9.644286156,9.737142563,8.452238083,137692100
6470,8/3/2006,9.701428413,10,9.687143326,9.941428185,8.6295681,210261100
6471,8/4/2006,9.57857132,9.801428795,9.279999733,9.757143021,8.469599724,463216600
6472,8/7/2006,9.674285889,9.942856789,9.472857475,9.601428986,8.334432602,311378200
6473,8/8/2006,9.584285736,9.587142944,9.215714455,9.254285812,8.033096313,249466000
6474,8/9/2006,9.347143173,9.37142849,9.057143211,9.084285736,7.885530472,238959700
6475,8/10/2006,9.035714149,9.258571625,8.95714283,9.152856827,7.945055485,174440000
6476,8/11/2006,9.032856941,9.161428452,8.93999958,9.092857361,7.892971039,194382300
6477,8/14/2006,9.149999619,9.317142487,9.08571434,9.134285927,7.928934097,179405100
6478,8/15/2006,9.334285736,9.5,9.257143021,9.492856979,8.240187645,215338200
6479,8/16/2006,9.58571434,9.724286079,9.475714684,9.711428642,8.429918289,195321000
6480,8/17/2006,9.714285851,9.808571815,9.597143173,9.655714035,8.381551743,145287100
6481,8/18/2006,9.672857285,9.771428108,9.608571053,9.701428413,8.421236038,134088500
6482,8/21/2006,9.614285469,9.615714073,9.449999809,9.508571625,8.253827095,131556600
6483,8/22/2006,9.525713921,9.760000229,9.5,9.659999847,8.385271072,144242000
6484,8/23/2006,9.714285851,9.807143211,9.562856674,9.615714073,8.346832275,134064700
6485,8/24/2006,9.698571205,9.741428375,9.467143059,9.687143326,8.408835411,163797900
6486,8/25/2006,9.619999886,9.864285469,9.615714073,9.821428299,8.525402069,135989700
6487,8/28/2006,9.785714149,9.801428795,9.525713921,9.568571091,8.30591011,184540300
6488,8/29/2006,9.569999695,9.608571053,9.302857399,9.497142792,8.243906975,236833100
6489,8/30/2006,9.619999886,9.688570976,9.525713921,9.565713882,8.30342865,170035600
6490,8/31/2006,9.611428261,9.757143021,9.522856712,9.692856789,8.413793564,143674300
6491,9/1/2006,9.782856941,9.807143211,9.688570976,9.768571854,8.479519844,102123700
6492,9/5/2006,9.85285759,10.21428585,9.79285717,10.21142864,8.863937378,253114400
6493,9/6/2006,10.15428543,10.24142838,9.95714283,10.00428581,8.684129715,243525800
6494,9/7/2006,10.08571434,10.49714279,10.03571415,10.39999962,9.02762413,316989400
6495,9/8/2006,10.48142815,10.51000023,10.27285671,10.35999966,8.992900848,223980400
6496,9/11/2006,10.34714317,10.53285694,10.20285702,10.35714245,8.990423203,237281100
6497,9/12/2006,10.40142822,10.49285698,10.20714283,10.3757143,9.006543159,421171800
6498,9/13/2006,10.40714264,10.61714268,10.32857132,10.60000038,9.201231956,286534500
6499,9/14/2006,10.53142834,10.66714287,10.49428558,10.59571457,9.197512627,200432400
6500,9/15/2006,10.65714264,10.71142864,10.47000027,10.58571434,9.18883419,245463400
6501,9/18/2006,10.54285717,10.69428539,10.47142887,10.55571461,9.162790298,176319500
6502,9/19/2006,10.58571434,10.62285709,10.39999962,10.53857136,9.147909164,177512300
6503,9/20/2006,10.6257143,10.81142902,10.60285759,10.7514286,9.332677841,205697800
6504,9/21/2006,10.75,10.86571407,10.57428551,10.66428566,9.257036209,198531200
6505,9/22/2006,10.61428547,10.61999989,10.36857128,10.4285717,9.052425385,166278000
6506,9/25/2006,10.54428577,10.83714294,10.53142834,10.8214283,9.3934412,214748100
6507,9/26/2006,10.88285732,11.11142826,10.87142849,11.08714294,9.624093056,275737000
6508,9/27/2006,11.02428532,11.06714249,10.83142853,10.91571426,9.475287437,202593300
6509,9/28/2006,11.00285721,11.06857109,10.85000038,11.0014286,9.549689293,180902400
6510,9/29/2006,11.01571465,11.07428551,10.95428562,10.99714279,9.54597187,101453100
6511,10/2/2006,10.72857189,10.83857155,10.61428547,10.69428539,9.283074379,178159800
6512,10/3/2006,10.63571453,10.70714283,10.45571423,10.58285713,9.186351776,197677200
6513,10/4/2006,10.58571434,10.77999973,10.45142841,10.76857185,9.347561836,207270700
6514,10/5/2006,10.64714241,10.88000011,10.59000015,10.68999958,9.279355049,170970800
6515,10/6/2006,10.63142872,10.72000027,10.54428577,10.60285759,9.203714371,116739700
6516,10/9/2006,10.54285717,10.72571468,10.50428581,10.66142845,9.254554749,109555600
6517,10/10/2006,10.64857101,10.65428543,10.43999958,10.54428577,9.152871132,132897100
6518,10/11/2006,10.48857117,10.56857109,10.37142849,10.46142864,9.080946922,142963800
6519,10/12/2006,10.51571465,10.77000046,10.51428604,10.7514286,9.332677841,148213800
6520,10/13/2006,10.804286,10.98285675,10.6771431,10.71714306,9.302916527,171049200
6521,10/16/2006,10.74142838,10.84000015,10.68428612,10.77142811,9.350040436,127173200
6522,10/17/2006,10.72000027,10.75285721,10.57714272,10.61285686,9.212392807,120231300
6523,10/18/2006,10.6785717,10.76714325,10.55857182,10.64714241,9.242153168,283476900
6524,10/19/2006,11.3228569,11.42142868,11.16571426,11.28428555,9.795221329,378244300
6525,10/20/2006,11.28142834,11.4271431,11.23857117,11.42142868,9.914265633,159853400
6526,10/23/2006,11.4271431,11.69999981,11.39285755,11.63714314,10.10151386,208126800
6527,10/24/2006,11.60142899,11.66857147,11.45714283,11.57857132,10.05067062,115803100
6528,10/25/2006,11.62142849,11.71428585,11.5728569,11.66857147,10.12879562,121303700
6529,10/26/2006,11.69999981,11.80000019,11.59000015,11.74142838,10.19203949,108189200
6530,10/27/2006,11.6785717,11.77857113,11.43000031,11.48714256,9.971311569,148741600
6531,10/30/2006,11.4271431,11.55714321,11.35714245,11.48857117,9.972548485,124979400
6532,10/31/2006,11.63571453,11.66857147,11.46142864,11.58285713,10.05439186,125368600
6533,11/1/2006,11.58571434,11.6257143,11.19428539,11.30857182,9.816303253,152798100
6534,11/2/2006,11.27428532,11.33142853,11.21428585,11.28285694,9.793978691,116370800
6535,11/3/2006,11.33714294,11.36142826,11.11285686,11.18428612,9.708417892,107972200
6536,11/6/2006,11.27857113,11.43714333,11.20428562,11.38714314,9.884504318,108644200
6537,11/7/2006,11.49285698,11.5714283,11.4471426,11.5014286,9.983710289,131483100
6538,11/8/2006,11.43142891,11.81285667,11.41285706,11.77857113,10.2242794,172729200
6539,11/9/2006,11.84285736,12.09857178,11.73142815,11.90571404,10.33464622,230763400
6540,11/10/2006,11.93571472,11.94285679,11.78571415,11.8742857,10.30736446,93466100
6541,11/13/2006,11.88857174,12.06428528,11.80571461,12.05000019,10.45989037,112668500
6542,11/14/2006,12.11428547,12.14285755,11.98571396,12.14285755,10.54049587,147238700
6543,11/15/2006,12.14999962,12.27142811,12,12.00714302,10.42269039,163830800
6544,11/16/2006,12.1242857,12.32857132,12.08857155,12.22999954,10.6161375,173485200
6545,11/17/2006,12.16285706,12.27714252,12.14285755,12.26428604,10.64589977,116606000
6546,11/20/2006,12.19999981,12.4285717,12.17142868,12.35285759,10.72278595,142698500
6547,11/21/2006,12.48857117,12.65714264,12.44428539,12.65714264,10.98691559,155666700
6548,11/22/2006,12.71285725,12.96428585,12.55000019,12.90142822,11.19896698,167985300
6549,11/24/2006,12.78999996,13.29714298,12.78571415,13.09000015,11.36265469,129669400
6550,11/27/2006,13.21571445,13.30857182,12.78571415,12.79142857,11.10348034,268709000
6551,11/28/2006,12.90857124,13.13857174,12.84428596,13.11571407,11.38497448,259043400
6552,11/29/2006,13.28571415,13.30714321,12.89285755,13.11428547,11.38373566,289270800
6553,11/30/2006,13.17285728,13.23999977,13.00857162,13.09428596,11.36637592,217621600
6554,12/1/2006,13.11428547,13.18999958,12.87142849,13.04571438,11.32421303,198769900
6555,12/4/2006,13.1257143,13.14999962,12.9285717,13.01714325,11.29941177,177384200
6556,12/5/2006,13.09285736,13.18999958,12.98142815,13.03857136,11.3180151,165709600
6557,12/6/2006,12.94857121,13.05571461,12.81000042,12.83285713,11.13944626,159546100
6558,12/7/2006,12.86142826,12.9285717,12.41428566,12.43428612,10.79346848,251206900
6559,12/8/2006,12.46142864,12.77000046,12.4285717,12.60857105,10.9447546,196069300
6560,12/11/2006,12.69999981,12.75714302,12.57857132,12.6785717,11.00551796,124945100
6561,12/12/2006,12.65857124,12.69142818,12.21857166,12.30571461,10.68186378,256655000
6562,12/13/2006,12.56428528,12.72428608,12.44999981,12.72142887,11.04271984,214263000
6563,12/14/2006,12.72142887,12.85714245,12.60857105,12.64999962,10.98071671,208082700
6564,12/15/2006,12.71714306,12.74571419,12.47571468,12.53142834,10.87779236,184984800
6565,12/18/2006,12.51857185,12.5714283,12.08428574,12.21000004,10.59877777,180394200
6566,12/19/2006,12.10428524,12.38285732,11.945714,12.32999992,10.70294094,227851400
6567,12/20/2006,12.35285759,12.38142872,12.10571384,12.10857105,10.51073551,141922900
6568,12/21/2006,12.10000038,12.21142864,11.74285698,11.84285736,10.28008556,225899800
6569,12/22/2006,11.92285728,12.00571442,11.65714264,11.74285698,10.19328022,153325900
6570,12/26/2006,11.73571396,11.79571438,11.55571461,11.64428616,10.10771656,122672200
6571,12/27/2006,11.16428566,11.71428585,10.96714306,11.64571476,10.10895538,483938700
6572,12/28/2006,11.46000004,11.60714245,11.37857151,11.5528574,10.02835274,279969200
6573,12/29/2006,11.99285698,12.19999981,11.90857124,12.11999989,10.52065372,269107300
6574,1/3/2007,12.32714272,12.36857128,11.69999981,11.97142887,10.39169025,309579900
6575,1/4/2007,12.00714302,12.27857113,11.97428608,12.23714256,10.6223402,211815100
6576,1/5/2007,12.25285721,12.31428528,12.05714321,12.14999962,10.54669476,208685400
6577,1/8/2007,12.27999973,12.36142826,12.18285751,12.21000004,10.59877777,199276700
6578,1/9/2007,12.35000038,13.28285694,12.16428566,13.22428608,11.47922134,837324600
6579,1/10/2007,13.53571415,13.97142887,13.35000038,13.85714245,12.02856541,738220000
6580,1/11/2007,13.70571423,13.82571411,13.58571434,13.68571472,11.87975788,360063200
6581,1/12/2007,13.51285744,13.57999992,13.31857109,13.51714325,11.73343086,328172600
6582,1/16/2007,13.66857147,13.89285755,13.63571453,13.87142849,12.04096699,311019100
6583,1/17/2007,13.93714333,13.94285679,13.54571438,13.56428528,11.77435493,411565000
6584,1/18/2007,13.15714264,13.15857124,12.72142887,12.72428608,11.04520035,591151400
6585,1/19/2007,12.66142845,12.80714321,12.58857155,12.64285755,10.97451973,341118400
6586,1/22/2007,12.73428535,12.73714256,12.23571396,12.39857101,10.76246452,363506500
6587,1/23/2007,12.24714279,12.5014286,12.21571445,12.24285698,10.62729931,301856100
6588,1/24/2007,12.38285732,12.44999981,12.29714298,12.38571453,10.75130463,231953400
6589,1/25/2007,12.44428539,12.64285755,12.28999996,12.3214283,10.69550323,226493400
6590,1/26/2007,12.44428539,12.48142815,12.14142895,12.1971426,10.58761883,246718500
6591,1/29/2007,12.32857132,12.37857151,12.21857166,12.27714252,10.65705967,225416100
6592,1/30/2007,12.34714317,12.35571384,12.1785717,12.22142887,10.6086998,144492600
6593,1/31/2007,12.12285709,12.28571415,12.05000019,12.24714279,10.63101959,214017300
6594,2/1/2007,12.31857109,12.32428551,12.10571384,12.10571384,10.5082531,166085500
6595,2/2/2007,12.01714325,12.1785717,11.95714283,12.10714245,10.50949574,155382500
6596,2/5/2007,12.04285717,12.17571449,11.99142838,11.99142838,10.40904903,144713100
6597,2/6/2007,12.06428528,12.06714249,11.83714294,12.02142811,10.43509007,216098400
6598,2/7/2007,12.06857109,12.34000015,11.93571472,12.30714321,10.68310356,266706300
6599,2/8/2007,12.20428562,12.35857105,12.20142841,12.31142902,10.68682289,169757700
6600,2/9/2007,12.26857185,12.31428528,11.88714314,11.89571476,10.32596588,215135200
6601,2/12/2007,12.06142902,12.16857147,11.9471426,12.1257143,10.52561569,181017900
6602,2/13/2007,12.16571426,12.18428612,12.04285717,12.10000038,10.50329399,145246500
6603,2/14/2007,12.09000015,12.23428535,12.08142853,12.18571472,10.57769871,126995400
6604,2/15/2007,12.20571423,12.23142815,12.11142826,12.17285728,10.56653595,90915300
6605,2/16/2007,12.1785717,12.20142841,12.09428596,12.11857128,10.51941681,99967000
6606,2/20/2007,12.09285736,12.30857182,12.02285671,12.27142811,10.65209961,154425600
6607,2/21/2007,12.28285694,12.78428555,12.27999973,12.74285698,11.06131935,288828400
6608,2/22/2007,12.97142887,12.97285748,12.64714241,12.78714275,11.09976292,209556200
6609,2/23/2007,12.73714256,12.90571404,12.69285679,12.72428608,11.04520035,129473400
6610,2/26/2007,12.83428574,12.85714245,12.51571465,12.64428616,10.97575569,153962200
6611,2/27/2007,12.32857132,12.43999958,11.91571426,11.98999977,10.40780926,286453300
6612,2/28/2007,11.85714245,12.22857189,11.85714245,12.08714294,10.49213219,229868800
6613,3/1/2007,12.00428581,12.61571407,11.96428585,12.43714333,10.79594994,353882200
6614,3/2/2007,12.39571476,12.50571442,12.17285728,12.20142841,10.59133911,215000100
6615,3/5/2007,12.27000046,12.66428566,12.2514286,12.33142853,10.70418358,209724900
6616,3/6/2007,12.54285717,12.61571407,12.48571396,12.59857178,10.93607616,180796700
6617,3/7/2007,12.57857132,12.71000004,12.49285698,12.53142834,10.87779236,156571100
6618,3/8/2007,12.65571404,12.67428589,12.49428558,12.5714283,10.91251469,127752800
6619,3/9/2007,12.68571472,12.69285679,12.48571396,12.56714249,10.90879059,112959000
6620,3/12/2007,12.58142853,12.85571384,12.56999969,12.83857155,11.14440632,182352100
6621,3/13/2007,12.77285671,12.94285679,12.62857151,12.62857151,10.96211624,216972700
6622,3/14/2007,12.65714264,12.85714245,12.56000042,12.85714245,11.16052628,199146500
6623,3/15/2007,12.85142899,12.90857124,12.75857162,12.79571438,11.10720253,139874700
6624,3/16/2007,12.79142857,12.85571384,12.76000023,12.79857159,11.10968304,142926000
6625,3/19/2007,12.89142895,13.07857132,12.79857159,13.01857185,11.30065155,178240300
6626,3/20/2007,13.05000019,13.11999989,13.00857162,13.06857109,11.34405422,122229100
6627,3/21/2007,13.14142895,13.4285717,13.09285736,13.40999985,11.64042664,171724000
6628,3/22/2007,13.39000034,13.47999954,13.28571415,13.42285728,11.65158653,140373100
6629,3/23/2007,13.33571434,13.43857098,13.32857132,13.35999966,11.59702682,112721000
6630,3/26/2007,13.4271431,13.69999981,13.32857132,13.69285679,11.88595963,216246800
6631,3/27/2007,13.67285728,13.83285713,13.5714283,13.63714314,11.83759594,233013200
6632,3/28/2007,13.554286,13.62857151,13.30714321,13.31999969,11.56230164,235584300
6633,3/29/2007,13.45571423,13.45571423,13.17571449,13.39285755,11.62554932,181430900
6634,3/30/2007,13.46857166,13.52571392,13.25,13.27285671,11.52138138,150139500
6635,4/2/2007,13.44857121,13.46428585,13.28857136,13.37857151,11.61314774,125498100
6636,4/3/2007,13.44857121,13.60428524,13.39428616,13.5,11.71855164,145983600
6637,4/4/2007,13.56285667,13.59142876,13.4471426,13.46714306,11.69002914,119196000
6638,4/5/2007,13.445714,13.52571392,13.35999966,13.52571392,11.74087334,88879000
6639,4/9/2007,13.60142899,13.61428547,13.29142857,13.37857151,11.61314774,103335400
6640,4/10/2007,13.38142872,13.46571445,13.34428596,13.46428585,11.68755245,88116700
6641,4/11/2007,13.41428566,13.42142868,13.18999958,13.22714329,11.48169899,137254600
6642,4/12/2007,13.14857101,13.18714333,12.96000004,13.17000008,11.43209648,164168900
6643,4/13/2007,12.98571396,13.05714321,12.86571407,12.89142895,11.19028664,179985400
6644,4/16/2007,12.93857098,13.0714283,12.89285755,13.06142902,11.33785343,152258400
6645,4/17/2007,13.14285755,13.18571472,12.81428528,12.90714264,11.20392513,187980100
6646,4/18/2007,12.88000011,12.97857189,12.80000019,12.91428566,11.21012688,116011000
6647,4/19/2007,12.88428593,13.03571415,12.83285713,12.89571476,11.19400692,106478400
6648,4/20/2007,12.98428535,13.02571392,12.93571472,12.99571419,11.28081131,130694900
6649,4/23/2007,13.08428574,13.39999962,13.06000042,13.35857105,11.59578514,195072500
6650,4/24/2007,13.42285728,13.77000046,13.04285717,13.31999969,11.56230164,263813200
6651,4/25/2007,13.46142864,13.62857151,13.39999962,13.62142849,11.82395744,296786000
6652,4/26/2007,14.51142883,14.64285755,14.04285717,14.11999989,12.25673485,434444500
6653,4/27/2007,14.02571392,14.27857113,13.95571423,14.27428532,12.3906641,174850900
6654,4/30/2007,14.29857159,14.4285717,14.23857117,14.25714302,12.37578106,154127400
6655,5/1/2007,14.22714329,14.33571434,14.07857132,14.21000004,12.33485794,133130900
6656,5/2/2007,14.23571396,14.36285686,14.21000004,14.34142876,12.44894695,126286300
6657,5/3/2007,14.39000034,14.49285698,14.28714275,14.34285736,12.45018482,144019400
6658,5/4/2007,14.39999962,14.51428604,14.35714245,14.40142822,12.50102901,95496800
6659,5/7/2007,14.43999958,14.90714264,14.43000031,14.84571457,12.88668633,215389300
6660,5/8/2007,14.78142834,15.02142811,14.77428532,15.00857162,13.02805424,195999300
6661,5/9/2007,14.98714256,15.27999973,14.98428535,15.26857185,13.25374126,179439400
6662,5/10/2007,15.23285675,15.54857159,15.13142872,15.33428574,13.31078529,299314400
6663,5/11/2007,15.39142895,15.59000015,15.25428581,15.53428555,13.48439503,163424100
6664,5/14/2007,15.65999985,15.71428585,15.46428585,15.62285709,13.5612793,162986600
6665,5/15/2007,15.65285683,15.74285698,15.21142864,15.35999966,13.33310604,238628600
6666,5/16/2007,15.50428581,15.54714298,14.77428532,15.33428574,13.31078529,281691900
6667,5/17/2007,15.30714321,15.695714,15.30714321,15.63428593,13.57120132,183822800
6668,5/18/2007,15.74714279,15.80571461,15.68142891,15.71714306,13.64312363,155336300
6669,5/21/2007,15.75857162,16.06428528,15.72142887,15.99714279,13.88617229,159973100
6670,5/22/2007,16.06999969,16.25,16.0014286,16.21999931,14.07962036,143102400
6671,5/23/2007,16.28857231,16.4285717,16.08428574,16.12714195,13.99901676,227843700
6672,5/24/2007,16.11571503,16.35142899,15.76714325,15.81285667,13.72620678,221840500
6673,5/25/2007,16,16.25428581,15.9285717,16.23142815,14.08954239,158239900
6674,5/29/2007,16.35000038,16.40857124,16.09857178,16.33571434,14.18006706,161423500
6675,5/30/2007,16.32857132,16.98285675,16.21857071,16.96714211,14.72817326,369611200
6676,5/31/2007,17.15285683,17.45285797,17.07714272,17.31285667,15.02826786,324266600
6677,6/1/2007,17.29999924,17.31285667,16.89857101,16.91428566,14.68228912,221315500
6678,6/4/2007,16.94714355,17.38999939,16.84285736,17.33285713,15.0456295,221668300
6679,6/5/2007,17.34428596,17.52714348,17.2142849,17.52428627,15.21179676,230196400
6680,6/6/2007,17.47142792,17.72142792,17.42142868,17.66285706,15.33207893,278060300
6681,6/7/2007,17.8557148,18.22999954,17.59857178,17.72428513,15.38540459,478769900
6682,6/8/2007,17.97428513,17.97571373,17.46999931,17.7842865,15.43748951,310420600
6683,6/11/2007,18,18.02142906,17.07714272,17.17000008,14.9042635,468564600
6684,6/12/2007,17.04999924,17.38714218,16.90142822,17.19714355,14.92782116,356641600
6685,6/13/2007,17.30714226,17.31285667,16.48571396,16.7857151,14.57068539,430338300
6686,6/14/2007,16.74285698,17.06428528,16.63142776,16.9642849,14.72568989,243316500
6687,6/15/2007,17.23142815,17.23857117,17.12285805,17.2142849,14.9427042,202804700
6688,6/18/2007,17.61142921,17.88285637,17.50571442,17.87000084,15.51189327,227651200
6689,6/19/2007,17.81285667,17.85857201,17.55857086,17.66571426,15.33456039,235756500
6690,6/20/2007,17.69571495,17.80857086,17.3571434,17.36428642,15.07291031,224378000
6691,6/21/2007,17.38571358,17.75571442,17.24571419,17.70000076,15.36432457,216761300
6692,6/22/2007,17.69285774,17.77857208,17.48285675,17.5714283,15.25271893,157969000
6693,6/25/2007,17.74142838,17.87000084,17.29428482,17.47714233,15.17087364,241350900
6694,6/26/2007,17.71142769,17.7142849,16.95999908,17.09285736,14.83729935,336251300
6695,6/27/2007,17.22999954,17.43428612,17.03714371,17.41285706,15.11506748,243674200
6696,6/28/2007,17.47999954,17.4985714,17.1428566,17.22285652,14.95014381,209535900
6697,6/29/2007,17.42428589,17.7142849,17.29857063,17.43428612,15.13366985,284460400
6698,7/2/2007,17.29285622,17.44142914,17.04285622,17.3228569,15.03694534,248715600
6699,7/3/2007,17.4285717,18.20000076,17.3571434,18.16714287,15.76982021,290620400
6700,7/5/2007,18.39999962,18.99571419,18.38428497,18.9642849,16.46177483,363262900
6701,7/6/2007,19.01857185,19.04857063,18.62857056,18.89999962,16.40597343,218673700
6702,7/9/2007,18.91142845,18.98571396,18.45428658,18.61857224,16.16168213,248955000
6703,7/10/2007,18.41142845,19.2142849,18.40142822,18.90714264,16.41217613,313751900
6704,7/11/2007,18.86714363,19.10000038,18.75857162,18.91285706,16.4171257,205443000
6705,7/12/2007,19.12142944,19.1771431,18.91285706,19.15285683,16.62546349,176152200
6706,7/13/2007,19.29000092,19.69285774,19.21714211,19.67571449,17.07932091,226901500
6707,7/16/2007,19.77000046,19.99714279,19.6428566,19.72857094,17.12519836,234028200
6708,7/17/2007,19.75714302,19.94285774,19.6428566,19.84428596,17.2256546,177489900
6709,7/18/2007,19.74142838,19.77714348,19.43428612,19.73142815,17.12768555,189214200
6710,7/19/2007,20.04285622,20.11571503,19.95000076,20,17.36081696,183222900
6711,7/20/2007,20.23571396,20.59714317,20,20.5357151,17.82583618,291943400
6712,7/23/2007,20.47285652,20.74571419,20.13285637,20.52857208,17.81963539,259122500
6713,7/24/2007,19.84000015,20.1428566,19.16428566,19.27000046,16.72714615,448823200
6714,7/25/2007,19.62142944,19.76571465,19.2857151,19.60857201,17.02104378,374045700
6715,7/26/2007,20.84428596,21.2142849,19.56571388,20.8571434,18.10485077,546657300
6716,7/27/2007,20.88428497,21.27428627,20.54000092,20.54999924,17.83823967,290274600
6717,7/30/2007,20.61857224,20.77857208,19.93857193,20.20428658,17.53814697,276747100
6718,7/31/2007,20.42428589,20.49714279,18.78857231,18.8228569,16.33901215,440598200
6719,8/1/2007,19.09142876,19.34000015,18.25285721,19.2857151,16.7407856,437539200
6720,8/2/2007,19.52142906,19.56571388,19.16428566,19.4985714,16.92555237,213161200
6721,8/3/2007,19.3228569,19.42142868,18.7857151,18.83571434,16.35016823,169796900
6722,8/6/2007,18.98571396,19.32428551,18.32857132,19.3214283,16.77178955,231292600
6723,8/7/2007,19.27714348,19.6057148,18.94714355,19.29000092,16.74450493,237484100
6724,8/8/2007,19.53714371,19.55142784,18.8571434,19.1442852,16.61802292,202024200
6725,8/9/2007,18.72999954,19,17.87000084,18.05571365,15.67309666,281348900
6726,8/10/2007,17.58857155,18.25,17.18571472,17.8571434,15.50073051,352687300
6727,8/13/2007,18.33142853,18.47857094,18.0714283,18.25571442,15.84670544,188227900
6728,8/14/2007,18.32714272,18.32857132,17.67285728,17.71857071,15.38044071,184751700
6729,8/15/2007,17.5342865,17.83714294,17.09285736,17.12857056,14.86829853,248213000
6730,8/16/2007,16.7157135,16.9285717,15.945714,16.72142792,14.51488113,466672500
6731,8/17/2007,17.43000031,17.6428566,17.11714363,17.43714333,15.13615036,298765600
6732,8/20/2007,17.70857048,17.7857151,17.2142849,17.45999908,15.15598774,200829300
6733,8/21/2007,17.45857048,18.42285728,17.2857151,18.22428513,15.819417,325761800
6734,8/22/2007,18.74571419,18.9642849,18.61857224,18.93000031,16.43201256,265441400
6735,8/23/2007,19.01285744,19.04857063,18.53714371,18.72428513,16.25344276,216709500
6736,8/24/2007,18.64714241,19.33857155,18.54428482,19.32857132,16.77799034,227958500
6737,8/27/2007,19.05571365,19.23714256,18.87142944,18.8928566,16.39977074,176859900
6738,8/28/2007,18.71285629,18.91571426,18.09000015,18.11714363,15.72642231,294841400
6739,8/29/2007,18.55428505,19.16857147,18.50571442,19.15428543,16.62670326,291715200
6740,8/30/2007,18.95285797,19.75,18.89999962,19.4642849,16.89579964,358895600
6741,8/31/2007,19.9271431,19.95000076,19.62999916,19.78285789,17.17232704,219221800
6742,9/4/2007,19.99142838,20.81857109,19.97714233,20.59428596,17.87667465,329210700
6743,9/5/2007,20.70999908,20.83428574,19.44285774,19.53714371,16.95903969,582055600
6744,9/6/2007,19.36571503,19.65285683,18.95857048,19.28714371,16.74202919,475315400
6745,9/7/2007,18.85857201,18.89999962,18.5714283,18.82428551,16.34024811,357644000
6746,9/10/2007,19.56999969,19.71999931,19.13571358,19.53000069,16.95283699,371959700
6747,9/11/2007,19.70000076,19.75714302,19.1071434,19.3557148,16.801548,242971400
6748,9/12/2007,19.4271431,19.91428566,19.3928566,19.54999924,16.97019958,255692500
6749,9/13/2007,19.83285713,19.8571434,19.52142906,19.60000038,17.01360512,164040800
6750,9/14/2007,19.51000023,19.85428619,19.45714378,19.82999992,17.21324921,151830000
6751,9/17/2007,19.8557148,20.08428574,19.65714264,19.77285767,17.1636467,198342900
6752,9/18/2007,19.86571503,20.40714264,19.69000053,20.13142776,17.47490311,266022400
6753,9/19/2007,20.43142891,20.45142937,19.91428566,20.11000061,17.45630264,256720100
6754,9/20/2007,20.02142906,20.25571442,19.90285683,20.04428482,17.39926338,172960200
6755,9/21/2007,20.16285706,20.66428566,20.04428482,20.59285736,17.87543297,284720100
6756,9/24/2007,20.96142769,21.40714264,20.95000076,21.18285751,18.38758087,263040400
6757,9/25/2007,20.97714233,21.88857079,20.97428513,21.88285637,18.99521255,298137700
6758,9/26/2007,22.06714249,22.1428566,21.6071434,21.82428551,18.94437408,243817000
6759,9/27/2007,21.96714211,22.07428551,21.76000023,22.0714283,19.15890121,164549700
6760,9/28/2007,21.92000008,22.08571434,21.8214283,21.92428589,19.03117561,153775300
6761,10/1/2007,22.09000015,22.48714256,21.84714317,22.33428574,19.3870697,209267100
6762,10/2/2007,22.36428642,22.65571404,22.27000046,22.63571358,19.64871979,198017400
6763,10/3/2007,22.54000092,22.73999977,22.43000031,22.55999947,19.583004,173129600
6764,10/4/2007,22.5714283,22.58285713,21.9285717,22.31999969,19.37467194,164239600
6765,10/5/2007,22.62428665,23.08285713,22.52857208,23.06428528,20.02074242,235867800
6766,10/8/2007,23.3557148,23.98714256,23.28142929,23.98714256,20.82181931,208982200
6767,10/9/2007,24.31428528,24.44428635,23.81142807,23.97999954,20.81561852,276071600
6768,10/10/2007,23.93571472,23.98285675,23.65714264,23.82714272,20.68293381,166897500
6769,10/11/2007,24.21285629,24.55428505,21.88714218,23.17571449,20.11746979,410998000
6770,10/12/2007,23.28714371,23.89714241,23.11428642,23.8928566,20.73997498,247044000
6771,10/15/2007,23.99714279,24.22428513,23.3571434,23.85428619,20.70649338,269482500
6772,10/16/2007,23.64857101,24.31142807,23.59285736,24.22571373,21.02890968,266957600
6773,10/17/2007,24.67000008,24.71999931,24.16857147,24.6785717,21.42201042,281903300
6774,10/18/2007,24.5,24.88428497,24.43571472,24.7857151,21.51501465,205919000
6775,10/19/2007,24.89142799,24.94714355,24.2857151,24.34571457,21.1330719,322945000
6776,10/22/2007,24.33571434,24.98571396,24.28000069,24.90857124,21.62166023,412374900
6777,10/23/2007,26.93714333,26.94285774,26.10857201,26.59428596,23.0849247,448791000
6778,10/24/2007,26.54428482,26.74428558,25.6057148,26.56142807,23.05639839,322120400
6779,10/25/2007,26.40999985,26.55714226,25.95142937,26.11142921,22.66578865,243400500
6780,10/26/2007,26.46999931,26.48142815,26.12571335,26.38571358,22.90387917,176719200
6781,10/29/2007,26.49285698,26.65571404,26.38571358,26.44142914,22.9522438,135138500
6782,10/30/2007,26.59714317,27.05285645,26.38999939,26.7142849,23.18908882,234853500
6783,10/31/2007,26.80428505,27.15999985,26.42142868,27.13571358,23.55490685,208327700
6784,11/1/2007,26.94285774,27.15714264,25.7142849,26.77714348,23.24365616,201259100
6785,11/2/2007,27.03000069,27.06285667,26.21285629,26.83857155,23.296978,250528600
6786,11/5/2007,26.46999931,26.99428558,26.31999969,26.59714317,23.08740425,201044200
6787,11/6/2007,26.72142792,27.4285717,26.46714211,27.39857101,23.78307724,238681800
6788,11/7/2007,27.22999954,27.52571487,26.59000015,26.61428642,23.10228539,248581900
6789,11/8/2007,26.66714287,26.70000076,23.96714211,25.06714249,21.75930595,472594500
6790,11/9/2007,24.45000076,25.01714325,23.60142899,23.62428665,20.50684166,381595200
6791,11/12/2007,23.61142921,23.95714378,21.51857185,21.9657135,19.06713486,442266300
6792,11/13/2007,22.97857094,24.42571449,21.9657135,24.28000069,21.07603073,434861700
6793,11/14/2007,25.30857086,25.36714363,23.39142799,23.72999954,20.59860802,362292000
6794,11/15/2007,23.77000046,24.22714233,22.89999962,23.47142792,20.37415695,371852600
6795,11/16/2007,23.61428642,23.86000061,22.76142883,23.77000046,20.63332939,345873500
6796,11/19/2007,23.72857094,24.02857208,23.15714264,23.42142868,20.33075333,288607200
6797,11/20/2007,23.66714287,24.54142952,23.36142921,24.12142944,20.93838501,385910700
6798,11/21/2007,23.69142914,24.62142944,23.52428627,24.06571388,20.89002419,304452400
6799,11/23/2007,24.5714283,24.57857132,24.25,24.50571442,21.2719593,116439400
6800,11/26/2007,24.79857063,25.32428551,24.62142944,24.64857101,21.39596748,326438700
6801,11/27/2007,25.03142929,25.11285782,24.28714371,24.97285652,21.67745781,329257600
6802,11/28/2007,25.26000023,25.79999924,25.04999924,25.74571419,22.34833527,287728000
6803,11/29/2007,25.63285637,26.45285797,25.59285736,26.32714272,22.85303688,262731700
6804,11/30/2007,26.76285744,26.81428528,25.67142868,26.03142929,22.59634399,296950500
6805,12/3/2007,25.97999954,26.30571365,25.38571358,25.55142784,22.17968559,240367400
6806,12/4/2007,25.30714226,25.84285736,25.2842865,25.68714333,22.29748917,193449900
6807,12/5/2007,26.12714195,26.5714283,26.05857086,26.5,23.00308418,223100500
6808,12/6/2007,26.59857178,27.15714264,26.58857155,27.13571358,23.55490685,224952700
6809,12/7/2007,27.21999931,27.8557148,26.86285782,27.75714302,24.09433365,266516600
6810,12/10/2007,27.65571404,27.95142937,27.52714348,27.74428558,24.08316994,180594400
6811,12/11/2007,27.8214283,28.11857224,26.77000046,26.93428612,23.38005829,277731300
6812,12/12/2007,27.63428497,27.78285789,26.53714371,27.26571465,23.66775513,306415200
6813,12/13/2007,27.17000008,27.44571495,26.83142853,27.40428543,23.78803635,216154400
6814,12/14/2007,27.19571495,27.60000038,27.07714272,27.19857216,23.60947037,168578200
6815,12/17/2007,27.24571419,27.52142906,26.13999939,26.34285736,22.86667633,256173400
6816,12/18/2007,26.64571381,26.76142883,25.51428604,26.13999939,22.690588,305650800
6817,12/19/2007,26.13999939,26.37714195,25.84285736,26.15999985,22.70794678,206869600
6818,12/20/2007,26.48999977,26.83285713,26.19000053,26.74428558,23.21513367,193514300
6819,12/21/2007,27.15999985,27.70142937,27.12714195,27.70142937,24.04597664,248490200
6820,12/24/2007,27.86142921,28.47571373,27.82714272,28.39999962,24.65236092,120050700
6821,12/26/2007,28.43000031,28.70857048,28.11714363,28.42142868,24.67095947,175933100
6822,12/27/2007,28.42142868,28.99428558,28.25714302,28.36714363,24.62383842,198881900
6823,12/28/2007,28.65571404,28.79428482,28.12571335,28.54714203,24.78008842,174911800
6824,12/31/2007,28.5,28.6428566,28.25,28.29714203,24.56307411,134833300
6825,1/2/2008,28.46714211,28.60857201,27.50714302,27.83428574,24.16129494,269794700
6826,1/3/2008,27.91571426,28.19857216,27.52714348,27.84714317,24.17244911,210516600
6827,1/4/2008,27.35000038,27.5714283,25.55571365,25.72142792,22.32725143,363958000
6828,1/7/2008,25.8928566,26.22857094,24.31857109,25.37714195,22.02839279,518048300
6829,1/8/2008,25.73428535,26.06571388,24.39999962,24.4642849,21.23599052,380954000
6830,1/9/2008,24.47142792,25.6428566,24.04285622,25.62857056,22.24664497,453470500
6831,1/10/2008,25.36857224,25.8571434,25.05857086,25.43142891,22.07551575,370743800
6832,1/11/2008,25.1428566,25.40714264,24.2857151,24.67000008,21.41456795,308071400
6833,1/14/2008,25.36000061,25.63142776,25.02428627,25.54000092,22.16976166,275112600
6834,1/15/2008,25.38857079,25.60285759,23.52285767,24.14857101,20.96194458,585819500
6835,1/16/2008,23.60428619,24.1442852,22.38571358,22.80571365,19.79629135,553461300
6836,1/17/2008,23.0728569,23.62285805,22.63142776,22.98428535,19.95129585,439464900
6837,1/18/2008,23.10142899,23.6785717,22.80142784,23.05142784,20.00957489,431085900
6838,1/22/2008,21.15142822,22.85428619,20.8571434,22.23428535,19.30026817,608688500
6839,1/23/2008,19.45571518,20,18.02000046,19.86714363,17.24548912,843242400
6840,1/24/2008,19.9985714,20.10000038,18.85857201,19.37142944,16.81519127,501466700
6841,1/25/2008,19.8557148,19.87000084,18.51571465,18.5728569,16.12199783,388684800
6842,1/28/2008,18.30857086,19.02857208,18.06428528,18.5728569,16.12199783,368711000
6843,1/29/2008,18.73571396,18.96999931,18.43571472,18.79142952,16.31172371,274995700
6844,1/30/2008,18.76714325,19.35000038,18.5714283,18.88285637,16.39109802,310762900
6845,1/31/2008,18.49285698,19.52142906,18.48571396,19.33714294,16.78542519,336418600
6846,2/1/2008,19.46285629,19.51285744,18.88285637,19.1071434,16.58578491,252686000
6847,2/4/2008,19.17285728,19.41428566,18.77428627,18.80714226,16.32536697,224808500
6848,2/5/2008,18.63285637,19.1428566,18.41428566,18.47999954,16.04138756,285260500
6849,2/6/2008,18.69000053,18.84571457,17.39571381,17.4285717,15.12871075,393318100
6850,2/7/2008,17.13857079,17.82571411,16.75285721,17.31999969,15.03446865,520832900
6851,2/8/2008,17.44000053,17.95714378,17.37142944,17.92571449,15.56025028,338993200
6852,2/11/2008,18.28714371,18.56857109,18.17142868,18.49285698,16.05255699,300358100
6853,2/12/2008,18.67142868,18.7142849,17.65999985,17.83714294,15.48336697,306495000
6854,2/13/2008,18.09714317,18.54000092,17.94714355,18.48571396,16.04635429,242133500
6855,2/14/2008,18.48571396,18.68571472,18.1442852,18.20857048,15.80578327,238524300
6856,2/15/2008,18.03857231,18.15428543,17.72285652,17.80428505,15.45484543,225325100
6857,2/19/2008,17.9985714,18.1071434,17.34857178,17.45428658,15.15103054,251261500
6858,2/20/2008,17.45714378,17.79999924,17.38285637,17.68857193,15.3544035,241859800
6859,2/21/2008,18.00714302,18.06714249,17.26571465,17.36285782,15.07167149,234528700
6860,2/22/2008,17.49714279,17.5014286,16.55285645,17.06571388,14.81373787,382469500
6861,2/25/2008,16.94142914,17.16714287,16.66571426,17.1057148,14.84845924,314193600
6862,2/26/2008,16.80571365,17.29857063,16.49142838,17.02142906,14.77529335,376222000
6863,2/27/2008,16.88999939,17.57857132,16.87000084,17.56571388,15.24775887,368784500
6864,2/28/2008,18.17142868,18.88571358,17.96714211,18.55857086,16.10959244,404563600
6865,2/29/2008,18.46999931,18.60142899,17.82857132,17.86000061,15.50320911,313870200
6866,3/3/2008,17.77714348,17.99714279,16.8571434,17.38999939,15.09523296,398260800
6867,3/4/2008,17.4271431,17.84000015,17.20000076,17.80285645,15.45360374,446345900
6868,3/5/2008,17.65428543,17.87714195,17.4642849,17.7842865,15.43748951,305459000
6869,3/6/2008,17.80142784,18.2142849,17.25857162,17.27571487,14.99602795,368424700
6870,3/7/2008,17.20142937,17.56857109,17.00714302,17.4642849,15.15971279,307615700
6871,3/10/2008,17.42571449,17.63714218,17.05285645,17.09857178,14.84225368,249897200
6872,3/11/2008,17.72857094,18.21142769,17.4285717,18.19285774,15.79214573,290985800
6873,3/12/2008,18.14857101,18.38285637,17.88142776,18.00428581,15.62845612,264907300
6874,3/13/2008,17.72857094,18.5,17.5714283,18.27714348,15.86530876,315525700
6875,3/14/2008,18.55428505,18.61428642,17.74285698,18.08714294,15.70037937,289160200
6876,3/17/2008,17.50714302,18.37000084,17.50714302,18.10428619,15.71526146,268149700
6877,3/18/2008,18.45428658,19,18.38142776,18.97428513,16.47044754,301280000
6878,3/19/2008,19.01714325,19.18428612,18.52428627,18.52428627,16.07983589,252634200
6879,3/20/2008,18.73142815,19.04142952,18.45428658,19.03857231,16.52625275,227196900
6880,3/24/2008,19.1442852,20.12142944,19.09142876,19.93285751,17.30253601,266730100
6881,3/25/2008,19.99428558,20.44285774,19.61857224,20.13999939,17.48233986,263097800
6882,3/26/2008,20.12428665,20.81999969,20.09142876,20.72285652,17.98828888,295521100
6883,3/27/2008,20.70714378,20.75857162,19.9985714,20.0357151,17.39181709,249957400
6884,3/28/2008,20.25714302,20.66428566,20.22857094,20.43000031,17.73407745,178652600
6885,3/31/2008,20.46714211,20.81571388,20.36000061,20.5,17.79483795,192016300
6886,4/1/2008,20.89999962,21.37999916,20.51571465,21.36142921,18.54259109,258141800
6887,4/2/2008,21.25428581,21.60000038,20.83571434,21.06999969,18.28962326,261242100
6888,4/3/2008,21.00857162,21.94714355,21,21.65857124,18.80052948,262892000
6889,4/4/2008,21.74142838,22.10142899,21.5357151,21.86857224,18.98281479,213604300
6890,4/7/2008,22.30428505,22.81285667,22.15857124,22.27000046,19.3312664,289581600
6891,4/8/2008,21.93571472,22.35000038,21.76000023,21.83428574,18.95305061,253573600
6892,4/9/2008,21.90142822,21.98428535,21.49428558,21.63428497,18.77944374,218349600
6893,4/10/2008,21.59000015,22.20285797,21.51428604,22.07857132,19.16509628,238940800
6894,4/11/2008,21.81714249,21.89999962,20.91428566,21.02000046,18.24621773,302519000
6895,4/14/2008,20.96714211,21.3214283,20.64857101,21.11142921,18.3255806,211271900
6896,4/15/2008,21.34285736,21.38857079,20.81714249,21.19714355,18.39998055,174509300
6897,4/16/2008,21.67428589,22.01428604,21.51714325,21.95714378,19.05970383,198943500
6898,4/17/2008,22.02428627,22.2857151,21.90714264,22.06999969,19.15766144,176066800
6899,4/18/2008,22.73142815,23.18000031,22.62571335,23.00571442,19.96990013,256691400
6900,4/21/2008,23.17285728,24.0714283,23.10857201,24.02285767,20.85281944,259788200
6901,4/22/2008,23.91428566,24,22.58428574,22.88571358,19.8657341,359893100
6902,4/23/2008,23.43571472,23.54857063,23.01142883,23.27000046,20.1993103,376047700
6903,4/24/2008,23.62000084,24.28285789,22.74142838,24.13428497,20.94954491,424016600
6904,4/25/2008,24.38571358,24.44285774,23.77428627,24.24714279,21.04751015,248118500
6905,4/28/2008,24.25,24.8214283,24.16142845,24.6057148,21.35876274,196803600
6906,4/29/2008,24.44428635,25.09428596,24.3214283,25.00714302,21.70721817,230869100
6907,4/30/2008,25.17000008,25.7142849,24.70285797,24.85000038,21.57081413,284881100
6908,5/1/2008,24.99428558,25.7142849,24.97999954,25.7142849,22.32105255,225894200
6909,5/2/2008,25.74142838,25.98857117,25.50714302,25.84857178,22.43762016,251520500
6910,5/5/2008,25.98857117,26.47285652,25.86428642,26.38999939,22.90759659,213639300
6911,5/6/2008,26.37999916,26.73142815,26.02571487,26.66571426,23.14692688,229717600
6912,5/7/2008,26.57857132,26.88571358,25.79142952,26.08428574,22.64222717,289283400
6913,5/8/2008,26.25285721,26.6428566,26.15285683,26.43714333,22.94851685,224771400
6914,5/9/2008,26.16571426,26.3214283,25.90999985,26.20714378,22.74886322,168268100
6915,5/12/2008,26.45857048,26.98142815,26.12142944,26.87999916,23.33293533,204640800
6916,5/13/2008,26.94428635,27.35000038,26.83714294,27.13714218,23.55614853,205809100
6917,5/14/2008,27.31857109,27.46285629,26.51000023,26.60857201,23.09732819,229205900
6918,5/15/2008,26.68714333,27.12857056,26.31428528,27.10428619,23.52762794,218302000
6919,5/16/2008,27.15857124,27.18571472,26.7142849,26.80285645,23.26597214,191442300
6920,5/19/2008,26.83714294,26.95571518,25.89999962,26.22857094,22.76747131,236455100
6921,5/20/2008,25.97428513,26.59428596,25.73142815,26.55714226,23.05268478,242462500
6922,5/21/2008,26.52428627,26.85000038,25.1785717,25.45571518,22.09659576,289414300
6923,5/22/2008,25.60857201,25.90428543,24.5714283,25.29285622,21.95523643,301683900
6924,5/23/2008,25.82428551,25.9985714,25.39999962,25.88142776,22.46613503,226729300
6925,5/27/2008,26.1071434,26.63285637,25.97714233,26.63285637,23.11840248,197476300
6926,5/28/2008,26.77285767,26.85000038,26.24571419,26.7157135,23.19032478,185994900
6927,5/29/2008,26.68000031,26.88571358,26.5,26.67000008,23.15064621,161796600
6928,5/30/2008,26.77857208,27.07714272,26.76857185,26.9642849,23.40610123,152546100
6929,6/2/2008,26.94285774,27.09285736,26.36142921,26.58571434,23.07749176,169960000
6930,6/3/2008,26.69428635,26.88571358,26.04857063,26.48142815,22.98695755,187630100
6931,6/4/2008,26.28857231,26.72714233,26.17571449,26.45571518,22.96464157,181745900
6932,6/5/2008,26.62000084,27.12000084,26.52857208,27.06142807,23.4904213,188861400
6933,6/6/2008,26.8571434,27.13571358,26.50714302,26.52000046,23.02044296,241605700
6934,6/9/2008,26.39857101,26.42000008,25.1071434,25.94428635,22.52069855,472098200
6935,6/10/2008,25.78714371,26.68285751,25.57428551,26.52000046,23.02044296,285235300
6936,6/11/2008,26.33428574,26.5714283,25.65571404,25.82999992,22.42149162,240387700
6937,6/12/2008,25.9271431,26.08571434,24.45714378,24.7514286,21.48524857,327083400
6938,6/13/2008,24.52000046,24.87999916,23.61571503,24.62428665,21.37488556,336489300
6939,6/16/2008,24.47142792,25.41428566,24.15285683,25.26285744,21.92919159,262932600
6940,6/17/2008,25.44285774,25.9985714,25.34428596,25.91857147,22.49837494,224914200
6941,6/18/2008,25.87428665,26.02857208,25.33571434,25.5357151,22.16604042,202867000
6942,6/19/2008,25.50714302,26.04857063,25.25714302,25.84285736,22.43265724,197987300
6943,6/20/2008,25.62142944,25.8571434,25,25.03857231,21.73450661,222091800
6944,6/23/2008,24.96285629,25.12571335,24.50857162,24.73714256,21.47284889,161445200
6945,6/24/2008,24.62428665,25.11142921,24.51857185,24.75,21.48400688,155486800
6946,6/25/2008,24.94428635,25.54714203,24.84000015,25.34142876,21.99739647,161112700
6947,6/26/2008,24.86714363,24.97714233,24.0014286,24.03714371,20.86522484,217402500
6948,6/27/2008,23.78714371,24.36714363,23.45000076,24.29857063,21.09215355,260562400
6949,6/30/2008,24.31285667,24.5714283,23.80285645,23.92000008,20.76353645,171049200
6950,7/1/2008,23.46142769,24.95999908,23.4285717,24.95428658,21.66133499,277820200
6951,7/2/2008,25.02857208,25.35000038,24.02571487,24.02571487,20.85530472,209379800
6952,7/3/2008,24.22714233,24.59571457,23.6785717,24.30285645,21.09586906,130840500
6953,7/7/2008,24.73714256,25.30428505,24.55714226,25.02285767,21.72085762,205097900
6954,7/8/2008,25.05714226,25.67142868,24.6771431,25.64999962,22.26524925,222087600
6955,7/9/2008,25.74285698,25.84428596,24.87714195,24.8928566,21.60801888,223944000
6956,7/10/2008,24.98857117,25.33428574,24.48142815,25.23285675,21.90314865,210172200
6957,7/11/2008,25.06714249,25.30142784,24.4285717,24.65428543,21.40092468,232502900
6958,7/14/2008,25.6057148,25.61428642,24.72571373,24.84000015,21.56213188,221513600
6959,7/15/2008,24.63999939,24.81999969,23.77000046,24.23428535,21.03634644,260010800
6960,7/16/2008,24.31428528,24.70428658,24.08571434,24.68714333,21.42945099,186947600
6961,7/17/2008,24.87142944,24.99714279,24.48428535,24.54428482,21.3054409,189381500
6962,7/18/2008,24.07428551,24.23571396,23.5714283,23.59285736,20.47955704,217103600
6963,7/21/2008,23.84285736,23.9285717,23.01714325,23.75571442,20.62092972,340117400
6964,7/22/2008,21.2857151,23.2514286,20.93285751,23.14571381,20.09142303,469898100
6965,7/23/2008,23.56999969,24.05285645,23.07999992,23.7514286,20.61721039,265442100
6966,7/24/2008,23.47428513,23.60857201,22.63571358,22.71857071,19.720644,209904800
6967,7/25/2008,22.91428566,23.2857151,22.66428566,23.15999985,20.1038208,158409300
6968,7/28/2008,23.19142914,23.20999908,22.00285721,22.05714226,19.14650154,195178200
6969,7/29/2008,22.20142937,22.77857208,21.95000076,22.44000053,19.47883415,171017700
6970,7/30/2008,22.54000092,22.9271431,22.29714203,22.84000015,19.82605171,181295800
6971,7/31/2008,22.50571442,23.17142868,22.42571449,22.70714378,19.71072769,159374600
6972,8/1/2008,22.84285736,22.8557148,22.25,22.37999916,19.42675209,136159800
6973,8/4/2008,22.37142944,22.55714226,21.84428596,21.88999939,19.00141144,148131900
6974,8/5/2008,22.20285797,22.97142792,22.11714363,22.94857216,19.92029381,172092900
6975,8/6/2008,22.85285759,23.91428566,22.5714283,23.45571518,20.36052322,197852200
6976,8/7/2008,23.24428558,23.73571396,23.0714283,23.36714363,20.28363609,168093100
6977,8/8/2008,23.40857124,24.23571396,23.3928566,24.22142792,21.02518845,178499300
6978,8/11/2008,24.29571342,25.2142849,24.23857117,24.79428482,21.52244949,222826100
6979,8/12/2008,24.78857231,25.61285782,24.78714371,25.24714279,21.91555214,209069700
6980,8/13/2008,25.42571449,25.7142849,25.12857056,25.61428642,22.23424721,210586600
6981,8/14/2008,25.47571373,25.77857208,25.40571404,25.61714363,22.23672295,177825200
6982,8/15/2008,25.57714272,25.6785717,25.00714302,25.1057148,21.79278946,177062900
6983,8/18/2008,25.08142853,25.40142822,24.83142853,25.05571365,21.74938393,138003600
6984,8/19/2008,24.93428612,25.29571342,24.54428482,24.79000092,21.51872826,154051100
6985,8/20/2008,24.96714211,25.27714348,24.80142784,25.12000084,21.80518532,126737800
6986,8/21/2008,24.92428589,25.06428528,24.55571365,24.89857101,21.61297226,134936200
6987,8/22/2008,25.11714363,25.3571434,25.08142853,25.25571442,21.92298698,109902800
6988,8/25/2008,25.16428566,25.17571449,24.52285767,24.64999962,21.39720917,121106300
6989,8/26/2008,24.68000031,24.98285675,24.65857124,24.80571365,21.53237915,111387500
6990,8/27/2008,24.75857162,25.10857201,24.59857178,24.95285797,21.66010475,119445200
6991,8/28/2008,25.04000092,25.1785717,24.6785717,24.81999969,21.54477119,107846200
6992,8/29/2008,24.70857048,24.7857151,24.14857101,24.21857071,21.02271461,149822400
6993,9/2/2008,24.62857056,24.7857151,23.5714283,23.74142838,20.60853004,195190800
6994,9/3/2008,23.83428574,24.09714317,23.4285717,23.85142899,20.70401192,183708700
6995,9/4/2008,23.69428635,23.98714256,22.97285652,23.03142929,19.99221992,185846500
6996,9/5/2008,22.65571404,23.20000076,22.52142906,22.88285637,19.86325264,196721000
6997,9/8/2008,23.51000023,23.55571365,21.63714218,22.55999947,19.583004,261494800
6998,9/9/2008,22.40857124,22.85142899,21.39857101,21.66857147,18.80920219,311256400
6999,9/10/2008,21.76000023,22.14142799,21.25714302,21.65857124,18.80052948,243285700
7000,9/11/2008,21.16857147,21.8557148,20.8571434,21.80714226,18.92948723,242783800
7001,9/12/2008,21.55857086,21.55857086,20.9285717,21.27714348,18.46943092,198256800
7002,9/15/2008,20.29000092,21.09857178,20.05142784,20.05142784,17.40545273,230158600
7003,9/16/2008,19.12285805,20.3571434,18.87857056,19.98285675,17.34593391,299959100
7004,9/17/2008,19.7842865,19.78714371,18.26142883,18.26142883,15.85166931,300113800
7005,9/18/2008,18.65285683,19.34714317,17.23999977,19.15571404,16.62793541,419063400
7006,9/19/2008,20.37142944,20.60000038,19.47285652,20.12999916,17.47365952,357718900
7007,9/22/2008,19.99142838,20.0357151,18.66571426,18.72142792,16.25096703,214178300
7008,9/23/2008,18.83571434,19.39999962,18.09428596,18.12000084,15.728899,320091100
7009,9/24/2008,18.18142891,18.70714378,17.87857056,18.38714218,15.9607954,261753800
7010,9/25/2008,18.54285622,19.25571442,18.36000061,18.84714317,16.36009026,251511400
7011,9/26/2008,17.84428596,18.54285622,17.5714283,18.31999969,15.90251064,281612800
7012,9/29/2008,17.08857155,17.09714317,14.36999989,15.03714275,13.05285263,655514300
7013,9/30/2008,15.46428585,16.4285717,15.18571472,16.23714256,14.0945015,406670600
7014,10/1/2008,15.98857117,16.05142784,15.34142876,15.58857155,13.53151608,324121000
7015,10/2/2008,15.43000031,15.54142857,14.28571415,14.30000019,12.41298389,402341100
7016,10/3/2008,14.85714245,15.21428585,13.52142811,13.86714268,12.0372467,573599600
7017,10/6/2008,13.13714314,14.11142826,12.50571442,14.02000046,12.16993237,526854300
7018,10/7/2008,14.35428524,14.5,12.70714283,12.73714256,11.05636215,469693000
7019,10/8/2008,12.27285671,13.76142883,12.23999977,12.82714272,11.13448429,551935300
7020,10/9/2008,13.33571434,13.68571472,12.37142849,12.6771431,11.00427818,404345900
7021,10/10/2008,12.24285698,14.28571415,12.14285755,13.82857132,12.00376892,554824900
7022,10/13/2008,14.93571472,15.78999996,14.43142891,15.7514286,13.67288208,384769000
7023,10/14/2008,16.60857201,16.62857056,14.73428535,14.86857128,12.90652657,495248600
7024,10/15/2008,14.83428574,15.28571415,13.98428535,13.99285698,12.14636993,396043900
7025,10/16/2008,14.25285721,14.77571392,13.10571384,14.55571461,12.63495445,495130300
7026,10/17/2008,14.22857189,14.57714272,12.27000046,13.91428566,12.07817078,440556900
7027,10/20/2008,14.25428581,14.28999996,13.37714291,14.06285667,12.20713139,387292500
7028,10/21/2008,13.85000038,13.98571396,13.02285671,13.06999969,11.345294,548415000
7029,10/22/2008,13.90999985,14.46428585,13.27571392,13.83857155,12.0124464,562202200
7030,10/23/2008,13.78714275,14.1785717,13.12857151,14.03285694,12.18109417,418857600
7031,10/24/2008,12.90428543,13.98571396,12.87285709,13.76857185,11.95168304,397514600
7032,10/27/2008,13.58142853,13.9471426,13.12285709,13.15571404,11.41969585,302192800
7033,10/28/2008,13.63285732,14.35714245,13.195714,14.27285671,12.38942146,408533300
7034,10/29/2008,14.40857124,15.64857101,14.27714252,14.93571472,12.96480942,487744600
7035,10/30/2008,15.46142864,16.02714348,15.37285709,15.86285686,13.76960564,409522400
7036,10/31/2008,15.34285736,15.82571411,15.02000046,15.36999989,13.34178638,414939000
7037,11/3/2008,15.13285732,15.58571434,14.97999954,15.27999973,13.26366425,264484500
7038,11/4/2008,15.71285725,15.97000027,15.23857117,15.85571384,13.76340675,349670300
7039,11/5/2008,15.55857182,15.67428589,14.71285725,14.75714302,12.8098011,314113800
7040,11/6/2008,14.43571472,14.68285751,14,14.15714264,12.28897762,329768600
7041,11/7/2008,14.1771431,14.26428604,13.67428589,14.03428555,12.18233585,273813400
7042,11/10/2008,14.31000042,14.34285736,13.5,13.6971426,11.88967991,280955500
7043,11/11/2008,13.54428577,13.88142872,13.18000031,13.53857136,11.75203228,306134500
7044,11/12/2008,13.20428562,13.31999969,12.85857105,12.8742857,11.1754055,294744100
7045,11/13/2008,12.83857155,13.77714252,12.28857136,13.77714252,11.95912457,463521800
7046,11/14/2008,13.39428616,13.4271431,12.85714245,12.89142895,11.19028664,351316700
7047,11/17/2008,12.64000034,12.93571472,12.46571445,12.59142876,10.92987442,290631600
7048,11/18/2008,12.80571461,12.9985714,12.40857124,12.84428596,11.14936161,302423800
7049,11/19/2008,12.77714252,13.08285713,12.31571388,12.32714272,10.70046234,292975200
7050,11/20/2008,12.1771431,12.35000038,11.4285717,11.4985714,9.981229782,429203600
7051,11/21/2008,11.70428562,12.01714325,11.30571461,11.79714298,10.24040127,392317800
7052,11/24/2008,12.17285728,13.54142857,12.11999989,13.27857113,11.52634239,360564400
7053,11/25/2008,13.51857185,13.52999973,12.59428596,12.97142887,11.25972939,308823200
7054,11/26/2008,12.84571457,13.60714245,12.83571434,13.5714283,11.78055573,224959000
7055,11/28/2008,13.52857113,13.53714275,13.12285709,13.23857117,11.49162388,74443600
7056,12/1/2008,13.04285717,13.18142891,12.70285702,12.70428562,11.0278368,230941900
7057,12/2/2008,12.86142826,13.23571396,12.35714245,13.21000004,11.46681976,287180600
7058,12/3/2008,12.77142811,13.74714279,12.68571472,13.69999981,11.89216232,334670000
7059,12/4/2008,13.48999977,13.60142899,12.72285748,13.05857182,11.33537292,272842500
7060,12/5/2008,12.90714264,13.4985714,12.69428539,13.4285717,11.65654945,260948800
7061,12/8/2008,13.89714241,14.39999962,13.68571472,14.24571419,12.36586189,296285500
7062,12/9/2008,14.00571442,14.80000019,13.88714314,14.29428577,12.40802479,300874000
7063,12/10/2008,13.98142815,14.21285725,13.78571415,14.02999973,12.17861366,234511900
7064,12/11/2008,13.90714264,14.46285725,13.54714298,13.5714283,11.78055573,260154300
7065,12/12/2008,13.25714302,14.14285755,13.21857166,14.03857136,12.18605137,260293600
7066,12/15/2008,13.71285725,13.74428558,13.28571415,13.53571415,11.74955368,222939500
7067,12/16/2008,13.42571449,13.78285694,13.25,13.63285732,11.83387756,273376600
7068,12/17/2008,13.00428581,13.01428604,12.57428551,12.73714256,11.05636215,323465100
7069,12/18/2008,12.75857162,12.97571468,12.63428593,12.77571392,11.0898428,214354000
7070,12/19/2008,12.84857178,12.99142838,12.68571472,12.85714245,11.16052628,200480000
7071,12/22/2008,12.85999966,12.86142826,12.09857178,12.2485714,10.63226128,211185100
7072,12/23/2008,12.40999985,12.5528574,12.27142811,12.34000015,10.7116251,158757900
7073,12/24/2008,12.30571461,12.3214283,12.07857132,12.14857101,10.54545784,67833500
7074,12/26/2008,12.37714291,12.48857117,12.1771431,12.25857162,10.64094162,77081200
7075,12/29/2008,12.35999966,12.51714325,12.15285683,12.37285709,10.74014568,171500000
7076,12/30/2008,12.48857117,12.57857132,12.10285759,12.32714272,10.70046234,241900400
7077,12/31/2008,12.28142834,12.53428555,12.19142818,12.19285679,10.58389664,151885300
7078,1/2/2009,12.26857185,13.00571442,12.16571426,12.96428585,11.25352764,186503800
7079,1/5/2009,13.31000042,13.73999977,13.24428558,13.51142883,11.72847366,295402100
7080,1/6/2009,13.70714283,13.88142872,13.19857121,13.28857136,11.53502464,322327600
7081,1/7/2009,13.11571407,13.21428585,12.89428616,13.0014286,11.28577232,188262200
7082,1/8/2009,12.91857147,13.30714321,12.86285686,13.24285698,11.49533939,168375200
7083,1/9/2009,13.31571388,13.34000015,12.87714291,12.93999958,11.23244762,136711400
7084,1/12/2009,12.92285728,12.9985714,12.50714302,12.66571426,10.99435997,154429100
7085,1/13/2009,12.60571384,12.81999969,12.33571434,12.52999973,10.87655163,199599400
7086,1/14/2009,12.31999969,12.46428585,12.10285759,12.18999958,10.58141613,255416000
7087,1/15/2009,11.51000023,12.01714325,11.43571472,11.91142845,10.33960533,457908500
7088,1/16/2009,12.04285717,12.054286,11.48571396,11.76142883,10.20939922,261906400
7089,1/20/2009,11.70428562,11.71428585,11.17142868,11.17142868,9.697256088,229978700
7090,1/21/2009,11.34142876,11.84000015,11.32999992,11.83285713,10.27140236,272317500
7091,1/22/2009,12.57714272,12.85714245,12.26000023,12.62285709,10.95715427,352382100
7092,1/23/2009,12.40285683,12.83857155,12.35714245,12.62285709,10.95715427,190942500
7093,1/26/2009,12.69428539,12.99571419,12.61428547,12.80571461,11.11588383,173059600
7094,1/27/2009,12.88428593,13.07857132,12.81999969,12.96142864,11.25104713,154509600
7095,1/28/2009,13.15999985,13.5714283,13.0714283,13.45714283,11.68134975,215351500
7096,1/29/2009,13.29857159,13.47714329,13.22857189,13.28571415,11.53254223,148182300
7097,1/30/2009,13.22857189,13.3742857,12.85857105,12.8757143,11.17664528,162869700
7098,2/2/2009,12.72857189,13.14285755,12.69999981,13.0728569,11.3477726,139561800
7099,2/3/2009,13.13142872,13.34000015,12.89714241,13.28285694,11.53006268,149827300
7100,2/4/2009,13.31714249,13.75,13.30000019,13.36428547,11.60074615,202105400
7101,2/5/2009,13.25285721,13.89285755,13.23142815,13.77999973,11.96160126,187311600
7102,2/6/2009,13.85999966,14.28571415,13.85714245,14.24571419,12.36586189,171802400
7103,2/9/2009,14.28571415,14.71428585,14.21428585,14.64428616,12.71183872,178752700
7104,2/10/2009,14.47571468,14.64428616,13.86571407,13.97571468,12.13148785,212265200
7105,2/11/2009,13.76714325,14.04428577,13.68142891,13.83142853,12.0062418,168743400
7106,2/12/2009,13.68999958,14.25,13.68999958,14.18142891,12.31005859,204297100
7107,2/13/2009,14.14142895,14.27714252,14.01714325,14.16571426,12.29641914,152244400
7108,2/17/2009,13.83857155,13.86285686,13.46857166,13.50428581,11.72227192,169559600
7109,2/18/2009,13.57857132,13.69285679,13.24571419,13.48142815,11.70242977,171194800
7110,2/19/2009,13.33857155,13.46428585,12.87285709,12.94857121,11.23988628,230701100
7111,2/20/2009,12.77142811,13.19999981,12.71428585,13.02857113,11.30933189,187579000
7112,2/23/2009,13.09285736,13.14285755,12.35857105,12.42142868,10.78230858,196745500
7113,2/24/2009,12.49285698,12.98428535,12.4285717,12.89285755,11.19152641,201776400
7114,2/25/2009,12.83714294,13.27428532,12.75,13.02285671,11.30436993,208263300
7115,2/26/2009,13.14285755,13.27428532,12.70857143,12.74142838,11.06007957,157467100
7116,2/27/2009,12.56142902,13.04285717,12.52428532,12.75857162,11.07495785,176664600
7117,3/2/2009,12.58857155,13.02857113,12.52428532,12.56285667,10.90507126,192732400
7118,3/3/2009,12.70428562,12.96285725,12.554286,12.6242857,10.95839691,181085100
7119,3/4/2009,12.88285732,13.25285721,12.77857113,13.02428532,11.30561256,185350900
7120,3/5/2009,12.92285728,13.1242857,12.63571453,12.69142818,11.0166769,176724800
7121,3/6/2009,12.61999989,12.62857151,11.76142883,12.18571472,10.57769871,252786800
7122,3/9/2009,12.02571392,12.51428604,11.79571438,11.87285709,10.30612564,174574400
7123,3/10/2009,12.1242857,12.73857117,12.05142879,12.66142845,10.99063683,211064700
7124,3/11/2009,12.82999992,13.43857098,12.79714298,13.23999977,11.49286175,211593200
7125,3/12/2009,13.27142811,13.79714298,13.14285755,13.76428604,11.94796276,192114300
7126,3/13/2009,13.75714302,13.88571453,13.5728569,13.70428562,11.89587975,150292100
7127,3/16/2009,13.78999996,13.91285706,13.45428562,13.63142872,11.83263493,199311000
7128,3/17/2009,13.60571384,14.24142838,13.58142853,14.23714256,12.35842133,196661500
7129,3/18/2009,14.27285671,14.78285694,14.24571419,14.50285721,12.58907318,199009300
7130,3/19/2009,14.55000019,14.74285698,14.3214283,14.51714325,12.60147095,125045200
7131,3/20/2009,14.58428574,14.72999954,14.36714268,14.51285744,12.59775162,173896800
7132,3/23/2009,14.67285728,15.45142841,14.53571415,15.38000011,13.35046768,166599300
7133,3/24/2009,15.19428539,15.63428593,15.05571461,15.21428585,13.20662117,160153000
7134,3/25/2009,15.36857128,15.47999954,14.83714294,15.21285725,13.20538139,161654500
7135,3/26/2009,15.40428543,15.71142864,15.36857128,15.695714,13.6245203,154063000
7136,3/27/2009,15.46142864,15.50428581,15.19999981,15.26428604,13.25002384,123218200
7137,3/30/2009,14.93000031,15.0014286,14.65857124,14.9271431,12.95737076,125699000
7138,3/31/2009,15.06428528,15.35000038,15,15.01714325,13.03549385,142520000
7139,4/1/2009,14.86999989,15.5714283,14.84142876,15.52714252,13.47819424,147343000
7140,4/2/2009,15.73428535,16.3928566,15.68285751,16.10142899,13.97669601,203091700
7141,4/3/2009,16.31285667,16.59000015,16.21714211,16.56999969,14.3834362,159060300
7142,4/6/2009,16.42000008,16.9642849,16.18285751,16.92142868,14.68848991,164516100
7143,4/7/2009,16.64714241,16.66714287,16.31285667,16.4285717,14.26066971,134145200
7144,4/8/2009,16.48999977,16.68428612,16.36857224,16.61714363,14.42435932,113907500
7145,4/9/2009,16.91714287,17.1428566,16.85142899,17.08142853,14.82737637,132689200
7146,4/13/2009,17.1442852,17.28285789,17,17.17428589,14.90798283,97309100
7147,4/14/2009,17.08142853,17.16714287,16.75,16.90142822,14.67112923,113655500
7148,4/15/2009,16.74285698,16.8928566,16.53714371,16.80571365,14.58804512,103220600
7149,4/16/2009,17.02714348,17.59285736,16.96999931,17.35000038,15.06050205,148361500
7150,4/17/2009,17.31142807,17.75,17.1785717,17.63142776,15.30479622,124373900
7151,4/20/2009,17.38999939,17.56999969,17.02285767,17.2142849,14.9427042,116616500
7152,4/21/2009,16.98428535,17.44857216,16.94285774,17.3942852,15.09894848,117671400
7153,4/22/2009,17.51857185,17.90714264,17.31428528,17.35857201,15.06794643,234691800
7154,4/23/2009,18.08857155,18.17142868,17.6442852,17.91428566,15.55032921,236289200
7155,4/24/2009,17.80571365,17.87714195,17.56714249,17.70000076,15.36432457,135191000
7156,4/27/2009,17.55714226,17.8571434,17.52285767,17.81857109,15.46724701,120172500
7157,4/28/2009,17.62142944,18.03000069,17.60857201,17.70000076,15.36432457,113964200
7158,4/29/2009,17.83571434,18.12142944,17.69000053,17.87714195,15.5180912,114527700
7159,4/30/2009,18.03142929,18.1428566,17.84571457,17.97571373,15.60365009,124622400
7160,5/1/2009,17.97142792,18.27857208,17.97142792,18.1771431,15.77849865,99379000
7161,5/4/2009,18.31999969,18.8928566,18.23999977,18.86714363,16.37745285,152339600
7162,5/5/2009,18.8214283,18.97999954,18.73142815,18.95857048,16.45681381,99563800
7163,5/6/2009,19.04714203,19.0714283,18.60285759,18.9285717,16.43077469,118384700
7164,5/7/2009,18.90428543,18.91285706,18.27142906,18.43714333,16.00419617,132944000
7165,5/8/2009,18.43428612,18.74714279,18.03714371,18.45571518,16.02031326,116991000
7166,5/11/2009,18.19571495,18.70857048,18.15999985,18.51000023,16.06742859,101164700
7167,5/12/2009,18.50857162,18.53000069,17.6071434,17.77428627,15.42880821,152370400
7168,5/13/2009,17.60142899,17.71714211,17.05428505,17.06999969,14.81746006,148992900
7169,5/14/2009,17.11142921,17.64714241,17.10000038,17.56428528,15.24651241,111956600
7170,5/15/2009,17.47428513,17.80285645,17.37285805,17.48857117,15.18079376,91891800
7171,5/18/2009,17.67571449,18.10000038,17.36714363,18.09285736,15.70534039,114710400
7172,5/19/2009,18.11714363,18.47285652,17.96285629,18.20714378,15.80454636,93105600
7173,5/20/2009,18.23285675,18.45857048,17.89999962,17.98142815,15.60861683,97146000
7174,5/21/2009,17.87857056,18.11142921,17.55571365,17.73999977,15.39903927,101986500
7175,5/22/2009,17.72142792,17.73999977,17.3928566,17.5,15.19071484,74499600
7176,5/26/2009,17.8228569,18.69000053,17.79285622,18.68285751,16.21748352,159231800
7177,5/27/2009,18.82571411,19.28285789,18.70142937,19.00714302,16.49897385,161605500
7178,5/28/2009,19.06428528,19.34142876,18.86142921,19.29571342,16.74946594,121888200
7179,5/29/2009,19.34142876,19.41428566,19.12142944,19.40142822,16.84122849,114133600
7180,6/1/2009,19.49571419,19.9985714,19.4285717,19.90714264,17.28021431,113124900
7181,6/2/2009,19.8557148,20.19142914,19.76428604,19.9271431,17.29757309,114055900
7182,6/3/2009,20,20.15857124,19.86714363,20.13571358,17.47861862,141299900
7183,6/4/2009,20.01857185,20.59714317,20.00571442,20.5342865,17.82459831,137658500
7184,6/5/2009,20.75857162,20.91428566,20.45857048,20.66714287,17.93992424,158179000
7185,6/8/2009,20.54571342,20.60428619,19.91857147,20.54999924,17.83823967,232913100
7186,6/9/2009,20.54428482,20.65142822,20.07857132,20.38857079,17.69811058,169241100
7187,6/10/2009,20.32571411,20.33571434,19.75714302,20.0357151,17.39181709,172155900
7188,6/11/2009,19.93571472,20.22285652,19.79285622,19.99285698,17.35461617,131205900
7189,6/12/2009,19.82999992,19.87142944,19.43428612,19.56714249,16.985075,140771400
7190,6/15/2009,19.43000031,19.56142807,19.27000046,19.44142914,16.87595749,134937600
7191,6/16/2009,19.52285767,19.78142929,19.44285774,19.47857094,16.90819931,128701300
7192,6/17/2009,19.52428627,19.63571358,19.21857071,19.36857224,16.81271362,142853200
7193,6/18/2009,19.44428635,19.7142849,19.37000084,19.41142845,16.84990501,106920100
7194,6/19/2009,19.72428513,19.9285717,19.55714226,19.92571449,17.29633331,180464200
7195,6/22/2009,20.09571457,20.22285652,19.47571373,19.62428665,17.03468513,158728500
7196,6/23/2009,19.48571396,19.56428528,18.98285675,19.1442852,16.61802292,176633100
7197,6/24/2009,19.34571457,19.6428566,19.26571465,19.45999908,16.89207649,121381400
7198,6/25/2009,19.3928566,20.02857208,19.31571388,19.97999954,17.34345436,147361900
7199,6/26/2009,19.96999931,20.50857162,19.96285629,20.34857178,17.66338921,109846100
7200,6/29/2009,20.49428558,20.56428528,20.21999931,20.28142929,17.60511017,141904000
7201,6/30/2009,20.36857224,20.54285622,20.25714302,20.34714317,17.66214752,108556000
7202,7/1/2009,20.5,20.66571426,20.36000061,20.40428543,17.71175575,103544700
7203,7/2/2009,20.1785717,20.40428543,19.96999931,20.00285721,17.3632946,92619800
7204,7/6/2009,19.81428528,19.8557148,19.4642849,19.80142784,17.18844414,124672100
7205,7/7/2009,19.78285789,19.95428658,19.31142807,19.34285736,16.79039383,115399200
7206,7/8/2009,19.41714287,19.71999931,19.20285797,19.60285759,17.01608086,143982300
7207,7/9/2009,19.68000031,19.71285629,19.41857147,19.47999954,16.90943336,85756300
7208,7/10/2009,19.47714233,19.85285759,19.47428513,19.78857231,17.17729378,111318900
7209,7/13/2009,19.93428612,20.33428574,19.64714241,20.33428574,17.65098572,120875300
7210,7/14/2009,20.29000092,20.45428658,20.16571426,20.32428551,17.64231682,86811900
7211,7/15/2009,20.71999931,21,20.61714363,20.98285675,18.21397781,121396800
7212,7/16/2009,20.8228569,21.14571381,20.79571342,21.07428551,18.29334068,98392700
7213,7/17/2009,21.29714203,21.71714211,21.23285675,21.6785717,18.81788635,150538500
7214,7/20/2009,21.89571381,22.14857101,21.55571365,21.84428596,18.96173477,183881600
7215,7/21/2009,21.89857101,21.91857147,21.3928566,21.6442852,18.78812408,218695400
7216,7/22/2009,22.54142952,22.67571449,22.30142784,22.39142799,19.4366703,218526000
7217,7/23/2009,22.37571335,22.63428497,22.22285652,22.54571342,19.57060242,131740700
7218,7/24/2009,22.42142868,22.8571434,22.3571434,22.8557148,19.83969688,109590600
7219,7/27/2009,22.88142776,22.98285675,22.4657135,22.87142944,19.85333061,108327800
7220,7/28/2009,22.69714355,22.87142944,22.51428604,22.8571434,19.84093666,90888700
7221,7/29/2009,22.70000076,22.92142868,22.6071434,22.86142921,19.84465218,95539500
7222,7/30/2009,23.10000038,23.53142929,23.0714283,23.25571442,20.18691635,117401200
7223,7/31/2009,23.2842865,23.5714283,23.27285767,23.34142876,20.26131439,105634200
7224,8/3/2009,23.60142899,23.80571365,23.55285645,23.77571487,20.63829231,98560000
7225,8/4/2009,23.56142807,23.65285683,23.45857048,23.64999962,20.5291729,98952700
7226,8/5/2009,23.6785717,23.91285706,23.45857048,23.58714294,20.47460556,105795900
7227,8/6/2009,23.65428543,23.78714371,23.29857063,23.41571426,20.32579803,85404200
7228,8/7/2009,23.64142799,23.79999924,23.54285622,23.6442852,20.52420044,96838700
7229,8/10/2009,23.66571426,23.79999924,23.37999916,23.53142929,20.42624283,75073600
7230,8/11/2009,23.38428497,23.48285675,23.12571335,23.26142883,20.19186783,88835600
7231,8/12/2009,23.22142792,23.81571388,23.20857048,23.61571503,20.49940109,111267800
7232,8/13/2009,23.80714226,24.09571457,23.7857151,24.05999947,20.88505936,109995200
7233,8/14/2009,23.99142838,24.03285789,23.64714241,23.82571411,20.68169212,76454000
7234,8/17/2009,23.36428642,23.37000084,22.77428627,22.79857063,19.79009056,131095300
7235,8/18/2009,23.09000015,23.46285629,23.05857086,23.4285717,20.3369503,107788100
7236,8/19/2009,23.25,23.61428642,23.20714378,23.51428604,20.41135597,103317900
7237,8/20/2009,23.56857109,23.81714249,23.51571465,23.76142883,20.62589073,85507800
7238,8/21/2009,23.95000076,24.19571495,23.82857132,24.17428589,20.98426437,104018600
7239,8/24/2009,24.30285645,24.38714218,24.03857231,24.15142822,20.96442795,101732400
7240,8/25/2009,24.20857048,24.42000008,24.16142845,24.20000076,21.00658798,81088700
7241,8/26/2009,24.13142776,24.22142792,23.8228569,23.91571426,20.75981712,75999700
7242,8/27/2009,24.1071434,24.22428513,23.54714203,24.20714378,21.01278687,112295400
7243,8/28/2009,24.61000061,24.64142799,24.07571411,24.29285622,21.08718681,113425200
7244,8/31/2009,24.02285767,24.12142944,23.7857151,24.03000069,20.85902786,77834400
7245,9/1/2009,23.9985714,24.2857151,23.56285667,23.61428642,20.49815941,117257000
7246,9/2/2009,23.51714325,23.94428635,23.44428635,23.59714317,20.4832859,91062300
7247,9/3/2009,23.77714348,23.87142944,23.5714283,23.79285622,20.65317345,73488800
7248,9/4/2009,23.89714241,24.38571358,23.87000084,24.32999992,21.11943054,93657200
7249,9/8/2009,24.71142769,24.73428535,24.5714283,24.70428658,21.44433022,78761900
7250,9/9/2009,24.68285751,24.92428589,24.24285698,24.44857216,21.22236061,202771800
7251,9/10/2009,24.57999992,24.75,24.40142822,24.65142822,21.39844704,122783500
7252,9/11/2009,24.70142937,24.73999977,24.40999985,24.59428596,21.34884071,87240300
7253,9/14/2009,24.40428543,24.84285736,24.3214283,24.81714249,21.54229164,80502800
7254,9/15/2009,24.86285782,25.09285736,24.79857063,25.02285767,21.72085762,106617700
7255,9/16/2009,25.4271431,26.1071434,25.41142845,25.98142815,22.55293846,188505800
7256,9/17/2009,25.99714279,26.68428612,25.99571419,26.36428642,22.88527298,202643000
7257,9/18/2009,26.54714203,26.64999962,26.3942852,26.43142891,22.94355774,150395700
7258,9/21/2009,26.32714272,26.45142937,25.94571495,26.28857231,22.81955719,109428900
7259,9/22/2009,26.45571518,26.48285675,26.12142944,26.35428619,22.87659454,89188400
7260,9/23/2009,26.48571396,26.98571396,26.43285751,26.5,23.00308418,148390900
7261,9/24/2009,26.74285698,26.81428528,26.11000061,26.26000023,22.79475021,137720100
7262,9/25/2009,26.0014286,26.5,25.92000008,26.05285645,22.61494064,111309800
7263,9/28/2009,26.26714325,26.66857147,26.19000053,26.59285736,23.08368683,84361200
7264,9/29/2009,26.67571449,26.77142906,26.32999992,26.48285675,22.98819923,86346400
7265,9/30/2009,26.59000015,26.63571358,26.08714294,26.47857094,22.98448181,134896300
7266,10/1/2009,26.47857094,26.60285759,25.81428528,25.83714294,22.4276886,131177900
7267,10/2/2009,25.91571426,26.56285667,25.90714264,26.41428566,22.92867851,138327000
7268,10/5/2009,26.60000038,26.69428635,26.32428551,26.57428551,23.06756592,105783300
7269,10/6/2009,26.81999969,27.1442852,26.75714302,27.1442852,23.5623455,151271400
7270,10/7/2009,27.10857201,27.22142792,27.00428581,27.1785717,23.59210968,116417000
7271,10/8/2009,27.23714256,27.35000038,26.98428535,27.03857231,23.47058487,109552800
7272,10/9/2009,26.99571419,27.24285698,26.94571495,27.20999908,23.61938858,73318000
7273,10/12/2009,27.28857231,27.35857201,27.09142876,27.25857162,23.66155052,72006200
7274,10/13/2009,27.23285675,27.30999947,27.10000038,27.14571381,23.56358337,87005100
7275,10/14/2009,27.4642849,27.47428513,27.17571449,27.32714272,23.72107506,93877700
7276,10/15/2009,27.09000015,27.27428627,27.07571411,27.22285652,23.63055229,93389100
7277,10/16/2009,27.04999924,27.19428635,26.83428574,26.86428642,23.31929779,107856700
7278,10/19/2009,26.83571434,27.1428566,26.50714302,27.12285805,23.54374886,235557700
7279,10/20/2009,28.65714264,28.8214283,28.26428604,28.3942852,24.64739609,285259800
7280,10/21/2009,28.50285721,29.81571388,28.46142769,29.27428627,25.41127396,298431700
7281,10/22/2009,29.24285698,29.69285774,28.93000031,29.31428528,25.44599724,197848000
7282,10/23/2009,29.38571358,29.39999962,29.03285789,29.13428497,25.28974915,105196700
7283,10/26/2009,29.09571457,29.5357151,28.58571434,28.92571449,25.1086998,121084600
7284,10/27/2009,28.80857086,28.97285652,28.06428528,28.19571495,24.47503281,189137900
7285,10/28/2009,28.24428558,28.28857231,27.29999924,27.48571396,23.85872269,204596700
7286,10/29/2009,27.8571434,28.11571503,27.44857216,28.04999924,24.34854507,142567600
7287,10/30/2009,28.00857162,28.11428642,26.88142776,26.9285717,23.3751049,179381300
7288,11/2/2009,27.11428642,27.55428505,26.51000023,27.04428482,23.4755497,169745800
7289,11/3/2009,26.83571434,27.07428551,26.55999947,26.9642849,23.40610123,130635400
7290,11/4/2009,27.24714279,27.69285774,27.17571449,27.25857162,23.66155052,121882600
7291,11/5/2009,27.48571396,27.8571434,27.40285683,27.71857071,24.06085205,96200300
7292,11/6/2009,27.5014286,27.88428497,27.48571396,27.76285744,24.09928894,73774400
7293,11/9/2009,28.13428497,28.84285736,28.03714371,28.78000069,24.98221588,132213900
7294,11/10/2009,28.71714211,29.28285789,28.7157135,28.99714279,25.17070389,100298800
7295,11/11/2009,29.22285652,29.2857151,28.83285713,29.0357151,25.20418167,110967500
7296,11/12/2009,29.02000046,29.26714325,28.77571487,28.8557148,25.04794121,90932800
7297,11/13/2009,28.98142815,29.26142883,28.86714363,29.20714378,25.3529911,85810200
7298,11/16/2009,29.35428619,29.7142849,29.28714371,29.51857185,25.62332916,121301600
7299,11/17/2009,29.44000053,29.63428497,29.2857151,29.5714283,25.66921043,99128400
7300,11/18/2009,29.50571442,29.5714283,29.1428566,29.42285728,25.54024315,93580200
7301,11/19/2009,29.22999954,29.22999954,28.54285622,28.6442852,24.86440659,135581600
7302,11/20/2009,28.45000076,28.62714195,28.2514286,28.55999947,24.79124832,101666600
7303,11/23/2009,29,29.4285717,28.99285698,29.41142845,25.53031921,118724200
7304,11/24/2009,29.33285713,29.41142845,28.98571396,29.20571518,25.35174942,79609600
7305,11/25/2009,29.34285736,29.37857056,29.10857201,29.17000008,25.32075119,71613500
7306,11/27/2009,28.45999908,28.99428558,28.33857155,28.65571404,24.87433434,73814300
7307,11/30/2009,28.72999954,28.81142807,28.39571381,28.55857086,24.79000282,106214500
7308,12/1/2009,28.89142799,28.96714211,28.11857224,28.13857079,24.42543411,116440800
7309,12/2/2009,28.42285728,28.77428627,27.9642849,28.03285789,24.33366585,178815000
7310,12/3/2009,28.20285797,28.42571449,28.03857231,28.06857109,24.36467171,112179900
7311,12/4/2009,28.52857208,28.55428505,27.18285751,27.61714363,23.97280693,206721200
7312,12/7/2009,27.61714363,27.68142891,26.95428658,26.99285698,23.4309063,178689700
7313,12/8/2009,27.05142784,27.47857094,26.95714378,27.12428665,23.54498482,172599700
7314,12/9/2009,27.32571411,28.30857086,27.18714333,28.25714302,24.52835464,171195500
7315,12/10/2009,28.5,28.52857208,28.01714325,28.06142807,24.35846329,122417400
7316,12/11/2009,28.25428581,28.2857151,27.63285637,27.80999947,24.14021492,107443700
7317,12/14/2009,27.90999985,28.20428658,27.50857162,28.13999939,24.42667007,123947600
7318,12/15/2009,27.97571373,28.2157135,27.61000061,27.73857117,24.07821655,104864900
7319,12/16/2009,27.87142944,28.0714283,27.79285622,27.86142921,24.18484879,88246200
7320,12/17/2009,27.7514286,27.8571434,27.2857151,27.40857124,23.79175949,97209700
7321,12/18/2009,27.59571457,27.9285717,27.51428604,27.91857147,24.23446274,152192600
7322,12/21/2009,28.00714302,28.5357151,27.95285797,28.31857109,24.58167648,152976600
7323,12/22/2009,28.49142838,28.69285774,28.37999916,28.62285805,24.84580612,87378900
7324,12/23/2009,28.74285698,28.91142845,28.68714333,28.87142944,25.06157684,86381400
7325,12/24/2009,29.07857132,29.90714264,29.04999924,29.86285782,25.92218208,125222300
7326,12/28/2009,30.24571419,30.56428528,29.94428635,30.22999954,26.24087715,161141400
7327,12/29/2009,30.37571335,30.38857079,29.81857109,29.87142944,25.92961884,111301400
7328,12/30/2009,29.83285713,30.2857151,29.75857162,30.23428535,26.24458885,103021100
7329,12/31/2009,30.44714355,30.47857094,30.07999992,30.10428619,26.13175201,88102700
7330,1/4/2010,30.48999977,30.6428566,30.34000015,30.5728569,26.53848267,123432400
7331,1/5/2010,30.65714264,30.79857063,30.4642849,30.62571335,26.58436584,150476200
7332,1/6/2010,30.62571335,30.74714279,30.1071434,30.13857079,26.16150856,138040000
7333,1/7/2010,30.25,30.2857151,29.86428642,30.08285713,26.11314583,119282800
7334,1/8/2010,30.04285622,30.2857151,29.86571503,30.28285789,26.2867527,111902700
7335,1/11/2010,30.39999962,30.4285717,29.77857208,30.01571465,26.05486488,115557400
7336,1/12/2010,29.88428497,29.96714211,29.48857117,29.67428589,25.7584877,148614900
7337,1/13/2010,29.69571495,30.13285637,29.15714264,30.09285736,26.12182617,151473000
7338,1/14/2010,30.01571465,30.06571388,29.86000061,29.91857147,25.97054672,108223500
7339,1/15/2010,30.13285637,30.22857094,29.40999985,29.41857147,25.53652,148516900
7340,1/19/2010,29.76142883,30.74142838,29.6057148,30.71999931,26.66621208,182501900
7341,1/20/2010,30.70142937,30.79285622,29.9285717,30.24714279,26.25575256,153038200
7342,1/21/2010,30.29714203,30.47285652,29.60142899,29.72428513,25.8018856,152038600
7343,1/22/2010,29.54000092,29.6428566,28.16571426,28.25,24.52215004,220441900
7344,1/25/2010,28.93000031,29.24285698,28.59857178,29.01000023,25.18186569,266424900
7345,1/26/2010,29.42142868,30.53000069,28.94000053,29.42000008,25.53775978,466777500
7346,1/27/2010,29.54999924,30.08285713,28.50428581,29.69714355,25.77832985,430642100
7347,1/28/2010,29.27571487,29.3571434,28.38571358,28.46999931,24.71312332,293375600
7348,1/29/2010,28.72571373,28.88571358,27.1785717,27.43714333,23.81657219,311488100
7349,2/1/2010,27.48142815,28,27.32857132,27.81857109,24.14765549,187469100
7350,2/2/2010,27.98714256,28.04571342,27.62571335,27.97999954,24.28777885,174585600
7351,2/3/2010,27.88142776,28.60000038,27.77428627,28.46142769,24.70567513,153832000
7352,2/4/2010,28.10428619,28.33857155,27.36714363,27.43571472,23.81532288,189413000
7353,2/5/2010,27.51857185,28,27.26428604,27.92285728,24.23818016,212576700
7354,2/8/2010,27.95571518,28.26857185,27.7142849,27.73142815,24.07201004,119567700
7355,2/9/2010,28.05999947,28.2142849,27.8214283,28.02714348,24.32870293,158221700
7356,2/10/2010,27.98428535,28.08571434,27.7514286,27.87428665,24.19602203,92590400
7357,2/11/2010,27.84000015,28.5357151,27.72285652,28.38142776,24.63623238,137586400
7358,2/12/2010,28.30142784,28.80571365,27.9285717,28.62571335,24.84828758,163867200
7359,2/16/2010,28.84857178,29.09857178,28.78857231,29.05714226,25.22278404,135934400
7360,2/17/2010,29.17000008,29.18714333,28.69428635,28.93571472,25.11738014,109099200
7361,2/18/2010,28.80428505,29.12714195,28.70285797,28.98999977,25.16449928,105706300
7362,2/19/2010,28.83714294,29.02857208,28.72999954,28.80999947,25.00825882,103867400
7363,2/22/2010,28.90571404,28.9285717,28.45571518,28.63142776,24.8532505,97640900
7364,2/23/2010,28.5714283,28.76142883,27.95857048,28.15142822,24.4365921,143773700
7365,2/24/2010,28.31857109,28.77714348,28.26285744,28.66571426,24.88301277,115141600
7366,2/25/2010,28.19714355,28.97999954,28.12714195,28.8571434,25.04917717,166281500
7367,2/26/2010,28.91142845,29.30999947,28.8571434,29.23142815,25.37407303,126865200
7368,3/1/2010,29.3928566,29.9285717,29.35000038,29.8557148,25.91597557,137523400
7369,3/2/2010,29.98999977,30.11857224,29.6771431,29.83571434,25.89861679,141636600
7370,3/3/2010,29.84857178,29.98142815,29.70571518,29.90428543,25.95813751,93013200
7371,3/4/2010,29.89714241,30.13142776,29.80428505,30.10142899,26.12926674,91510300
7372,3/5/2010,30.70571518,31.38571358,30.66142845,31.27857208,27.15108109,224905100
7373,3/8/2010,31.43000031,31.44142914,31.1785717,31.29714203,27.16719627,107472400
7374,3/9/2010,31.18714333,32.1428566,31.12714195,31.86000061,27.65578079,230064800
7375,3/10/2010,31.97571373,32.2114296,31.88571358,32.11999893,27.88147354,149054500
7376,3/11/2010,31.98714256,32.2142868,31.90285683,32.2142868,27.96331978,101425100
7377,3/12/2010,32.48143005,32.53285599,32.25,32.37142944,28.09972763,104080900
7378,3/15/2010,32.19714355,32.2142868,31.4642849,31.97714233,27.75746155,123375700
7379,3/16/2010,32.02571487,32.13999939,31.78714371,32.06428528,27.83311081,111727000
7380,3/17/2010,32.12857056,32.34999847,31.89571381,32.01714325,27.79218674,112739200
7381,3/18/2010,32.01428604,32.1428566,31.80142784,32.09285736,27.85790825,85527400
7382,3/19/2010,32.11285782,32.1771431,31.60428619,31.75,27.56029892,139861400
7383,3/22/2010,31.49571419,32.2857132,31.45000076,32.1071434,27.87031174,114104900
7384,3/23/2010,32.23428726,32.68285751,32.01428604,32.62285614,28.317976,150607800
7385,3/24/2010,32.52000046,32.88571548,32.5014267,32.76714325,28.44321251,149445100
7386,3/25/2010,32.98857117,32.99571609,32.32143021,32.37857056,28.10592079,135571100
7387,3/26/2010,32.70714188,33.13571548,32.65000153,32.98571396,28.6329422,160218800
7388,3/29/2010,33.2857132,33.40999985,33.08856964,33.19857025,28.81770515,135186100
7389,3/30/2010,33.79999924,33.92571259,33.4642868,33.69285583,29.24677658,131827500
7390,3/31/2010,33.6414299,33.80142975,33.49428558,33.57143021,29.14137077,107664900
7391,4/1/2010,33.91571426,34.10428619,33.25,33.70999908,29.26165771,150786300
7392,4/5/2010,33.568573,34.0728569,33.5385704,34.06999969,29.57414627,171126900
7393,4/6/2010,34.02857208,34.31999969,33.8571434,34.22000122,29.70436096,111754300
7394,4/7/2010,34.22142792,34.56000137,34.09428406,34.37142944,29.83580017,157125500
7395,4/8/2010,34.34857178,34.50571442,34.00571442,34.27857208,29.75519753,143247300
7396,4/9/2010,34.49000168,34.55571365,34.35142899,34.54142761,29.98337364,83545700
7397,4/12/2010,34.59999847,34.72428513,34.54428482,34.61285782,30.04536629,83256600
7398,4/13/2010,34.55142975,34.68571472,34.44428635,34.63285828,30.06273079,76552700
7399,4/14/2010,35.04000092,35.11571503,34.86714172,35.09857178,30.4669857,101019100
7400,4/15/2010,35.11142731,35.57571411,35.0728569,35.56000137,30.86753464,94196200
7401,4/16/2010,35.50999832,35.87714386,34.93571472,35.34285736,30.67904282,187636400
7402,4/19/2010,35.29000092,35.41285706,34.5385704,35.29571533,30.63812256,141731100
7403,4/20/2010,35.50571442,35.6071434,34.70857239,34.94142914,30.33058548,184581600
7404,4/21/2010,36.97142792,37.17856979,36.53285599,37.03142929,32.14479828,245597800
7405,4/22/2010,36.8914299,38.1071434,36.59999847,38.06714249,33.04383469,198356200
7406,4/23/2010,38.2842865,38.88285828,38.1428566,38.68999863,33.58449936,199238900
7407,4/26/2010,38.84000015,38.92285538,38.31285858,38.5,33.41957855,119767200
7408,4/27/2010,38.181427,38.26285553,37.21714401,37.43428421,32.49448395,177335900
7409,4/28/2010,37.6071434,37.7142868,36.63000107,37.37142944,32.43992615,189600600
7410,4/29/2010,37.57428741,38.57143021,37.43000031,38.37714386,33.31293106,139710200
7411,4/30/2010,38.47285843,38.65285873,37.2857132,37.29857254,32.37667465,135615900
7412,5/3/2010,37.69142914,38.26856995,37.55428696,38.04999924,33.02894592,113585500
7413,5/4/2010,37.55571365,37.61285782,36.67856979,36.95428467,32.07782364,180954900
7414,5/5/2010,36.14714432,36.87714386,35.53285599,36.56999969,31.74425125,220775800
7415,5/6/2010,36.26142883,36.8928566,28.4642849,35.17856979,30.53643417,321465200
7416,5/7/2010,34.81571579,35.22428513,32.17285538,33.69428635,29.24801826,419004600
7417,5/10/2010,35.75,36.37857056,35.50428391,36.2842865,31.4962368,246076600
7418,5/11/2010,35.97714233,37.12714386,35.7857132,36.64571381,31.80997467,212226700
7419,5/12/2010,37.0342865,37.59000015,36.95714188,37.44142914,32.50068665,163594900
7420,5/13/2010,37.60285568,37.8571434,36.62857056,36.90857315,32.03814697,149928100
7421,5/14/2010,36.45142746,36.63999939,35.6428566,36.25999832,31.47515488,189840700
7422,5/17/2010,36.38571548,36.59714127,35.38714218,36.31714249,31.5247612,190708700
7423,5/18/2010,36.7114296,36.93571472,35.7514267,36.05142975,31.29409409,195669600
7424,5/19/2010,35.6428566,36.13142776,34.97857285,35.47714233,30.79561043,256431700
7425,5/20/2010,34.55428696,34.83571243,33.74428558,33.9657135,29.48363113,320728800
7426,5/21/2010,33.25999832,34.92856979,33.04999924,34.61714172,30.04909325,305972800
7427,5/24/2010,35.32571411,35.84285736,35.18000031,35.2514267,30.59967995,188559700
7428,5/25/2010,34.19285583,35.2514267,33.88000107,35.03142929,30.40872002,262001600
7429,5/26/2010,35.72571564,36.01856995,34.82143021,34.87285614,30.27106094,212663500
7430,5/27/2010,35.79999924,36.27000046,35.58714294,36.19285583,31.41688156,166570600
7431,5/28/2010,37.05571365,37.05714417,36.19285583,36.69714355,31.85461807,203903700
7432,6/1/2010,37.09857178,37.99142838,36.99428558,37.26142883,32.34444427,219118200
7433,6/2/2010,37.79142761,37.82857132,37.18999863,37.70714188,32.7313385,172137000
7434,6/3/2010,37.88285828,37.93571472,37.20142746,37.58856964,32.62841034,162526700
7435,6/4/2010,36.88714218,37.41428757,36.37571335,36.56571579,31.74051857,189576100
7436,6/7/2010,36.89857101,37.02142715,35.79285812,35.84857178,31.11802483,221735500
7437,6/8/2010,36.1771431,36.25714111,35.09285736,35.61857224,30.91837692,250192600
7438,6/9/2010,35.92428589,35.98571396,34.6414299,34.74285889,30.15821648,213657500
7439,6/10/2010,34.97714233,35.85428619,34.59999847,35.78714371,31.06470299,194089000
7440,6/11/2010,35.4614296,36.26571274,35.33856964,36.2157135,31.43671227,136439800
7441,6/14/2010,36.56571579,37.02142715,36.28714371,36.32571411,31.53221703,150740100
7442,6/15/2010,36.52000046,37.12142944,36.5,37.09857178,32.20307922,146268500
7443,6/16/2010,37.29999924,38.25,37.23285675,38.17856979,33.14055634,195919500
7444,6/17/2010,38.65714264,38.98571396,38.5,38.83856964,33.71346664,218213800
7445,6/18/2010,38.8928566,39.2857132,38.77428436,39.15285873,33.98627472,196155400
7446,6/21/2010,39.66999817,39.8585701,38.38999939,38.59571457,33.50265884,194122600
7447,6/22/2010,38.88000107,39.42428589,38.7857132,39.12142944,33.958992,179315500
7448,6/23/2010,39.22571564,39.23714447,38.27142715,38.70999908,33.60186005,192114300
7449,6/24/2010,38.7142868,39.02857208,38.29999924,38.42856979,33.35757446,178569300
7450,6/25/2010,38.58000183,38.61000061,37.97285843,38.09999847,33.07235718,137485600
7451,6/28/2010,38.13285828,38.5357132,37.7885704,38.32857132,33.27075958,146237000
7452,6/29/2010,37.73143005,37.77000046,36.32857132,36.59571457,31.76656723,283336200
7453,6/30/2010,36.67285538,36.85285568,35.7157135,35.93285751,31.19119453,184863000
7454,7/1/2010,36.32857132,36.40000153,34.74571609,35.49714279,30.81297874,255724000
7455,7/2/2010,35.7842865,35.84714127,34.74285889,35.27714157,30.62200165,173460700
7456,7/6/2010,35.8571434,36.11428452,35.16571426,35.51856995,30.83156776,153808900
7457,7/7/2010,35.7842865,36.96714401,35.67856979,36.95285797,32.07658386,163639000
7458,7/8/2010,37.49714279,37.55714417,36.41285706,36.86999893,32.004673,184536100
7459,7/9/2010,36.69857025,37.12857056,36.45142746,37.08856964,32.19439316,108330600
7460,7/12/2010,36.93285751,37.40714264,36.40857315,36.75571442,31.90546608,140719600
7461,7/13/2010,36.61714172,36.62857056,35.20428467,35.97142792,31.22466087,297731000
7462,7/14/2010,35.62571335,36.54285812,35.57143021,36.10428619,31.34000206,203011900
7463,7/15/2010,35.4614296,36.70999908,35.32857132,35.92142868,31.18126106,206216500
7464,7/16/2010,36.16857147,36.42428589,35.48714447,35.70000076,30.98906708,259964600
7465,7/19/2010,35.69714355,35.69714355,34.22857285,35.08285904,30.45336151,256119500
7466,7/20/2010,34.70000076,36.12857056,34.28714371,35.98428726,31.23582458,268737700
7467,7/21/2010,37.86999893,37.87857056,36.2857132,36.31999969,31.52723694,296417800
7468,7/22/2010,36.81142807,37.1428566,36.47285843,37.00285721,32.11999512,161329700
7469,7/23/2010,36.72714233,37.19714355,36.61142731,37.13428497,32.23406601,133347200
7470,7/26/2010,37.1428566,37.15714264,36.81571579,37.04000092,32.15222549,105137900
7471,7/27/2010,37.26714325,37.82857132,37.18571472,37.72571564,32.7474556,146192900
7472,7/28/2010,37.66714096,37.9985733,37.17856979,37.27999878,32.36054611,129996300
7473,7/29/2010,37.24428558,37.52142715,36.58571243,36.87285614,32.00714111,160951700
7474,7/30/2010,36.55571365,37.09999847,36.41428757,36.75,31.90050888,112052500
7475,8/2/2010,37.20571518,37.51285553,37.08856964,37.40714264,32.47092056,107013900
7476,8/3/2010,37.28714371,37.6085701,37.06000137,37.41857147,32.48084641,104413400
7477,8/4/2010,37.54857254,37.75428391,37.18714142,37.568573,32.61106873,105093800
7478,8/5/2010,37.38999939,37.59714127,37.22142792,37.38571548,32.4523201,72274300
7479,8/6/2010,37.11142731,37.35571289,36.80428696,37.15571594,32.25267029,111224400
7480,8/9/2010,37.35428619,37.45000076,37.08142853,37.3928566,32.45852661,75782000
7481,8/10/2010,37.12142944,37.20714188,36.79285812,37.05857086,32.16836166,112980000
7482,8/11/2010,36.48571396,36.52714157,35.68714142,35.74142838,31.02501678,155013600
7483,8/12/2010,35.24142838,36.15714264,35.15999985,35.97000122,31.22342873,133730100
7484,8/13/2010,35.95000076,35.98285675,35.58428574,35.58571243,30.8898468,88717300
7485,8/16/2010,35.36857224,35.7157135,35.23143005,35.37714386,30.70880699,79607500
7486,8/17/2010,35.72571564,36.37571335,35.59999847,35.99571609,31.24575043,105660100
7487,8/18/2010,36.05142975,36.38142776,35.93999863,36.15285873,31.38215446,84924000
7488,8/19/2010,36.11999893,36.2114296,35.52571487,35.69714355,30.98658562,106676500
7489,8/20/2010,35.62714386,36.27428436,35.57143021,35.66285706,30.95681,96057500
7490,8/23/2010,35.97000122,36,35.0357132,35.11428452,30.48062706,103510400
7491,8/24/2010,34.66714096,34.7142868,34.09285736,34.27571487,29.75272369,150641400
7492,8/25/2010,34.00571442,34.85571289,33.88571548,34.69857025,30.11977959,149216900
7493,8/26/2010,35.06428528,35.1071434,34.32571411,34.32571411,29.79611778,116626300
7494,8/27/2010,34.5357132,34.65857315,33.65142822,34.51714325,29.96228981,137097800
7495,8/30/2010,34.39428711,35.1071434,34.38285828,34.6428566,30.07141113,95822300
7496,8/31/2010,34.54999924,34.93714142,34.33571243,34.72857285,30.14582062,105196700
7497,9/1/2010,35.35285568,35.92285538,35.18285751,35.76142883,31.04237366,174259400
7498,9/2/2010,35.89428711,36.02428436,35.50999832,36.02428436,31.27054787,103856900
7499,9/3/2010,36.44142914,36.96857071,36.3571434,36.96714401,32.08899307,130197200
7500,9/7/2010,36.66285706,37.07571411,36.6071434,36.83000183,31.96994209,85639400
7501,9/8/2010,37.11142731,37.77000046,37.01428604,37.56000137,32.60361862,131637800
7502,9/9/2010,37.86285782,38.07428741,37.56000137,37.58142853,32.62221527,109643800
7503,9/10/2010,37.59857178,37.7857132,37.34285736,37.63000107,32.66437912,96885600
7504,9/13/2010,37.97428513,38.32571411,37.9657135,38.14857101,33.1145134,97195000
7505,9/14/2010,38.02999878,38.45285797,37.931427,38.29428482,33.24098969,102037600
7506,9/15/2010,38.31000137,38.62571335,38.26285553,38.60285568,33.50886154,107342200
7507,9/16/2010,38.60571289,39.52428436,38.5,39.50999832,34.29629135,163025800
7508,9/17/2010,39.66999817,39.70857239,39.09714127,39.33856964,34.14748764,158619300
7509,9/20/2010,39.43999863,40.54000092,39.40714264,40.4614296,35.12216949,164669400
7510,9/21/2010,40.55142975,41.04999924,40.39857101,40.5385704,35.18913651,167018600
7511,9/22/2010,40.38714218,41.13999939,40.34428406,41.1071434,35.68267822,146322400
7512,9/23/2010,40.90428543,41.8228569,40.8571434,41.27428436,35.82775497,196529200
7513,9/24/2010,41.72857285,41.93285751,41.50714111,41.75999832,36.2493782,162372000
7514,9/27/2010,41.99714279,42.10428619,41.5728569,41.59428406,36.10553741,120708700
7515,9/28/2010,41.681427,41.681427,39.2857132,40.97999954,35.57230377,258760600
7516,9/29/2010,41.03285599,41.40142822,40.8571434,41.05285645,35.63555527,117411000
7517,9/30/2010,41.2857132,41.42856979,40.17856979,40.5357132,35.18665695,168347900
7518,10/1/2010,40.87857056,40.93999863,40.19285583,40.36000061,35.0341301,112035700
7519,10/4/2010,40.22857285,40.41428757,39.681427,39.80571365,34.5529747,108825500
7520,10/5/2010,40.2857132,41.34999847,40.25999832,41.27714157,35.83024979,125491800
7521,10/6/2010,41.36999893,41.71285629,40.7514267,41.31285858,35.86125565,167717200
7522,10/7/2010,41.47714233,41.49714279,40.98714447,41.31714249,35.86496735,102099900
7523,10/8/2010,41.67285538,42.07143021,41.42856979,42.00999832,36.46640396,164600800
7524,10/11/2010,42.10571289,42.46285629,42.08571243,42.19428635,36.62636566,106938300
7525,10/12/2010,42.20142746,42.7857132,41.7842865,42.64857101,37.02069855,139636000
7526,10/13/2010,42.88571548,43.13714218,42.82857132,42.87714386,37.21910477,157523100
7527,10/14/2010,43.09857178,43.20999908,42.91428757,43.18714142,37.48820877,108824100
7528,10/15/2010,43.91999817,45,43.55857086,44.96285629,39.02959061,230548500
7529,10/18/2010,45.49571609,45.57143021,44.89857101,45.42856979,39.43385696,273252700
7530,10/19/2010,43.34285736,44.82428741,42.86000061,44.21285629,38.37856674,308196000
7531,10/20/2010,44.1428566,44.8928566,43.83856964,44.36142731,38.50753403,180406100
7532,10/21/2010,44.62285614,44.96285629,43.82857132,44.21714401,38.38228607,137865000
7533,10/22/2010,44.15285873,44.29142761,43.75714111,43.92428589,38.12807465,93194500
7534,10/25/2010,44.15571594,44.51428604,44.06285858,44.11999893,38.29796219,98115500
7535,10/26/2010,43.83856964,44.2485733,43.66428757,44.00714111,38.1999855,98232400
7536,10/27/2010,43.95000076,44.27142715,43.65714264,43.97571564,38.17271042,99750700
7537,10/28/2010,43.99285889,44,42.98571396,43.60571289,37.85153961,137762800
7538,10/29/2010,43.4614296,43.69714355,42.98143005,42.99714279,37.32328033,107627800
7539,11/1/2010,43.17428589,43.65714264,43.17142868,43.45428467,37.72008896,105972300
7540,11/2/2010,43.8571434,44.31285858,43.8571434,44.19428635,38.3624382,108482500
7541,11/3/2010,44.48143005,44.69714355,44.07571411,44.68571472,38.78902435,127087100
7542,11/4/2010,45.06428528,45.74000168,45.00428391,45.46714401,39.46733093,160622000
7543,11/5/2010,45.4271431,45.65285873,45.25,45.30428696,39.32597351,90313300
7544,11/8/2010,45.31428528,45.681427,45.2514267,45.51714325,39.51073837,70439600
7545,11/9/2010,45.86428452,45.90000153,44.92856979,45.15428543,39.19576645,95886000
7546,11/10/2010,45.23428726,45.5385704,44.79285812,45.43285751,39.43756866,96056800
7547,11/11/2010,45,45.48571396,44.8928566,45.23571396,39.26644135,90321000
7548,11/12/2010,45.1428566,45.2142868,43.37571335,44.00428391,38.1975174,198961700
7549,11/15/2010,44.06571579,44.36285782,43.75285721,43.86285782,38.07475662,100901500
7550,11/16/2010,43.67428589,43.94285583,42.75999832,43.08428574,37.39891815,164412500
7551,11/17/2010,43.02857208,43.4271431,42.53714371,42.92856979,37.26374054,119862400
7552,11/18/2010,43.59999847,44.23857117,43.52714157,44.06142807,38.24713135,123622800
7553,11/19/2010,43.99571609,44.05714417,43.60571289,43.818573,38.03631973,96210800
7554,11/22/2010,43.81142807,44.76571274,43.69571304,44.76571274,38.85846329,98268800
7555,11/23/2010,44.34999847,44.5357132,43.79428482,44.10428619,38.28432465,129861900
7556,11/24/2010,44.57143021,45.05714417,44.5357132,44.97142792,39.03703308,103431300
7557,11/26/2010,44.81999969,45.38571548,44.70571518,45,39.06184006,59396400
7558,11/29/2010,45.07143021,45.35428619,44.48285675,45.26714325,39.29372406,111446300
7559,11/30/2010,44.79142761,44.90857315,44.40999985,44.45000076,38.58442688,125464500
7560,12/1/2010,45.0385704,45.3928566,45,45.20000076,39.23544693,115437700
7561,12/2/2010,45.36142731,45.57143021,44.98428726,45.45000076,39.45244598,115709300
7562,12/3/2010,45.28714371,45.52142715,45.19142914,45.34857178,39.36442184,85523200
7563,12/6/2010,45.52000046,46.04714203,45.48857117,45.73571396,39.70045853,112120400
7564,12/7/2010,46.25714111,46.2842865,45.44571304,45.45857239,39.45990372,97863500
7565,12/8/2010,45.66143036,45.86000061,45.30142975,45.8585701,39.80710602,80483900
7566,12/9/2010,46.01856995,46.07143021,45.57428741,45.68000031,39.65210342,73537800
7567,12/10/2010,45.66428757,45.86428452,45.51428604,45.79428482,39.75131226,65627800
7568,12/13/2010,46.33856964,46.43714142,45.8571434,45.95285797,39.88896942,109953900
7569,12/14/2010,45.9614296,46.07714462,45.57143021,45.75571442,39.71782684,87752000
7570,12/15/2010,45.7142868,46.1428566,45.59857178,45.76571274,39.72650528,104328000
7571,12/16/2010,45.86999893,46.08714294,45.72857285,45.8928566,39.83687592,80507700
7572,12/17/2010,45.94714355,45.97000122,45.74714279,45.80142975,39.75751114,96732300
7573,12/20/2010,45.94285583,46.17856979,45.4614296,46.02999878,39.95591736,96402600
7574,12/21/2010,46.1428566,46.34142685,46.00714111,46.31428528,40.2026825,64088500
7575,12/22/2010,46.33714294,46.53142929,46.22142792,46.45142746,40.32173157,66480400
7576,12/23/2010,46.42856979,46.45000076,46.16714096,46.22857285,40.12828064,55789300
7577,12/27/2010,46.12142944,46.49142838,45.931427,46.38285828,40.26222229,62454000
7578,12/28/2010,46.55857086,46.66571426,46.43714142,46.49571609,40.3601799,43981000
7579,12/29/2010,46.60285568,46.63571548,46.44285583,46.47000122,40.33786774,40784800
7580,12/30/2010,46.49714279,46.5014267,46.15000153,46.23714447,40.13572693,39373600
7581,12/31/2010,46.13571548,46.2114296,45.90142822,46.08000183,39.99933243,48377000
7582,1/3/2011,46.52000046,47.18000031,46.40571594,47.08142853,40.86860657,111284600
7583,1/4/2011,47.49142838,47.5,46.87857056,47.32714462,41.08190536,77270200
7584,1/5/2011,47.07857132,47.76285553,47.07143021,47.7142868,41.41794586,63879900
7585,1/6/2011,47.81714249,47.8928566,47.55714417,47.67571259,41.38447189,75107200
7586,1/7/2011,47.71285629,48.04999924,47.41428757,48.01714325,41.68083572,77982800
7587,1/10/2011,48.40428543,49.03285599,48.16714096,48.92142868,42.46580124,112140000
7588,1/11/2011,49.26856995,49.27999878,48.49571609,48.80571365,42.36535645,111027000
7589,1/12/2011,49.0357132,49.20428467,48.8571434,49.20285797,42.71008682,75647600
7590,1/13/2011,49.30857086,49.52000046,49.12142944,49.38285828,42.86633301,74195100
7591,1/14/2011,49.41285706,49.78285599,49.20571518,49.78285599,43.21353912,77210000
7592,1/18/2011,47.07428741,49.2514267,46.57143021,48.66428757,42.24258423,470249500
7593,1/19/2011,49.76428604,49.79999924,48.12571335,48.40571594,42.01813889,283903200
7594,1/20/2011,48.06142807,48.32857132,47.15999985,47.52571487,41.25425339,191197300
7595,1/21/2011,47.681427,47.84000015,46.66143036,46.67428589,40.5151825,188600300
7596,1/24/2011,46.69571304,48.20714188,46.67428589,48.20714188,41.84576416,143670800
7597,1/25/2011,48.04714203,48.77714157,47.79571533,48.77142715,42.33558655,136717000
7598,1/26/2011,48.99428558,49.37142944,48.7857132,49.12142944,42.63940048,126718900
7599,1/27/2011,49.11142731,49.24142838,48.97571564,49.02999878,42.56004715,71256500
7600,1/28/2011,49.16714096,49.20000076,47.64714432,48.01428604,41.67835999,148014300
7601,1/31/2011,47.97142792,48.57714462,47.75714111,48.47428513,42.07766724,94311700
7602,2/1/2011,48.75714111,49.37857056,48.7114296,49.29000092,42.78572845,106658300
7603,2/2/2011,49.20714188,49.32143021,49.07857132,49.18857193,42.69768143,64738800
7604,2/3/2011,49.11428452,49.1771431,48.36428452,49.06285858,42.58856583,98449400
7605,2/4/2011,49.09142685,49.52857208,49.0728569,49.5,42.96801376,80460100
7606,2/7/2011,49.69857025,50.4642868,49.66285706,50.26856995,43.63516235,121255400
7607,2/8/2011,50.52571487,50.7885704,50.30714417,50.74285889,44.04687119,95260200
7608,2/9/2011,50.74142838,51.2857132,50.69571304,51.16571426,44.41392136,120686300
7609,2/10/2011,51.05571365,51.42856979,49.7142868,50.64857101,43.96502686,232137500
7610,2/11/2011,50.67856979,51.11428452,50.50571442,50.97857285,44.25148773,91893200
7611,2/14/2011,50.97000122,51.35428619,50.95857239,51.31142807,44.54041672,77604100
7612,2/15/2011,51.31285858,51.42428589,51.07857132,51.41428757,44.62970352,71043700
7613,2/16/2011,51.54285812,52.12857056,51.5,51.87571335,45.03022766,120289400
7614,2/17/2011,51.0357132,51.46714401,50.931427,51.18571472,44.43128204,132645800
7615,2/18/2011,51.24428558,51.3571434,49.931427,50.08000183,43.47148895,204014300
7616,2/22/2011,48.87857056,49.34285736,48.24571609,48.37285614,41.98962784,218138900
7617,2/23/2011,48.39571381,49.23428726,48.37285614,48.94571304,42.48687744,167963600
7618,2/24/2011,49.14571381,49.30714417,48.33856964,48.98285675,42.51911545,124975200
7619,2/25/2011,49.3228569,49.77571487,49.25714111,49.73714447,43.1738739,95004700
7620,2/28/2011,50.1771431,50.72142792,50.15999985,50.45857239,43.80010986,100768500
7621,3/1/2011,50.78142929,50.81714249,49.66857147,49.90142822,43.31649017,114034200
7622,3/2/2011,49.99428558,50.62142944,49.77142715,50.30285645,43.66493607,150647700
7623,3/3/2011,51.02714157,51.39857101,50.84571457,51.36571503,44.58753204,125197100
7624,3/4/2011,51.43857193,51.47000122,51.1071434,51.42856979,44.6421051,113316700
7625,3/7/2011,51.62857056,51.66714096,50.18714142,50.76571274,44.06670761,136530800
7626,3/8/2011,50.70142746,51.05714417,50.32143021,50.8228569,44.11632156,89079200
7627,3/9/2011,50.66999817,50.68000031,50.08571243,50.35285568,43.70833206,113326500
7628,3/10/2011,49.87428665,49.96714401,49.27142715,49.52428436,42.98910522,126884800
7629,3/11/2011,49.33285904,50.33142853,49.2857132,50.2842865,43.64881134,117770100
7630,3/14/2011,50.45428467,50.92571259,50.18714142,50.50857162,43.84350204,108989300
7631,3/15/2011,48.87142944,49.69142914,48.58571243,49.34714127,42.83532715,180270300
7632,3/16/2011,48.8571434,49,46.6085701,47.14428711,40.92316818,290502800
7633,3/17/2011,48.11857224,48.51571274,47.23714447,47.80571365,41.49729919,164855600
7634,3/18/2011,48.16143036,48.31428528,47.1428566,47.23857117,41.00500488,188303500
7635,3/21/2011,47.9985733,48.5342865,47.89428711,48.47142792,42.07517242,102350500
7636,3/22/2011,48.93714142,48.94571304,48.44857025,48.74285889,42.31079483,81480700
7637,3/23/2011,48.46857071,48.60285568,47.99285889,48.45571518,42.0615387,93249100
7638,3/24/2011,48.83571243,49.42856979,48.40857315,49.28142929,42.77830124,101178000
7639,3/25/2011,49.72428513,50.29428482,49.57428741,50.22000122,43.59301376,112227500
7640,3/28/2011,50.45000076,50.61714172,50.06285858,50.06285858,43.45660019,77338800
7641,3/29/2011,49.66571426,50.13714218,49.43714142,50.13714218,43.52108383,88225200
7642,3/30/2011,50.09142685,50.12571335,49.63428497,49.80428696,43.23216629,82351500
7643,3/31/2011,49.47999954,49.97142792,49.43714142,49.78714371,43.21726608,68504800
7644,4/1/2011,50.15857315,50.22714233,49.04285812,49.22285843,42.72745514,104665400
7645,4/4/2011,49.18714142,49.22857285,48.34285736,48.74142838,42.30955887,115021200
7646,4/5/2011,48.1414299,48.8928566,48,48.41285706,42.02433014,120682800
7647,4/6/2011,48.74571609,49.12857056,48.16285706,48.29142761,41.91892242,100634800
7648,4/7/2011,48.29999924,48.63285828,48.00428391,48.29714203,41.92388916,93361800
7649,4/8/2011,48.56000137,48.59285736,47.70714188,47.86571503,41.5493927,94383800
7650,4/11/2011,47.72285843,47.95285797,47.14571381,47.25714111,41.02112198,99736700
7651,4/12/2011,47.21285629,47.67571259,47.17142868,47.48571396,41.21953964,106409800
7652,4/13/2011,47.86000061,48.02000046,47.50285721,48.01856995,41.68208313,86555000
7653,4/14/2011,47.82857132,48,47.43714142,47.48857117,41.22200775,75450200
7654,4/15/2011,47.61428452,47.66285706,46.68571472,46.77999878,40.60695648,113401400
7655,4/18/2011,46.58571243,47.4614296,45.73714447,47.40714264,41.1513443,152474700
7656,4/19/2011,47.58571243,48.28285599,47.38714218,48.26571274,41.896595,104844600
7657,4/20/2011,49.0728569,49.3928566,48.7857132,48.91571426,42.4608345,175166600
7658,4/21/2011,50.7142868,50.73285675,49.7885704,50.09999847,43.4888382,188452600
7659,4/25/2011,50.04857254,50.5357132,50.04285812,50.43000031,43.77529907,66636500
7660,4/26/2011,50.51714325,50.71285629,49.90714264,50.06000137,43.45412827,84700000
7661,4/27/2011,50.31999969,50.33571243,49.58571243,50.02142715,43.42063904,89053300
7662,4/28/2011,49.45571518,49.9642868,49.36000061,49.5357132,42.99901581,90239800
7663,4/29/2011,49.54000092,50.56428528,49.52428436,50.01856995,43.4181633,251586300
7664,5/2/2011,49.96285629,50.06714249,49.3571434,49.46857071,42.94074249,110678400
7665,5/3/2011,49.71285629,49.98428726,49.37428665,49.74285889,43.17884064,78337000
7666,5/4/2011,49.7514267,50.26142883,49.55428696,49.93857193,43.34871292,97312600
7667,5/5/2011,49.77142715,50.13571548,49.43571472,49.5357132,42.99901581,83992300
7668,5/6/2011,49.95571518,50,49.45857239,49.52285767,42.98786545,70033600
7669,5/9/2011,49.69428635,49.88571548,49.50428391,49.65714264,43.10441971,51186800
7670,5/10/2011,49.84142685,49.95571518,49.52285767,49.92142868,43.33384705,70522900
7671,5/11/2011,49.86000061,50,49.31999969,49.60428619,43.05854797,84000000
7672,5/12/2011,49.44571304,49.58856964,48.89571381,49.50999832,42.97670746,80500000
7673,5/13/2011,49.38000107,49.4642868,48.62142944,48.6428566,42.22397614,81529000
7674,5/16/2011,48.45714188,48.74571609,47.51428604,47.61428452,41.33114624,112443800
7675,5/17/2011,47.42856979,48.02000046,47.24714279,48.02000046,41.68331146,113083600
7676,5/18/2011,48.06714249,48.72142792,48,48.55285645,42.14586258,83694100
7677,5/19/2011,48.86857224,48.91571426,48.38142776,48.64714432,42.22769547,65292500
7678,5/20/2011,48.50857162,48.70714188,47.86000061,47.88857269,41.56922913,84492100
7679,5/23/2011,47.13857269,47.99714279,47.06000137,47.77142715,41.46755219,95900000
7680,5/24/2011,47.92856979,47.98571396,47.33428574,47.45571518,41.19350815,80481800
7681,5/25/2011,47.63285828,48.36571503,47.54999924,48.11142731,41.76267624,73556000
7682,5/26/2011,47.99571609,48.12714386,47.77571487,47.8571434,41.5419426,55640200
7683,5/27/2011,47.82857132,48.23285675,47.75857162,48.20142746,41.84081268,50899800
7684,5/31/2011,48.72857285,49.68999863,48.7142868,49.68999863,43.1329422,104438600
7685,6/1/2011,49.83856964,50.30428696,49.23571396,49.3585701,42.84525299,138670700
7686,6/2/2011,49.5,49.7114296,49.18571472,49.44285583,42.91839981,84695800
7687,6/3/2011,49.02571487,49.33285904,48.8585701,49.06285858,42.58856583,78312500
7688,6/6/2011,49.38571548,49.57857132,48.25857162,48.29142761,41.91892242,115485300
7689,6/7/2011,48.31000137,48.31714249,47.41428757,47.43428421,41.17489243,132446300
7690,6/8/2011,47.39714432,47.82857132,47.23571396,47.46285629,41.1996994,83430900
7691,6/9/2011,47.6071434,47.66714096,47.25,47.35571289,41.10668945,68772200
7692,6/10/2011,47.22142792,47.38000107,46.5014267,46.55714417,40.41349411,108488800
7693,6/13/2011,46.74285889,46.90142822,46.43857193,46.65714264,40.50030136,82368300
7694,6/14/2011,47.1428566,47.6071434,47.04428482,47.49142838,41.22450256,83642300
7695,6/15/2011,47.1071434,47.18571472,46.41143036,46.67856979,40.51889801,99799000
7696,6/16/2011,46.70000076,46.95428467,45.47571564,46.45142746,40.32173157,127647800
7697,6/17/2011,46.9985733,47.0357132,45.62285614,45.7514267,39.71409988,153755000
7698,6/20/2011,45.33714294,45.38571548,44.3571434,45.04571533,39.10152054,160161400
7699,6/21/2011,45.24000168,46.54285812,45.02857208,46.47142792,40.33909607,123345600
7700,6/22/2011,46.45142746,46.98571396,46.05428696,46.08714294,40.00551987,97645800
7701,6/23/2011,45.56285858,47.38428497,45.44571304,47.318573,41.07445145,139939800
7702,6/24/2011,47.33856964,47.59285736,46.44142914,46.62142944,40.46930313,109951800
7703,6/27/2011,46.79857254,47.70000076,46.75,47.43428421,41.17489243,84953400
7704,6/28/2011,47.66428757,48.09999847,47.63428497,47.89428711,41.57419205,73574900
7705,6/29/2011,48.00571442,48.05285645,47.41143036,47.72000122,41.42290497,88136300
7706,6/30/2011,47.81428528,48.01856995,47.54857254,47.95285797,41.6250267,80738700
7707,7/1/2011,47.99285889,49.07143021,47.74285889,49.03714371,42.56624222,108828300
7708,7/5/2011,49,49.97571564,48.92856979,49.91857147,43.33135605,88763500
7709,7/6/2011,49.84999847,50.58571243,49.52999878,50.2514267,43.62028503,111156500
7710,7/7/2011,50.66714096,51.1428566,50.57143021,51.02857208,44.29487991,99915900
7711,7/8/2011,50.47714233,51.42856979,50.31428528,51.38714218,44.60613251,122408300
7712,7/11/2011,50.90571594,51.39571381,50.40285873,50.57143021,43.89807892,110668600
7713,7/12/2011,50.50428391,51.09714127,49.80285645,50.5357132,43.86705399,112902300
7714,7/13/2011,51.18999863,51.42856979,50.91143036,51.14571381,44.39656067,97909700
7715,7/14/2011,51.5728569,51.65857315,50.90571594,51.11000061,44.36556625,107633400
7716,7/15/2011,51.59571457,52.1428566,51.31000137,52.13142776,45.25221634,121116800
7717,7/18/2011,52.20428467,53.52142715,52.18285751,53.40000153,46.35337067,143163300
7718,7/19/2011,54,54.09285736,53.33142853,53.83571243,46.7315979,204786400
7719,7/20/2011,56.58856964,56.61000061,55.1428566,55.27142715,47.97785568,235335100
7720,7/21/2011,55.27857208,55.72285843,54.84285736,55.32714462,48.02622604,131633600
7721,7/22/2011,55.47428513,56.43571472,55.3928566,56.18571472,48.77150345,129182200
7722,7/25/2011,55.76428604,57.1428566,55.65999985,56.92856979,49.41632462,147451500
7723,7/26/2011,57.1428566,57.7857132,57.09714127,57.63000107,50.02518845,119145600
7724,7/27/2011,57.22714233,57.52000046,56.02142715,56.08428574,48.68344879,164831100
7725,7/28/2011,55.94571304,56.71285629,55.44714355,55.97428513,48.58796692,148508500
7726,7/29/2011,55.37714386,56.45000076,54.8571434,55.78285599,48.42179871,158146100
7727,8/1/2011,56.82571411,57.07143021,56.05285645,56.67856979,49.19931793,153209000
7728,8/2/2011,56.80714417,56.84285736,55.47857285,55.55857086,48.227108,159884900
7729,8/3/2011,55.85428619,56.22142792,54.60571289,56.08142853,48.68096161,183127000
7730,8/4/2011,55.63000107,55.90285873,53.90714264,53.90999985,46.79607773,217851900
7731,8/5/2011,54.34857178,54.7857132,51.79571533,53.37428665,46.3310585,301147700
7732,8/8/2011,51.66999817,52.5385704,50.431427,50.45857239,43.80010986,285958400
7733,8/9/2011,51.61428452,53.51571274,50.7142868,53.43000031,46.37943268,270645900
7734,8/10/2011,53.02142715,53.52142715,51.7857132,51.95571518,45.09967422,219664200
7735,8/11/2011,52.931427,53.63571548,52.10285568,53.38571548,46.34098816,185492300
7736,8/12/2011,54.00999832,54.23428726,53.4614296,53.85571289,46.74895477,132244000
7737,8/15/2011,54.23285675,54.99571609,54.01285553,54.77285767,47.54507065,115136000
7738,8/16/2011,54.50285721,54.76714325,53.72285843,54.35428619,47.18174744,124687500
7739,8/17/2011,54.61571503,54.931427,54,54.34857178,47.1767807,110515300
7740,8/18/2011,52.97714233,53.23571396,51.62428665,52.29285812,45.39233017,212858800
7741,8/19/2011,51.73857117,52.42856979,50.8571434,50.86142731,44.14981079,193972100
7742,8/22/2011,52.0728569,52.12571335,50.72714233,50.91999817,44.20063019,133828800
7743,8/23/2011,51.47142792,53.37714386,51,53.37142944,46.32858276,164208800
7744,8/24/2011,53.35285568,54.13714218,52.94285583,53.74000168,46.64851379,156566900
7745,8/25/2011,52.15428543,53.63571548,52.1428566,53.38857269,46.34346008,217836500
7746,8/26/2011,53.02428436,54.82857132,52.97142792,54.79714203,47.56615448,160369300
7747,8/29/2011,55.45428467,55.92856979,55.42856979,55.70999908,48.35855484,101317300
7748,8/30/2011,55.4642868,55.97714233,55.17285538,55.71285629,48.36102676,104480600
7749,8/31/2011,55.79571533,56.01142883,54.55142975,54.97571564,47.72116852,130646600
7750,9/1/2011,55.11714172,55.33428574,54.38857269,54.43285751,47.24994659,85931300
7751,9/2/2011,53.5342865,54,53.11857224,53.43571472,46.38438034,109734800
7752,9/6/2011,52.48143005,54.33285904,52.35428619,54.2485733,47.08996964,127424500
7753,9/7/2011,55.08000183,55.08571243,54.57143021,54.84714127,47.60955811,87644200
7754,9/8/2011,54.62857056,55.51571274,54.61571503,54.87714386,47.63560104,104039600
7755,9/9/2011,54.84714127,55.1428566,53.57428741,53.92571259,46.80971909,141203300
7756,9/12/2011,53.2857132,54.41143036,53.12857056,54.27714157,47.11477661,116958100
7757,9/13/2011,54.59142685,55.17285538,54.32143021,54.94571304,47.69512939,110140100
7758,9/14/2011,55.2885704,56.02999878,55.1085701,55.61428452,48.27547073,133681100
7759,9/15/2011,55.91857147,56.23714447,55.70000076,56.13714218,48.72934341,104454700
7760,9/16/2011,56.50571442,57.2142868,56.43285751,57.2142868,49.66433334,174628300
7761,9/19/2011,56.7142868,59.03285599,56.45714188,58.80428696,51.0445137,205965200
7762,9/20/2011,59.32143021,60.40857315,58.74142838,59.06428528,51.27020645,193938500
7763,9/21/2011,59.94857025,60.22714233,58.8571434,58.87714386,51.10776901,151494000
7764,9/22/2011,57.29000092,58.54571533,56.67142868,57.40285873,49.82802963,242120200
7765,9/23/2011,57.18285751,58.10571289,57.12142944,57.75714111,50.13555908,136569300
7766,9/26/2011,57.12285614,57.7114296,55.90000153,57.59571457,49.99543762,203219100
7767,9/27/2011,58.38999939,58.4642868,56.86571503,57.03714371,49.5105629,158124400
7768,9/28/2011,57.16999817,57.6771431,56.64428711,56.7157135,49.23155212,107409400
7769,9/29/2011,57.41714096,57.45857239,55.17285538,55.79571533,48.4329567,162771700
7770,9/30/2011,55.30285645,55.55571365,54.45428467,54.47428513,47.28590393,136910200
7771,10/3/2011,54.33856964,54.66285706,53.31000137,53.51428604,46.45259094,167274800
7772,10/4/2011,53.50999832,54.54285812,50.60571289,53.2142868,46.19217682,308419300
7773,10/5/2011,52.55142975,54.25999832,51.47142792,54.0357132,46.90520859,196617400
7774,10/6/2011,53.33285904,54.96857071,53.11428452,53.90999985,46.79607773,203145600
7775,10/7/2011,53.68285751,53.96285629,52.6414299,52.82857132,45.85735703,133864500
7776,10/10/2011,54.15571594,55.54428482,54.02999878,55.54428482,48.21471024,110628700
7777,10/11/2011,56.08142853,57.59714127,55.92856979,57.18428421,49.63829803,151421900
7778,10/12/2011,58.19142914,58.4642868,57.16285706,57.45571518,49.87389755,155571500
7779,10/13/2011,57.85428619,58.34714127,57.54999924,58.34714127,50.64769745,106546300
7780,10/14/2011,59.54714203,60.2857132,59.32428741,60.2857132,52.33045959,143341800
7781,10/17/2011,60.2485733,60.95714188,59.41999817,59.9985733,52.0812149,171511200
7782,10/18/2011,60.2514267,60.68714142,59.4271431,60.31999969,52.36021805,220400600
7783,10/19/2011,57.33571243,58.34571457,56.82857132,56.94571304,49.43120575,276014900
7784,10/20/2011,57.1428566,57.19285583,56.31571579,56.47285843,49.02073669,137317600
7785,10/21/2011,56.87142944,57.02000046,55.82143021,56.12428665,48.7181778,155311100
7786,10/24/2011,56.59714127,58.07143021,56.48571396,57.96714401,50.31784439,125534500
7787,10/25/2011,57.86142731,58.07857132,56.76856995,56.82428741,49.32580185,107606800
7788,10/26/2011,57.39428711,57.50714111,56.16428757,57.22857285,49.67674637,114076200
7789,10/27/2011,58.22285843,58.42856979,57.41285706,57.81285858,50.18392944,123666200
7790,10/28/2011,57.57143021,58.04999924,57.5014267,57.84999847,50.21616364,80710700
7791,10/31/2011,57.48857117,58.47571564,57.29285812,57.82571411,50.19508362,96375300
7792,11/1/2011,56.77285767,57.07143021,56.17428589,56.64428711,49.16954422,132947500
7793,11/2/2011,57.15571594,57.20571518,56.44428635,56.77285767,49.28116226,81837700
7794,11/3/2011,57.00999832,57.62857056,56.47999954,57.58142853,49.9830246,110346600
7795,11/4/2011,57.43285751,57.63428497,57.02285767,57.1771431,49.63209915,75557300
7796,11/7/2011,57.13000107,57.1428566,56.59000015,57.10428619,49.56884766,67568900
7797,11/8/2011,57.45857239,58.2857132,57.36571503,58.03285599,50.37488937,100110500
7798,11/9/2011,56.70999908,57.27000046,56.318573,56.46857071,49.01701736,139671000
7799,11/10/2011,56.71857071,56.74428558,54.59285736,55.03142929,47.76951981,186188100
7800,11/11/2011,55.22999954,55.52857208,54.3228569,54.94571304,47.69512939,163446500
7801,11/14/2011,54.7885704,55.0357132,54.02857208,54.18000031,47.03045273,108226300
7802,11/15/2011,54.40000153,55.6428566,54.20714188,55.54714203,48.21718979,107702700
7803,11/16/2011,55.6071434,55.87714386,54.90285873,54.96714401,47.71371078,87302600
7804,11/17/2011,54.85428619,54.93999863,53.6428566,53.91571426,46.80103683,119975100
7805,11/18/2011,54.13142776,54.2842865,53.55428696,53.56285858,46.49474716,92984500
7806,11/21/2011,52.91428757,53.09714127,52.27285767,52.7157135,45.75939941,111995100
7807,11/22/2011,53.00285721,53.99000168,52.99142838,53.78714371,46.68943787,102255300
7808,11/23/2011,53.5014267,53.69142914,52.41143036,52.4271431,45.50889969,107067800
7809,11/25/2011,52.63142776,53.02142715,51.90285873,51.93857193,45.08480072,63690200
7810,11/28/2011,53.19285583,53.81714249,52.90428543,53.73143005,46.64107132,86603300
7811,11/29/2011,53.69142914,54.11857224,52.88571548,53.31428528,46.27897644,93963800
7812,11/30/2011,54.47000122,54.61142731,54.04285812,54.59999847,47.39502716,101484600
7813,12/1/2011,54.64857101,55.57143021,54.3928566,55.41857147,48.10558319,96795300
7814,12/2/2011,55.68999863,56.23285675,55.51142883,55.67142868,48.32507324,94763900
7815,12/5/2011,56.21285629,56.63000107,55.77000046,56.14428711,48.73553085,89302500
7816,12/6/2011,56.0728569,56.37571335,55.62571335,55.84999847,48.48008347,70899500
7817,12/7/2011,55.70428467,55.84857178,55.2514267,55.58428574,48.24942398,76186600
7818,12/8/2011,55.92142868,56.5,55.74714279,55.80857086,48.4441185,94089100
7819,12/9/2011,56.12142944,56.29142761,55.86142731,56.23143005,48.81118011,74248300
7820,12/12/2011,55.95428467,56.27142715,55.63571548,55.97714233,48.59044266,75266800
7821,12/13/2011,56.1428566,56.48571396,55.29999924,55.54428482,48.21471024,84732200
7822,12/14/2011,55.24285889,55.34000015,53.95428467,54.31285858,47.14578247,101721900
7823,12/15/2011,54.76142883,54.81999969,54.04428482,54.13428497,46.99078369,64050000
7824,12/16/2011,54.33714294,54.87857056,54.22428513,54.431427,47.24870682,105369600
7825,12/19/2011,54.63857269,54.97857285,54.35428619,54.60142899,47.39627075,58882600
7826,12/20/2011,55.39428711,56.58571243,55.3228569,56.56428528,49.10011292,84303800
7827,12/21/2011,56.66999817,56.75714111,56.0014267,56.63571548,49.16212463,65737000
7828,12/22/2011,56.7142868,57.01856995,56.58571243,56.93571472,49.4225235,50589700
7829,12/23/2011,57.09857178,57.65571594,57.06999969,57.61857224,50.01526642,67349800
7830,12/27/2011,57.58571243,58.44142914,57.57428741,58.07571411,50.41209412,66269000
7831,12/28/2011,58.12714386,58.32143021,57.33428574,57.52000046,49.92970657,57165500
7832,12/29/2011,57.62857056,57.95000076,57.2157135,57.87428665,50.23725128,53994500
7833,12/30/2011,57.64428711,58.04000092,57.6414299,57.8571434,50.22236633,44915500
7834,1/3/2012,58.48571396,58.92856979,58.42856979,58.74714279,50.99490738,75555200
7835,1/4/2012,58.57143021,59.24000168,58.46857071,59.06285858,51.26897049,65005500
7836,1/5/2012,59.27857208,59.79285812,58.95285797,59.71857071,51.8381691,67817400
7837,1/6/2012,59.96714401,60.3928566,59.88857269,60.34285736,52.38005447,79573200
7838,1/9/2012,60.7857132,61.1071434,60.19285583,60.24714279,52.29697037,98506100
7839,1/10/2012,60.84428406,60.8571434,60.2142868,60.46285629,52.48422241,64549100
7840,1/11/2012,60.38285828,60.40714264,59.90142822,60.36428452,52.39865494,53771200
7841,1/12/2012,60.32571411,60.41428757,59.82143021,60.19857025,52.25481415,53146800
7842,1/13/2012,59.95714188,60.06428528,59.80857086,59.97285843,52.05887985,56505400
7843,1/17/2012,60.59999847,60.85571289,60.42285538,60.67142868,52.66527176,60724300
7844,1/18/2012,60.99428558,61.35285568,60.90000153,61.30142975,53.21214676,69197800
7845,1/19/2012,61.45000076,61.62428665,60.93000031,61.1071434,53.04349518,65434600
7846,1/20/2012,61.06999969,61.07143021,59.9642868,60.04285812,52.11965179,103493600
7847,1/23/2012,60.38142776,61.20714188,60.32857132,61.05857086,53.00133514,76515600
7848,1/24/2012,60.72857285,60.72857285,59.93571472,60.05857086,52.13328934,136909500
7849,1/25/2012,64.91999817,64.92142487,63.38999939,63.80857086,55.38843918,239578500
7850,1/26/2012,64.05142975,64.112854,63.30571365,63.51856995,55.13670731,80996300
7851,1/27/2012,63.47714233,64.068573,63.39571381,63.89714432,55.46532059,74927300
7852,1/30/2012,63.67285538,64.84285736,63.62714386,64.7157135,56.17588043,94835300
7853,1/31/2012,65.08428192,65.46286011,64.72428894,65.21142578,56.60617447,97920900
7854,2/1/2012,65.48714447,65.56999969,65.07857513,65.16999817,56.57022858,67511500
7855,2/2/2012,65.12857056,65.30999756,64.85428619,65.01714325,56.4375267,46699100
7856,2/3/2012,65.32857513,65.7142868,65.08000183,65.66857147,57.0030098,71649900
7857,2/6/2012,65.48285675,66.42571259,65.45714569,66.28142548,57.53498459,62353200
7858,2/7/2012,66.4642868,67.10713959,66.36856842,66.97571564,58.13764191,79055900
7859,2/8/2012,67.2142868,68.112854,67.09999847,68.09714508,59.11108017,101972500
7860,2/9/2012,68.68000031,70.9642868,68.65142822,70.45285797,61.15597534,221053700
7861,2/10/2012,70.137146,71.08856964,69.79285431,70.48857117,61.18694687,157825500
7862,2/13/2012,71.36142731,71.97571564,71.01285553,71.80000305,62.32532501,129304000
7863,2/14/2012,72.09428406,72.79428864,71.7142868,72.77999878,63.1760025,115099600
7864,2/15/2012,73.4657135,75.18428802,70.98428345,71.09571075,61.71398163,376530000
7865,2/16/2012,70.2142868,72.12714386,69.51856995,71.74428558,62.27693939,236138000
7866,2/17/2012,71.87285614,72.53857422,71.47142792,71.73143005,62.26580048,133951300
7867,2/21/2012,72.41143036,73.55000305,72.01714325,73.55000305,63.84439087,151398800
7868,2/22/2012,73.29714203,73.64142609,72.72428894,73.29142761,63.61994934,120825600
7869,2/23/2012,73.58285522,73.97571564,72.7857132,73.76999664,64.0353775,142006900
7870,2/24/2012,74.23857117,74.69999695,74.09143066,74.62999725,64.7818985,103768000
7871,2/27/2012,74.47285461,75.5,73.75428772,75.10857391,65.19731903,136895500
7872,2/28/2012,75.42285919,76.48714447,75.12142944,76.48714447,66.39395905,150096800
7873,2/29/2012,77.36571503,78.23000336,76.52857208,77.49143219,67.26572418,238002800
7874,3/1/2012,78.30999756,78.31571198,76.9671402,77.78142548,67.51746368,170817500
7875,3/2/2012,77.7485733,78.11428833,77.50285339,77.88285828,67.60549164,107928100
7876,3/5/2012,77.91714478,78.21142578,75.14286041,76.16571808,66.11496735,202281100
7877,3/6/2012,74.80857086,76.24143219,73.74571228,75.7514267,65.75534821,202559700
7878,3/7/2012,76.68571472,76.82571411,74.75714111,75.81285858,65.80865479,199630200
7879,3/8/2012,76.38428497,77.56999969,76.01714325,77.42713928,67.20990753,129114300
7880,3/9/2012,77.74428558,78.2485733,77.58714294,77.88143158,67.60427856,104729800
7881,3/12/2012,78.42571259,78.85713959,78.14286041,78.85713959,68.45120239,101820600
7882,3/13/2012,79.64857483,81.16857147,79.39286041,81.15714264,70.4477005,172713800
7883,3/14/2012,82.57857513,84.95999908,82.19999695,84.22571564,73.1113739,354711000
7884,3/15/2012,85.65856934,85.7157135,82.65000153,83.65142822,72.61286163,289929500
7885,3/16/2012,83.53142548,84.17142487,82.57142639,83.65285492,72.61408997,206371900
7886,3/19/2012,85.48143005,85.9671402,84.15000153,85.87142944,74.5398941,225309000
7887,3/20/2012,85.64428711,86.69999695,84.49714661,86.56571198,75.14257813,204165500
7888,3/21/2012,86.10571289,87.09285736,85.91571808,86.07142639,74.71352386,161010500
7889,3/22/2012,85.3971405,86.35713959,85.07571411,85.62000275,74.3216629,155967700
7890,3/23/2012,85.7842865,85.97142792,84.91428375,85.15000153,73.91365814,107622200
7891,3/26/2012,85.68428802,86.73571777,85.03713989,86.71142578,75.26906586,148935500
7892,3/27/2012,86.59714508,88.04000092,86.58000183,87.7828598,76.19909668,151782400
7893,3/28/2012,88.33999634,88.77857208,87.18714142,88.23143005,76.58847046,163865100
7894,3/29/2012,87.54000092,88.08000183,86.74714661,87.12285614,75.62619781,152059600
7895,3/30/2012,86.9671402,87.22285461,85.41999817,85.65000153,74.34770203,182759500
7896,4/2/2012,85.97571564,88.39571381,85.76856995,88.37571716,76.71372986,149587900
7897,4/3/2012,89.61428833,90.31571198,88.93000031,89.90285492,78.03934479,208639900
7898,4/4/2012,89.19285583,89.40856934,88.14286041,89.18714142,77.41807556,143245200
7899,4/5/2012,89.568573,90.66571808,89.05714417,90.52571106,78.58002472,160324500
7900,4/9/2012,89.44714355,91.40571594,89.32857513,90.88999939,78.89620972,149384200
7901,4/10/2012,91.41857147,92,89.42857361,89.77714539,77.93021393,222431300
7902,4/11/2012,90.88571167,90.98143005,89.04856873,89.45714569,77.65245819,174153700
7903,4/12/2012,89.2857132,90.19000244,88.64286041,88.9671402,77.22711945,153584200
7904,4/13/2012,89.15856934,89.24285889,86.2157135,86.46142578,75.05206299,214911200
7905,4/16/2012,87.15142822,87.1828537,82.60713959,82.87571716,71.9394989,262696700
7906,4/17/2012,82.70571136,87.14286041,81.70143127,87.09999847,75.60634613,256382000
7907,4/18/2012,87.67428589,88.60713959,86.10142517,86.90571594,75.43770599,238632800
7908,4/19/2012,85.74571228,86.38999939,83.50285339,83.91999817,72.84599304,208679800
7909,4/20/2012,84.48285675,84.94571686,81.48857117,81.85428619,71.0528717,257746300
7910,4/23/2012,81.51571655,82.38143158,79.51714325,81.67142487,70.89412689,241632300
7911,4/24/2012,80.37285614,81.09857178,79.2857132,80.04000092,69.47798157,269037300
7912,4/25/2012,87.94857025,88.2857132,86.57142639,87.14286041,75.64355469,226444400
7913,4/26/2012,87.75285339,87.81285858,86.01856995,86.81428528,75.35832977,134017100
7914,4/27/2012,86.43856812,86.59714508,85.7857132,86.14286041,74.77550507,101680600
7915,4/30/2012,85.40000153,85.48571777,83.2857132,83.42571259,72.41693115,126536200
7916,5/1/2012,83.55714417,85.2514267,83.0328598,83.16143036,72.1875,152749800
7917,5/2/2012,82.89142609,83.91428375,82.69428253,83.71142578,72.66493988,106847300
7918,5/3/2012,84.35713959,84.48571777,82.90000153,83.11714172,72.14906311,97637400
7919,5/4/2012,82.44000244,82.62285614,80.73857117,80.75,70.09428406,132498100
7920,5/7/2012,80.2142868,81.82428741,80.17571259,81.35428619,70.61883545,115029600
7921,5/8/2012,81.36856842,81.64286041,79.818573,81.16857147,70.45763397,124313000
7922,5/9/2012,80.52857208,81.99714661,80.12142944,81.31143188,70.58163452,120176000
7923,5/10/2012,82.08285522,82.26856995,81.20571136,81.50285339,70.74780273,83300000
7924,5/11/2012,80.7142868,82.0671463,80.62142944,80.95857239,70.27534485,99886500
7925,5/14/2012,80.36714172,81.07286072,79.65714264,79.74571228,69.22254944,88156600
7926,5/15/2012,80.20714569,80.45999908,78.82142639,79.02428436,68.59627533,119084000
7927,5/16/2012,79.15000153,79.55571747,77.29142761,78.01142883,67.71710205,140224000
7928,5/17/2012,77.90142822,78.2142868,75.73143005,75.73143005,65.73799133,179305000
7929,5/18/2012,76.27999878,77.62999725,74.59714508,75.76856995,65.77021027,183073100
7930,5/21/2012,76.35713959,80.22000122,76.29285431,80.1828537,69.60199738,157776500
7931,5/22/2012,81.36428833,81.98285675,78.94000244,79.5671463,69.06752014,173717600
7932,5/23/2012,79.64286041,81.82857513,79.0328598,81.50856781,70.7527771,146224400
7933,5/24/2012,82.26714325,82.35713959,80.17571259,80.76000214,70.1029892,124057500
7934,5/25/2012,80.65571594,80.83571625,79.78142548,80.32714081,69.72723389,82126800
7935,5/29/2012,81.55714417,82,80.75856781,81.75285339,70.96483612,95127200
7936,5/30/2012,81.31428528,82.85571289,80.93714142,82.73857117,71.82048035,132357400
7937,5/31/2012,82.96286011,83.07142639,81.637146,82.5328598,71.64187622,122918600
7938,6/1/2012,81.30857086,81.80714417,80.07428741,80.14142609,69.56604004,130246900
7939,6/4/2012,80.2142868,81.07142639,78.35713959,80.612854,69.97525024,139248900
7940,6/5/2012,80.181427,80.92428589,79.76142883,80.40428925,69.79420471,97053600
7941,6/6/2012,81.11000061,81.97856903,80.7857132,81.637146,70.86438751,100363900
7942,6/7/2012,82.47000122,82.47428894,81.5,81.67428589,70.89661407,94941700
7943,6/8/2012,81.65714264,82.94000244,81.2857132,82.90285492,71.96305847,86879100
7944,6/11/2012,83.95999908,84.07142639,81.51856995,81.59571075,70.82843781,147816200
7945,6/12/2012,82.06571198,82.37428284,80.95714569,82.30857086,71.44717407,108845100
7946,6/13/2012,82.07428741,82.63999939,81.48285675,81.73714447,70.95116425,73395000
7947,6/14/2012,81.60571289,81.92857361,81.03713989,81.6471405,70.87304688,86393300
7948,6/15/2012,81.57142639,82.08856964,81.36428833,82.01856995,71.19547272,83813800
7949,6/18/2012,81.56571198,83.98428345,81.48143005,83.6828537,72.64011383,110103000
7950,6/19/2012,83.34285736,84.2857132,83.30000305,83.91571808,72.8422699,90351100
7951,6/20/2012,84.02999878,84.17857361,82.97142792,83.67713928,72.63517761,89735800
7952,6/21/2012,83.63428497,84.03142548,82.49143219,82.52428436,71.63445282,81587800
7953,6/22/2012,82.72000122,83.16999817,82.20285797,83.15714264,72.18379974,71117900
7954,6/25/2012,82.47142792,82.82857513,81.48143005,81.53857422,70.77880096,76095600
7955,6/26/2012,81.61856842,82.06999969,81.04714203,81.71857452,70.93504333,69134100
7956,6/27/2012,82.14286041,82.39142609,81.70285797,82.07142639,71.24134827,50749300
7957,6/28/2012,81.66714478,82,80.80142975,81.29285431,70.56552124,70709100
7958,6/29/2012,82.57142639,83.42857361,82.0357132,83.42857361,72.41940308,105375200
7959,7/2/2012,83.5328598,84.78142548,83.37142944,84.64571381,73.47592926,100023000
7960,7/3/2012,84.98285675,85.7142868,84.85713959,85.62999725,74.3303299,60428200
7961,7/5/2012,85.79428864,87.76285553,85.66428375,87.13428497,75.63609314,121095800
7962,7/6/2012,86.72714233,86.91999817,85.94000244,86.55428314,75.13264465,104732600
7963,7/9/2012,86.47142792,87.69999695,86.30142975,87.69857025,76.12595367,94851400
7964,7/10/2012,88.28142548,88.55285645,86.47285461,86.887146,75.42160034,127989400
7965,7/11/2012,86.58856964,86.80857086,85.3171463,86.34714508,74.95284271,117330500
7966,7/12/2012,85.7485733,86.20999908,84.66857147,85.55714417,74.26708221,107010400
7967,7/13/2012,86.13571167,86.74143219,85.7142868,86.42428589,75.01979828,77856800
7968,7/16/2012,86.44571686,87.37428284,86.431427,86.70143127,75.26038361,75315100
7969,7/17/2012,87.25571442,87.35713959,86.16428375,86.70571136,75.26409149,73406200
7970,7/18/2012,86.65571594,86.90571594,86.22285461,86.60857391,75.17977905,63175000
7971,7/19/2012,87.32571411,87.90714264,86.57142639,87.76000214,76.17927551,109215400
7972,7/20/2012,87.57571411,87.77714539,86.24285889,86.32857513,74.93672943,99367800
7973,7/23/2012,84.91428375,86.55714417,83.95857239,86.26142883,74.87843323,121993900
7974,7/24/2012,86.76856995,87.09714508,85.5014267,85.84571075,74.51760101,141283100
7975,7/25/2012,82.06571198,82.97142792,81.42857361,82.13857269,71.29964447,219328200
7976,7/26/2012,82.82286072,82.91428375,81.48000336,82.12571716,71.28845215,101658200
7977,7/27/2012,82.14428711,83.69000244,81.65571594,83.59428406,72.56324768,100984100
7978,7/30/2012,84.41714478,85.63428497,83.97428894,85.00428772,73.7871933,94785600
7979,7/31/2012,86.17571259,87.38571167,86.1028595,87.2514267,75.73780823,115581900
7980,8/1/2012,87.98714447,88.05714417,86.14286041,86.68714142,75.24798584,96125400
7981,8/2/2012,86.12000275,87.24143219,85.75,86.82714081,75.36950684,83039600
7982,8/3/2012,87.66143036,88.2828598,87.36571503,87.95714569,76.3503952,86230200
7983,8/6/2012,88.18428802,89.26714325,87.89428711,88.93571472,77.19983673,75525800
7984,8/7/2012,88.9671402,89.2857132,88.29142761,88.70143127,76.99645233,72611700
7985,8/8/2012,88.48428345,89.12571716,88.15714264,88.55142975,76.86624146,61176500
7986,8/9/2012,88.26428223,88.818573,88.25714111,88.67571259,77.30463409,55410600
7987,8/10/2012,88.387146,88.82286072,88.38571167,88.81428528,77.42542267,48734700
7988,8/13/2012,89.05571747,90,89.0357132,90,78.45910645,69708100
7989,8/14/2012,90.26714325,91.23000336,90.02999878,90.24143219,78.66956329,85042300
7990,8/15/2012,90.18571472,90.57142639,89.67857361,90.11856842,78.56245422,64335600
7991,8/16/2012,90.17285919,90.9657135,90.07142639,90.90571594,79.24868774,63633500
7992,8/17/2012,91.42857361,92.59857178,91.25856781,92.58714294,80.7144928,110690300
7993,8/20/2012,92.85857391,95.02143097,92.84285736,95.02143097,82.83660889,153346200
7994,8/21/2012,95.83142853,96.41143036,92.90428925,93.72285461,81.7045517,203179900
7995,8/22/2012,93.48857117,95.57142639,92.58714294,95.55285645,83.29990387,141330700
7996,8/23/2012,95.15856934,95.69999695,94.44999695,94.66143036,82.52277374,105032200
7997,8/24/2012,94.2157135,95.63999939,93.65000153,94.74571228,82.5962677,109335100
7998,8/27/2012,97.14142609,97.26714325,96.22000122,96.52571106,84.147995,106752100
7999,8/28/2012,96.42571259,96.58571625,95.80999756,96.40000153,84.03840637,66854200
8000,8/29/2012,96.4642868,96.80999756,96.08571625,96.20999908,83.87277985,50701700
8001,8/30/2012,95.80571747,95.93571472,94.69285583,94.83856964,82.67720795,75674900
8002,8/31/2012,95.32142639,95.51428223,93.89286041,95.0342865,82.8478241,84580300
8003,9/4/2012,95.10857391,96.44857025,94.92857361,96.42428589,84.0595932,91973000
8004,9/5/2012,96.51000214,96.62142944,95.65714264,95.74714661,83.46927643,84093800
8005,9/6/2012,96.16714478,96.89857483,95.82857513,96.61000061,84.22148895,97799100
8006,9/7/2012,96.86428833,97.49714661,96.53857422,97.20571136,84.74082184,82416600
8007,9/10/2012,97.20714569,97.612854,94.58571625,94.67713928,82.53648376,121999500
8008,9/11/2012,95.01571655,95.72856903,93.7857132,94.37000275,82.26873016,125995800
8009,9/12/2012,95.26428223,95.69999695,93.7142868,95.68428802,83.41448975,178058300
8010,9/13/2012,96.76714325,97.92857361,96.39571381,97.568573,85.05714417,149590000
8011,9/14/2012,98.56571198,99.568573,98.26999664,98.75428772,86.09080505,150118500
8012,9/17/2012,99.90714264,99.97142792,99.23000336,99.96857452,87.14936066,99507800
8013,9/18/2012,99.98285675,100.3328552,99.48857117,100.2728577,87.41464233,93375800
8014,9/19/2012,100.0371399,100.5699997,99.93856812,100.3000031,87.43832397,81718700
8015,9/20/2012,99.87999725,100.0085678,99.08856964,99.81428528,87.01487732,84142100
8016,9/21/2012,100.3442841,100.7242889,99.90856934,100.0128555,87.1880188,142897300
8017,9/24/2012,98.12285614,99.30285645,97.57142639,98.68428802,86.02979279,159941600
8018,9/25/2012,98.32286072,98.96857452,96.14286041,96.22000122,83.88149261,129697400
8019,9/26/2012,95.5342865,96.09857178,94.45714569,95.02571106,82.84037781,144125800
8020,9/27/2012,94.89857483,97.45285797,94.33571625,97.33142853,84.85040283,148522500
8021,9/28/2012,96.9642868,97.30142975,95.25,95.30000305,83.0794754,133777700
8022,10/1/2012,95.87999725,96.67857361,93.7857132,94.19857025,82.11927795,135898700
8023,10/2/2012,94.54428864,95.19285583,92.94999695,94.47285461,82.35839081,156998100
8024,10/3/2012,94.98000336,95.98000336,94.66143036,95.92142487,83.62120819,106070300
8025,10/4/2012,95.89286041,96.32142639,95.07857513,95.25714111,83.042099,92681400
8026,10/5/2012,95.02857208,95.14286041,93.04000092,93.22714233,81.27242279,148501500
8027,10/8/2012,92.41143036,92.50856781,90.87285614,91.16714478,79.47655487,159498500
8028,10/9/2012,91.23571777,91.4985733,89.07857513,90.83571625,79.18763733,209649300
8029,10/10/2012,91.39142609,92.13999939,91,91.55857086,79.81781769,127589000
8030,10/11/2012,92.35713959,92.45714569,89.72856903,89.72856903,78.22247314,136520300
8031,10/12/2012,89.93714142,90.76856995,89.32857513,89.95857239,78.42299652,115003700
8032,10/15/2012,90.33571625,90.73285675,89.12142944,90.68000031,79.0519104,108125500
8033,10/16/2012,90.76714325,92.90000153,90.14286041,92.82714081,80.92369843,137442900
8034,10/17/2012,92.69571686,93.25571442,92,92.08714294,80.27859497,97259400
8035,10/18/2012,91.37000275,91.72285461,90,90.37714386,78.78786469,119156100
8036,10/19/2012,90.15000153,90.25285339,87.08856964,87.12000275,75.94841003,186021500
8037,10/22/2012,87.48857117,90.76856995,87.2514267,90.57571411,78.96099091,136682700
8038,10/23/2012,90.14286041,90.55714417,87.38571167,87.62285614,76.38678741,176786400
8039,10/24/2012,88.77714539,89.50714111,87.23428345,88.11856842,76.81894684,139631800
8040,10/25/2012,88.57142639,88.85713959,86.50714111,87.07714081,75.91105652,164081400
8041,10/26/2012,87.06143188,87.7142868,84.42857361,86.2857132,75.22111511,254608200
8042,10/31/2012,84.98285675,85.99428558,83.95714569,85.04571533,74.1401062,127500800
8043,11/1/2012,85.45999908,86.14286041,84.88143158,85.22000122,74.29206085,90324500
8044,11/2/2012,85.12714386,85.27857208,82.10713959,82.40000153,71.83365631,149843400
8045,11/5/2012,83.36000061,83.9671402,82.51428223,83.51714325,72.80757141,132283900
8046,11/6/2012,84.318573,84.39142609,82.87000275,83.26428223,72.58712006,93729300
8047,11/7/2012,81.97714233,82.07714081,79.39286041,79.7142868,69.80975342,198412200
8048,11/8/2012,80.08999634,80.318573,76.47000122,76.82142639,67.27632141,264036500
8049,11/9/2012,77.20285797,79.26856995,76.24571228,78.15142822,68.44107056,232478400
8050,11/12/2012,79.16428375,79.2142868,76.94999695,77.54714203,67.91186523,128950500
8051,11/13/2012,76.98714447,78.63999939,76.62285614,77.55714417,67.92061615,133237300
8052,11/14/2012,77.92857361,78.20714569,76.59714508,76.69714355,67.16747284,119292600
8053,11/15/2012,76.79000092,77.07142639,74.66000366,75.08856964,65.75878906,197477700
8054,11/16/2012,75.02857208,75.7142868,72.25,75.38285828,66.01647186,316723400
8055,11/19/2012,77.24428558,81.07142639,77.12571716,80.818573,70.77681732,205829400
8056,11/20/2012,81.70143127,81.70714569,79.22571564,80.12999725,70.17379761,160688500
8057,11/21/2012,80.60713959,81.05285645,79.51428223,80.24285889,70.27263641,93250500
8058,11/23/2012,81.02428436,81.7142868,80.37142944,81.64286041,71.49868774,68206600
8059,11/26/2012,82.27143097,84.2857132,81.95857239,84.21857452,73.75437164,157644900
8060,11/27/2012,84.22142792,84.34571075,82.87142944,83.54000092,73.16011047,133332500
8061,11/28/2012,82.4671402,83.68571472,81.7514267,83.27714539,72.92992401,130216100
8062,11/29/2012,84.3171463,84.89286041,83.60713959,84.19428253,73.73309326,128674700
8063,11/30/2012,83.82714081,84.05714417,83.23999786,83.61142731,73.22264862,97829900
8064,12/3/2012,84.80714417,84.94142914,83.64286041,83.74143219,73.3365097,91070000
8065,12/4/2012,83.11428833,83.11428833,81.73285675,82.26428223,72.04289246,139267100
8066,12/5/2012,81.27285767,81.32142639,76.9671402,76.97000122,67.40642548,261159500
8067,12/6/2012,75.56285858,79.04428864,74.08999634,78.17713928,68.46359253,294303100
8068,12/7/2012,79.05714417,79.31428528,75.7142868,76.17857361,66.71334839,196760200
8069,12/10/2012,75,76.93000031,74.51142883,75.68856812,66.28422546,157621100
8070,12/11/2012,77.11000061,78.50856781,76.76714325,77.34143066,67.73169708,148086400
8071,12/12/2012,78.25285339,78.2857132,76.61000061,77,67.43270111,121786000
8072,12/13/2012,75.87857056,76.80571747,75.11428833,75.66999817,66.26795197,156314900
8073,12/14/2012,73.5357132,74.01856995,72.22571564,72.82714081,63.77829742,252394800
8074,12/17/2012,72.70428467,74.2857132,71.60428619,74.11856842,64.90930939,189401800
8075,12/18/2012,75,76.41428375,74.32142639,76.27143097,66.79465485,156421300
8076,12/19/2012,75.92428589,76.24285889,75.07142639,75.18714142,65.8451004,112342300
8077,12/20/2012,75.7142868,75.74285889,74.12571716,74.5328598,65.27210999,120422400
8078,12/21/2012,73.20999908,74.23857117,72.89142609,74.19000244,64.97186279,149067100
8079,12/24/2012,74.33571625,74.89286041,74.10142517,74.30999756,65.07695007,43938300
8080,12/26/2012,74.14286041,74.20857239,73.01714325,73.2857132,64.17993927,75609100
8081,12/27/2012,73.362854,73.75,72.09428406,73.58000183,64.43763733,113780100
8082,12/28/2012,72.89857483,73.49714661,72.58856964,72.79856873,63.75329971,88569600
8083,12/31/2012,72.9328537,76.48571777,72.7142868,76.02428436,66.57821655,164873100
8084,1/2/2013,79.11714172,79.2857132,77.37571716,78.4328537,68.68753815,140129500
8085,1/3/2013,78.26856995,78.52428436,77.2857132,77.44285583,67.82052612,88241300
8086,1/4/2013,76.70999908,76.94714355,75.11856842,75.2857132,65.93140411,148583400
8087,1/7/2013,74.57142639,75.61428833,73.59999847,74.84285736,65.54360199,121039100
8088,1/8/2013,75.60142517,75.98428345,74.4642868,75.04428864,65.71999359,114676800
8089,1/9/2013,74.64286041,75.0014267,73.71286011,73.87142944,64.69286346,101901100
8090,1/10/2013,75.50714111,75.53142548,73.64571381,74.78713989,65.49479675,150286500
8091,1/11/2013,74.42857361,75.04571533,74.14571381,74.32857513,65.09319305,87626700
8092,1/14/2013,71.81143188,72.5,71.2157135,71.67857361,62.77246094,183551900
8093,1/15/2013,71.18571472,71.2842865,69.05428314,69.41714478,60.79201889,219193100
8094,1/16/2013,70.66285706,72.77714539,70.35713959,72.29856873,63.31544113,172701200
8095,1/17/2013,72.90142822,72.9642868,71.71857452,71.81143188,62.88881302,113419600
8096,1/18/2013,71.2171402,71.74571228,70.91428375,71.42857361,62.55352402,118230700
8097,1/22/2013,72.08000183,72.55428314,70.94714355,72.11000061,63.15029907,115386600
8098,1/23/2013,72.68714142,73.56999969,72.11000061,73.43000031,64.30627441,215377400
8099,1/24/2013,65.7142868,66.5328598,64.32142639,64.35713959,56.36072159,365213100
8100,1/25/2013,64.52714539,65.17571259,62.1428566,62.84000015,55.03209305,302006600
8101,1/28/2013,62.54714203,64.74428558,62.26571274,64.26142883,56.27690506,196379400
8102,1/29/2013,65.5,65.74285889,64.58856964,65.4671402,57.33281708,142789500
8103,1/30/2013,65.2857132,66.08571625,64.92857361,65.26142883,57.15266418,104288800
8104,1/31/2013,65.2828598,65.61142731,64.99714661,65.06999969,56.98501205,79833600
8105,2/1/2013,65.58714294,65.63999939,64.05000305,64.80285645,56.75106812,134871100
8106,2/4/2013,64.84428406,65.13428497,63.1428566,63.18857193,55.33734512,119279300
8107,2/5/2013,63.43571472,65.67713928,63.17428589,65.40571594,57.2790184,143336900
8108,2/6/2013,65.20999908,66.64286041,64.65428925,65.33571625,57.21770859,148426600
8109,2/7/2013,66.17857361,67.14286041,64.87428284,66.88857269,58.91902924,176145200
8110,2/8/2013,67.7142868,68.40142822,66.89286041,67.85428619,59.76966095,158289600
8111,2/11/2013,68.07142639,69.27714539,67.60713959,68.56143188,60.39255524,129372600
8112,2/12/2013,68.5014267,68.91143036,66.81999969,66.84285736,58.87874222,152263300
8113,2/13/2013,66.74428558,67.66285706,66.17428589,66.7157135,58.76675797,118801900
8114,2/14/2013,66.36000061,67.37714386,66.28857422,66.65571594,58.71389771,88818800
8115,2/15/2013,66.97856903,67.16571808,65.70285797,65.73714447,57.90477753,97936300
8116,2/19/2013,65.87142944,66.10428619,64.83571625,65.71286011,57.88338089,108945900
8117,2/20/2013,65.38428497,65.38428497,64.11428833,64.12142944,56.4815712,119075600
8118,2/21/2013,63.7142868,64.16714478,63.25999832,63.72285843,56.13049316,111795600
8119,2/22/2013,64.17857361,64.51428223,63.79999924,64.40142822,56.72821045,82663700
8120,2/25/2013,64.83571625,65.01714325,63.22428513,63.25714111,55.72026443,93144800
8121,2/26/2013,63.40285873,64.50571442,62.52285767,64.13857269,56.49666977,125374900
8122,2/27/2013,64.06143188,64.63428497,62.95000076,63.50999832,55.94299698,146837600
8123,2/28/2013,63.43571472,63.98143005,63.05714417,63.05714417,55.54409027,80628800
8124,3/1/2013,62.57143021,62.59714127,61.42571259,61.49571609,54.16870499,138112100
8125,3/4/2013,61.11428452,61.17142868,59.8571434,60.00714111,52.85747528,145688900
8126,3/5/2013,60.2114296,62.16999817,60.1071434,61.59142685,54.25300598,159608400
8127,3/6/2013,62.0728569,62.17856979,60.63285828,60.80857086,53.5634346,115062500
8128,3/7/2013,60.6428566,61.7157135,60.15142822,61.51142883,54.18254089,117118400
8129,3/8/2013,61.40000153,62.20428467,61.22999954,61.67428589,54.32600784,97870500
8130,3/11/2013,61.3928566,62.7157135,60.73428726,62.55285645,55.09989166,118559000
8131,3/12/2013,62.22857285,62.69714355,61.08142853,61.20428467,53.91199875,116477900
8132,3/13/2013,61.20714188,62.07143021,60.76571274,61.19285583,53.90192032,101387300
8133,3/14/2013,61.83285904,62.09142685,61.49285889,61.7857132,54.42415619,75968900
8134,3/15/2013,62.56142807,63.4614296,62.4642868,63.38000107,55.82847977,160990200
8135,3/18/2013,63.06428528,65.35142517,63.02857208,65.1028595,57.34607315,151549300
8136,3/19/2013,65.64286041,65.8528595,64.07142639,64.92713928,57.19127655,131693800
8137,3/20/2013,65.34571075,65.37571716,64.22714233,64.58285522,56.88801193,77165200
8138,3/21/2013,64.3171463,65.42571259,64.30000305,64.67571259,56.96980286,95813900
8139,3/22/2013,64.94000244,66.01428223,64.73000336,65.98714447,58.12499619,98776300
8140,3/25/2013,66.38428497,67.13571167,65.96857452,66.22571564,58.3351326,125283900
8141,3/26/2013,66.49143219,66.54856873,65.79000092,65.87714386,58.02809525,73573500
8142,3/27/2013,65.20857239,65.25714111,64.38999939,64.58285522,56.88801193,82809300
8143,3/28/2013,64.26000214,64.54571533,63.08856964,63.23714447,55.70264053,110709900
8144,4/1/2013,63.12857056,63.38571548,61.10571289,61.27285767,53.97239304,97433000
8145,4/2/2013,61.08571243,62.59142685,60.91428757,61.39857101,54.08312988,132379800
8146,4/3/2013,61.62428665,62.46857071,61.47285843,61.71285629,54.35997391,90804000
8147,4/4/2013,61.9657135,62.1428566,60.75,61.10285568,53.82264709,89611900
8148,4/5/2013,60.6428566,60.70714188,59.95428467,60.45714188,53.25387573,95923800
8149,4/8/2013,60.69285583,61.07143021,60.35571289,60.88714218,53.63264084,75207300
8150,4/9/2013,60.90857315,61.2142868,60.3928566,60.99714279,53.72953796,76653500
8151,4/10/2013,61.15714264,62.43714142,60.8585701,62.24142838,54.82557678,93982000
8152,4/11/2013,61.95999908,62.56999969,61.59999847,62.04714203,54.65443802,82091100
8153,4/12/2013,62.02142715,62.02142715,61.29857254,61.40000153,54.08439255,59653300
8154,4/15/2013,61,61.12714386,59.93571472,59.97857285,52.8323288,79380000
8155,4/16/2013,60.22428513,60.94428635,60.08142853,60.8914299,53.6364212,76442800
8156,4/17/2013,60.0385704,60.08571243,56.87285614,57.54285812,50.68681335,236264000
8157,4/18/2013,57.85571289,57.97000122,55.6771431,56.00714111,49.33407593,166574800
8158,4/19/2013,55.42428589,57.08571243,55.01428604,55.79000092,49.14281082,152318600
8159,4/22/2013,56.09142685,57.45714188,55.89571381,56.95285797,50.16711807,107480100
8160,4/23/2013,57.71285629,58.34000015,56.97285843,58.01856995,51.10584641,166059600
8161,4/24/2013,56.22000122,59.32143021,56.07143021,57.92285538,51.0215416,242412800
8162,4/25/2013,58.74714279,59.13428497,58.1428566,58.34000015,51.38898849,96209400
8163,4/26/2013,58.54428482,59.82428741,58.32143021,59.59999847,52.49885941,191024400
8164,4/29/2013,60.06428528,61.94571304,60,61.44571304,54.12465286,160081600
8165,4/30/2013,62.15714264,63.6071434,61.72428513,63.25428391,55.71773529,172884600
8166,5/1/2013,63.49428558,63.56142807,62.05571365,62.75571442,55.27857208,126727300
8167,5/2/2013,63.11142731,64.08428192,62.94714355,63.64571381,56.06253433,105457100
8168,5/3/2013,64.47285461,64.74714661,64.16428375,64.2828598,56.62375641,90325200
8169,5/6/2013,65.10142517,66.02857208,64.90142822,65.81571198,57.97399139,124160400
8170,5/7/2013,66.42428589,66.5357132,64.81428528,65.52285767,57.71603394,120938300
8171,5/8/2013,65.57714081,66.48143005,65.11571503,66.26285553,58.36785889,118149500
8172,5/9/2013,65.68714142,66.14286041,65.08285522,65.25285339,57.85863495,99621900
8173,5/10/2013,65.42428589,65.67285919,64.35428619,64.70999908,57.37730789,83713000
8174,5/13/2013,64.5014267,65.41428375,64.5,64.96286011,57.60150528,79237200
8175,5/14/2013,64.83571625,65.02857208,63.16428757,63.40857315,56.22334671,111779500
8176,5/15/2013,62.73714447,63,60.33714294,61.26428604,54.32204056,185403400
8177,5/16/2013,60.46285629,62.54999924,59.84285736,62.08285904,55.04786301,150801000
8178,5/17/2013,62.72142792,62.86999893,61.5728569,61.89428711,54.88065338,106976100
8179,5/20/2013,61.70142746,63.68571472,61.44285583,63.27571487,56.1055336,112894600
8180,5/21/2013,62.59285736,63.63999939,62.02857208,62.80857086,55.69133759,114005500
8181,5/22/2013,63.43571472,64.05000305,62.60285568,63.04999924,55.90539932,110759600
8182,5/23/2013,62.27857208,63.73714447,62.25571442,63.16285706,56.00547791,88255300
8183,5/24/2013,62.97857285,63.66571426,62.90857315,63.59285736,56.38674545,69041700
8184,5/28/2013,64.27143097,64.44428253,62.97857285,63.06285858,55.91680527,96536300
8185,5/29/2013,62.8571434,63.92856979,62.77142715,63.56428528,56.36140442,82644100
8186,5/30/2013,63.66428757,64.92857361,63.5014267,64.51142883,57.20123291,88379900
8187,5/31/2013,64.64286041,65.30000305,64.2142868,64.24714661,56.96688461,96075700
8188,6/3/2013,64.38999939,64.62285614,63.2114296,64.38857269,57.09230042,93088100
8189,6/4/2013,64.74571228,64.91857147,63.91285706,64.18714142,56.91368866,73182200
8190,6/5/2013,63.66428757,64.38857269,63.38714218,63.58714294,56.38167572,72647400
8191,6/6/2013,63.63857269,63.8571434,62.00714111,62.63714218,55.53931808,104233500
8192,6/7/2013,62.3571434,63.31999969,61.82428741,63.11571503,55.96367264,101133900
8193,6/10/2013,63.53285599,64.15428925,62.40000153,62.69857025,55.59380341,112538300
8194,6/11/2013,62.2485733,63.2514267,61.90285873,62.51428604,55.43039322,71528100
8195,6/12/2013,62.7857132,63.0357132,61.6428566,61.74142838,54.745121,66306800
8196,6/13/2013,61.7857132,62.44857025,61.25,62.27999878,55.22264862,71458100
8197,6/14/2013,62.20000076,62.32714462,61.2142868,61.43571472,54.47404099,67966500
8198,6/17/2013,61.63428497,62.24285889,61.47999954,61.7142868,54.72105026,64853600
8199,6/18/2013,61.65142822,62.12857056,61.45857239,61.681427,54.69190216,48756400
8200,6/19/2013,61.62857056,61.66571426,60.42856979,60.42856979,53.5810318,77735000
8201,6/20/2013,59.90000153,60.85428619,59.31000137,59.54857254,52.8007431,89327700
8202,6/21/2013,59.7842865,60,58.29999924,59.07143021,52.37767029,120279600
8203,6/24/2013,58.20000076,58.38000107,56.86428452,57.50571442,50.98937225,120186500
8204,6/25/2013,57.95714188,58.25571442,56.97571564,57.51856995,51.00076675,78540700
8205,6/26/2013,57.70000076,57.82714462,56.52285767,56.86714172,50.42316818,91931000
8206,6/27/2013,57.0357132,57.34142685,56.22000122,56.25428391,49.87976074,84311500
8207,6/28/2013,55.90857315,57.181427,55.55285645,56.64714432,50.22809601,144629100
8208,7/1/2013,57.52714157,58.89571381,57.31714249,58.45999908,51.83553314,97763400
8209,7/2/2013,58.56571579,60.23285675,58.49571609,59.7842865,53.00975037,117466300
8210,7/3/2013,60.12285614,60.42571259,59.63571548,60.11428452,53.30234909,60232200
8211,7/5/2013,60.05571365,60.47000122,59.33571243,59.63142776,52.87421036,68506200
8212,7/8/2013,60.01571274,60.1428566,58.66428757,59.29285812,52.57400131,74534600
8213,7/9/2013,59.08571243,60.5,58.62571335,60.33571243,53.49868393,88146100
8214,7/10/2013,59.94285583,60.68571472,59.75,60.10428619,53.29349136,70351400
8215,7/11/2013,60.42142868,61.17856979,60.16714096,61.04142761,54.12442398,81573100
8216,7/12/2013,61.09285736,61.39857101,60.48714447,60.93000031,54.02563095,69890800
8217,7/15/2013,60.7157135,61.63714218,60.68571472,61.06285858,54.14344025,60479300
8218,7/16/2013,60.931427,61.52999878,60.59571457,61.45714188,54.49303818,54134500
8219,7/17/2013,61.38571548,61.74571609,61.17428589,61.47285843,54.50697327,49747600
8220,7/18/2013,61.91143036,62.12428665,61.51571274,61.68000031,54.69064331,54719700
8221,7/19/2013,61.87142944,61.99714279,60.62142944,60.70714188,53.82803345,67180400
8222,7/22/2013,61.35142899,61.3928566,60.78142929,60.90142822,54.00030518,51949100
8223,7/23/2013,60.8571434,60.99428558,59.81571579,59.85571289,53.07308197,92348900
8224,7/24/2013,62.70428467,63.51285553,62.18000031,62.93000031,55.7990036,147984200
8225,7/25/2013,62.95714188,63.05714417,62.25857162,62.6428566,55.54441071,57373400
8226,7/26/2013,62.18571472,63.00571442,62.04857254,62.9985733,55.85980606,50038100
8227,7/29/2013,62.97142792,64.2842865,62.88571548,63.97000122,56.72116089,62014400
8228,7/30/2013,64.27999878,65.30714417,64.17571259,64.76000214,57.4216423,77355600
8229,7/31/2013,64.9985733,65.33428192,64.20428467,64.6471405,57.32155609,80739400
8230,8/1/2013,65.10713959,65.25714111,64.7514267,65.23999786,57.84723663,51562700
8231,8/2/2013,65.43000031,66.12142944,65.23714447,66.07714081,58.58951569,68695900
8232,8/5/2013,66.38428497,67.23857117,66.02143097,67.06428528,59.46478653,79713900
8233,8/6/2013,66.86000061,67.41285706,66.02428436,66.4642868,58.93280411,83714400
8234,8/7/2013,66.25714111,66.7142868,65.9671402,66.42571259,58.89859772,74714500
8235,8/8/2013,66.26571655,66.30000305,65.42142487,65.85857391,58.78129578,63944300
8236,8/9/2013,65.51999664,65.77999878,64.80714417,64.92142487,57.94484711,66716300
8237,8/12/2013,65.26571655,66.94999695,65.23285675,66.76571655,59.59095383,91108500
8238,8/13/2013,67.27714539,70.66571808,66.86428833,69.93856812,62.42282486,220485300
8239,8/14/2013,71.12571716,72.0357132,70.48571777,71.2142868,63.56146622,189093100
8240,8/15/2013,70.91714478,71.77143097,69.86856842,71.12999725,63.48624039,122573500
8241,8/16/2013,71.44999695,71.84857178,71.26571655,71.76142883,64.04981232,90576500
8242,8/19/2013,72.04856873,73.39142609,72,72.5342865,64.73962402,127629600
8243,8/20/2013,72.81571198,72.93856812,71.54571533,71.58142853,63.88916779,89672100
8244,8/21/2013,71.94142914,72.44999695,71.59999847,71.76571655,64.05363464,83969900
8245,8/22/2013,72.13999939,72.22714233,71.17142487,71.85142517,64.13014984,61051900
8246,8/23/2013,71.89571381,71.90714264,71.33571625,71.57428741,63.8827858,55682900
8247,8/26/2013,71.5357132,72.88571167,71.5,71.8528595,64.13140869,82741400
8248,8/27/2013,71.14286041,71.78713989,69.47142792,69.79856873,62.29787827,106047200
8249,8/28/2013,69.42857361,70.82857513,69.42857361,70.12857056,62.5924263,76902000
8250,8/29/2013,70.23571777,70.92857361,70.16143036,70.24285889,62.69442749,59914400
8251,8/30/2013,70.2857132,70.42142487,69.5,69.6028595,62.12321091,68074300
8252,9/3/2013,70.44285583,71.51428223,69.62142944,69.79714203,62.29661942,82982200
8253,9/4/2013,71.36571503,71.7485733,70.8971405,71.24143219,63.58568573,86258200
8254,9/5/2013,71.4642868,71.52571106,70.51999664,70.75285339,63.14961243,59091900
8255,9/6/2013,71.20571136,71.33999634,69.99285889,71.17428589,63.52574921,89881400
8256,9/9/2013,72.14286041,72.55999756,71.92571259,72.30999756,64.53942108,85171800
8257,9/10/2013,72.31428528,72.49285889,69.92857361,70.66285706,63.06930923,185798900
8258,9/11/2013,66.7157135,67.66999817,66.40142822,66.81571198,59.63557816,224674100
8259,9/12/2013,66.92857361,67.91428375,66.57286072,67.52714539,60.27056122,101012800
8260,9/13/2013,67.04856873,67.40428925,66.38571167,66.41428375,59.2772789,74708900
8261,9/16/2013,65.85713959,65.94428253,63.88857269,64.30285645,57.39274597,135926700
8262,9/17/2013,63.99428558,65.67285919,63.92856979,65.04571533,58.05578613,99845200
8263,9/18/2013,66.16857147,66.62142944,65.80857086,66.38285828,59.24923706,114215500
8264,9/19/2013,67.24285889,67.97571564,67.0357132,67.47142792,60.22081375,101135300
8265,9/20/2013,68.2857132,68.36428833,66.57142639,66.77285767,59.59732819,174825700
8266,9/23/2013,70.87142944,70.98714447,68.94285583,70.09143066,62.55927658,190526700
8267,9/24/2013,70.69714355,70.78142548,69.68856812,69.87142944,62.36290741,91086100
8268,9/25/2013,69.88571167,69.94857025,68.77571106,68.79000092,61.39771652,79239300
8269,9/26/2013,69.42857361,69.79428864,69.12857056,69.45999908,61.99569321,59305400
8270,9/27/2013,69.11142731,69.23857117,68.67428589,68.9642868,61.5532608,57010100
8271,9/30/2013,68.17857361,68.80857086,67.77285767,68.10713959,60.78820801,65039100
8272,10/1/2013,68.34999847,69.87714386,68.33999634,69.70857239,62.21754837,88470900
8273,10/2/2013,69.37571716,70.25714111,69.10713959,69.93714142,62.42155838,72296000
8274,10/3/2013,70.07286072,70.33571625,68.67713928,69.05857086,61.6374054,80688300
8275,10/4/2013,69.12285614,69.22856903,68.37142944,69.00428772,61.58895874,64717100
8276,10/7/2013,69.50856781,70.37857056,69.33571625,69.67857361,62.19078827,78073100
8277,10/8/2013,69.99143219,70.09143066,68.64857483,68.70571136,61.3224678,72729300
8278,10/9/2013,69.23428345,69.68428802,68.32571411,69.51285553,62.0428772,75431300
8279,10/10/2013,70.18856812,70.33999634,69.57714081,69.94857025,62.43177795,69650700
8280,10/11/2013,69.56999969,70.54856873,69.30857086,70.40142822,62.83596039,66934700
8281,10/14/2013,69.97571564,71.08285522,69.90714264,70.862854,63.24780273,65474500
8282,10/15/2013,71.07286072,71.7142868,70.78857422,71.23999786,63.58441162,80018400
8283,10/16/2013,71.54142761,71.79000092,71.318573,71.58714294,63.89424896,62775300
8284,10/17/2013,71.42571259,72.11142731,71.38285828,72.07142639,64.32649231,63398300
8285,10/18/2013,72.2842865,72.7514267,72.24428558,72.69857025,64.88624573,72635500
8286,10/21/2013,73.11000061,74.90000153,73.07428741,74.48000336,66.47625732,99526700
8287,10/22/2013,75.20143127,75.49285889,72.57571411,74.26714325,66.28624725,133515900
8288,10/23/2013,74.14286041,75.09571075,74.14286041,74.99428558,66.93526459,78430800
8289,10/24/2013,75,76.0671463,74.63571167,75.98714447,67.82142639,96191200
8290,10/25/2013,75.90285492,76.17571259,75.01571655,75.137146,67.06276703,84448000
8291,10/28/2013,75.57714081,75.85713959,74.74428558,75.69714355,67.56259155,137610200
8292,10/29/2013,76.61000061,77.0357132,73.50571442,73.81143188,65.87950134,158951800
8293,10/30/2013,74.23000336,75.36000061,73.86000061,74.98571777,66.92763519,88540900
8294,10/31/2013,75,75.35571289,74.4671402,74.67142487,66.64710236,68924100
8295,11/1/2013,74.86000061,74.97142792,73.69142914,74.29000092,66.30664825,68722500
8296,11/4/2013,74.44285583,75.26000214,74.11571503,75.25,67.16349792,61156900
8297,11/5/2013,74.94000244,75.55571747,74.7142868,75.06428528,66.9977417,66303300
8298,11/6/2013,74.87857056,74.98000336,74.02857208,74.41714478,66.8079071,55843900
8299,11/7/2013,74.22571564,74.74143219,73.19714355,73.21286011,65.72676849,65655100
8300,11/8/2013,73.51142883,74.44714355,73.22714233,74.36571503,66.76174927,69829200
8301,11/11/2013,74.2842865,74.52428436,73.48714447,74.15000153,66.56808472,56863100
8302,11/12/2013,73.95285797,74.84571075,73.85713959,74.28713989,66.69120026,51069200
8303,11/13/2013,74,74.60713959,73.85142517,74.37571716,66.77072144,49305200
8304,11/14/2013,74.68714142,75.61142731,74.55285645,75.45143127,67.73645782,70604800
8305,11/15/2013,75.22571564,75.58428192,74.92713928,74.9985733,67.32990265,79480100
8306,11/18/2013,74.9985733,75.31285858,74.02857208,74.08999634,66.51423645,61236000
8307,11/19/2013,74.1471405,74.76856995,73.99571228,74.22142792,66.63221741,52234700
8308,11/20/2013,74.17571259,74.34571075,73.47571564,73.57142639,66.0486908,48479200
8309,11/21/2013,73.94285583,74.45857239,73.38143158,74.44857025,66.83613586,65506700
8310,11/22/2013,74.2171402,74.59428406,74.07571411,74.25714111,66.66429138,55931400
8311,11/25/2013,74.431427,75.12428284,74.42857361,74.81999969,67.16959381,57327900
8312,11/26/2013,74.87428284,76.59143066,74.85713959,76.19999695,68.40847778,100345700
8313,11/27/2013,76.61571503,78,76.19999695,77.99428558,70.01929474,90862100
8314,11/29/2013,78.49714661,79.76142883,78.25856781,79.43856812,71.31588745,79531900
8315,12/2/2013,79.7142868,80.61856842,78.68856812,78.74714661,70.69517517,118136200
8316,12/3/2013,79.75714111,80.91143036,79.66857147,80.90285492,72.63044739,112742000
8317,12/4/2013,80.7857132,81.31285858,80.11714172,80.7142868,72.46116638,94452400
8318,12/5/2013,81.80714417,82.16285706,80.91571808,81.12857056,72.83310699,111895000
8319,12/6/2013,80.82714081,80.9642868,79.93856812,80.00285339,71.82247925,86088100
8320,12/9/2013,80.12857056,81.36856842,80.12857056,80.91857147,72.64457703,80123400
8321,12/10/2013,80.51142883,81.12571716,80.17142487,80.79285431,72.53170776,69567400
8322,12/11/2013,81,81.5671463,79.95571136,80.19428253,71.99433899,89929700
8323,12/12/2013,80.30571747,80.76285553,80.00428772,80.07714081,71.88919067,65572500
8324,12/13/2013,80.40714264,80.41143036,79.09571075,79.20428467,71.10556793,83205500
8325,12/16/2013,79.28857422,80.37714386,79.28713989,79.64286041,71.49931335,70648200
8326,12/17/2013,79.40142822,79.91999817,79.05428314,79.2842865,71.17739868,57475600
8327,12/18/2013,78.52857208,78.77857208,76.97142792,78.681427,70.63617706,141465800
8328,12/19/2013,78.5,78.57142639,77.67571259,77.77999878,69.82693481,80077200
8329,12/20/2013,77.91857147,78.80142975,77.83142853,78.431427,70.41173553,109103400
8330,12/23/2013,81.14286041,81.53142548,80.39428711,81.44142914,73.11397552,125326600
8331,12/24/2013,81.41285706,81.69714355,80.86142731,81.09571075,72.80360413,41888700
8332,12/26/2013,81.15714264,81.35713959,80.48285675,80.55714417,72.32009125,51002000
8333,12/27/2013,80.54571533,80.62999725,79.92857361,80.01285553,71.83144379,56471100
8334,12/30/2013,79.637146,80.01285553,78.90285492,79.2171402,71.11712646,63407400
8335,12/31/2013,79.16714478,80.1828537,79.14286041,80.14571381,71.95076752,55771100
8336,1/2/2014,79.38285828,79.57571411,78.86000061,79.01856995,70.93883514,58671200
8337,1/3/2014,78.98000336,79.09999847,77.20428467,77.2828598,69.38061523,98116900
8338,1/6/2014,76.77857208,78.11428833,76.22856903,77.70428467,69.75896454,103152700
8339,1/7/2014,77.76000214,77.99428558,76.84571075,77.14857483,69.26005554,79302300
8340,1/8/2014,76.97285461,77.93714142,76.95571136,77.637146,69.69869232,64632400
8341,1/9/2014,78.11428833,78.12285614,76.47856903,76.64571381,68.8086319,69787200
8342,1/10/2014,77.11856842,77.25714111,75.87285614,76.13428497,68.34946442,76244000
8343,1/13/2014,75.70143127,77.5,75.69714355,76.5328598,68.70729828,94623200
8344,1/14/2014,76.88857269,78.10428619,76.80857086,78.05571747,70.07444,83140400
8345,1/15/2014,79.07428741,80.02857208,78.80857086,79.62285614,71.48136139,97909700
8346,1/16/2014,79.27143097,79.55000305,78.81143188,79.17857361,71.08249664,57319500
8347,1/17/2014,78.7828598,78.86714172,77.12857056,77.23857117,69.34085083,106684900
8348,1/21/2014,77.2842865,78.58142853,77.20285797,78.43856812,70.41816711,82131700
8349,1/22/2014,78.70143127,79.612854,78.25856781,78.78713989,70.7310791,94996300
8350,1/23/2014,78.56285858,79.5,77.83000183,79.45428467,71.33001709,100809800
8351,1/24/2014,79.14286041,79.37428284,77.82142639,78.01000214,70.03342438,107338700
8352,1/27/2014,78.58142853,79.25714111,77.9642868,78.64286041,70.6015625,138719700
8353,1/28/2014,72.68000031,73.57142639,71.72428894,72.35713959,64.95856476,266380800
8354,1/29/2014,71.99285889,72.48143005,71.23143005,71.5357132,64.22112274,125702500
8355,1/30/2014,71.79142761,72.35713959,70.95714569,71.3971405,64.09672546,169625400
8356,1/31/2014,70.73999786,71.6471405,70.50714111,71.51428223,64.20189667,116199300
8357,2/3/2014,71.80142975,72.5328598,71.32857513,71.6471405,64.32115173,100366000
8358,2/4/2014,72.26428223,72.77999878,71.82286072,72.68428802,65.25224304,94170300
8359,2/5/2014,72.36571503,73.61142731,72.32142639,73.22714233,65.73960876,82086200
8360,2/6/2014,72.86571503,73.35713959,72.54428864,73.2157135,66.12277222,64441300
8361,2/7/2014,74.48285675,74.70428467,73.91143036,74.23999786,67.04785156,92570100
8362,2/10/2014,74.09428406,75.9985733,74,75.56999969,68.24897766,86389800
8363,2/11/2014,75.80142975,76.82142639,75.64286041,76.56571198,69.14823151,70564200
8364,2/12/2014,76.70714569,77.08000183,76.17713928,76.55999756,69.14308929,77025200
8365,2/13/2014,76.37999725,77.83571625,76.31428528,77.77571106,70.24100494,76849500
8366,2/14/2014,77.49571228,77.99714661,77.31571198,77.71286011,70.18425751,68231100
8367,2/18/2014,78,78.74143219,77.94428253,77.9985733,70.44229126,65062900
8368,2/19/2014,77.82142639,78.12714386,76.33571625,76.76714325,69.33016205,78442000
8369,2/20/2014,76.14142609,76.7142868,75.57142639,75.87857056,68.52767944,76464500
8370,2/21/2014,76.112854,76.36714172,74.94285583,75.0357132,67.76646423,69696200
8371,2/24/2014,74.73571777,75.70285797,74.63143158,75.36428833,68.06318665,72227400
8372,2/25/2014,75.62571716,75.65285492,74.42857361,74.58000183,67.3549118,57988000
8373,2/26/2014,74.80142975,75,73.65714264,73.90714264,66.74723816,69054300
8374,2/27/2014,73.87714386,75.54000092,73.72142792,75.38143158,68.07868195,75470500
8375,2/28/2014,75.58285522,76.10713959,74.58856964,75.17713928,67.89418793,92992200
8376,3/3/2014,74.77428436,75.80714417,74.68714142,75.39428711,68.09028625,59695300
8377,3/4/2014,75.85713959,76.09143066,75.39571381,75.89142609,68.53928375,64785000
8378,3/5/2014,75.84571075,76.39286041,75.58999634,76.05142975,68.68376923,50015700
8379,3/6/2014,76.112854,76.34857178,75.44285583,75.82142639,68.47605133,46372200
8380,3/7/2014,75.87000275,75.99714661,75.15000153,75.77714539,68.43605804,55182400
8381,3/10/2014,75.48000336,76.19000244,75.47714233,75.84571075,68.49798584,44646000
8382,3/11/2014,76.49285889,76.96286011,76.08428192,76.58428192,69.16500092,69806100
8383,3/12/2014,76.35857391,76.76428223,76,76.65856934,69.23209381,49831600
8384,3/13/2014,76.77714539,77.09428406,75.59428406,75.80714417,68.46315002,64435700
8385,3/14/2014,75.54142761,75.84143066,74.7142868,74.95571136,67.69421387,59299800
8386,3/17/2014,75.38571167,75.70999908,75.12142944,75.2485733,67.95870972,49886200
8387,3/18/2014,75.12857056,75.99571228,75.02857208,75.91428375,68.55991364,52411800
8388,3/19/2014,76.03713989,76.60571289,75.57142639,75.89428711,68.54187012,56189000
8389,3/20/2014,75.69857025,76.09571075,75.33571625,75.52857208,68.21157074,52099600
8390,3/21/2014,75.98999786,76.25,75.19000244,76.12428284,68.74954987,93511600
8391,3/24/2014,76.91714478,77.2142868,76.43714142,77.02714539,69.56495667,88925200
8392,3/25/2014,77.35713959,77.9642868,77.08428192,77.85571289,70.31326294,70573300
8393,3/26/2014,78.07428741,78.42857361,76.98000336,77.11142731,69.64107513,74942000
8394,3/27/2014,77.14571381,77.35713959,76.44571686,76.77999878,69.34176636,55507900
8395,3/28/2014,76.90285492,76.99143219,76.32142639,76.69428253,69.26436615,50141000
8396,3/31/2014,77.0328598,77.25856781,76.56143188,76.67713928,69.24887848,42167300
8397,4/1/2014,76.82286072,77.41000366,76.681427,77.37857056,69.88234711,50190000
8398,4/2/2014,77.48285675,77.63999939,77.18000031,77.50714111,69.99846649,45105200
8399,4/3/2014,77.34143066,77.5,76.80571747,76.97000122,69.51333618,40586000
8400,4/4/2014,77.11571503,77.14286041,75.79714203,75.97428894,68.61411285,68812800
8401,4/7/2014,75.431427,75.84285736,74.55571747,74.78142548,67.53682709,72462600
8402,4/8/2014,75.02714539,75.16000366,74.09999847,74.77714539,67.53294373,60972100
8403,4/9/2014,74.66285706,75.7842865,74.57428741,75.76000214,68.42059326,51542400
8404,4/10/2014,75.81143188,76.0342865,74.73857117,74.7828598,67.53810883,59913000
8405,4/11/2014,74.14286041,74.69000244,73.87714386,74.23000336,67.03881073,67929400
8406,4/14/2014,74.55714417,74.59428406,73.887146,74.52571106,67.30587006,51418500
8407,4/15/2014,74.32428741,74.51999664,73.04714203,73.99428558,66.8259201,66622500
8408,4/16/2014,74.00714111,74.44142914,73.44857025,74.14428711,66.96138763,53691400
8409,4/17/2014,74.2857132,75.39428711,74.17142487,74.99143219,67.72646332,71083600
8410,4/21/2014,75.04856873,76.01999664,74.85142517,75.88143158,68.53025055,45637200
8411,4/22/2014,75.47285461,75.97571564,75.2142868,75.95714569,68.59863281,50640800
8412,4/23/2014,75.58000183,75.87571716,74.92142487,74.9642868,67.70194244,98735000
8413,4/24/2014,81.17285919,81.42857361,80.10428619,81.11000061,73.25228119,189977900
8414,4/25/2014,80.6471405,81.71286011,80.56571198,81.70571136,73.79029083,97568800
8415,4/28/2014,81.82857513,85.10713959,81.79285431,84.87000275,76.64803314,167371400
8416,4/29/2014,84.81999969,85.13999939,84.2157135,84.61856842,76.42095947,84344400
8417,4/30/2014,84.66285706,85.63285828,84.25714111,84.29856873,76.13195801,114160200
8418,5/1/2014,84.57142639,84.97142792,83.76571655,84.49714661,76.31130981,61012000
8419,5/2/2014,84.62000275,84.88571167,84.24428558,84.65428925,76.45320892,47878600
8420,5/5/2014,84.30571747,85.85713959,84.2857132,85.85142517,77.53437805,71766800
8421,5/6/2014,85.97142792,86.34428406,84.91571808,84.91571808,76.68930817,93641100
8422,5/7/2014,85.0357132,85.32714081,83.96142578,84.61856842,76.42095947,70716100
8423,5/8/2014,84.0357132,84.91571808,83.77143097,83.9985733,76.28473663,57574300
8424,5/9/2014,83.50571442,83.75,82.90428925,83.64857483,75.96686554,72899400
8425,5/12/2014,83.92713928,84.80857086,83.91428375,84.69000244,76.91267395,53302200
8426,5/13/2014,84.57142639,84.93428802,84.38571167,84.82286072,77.0333252,39934300
8427,5/14/2014,84.63285828,85.34285736,84.5342865,84.83856964,77.04758453,41601000
8428,5/15/2014,84.95714569,85.22856903,84.00571442,84.11714172,76.39240265,57711500
8429,5/16/2014,84.08999634,85.36142731,83.62857056,85.35857391,77.51985931,69064100
8430,5/19/2014,85.40714264,86.76142883,85.33285522,86.37000275,78.43840027,79438800
8431,5/20/2014,86.35857391,86.62857056,85.818573,86.387146,78.45394897,58709000
8432,5/21/2014,86.26142883,86.67142487,86.00856781,86.61571503,78.6615448,49214900
8433,5/22/2014,86.65714264,87.12142944,86.30000305,86.75285339,78.78607941,50190000
8434,5/23/2014,86.75,87.818573,86.63857269,87.73285675,79.67608643,58052400
8435,5/27/2014,87.98285675,89.40856934,87.94714355,89.37571716,81.16808319,87216500
8436,5/28/2014,89.431427,89.97571564,89.11142731,89.14428711,80.957901,78870400
8437,5/29/2014,89.69285583,90.98143005,89.681427,90.76856995,82.43301392,94118500
8438,5/30/2014,91.13999939,92.02428436,89.84285736,90.42857361,82.12424469,141005200
8439,6/2/2014,90.56571198,90.69000244,88.92857361,89.80714417,81.55989075,92337700
8440,6/3/2014,89.77999878,91.2485733,89.75,91.07714081,82.71325684,73177300
8441,6/4/2014,91.06285858,92.55571747,90.87285614,92.11714172,83.65774536,83870500
8442,6/5/2014,92.31428528,92.76714325,91.80142975,92.47856903,83.98599243,75951400
8443,6/6/2014,92.84285736,93.03713989,92.0671463,92.22428894,83.75505066,87484600
8444,6/9/2014,92.69999695,93.87999725,91.75,93.69999695,85.09523773,75415000
8445,6/10/2014,94.73000336,95.05000305,93.56999969,94.25,85.59472656,62777000
8446,6/11/2014,94.12999725,94.76000214,93.47000122,93.86000061,85.24056244,45681000
8447,6/12/2014,94.04000092,94.12000275,91.90000153,92.29000092,83.81475067,54749000
8448,6/13/2014,92.19999695,92.44000244,90.87999725,91.27999878,82.8974762,54525000
8449,6/16/2014,91.51000214,92.75,91.44999695,92.19999695,83.73298645,35561000
8450,6/17/2014,92.30999756,92.69999695,91.80000305,92.08000183,83.62403107,29726000
8451,6/18/2014,92.26999664,92.29000092,91.34999847,92.18000031,83.71484375,33514000
8452,6/19/2014,92.29000092,92.30000305,91.33999634,91.86000061,83.42422485,35528000
8453,6/20/2014,91.84999847,92.55000305,90.90000153,90.91000366,82.56148529,100898000
8454,6/23/2014,91.31999969,91.62000275,90.59999847,90.83000183,82.48882294,43694000
8455,6/24/2014,90.75,91.73999786,90.19000244,90.27999878,81.98931122,39036000
8456,6/25/2014,90.20999908,90.69999695,89.65000153,90.36000061,82.06195831,36869000
8457,6/26/2014,90.37000275,91.05000305,89.80000305,90.90000153,82.55239105,32629000
8458,6/27/2014,90.81999969,92,90.76999664,91.98000336,83.53321075,64029000
8459,6/30/2014,92.09999847,93.73000336,92.08999634,92.93000031,84.39596558,49482300
8460,7/1/2014,93.51999664,94.06999969,93.12999725,93.51999664,84.9317627,38223000
8461,7/2/2014,93.87000275,94.05999756,93.08999634,93.48000336,84.89545441,28465000
8462,7/3/2014,93.66999817,94.09999847,93.19999695,94.02999878,85.39493561,22891800
8463,7/7/2014,94.13999939,95.98999786,94.09999847,95.97000122,87.15679169,56468000
8464,7/8/2014,96.26999664,96.80000305,93.91999817,95.34999847,86.59371948,65222000
8465,7/9/2014,95.44000244,95.94999695,94.76000214,95.38999939,86.63004303,36436000
8466,7/10/2014,93.76000214,95.55000305,93.51999664,95.04000092,86.31221008,39686000
8467,7/11/2014,95.36000061,95.88999939,94.86000061,95.22000122,86.47566986,34018000
8468,7/14/2014,95.86000061,96.88999939,95.65000153,96.44999695,87.59269714,42810000
8469,7/15/2014,96.80000305,96.84999847,95.02999878,95.31999969,86.56648254,45477900
8470,7/16/2014,96.97000122,97.09999847,94.73999786,94.77999878,86.07607269,53396300
8471,7/17/2014,95.02999878,95.27999878,92.56999969,93.08999634,84.54128265,57298000
8472,7/18/2014,93.62000275,94.73999786,93.01999664,94.43000031,85.75821686,49988000
8473,7/21/2014,94.98999786,95,93.72000122,93.94000244,85.31320953,39079000
8474,7/22/2014,94.68000031,94.88999939,94.12000275,94.72000122,86.02158356,55197000
8475,7/23/2014,95.41999817,97.87999725,95.16999817,97.19000244,88.26476288,92918000
8476,7/24/2014,97.04000092,97.31999969,96.41999817,97.02999878,88.11943817,45729000
8477,7/25/2014,96.84999847,97.83999634,96.63999939,97.66999817,88.70066833,43469000
8478,7/28/2014,97.81999969,99.23999786,97.55000305,99.01999664,89.92670441,55318000
8479,7/29/2014,99.33000183,99.44000244,98.25,98.37999725,89.34547424,43143000
8480,7/30/2014,98.44000244,98.69999695,97.66999817,98.15000153,89.13658905,33010000
8481,7/31/2014,97.16000366,97.44999695,95.33000183,95.59999847,86.82077789,56843000
8482,8/1/2014,94.90000153,96.62000275,94.80999756,96.12999725,87.30209351,48511000
8483,8/4/2014,96.37000275,96.58000183,95.16999817,95.58999634,86.8116684,39958000
8484,8/5/2014,95.36000061,95.68000031,94.36000061,95.12000275,86.38484955,55933000
8485,8/6/2014,94.75,95.48000336,94.70999908,94.95999908,86.2395401,38558000
8486,8/7/2014,94.93000031,95.94999695,94.09999847,94.48000336,86.23040771,46711000
8487,8/8/2014,94.26000214,94.81999969,93.27999878,94.73999786,86.46770477,41865000
8488,8/11/2014,95.26999664,96.08000183,94.83999634,95.98999786,87.60857391,36585000
8489,8/12/2014,96.04000092,96.87999725,95.61000061,95.97000122,87.5903244,33795000
8490,8/13/2014,96.15000153,97.23999786,96.04000092,97.23999786,88.74942017,31916000
8491,8/14/2014,97.33000183,97.56999969,96.80000305,97.5,88.98670959,28116000
8492,8/15/2014,97.90000153,98.19000244,96.86000061,97.98000336,89.42482758,48951000
8493,8/18/2014,98.48999786,99.37000275,97.98000336,99.16000366,90.50177002,47572000
8494,8/19/2014,99.41000366,100.6800003,99.31999969,100.5299988,91.75214386,69399000
8495,8/20/2014,100.4400024,101.0899963,99.94999695,100.5699997,91.78866577,52699000
8496,8/21/2014,100.5699997,100.9400024,100.1100006,100.5800018,91.79779053,33478000
8497,8/22/2014,100.2900009,101.4700012,100.1900024,101.3199997,92.47317505,44184000
8498,8/25/2014,101.7900009,102.1699982,101.2799988,101.5400009,92.67397308,40270000
8499,8/26/2014,101.4199982,101.5,100.8600006,100.8899994,92.08070374,33152000
8500,8/27/2014,101.0199966,102.5699997,100.6999969,102.1299973,93.21244049,52369000
8501,8/28/2014,101.5899963,102.7799988,101.5599976,102.25,93.32196808,68460000
8502,8/29/2014,102.8600006,102.9000015,102.1999969,102.5,93.55014801,44595000
8503,9/2/2014,103.0599976,103.7399979,102.7200012,103.3000031,94.28031158,53564000
8504,9/3/2014,103.0999985,103.1999969,98.58000183,98.94000244,90.30098724,125421000
8505,9/4/2014,98.84999847,100.0899963,97.79000092,98.12000275,89.55258179,85718000
8506,9/5/2014,98.80000305,99.38999939,98.30999756,98.97000122,90.32836914,58457000
8507,9/8/2014,99.30000305,99.30999756,98.05000305,98.36000061,89.77161407,46356700
8508,9/9/2014,99.08000183,103.0800018,96.13999939,97.98999786,89.43393707,189846300
8509,9/10/2014,98.01000214,101.1100006,97.76000214,101,92.1811142,100869600
8510,9/11/2014,100.4100037,101.4400024,99.62000275,101.4300003,92.57355499,62353100
8511,9/12/2014,101.2099991,102.1900024,101.0800018,101.6600037,92.78350067,62626100
8512,9/15/2014,102.8099976,103.0500031,101.4400024,101.6299973,92.75610352,61316500
8513,9/16/2014,99.80000305,101.2600021,98.88999939,100.8600006,92.05334473,66908100
8514,9/17/2014,101.2699966,101.8000031,100.5899963,101.5800018,92.71047974,60926500
8515,9/18/2014,101.9300003,102.3499985,101.5599976,101.7900009,92.90213013,37299400
8516,9/19/2014,102.2900009,102.3499985,100.5,100.9599991,92.14459991,70902400
8517,9/22/2014,101.8000031,102.1399994,100.5800018,101.0599976,92.23586273,52788400
8518,9/23/2014,100.5999985,102.9400024,100.5400009,102.6399994,93.67792511,63402200
8519,9/24/2014,102.1600037,102.8499985,101.1999969,101.75,92.8656311,60171800
8520,9/25/2014,100.5100021,100.7099991,97.72000122,97.87000275,89.32443237,100092000
8521,9/26/2014,98.52999878,100.75,98.40000153,100.75,91.95294952,62370500
8522,9/29/2014,98.65000153,100.4400024,98.62999725,100.1100006,91.36882782,49766300
8523,9/30/2014,100.8099976,101.5400009,100.5299988,100.75,91.95294952,55264100
8524,10/1/2014,100.5899963,100.6900024,98.69999695,99.18000031,90.52001953,51491300
8525,10/2/2014,99.26999664,100.2200012,98.04000092,99.90000153,91.17716217,47757800
8526,10/3/2014,99.44000244,100.2099991,99.04000092,99.62000275,90.92160034,43469600
8527,10/6/2014,99.94999695,100.6500015,99.41999817,99.62000275,90.92160034,37051200
8528,10/7/2014,99.43000031,100.1200027,98.73000336,98.75,90.12757111,42094200
8529,10/8/2014,98.76000214,101.1100006,98.30999756,100.8000031,91.99855804,57404700
8530,10/9/2014,101.5400009,102.3799973,100.6100006,101.0199966,92.19937134,77376500
8531,10/10/2014,100.6900024,102.0299988,100.3000031,100.7300034,91.93469238,66331600
8532,10/13/2014,101.3300018,101.7799988,99.80999756,99.80999756,91.09502411,53583400
8533,10/14/2014,100.3899994,100.5199966,98.56999969,98.75,90.12757111,63688600
8534,10/15/2014,97.97000122,99.15000153,95.18000031,97.54000092,89.02320862,100933600
8535,10/16/2014,95.55000305,97.72000122,95.41000366,96.26000214,87.85499573,72154500
8536,10/17/2014,97.5,99,96.80999756,97.66999817,89.14187622,68179700
8537,10/20/2014,98.31999969,99.95999908,98.22000122,99.76000214,91.04940796,77517300
8538,10/21/2014,103.0199966,103.0199966,101.2699966,102.4700012,93.52276611,94623900
8539,10/22/2014,102.8399963,104.1100006,102.5999985,102.9899979,93.9973526,68263100
8540,10/23/2014,104.0800018,105.0500031,103.6299973,104.8300018,95.67671204,71074700
8541,10/24/2014,105.1800003,105.4899979,104.5299988,105.2200012,96.03263855,47053900
8542,10/27/2014,104.8499985,105.4800034,104.6999969,105.1100006,95.93222809,34187700
8543,10/28/2014,105.4000015,106.7399979,105.3499985,106.7399979,97.41989899,48060900
8544,10/29/2014,106.6500015,107.3700027,106.3600006,107.3399963,97.96751404,52687900
8545,10/30/2014,106.9599991,107.3499985,105.9000015,106.9800034,97.63897705,40654800
8546,10/31/2014,108.0100021,108.0400009,107.2099991,108,98.56988525,44639300
8547,11/3/2014,108.2200012,110.3000031,108.0100021,109.4000015,99.84766388,52282600
8548,11/4/2014,109.3600006,109.4899979,107.7200012,108.5999985,99.11753845,41574400
8549,11/5/2014,109.0999985,109.3000031,108.1299973,108.8600006,99.35482025,37435900
8550,11/6/2014,108.5999985,108.7900009,107.8000031,108.6999969,99.63895416,34968500
8551,11/7/2014,108.75,109.3199997,108.5500031,109.0100021,99.92312622,33691500
8552,11/10/2014,109.0199966,109.3300018,108.6699982,108.8300018,99.75813293,27195500
8553,11/11/2014,108.6999969,109.75,108.4000015,109.6999969,100.5555954,27442300
8554,11/12/2014,109.3799973,111.4300003,109.3700027,111.25,101.9764023,46942400
8555,11/13/2014,111.8000031,113.4499969,111.5999985,112.8199997,103.4155121,59522900
8556,11/14/2014,113.1500015,114.1900024,111.2099991,114.1800003,104.6621857,44063600
8557,11/17/2014,114.2699966,117.2799988,113.3000031,113.9899979,104.4880066,46746700
8558,11/18/2014,113.9400024,115.6900024,113.8899994,115.4700012,105.8446426,44224000
8559,11/19/2014,115.4400024,115.7399979,113.8000031,114.6699982,105.1113358,41869200
8560,11/20/2014,114.9100037,116.8600006,114.8499985,116.3099976,106.6146164,43395500
8561,11/21/2014,117.5100021,117.5699997,116.0299988,116.4700012,106.7612686,57179300
8562,11/24/2014,116.8499985,118.7699966,116.6200027,118.6299973,108.7412415,47450800
8563,11/25/2014,119.0699997,119.75,117.4499969,117.5999985,107.7970734,68840400
8564,11/26/2014,117.9400024,119.0999985,117.8300018,119,109.0803833,40768300
8565,11/28/2014,119.2699966,119.4000015,118.0500031,118.9300003,109.0162048,24814400
8566,12/1/2014,118.8099976,119.25,111.2699966,115.0699997,105.4779739,83814000
8567,12/2/2014,113.5,115.75,112.75,114.6299973,105.074646,59348900
8568,12/3/2014,115.75,116.3499985,115.1100006,115.9300003,106.2662964,43063400
8569,12/4/2014,115.7699966,117.1999969,115.2900009,115.4899979,105.8629684,42044500
8570,12/5/2014,115.9899979,116.0800018,114.6399994,115,105.4138107,38318900
8571,12/8/2014,114.0999985,114.6500015,111.6200027,112.4000015,103.0305557,57664900
8572,12/9/2014,110.1900024,114.3000031,109.3499985,114.1200027,104.6071548,60208000
8573,12/10/2014,114.4100037,114.8499985,111.5400009,111.9499969,102.6180496,44565300
8574,12/11/2014,112.2600021,113.8000031,111.3399963,111.6200027,102.3155746,41401700
8575,12/12/2014,110.4599991,111.8700027,109.5800018,109.7300034,100.5831299,56028100
8576,12/15/2014,110.6999969,111.5999985,106.3499985,108.2300034,99.20815277,67218100
8577,12/16/2014,106.3700027,110.1600037,106.2600021,106.75,97.85151672,60790700
8578,12/17/2014,107.1200027,109.8399963,106.8199997,109.4100037,100.2897949,53411800
8579,12/18/2014,111.8700027,112.6500015,110.6600037,112.6500015,103.259697,59006200
8580,12/19/2014,112.2600021,113.2399979,111.6600037,111.7799988,102.4622345,88429800
8581,12/22/2014,112.1600037,113.4899979,111.9700012,112.9400024,103.5255356,45167500
8582,12/23/2014,113.2300034,113.3300018,112.4599991,112.5400009,103.1588974,26028400
8583,12/24/2014,112.5800018,112.7099991,112.0100021,112.0100021,102.6730499,14479600
8584,12/26/2014,112.0999985,114.5199966,112.0100021,113.9899979,104.4880066,33721000
8585,12/29/2014,113.7900009,114.7699966,113.6999969,113.9100037,104.4146881,27598900
8586,12/30/2014,113.6399994,113.9199982,112.1100006,112.5199966,103.1405411,29881500
8587,12/31/2014,112.8199997,113.1299973,110.2099991,110.3799973,101.1789322,41403400
8588,1/2/2015,111.3899994,111.4400024,107.3499985,109.3300018,100.2164536,53204600
8589,1/5/2015,108.2900009,108.6500015,105.4100037,106.25,97.39318085,64285500
8590,1/6/2015,106.5400009,107.4300003,104.6299973,106.2600021,97.40237427,65797100
8591,1/7/2015,107.1999969,108.1999969,106.6999969,107.75,98.76815033,40105900
8592,1/8/2015,109.2300034,112.1500015,108.6999969,111.8899994,102.5630722,59364500
8593,1/9/2015,112.6699982,113.25,110.2099991,112.0100021,102.6730499,53699500
8594,1/12/2015,112.5999985,112.6299973,108.8000031,109.25,100.1431198,49650800
8595,1/13/2015,111.4300003,112.8000031,108.9100037,110.2200012,101.03228,67091900
8596,1/14/2015,109.0400009,110.4899979,108.5,109.8000031,100.6472855,48956600
8597,1/15/2015,110,110.0599976,106.6600037,106.8199997,97.9156723,60014000
8598,1/16/2015,107.0299988,107.5800018,105.1999969,105.9899979,97.15485382,78513300
8599,1/20/2015,107.8399963,108.9700012,106.5,108.7200012,99.65730286,49899900
8600,1/21/2015,108.9499969,111.0599976,108.2699966,109.5500031,100.4181137,48575900
8601,1/22/2015,110.2600021,112.4700012,109.7200012,112.4000015,103.0305557,53796400
8602,1/23/2015,112.3000031,113.75,111.5299988,112.9800034,103.5621948,46464800
8603,1/26/2015,113.7399979,114.3600006,112.8000031,113.0999985,103.6721878,55615000
8604,1/27/2015,112.4199982,112.4800034,109.0299988,109.1399994,100.0422974,95568700
8605,1/28/2015,117.6299973,118.1200027,115.3099976,115.3099976,105.6979675,146477100
8606,1/29/2015,116.3199997,119.1900024,115.5599976,118.9000015,108.9887161,84436400
8607,1/30/2015,118.4000015,120,116.8499985,117.1600037,107.3937683,83745500
8608,2/2/2015,118.0500031,119.1699982,116.0800018,118.6299973,108.7412415,62739100
8609,2/3/2015,118.5,119.0899963,117.6100006,118.6500015,108.7595596,51915700
8610,2/4/2015,118.5,120.5100021,118.3099976,119.5599976,109.5937042,70149700
8611,2/5/2015,120.0199966,120.2300034,119.25,119.9400024,110.3759079,42246200
8612,2/6/2015,120.0199966,120.25,118.4499969,118.9300003,109.4464645,43706600
8613,2/9/2015,118.5500031,119.8399963,118.4300003,119.7200012,110.1734695,38889800
8614,2/10/2015,120.1699982,122.1500015,120.1600037,122.0199966,112.2900467,62008500
8615,2/11/2015,122.7699966,124.9199982,122.5,124.8799973,114.9220123,73561800
8616,2/12/2015,126.0599976,127.4800034,125.5699997,126.4599991,116.3760223,74474500
8617,2/13/2015,127.2799988,127.2799988,125.6500015,127.0800018,116.9465866,54272200
8618,2/17/2015,127.4899979,128.8800049,126.9199982,127.8300018,117.6367722,63152400
8619,2/18/2015,127.6299973,128.7799988,127.4499969,128.7200012,118.4558105,44891700
8620,2/19/2015,128.4799957,129.0299988,128.3300018,128.4499969,118.2073364,37362400
8621,2/20/2015,128.6199951,129.5,128.0500031,129.5,119.1735992,48948400
8622,2/23/2015,130.0200043,133,129.6600037,133,122.3945084,70974100
8623,2/24/2015,132.9400024,133.6000061,131.1699982,132.1699982,121.6306839,69228100
8624,2/25/2015,131.5599976,131.6000061,128.1499939,128.7899933,118.5202179,74711700
8625,2/26/2015,128.7899933,130.8699951,126.6100006,130.4199982,120.0202484,91287500
8626,2/27/2015,130,130.5700073,128.2400055,128.4600067,118.2165375,62014800
8627,3/2/2015,129.25,130.2799988,128.3000031,129.0899963,118.7962952,48096700
8628,3/3/2015,128.9600067,129.5200043,128.0899963,129.3600006,119.0447617,37816300
8629,3/4/2015,129.1000061,129.5599976,128.3200073,128.5399933,118.2901382,31666300
8630,3/5/2015,128.5800018,128.75,125.7600021,126.4100037,116.3300095,56517100
8631,3/6/2015,128.3999939,129.3699951,126.2600021,126.5999985,116.5048447,72842100
8632,3/9/2015,127.9599991,129.5700073,125.0599976,127.1399994,117.0018005,88528500
8633,3/10/2015,126.4100037,127.2200012,123.8000031,124.5100021,114.5815048,68856600
8634,3/11/2015,124.75,124.7699966,122.1100006,122.2399979,112.4925232,68939000
8635,3/12/2015,122.3099976,124.9000015,121.6299973,124.4499969,114.5262909,48362700
8636,3/13/2015,124.4000015,125.4000015,122.5800018,123.5899963,113.7348557,51827300
8637,3/16/2015,123.8799973,124.9499969,122.8700027,124.9499969,114.9864273,35874300
8638,3/17/2015,125.9000015,127.3199997,125.6500015,127.0400009,116.9097595,51023100
8639,3/18/2015,127,129.1600037,126.3700027,128.4700012,118.2257385,65270900
8640,3/19/2015,128.75,129.25,127.4000015,127.5,117.3330994,45809500
8641,3/20/2015,128.25,128.3999939,125.1600037,125.9000015,115.8606796,68695100
8642,3/23/2015,127.1200027,127.8499985,126.5199966,127.2099991,117.0662003,37709700
8643,3/24/2015,127.2300034,128.0399933,126.5599976,126.6900024,116.587677,32842300
8644,3/25/2015,126.5400009,126.8199997,123.3799973,123.3799973,113.5416183,51655200
8645,3/26/2015,122.7600021,124.8799973,122.5999985,124.2399979,114.333046,47572900
8646,3/27/2015,124.5699997,124.6999969,122.9100037,123.25,113.4219971,39546200
8647,3/30/2015,124.0500031,126.4000015,124,126.3700027,116.29319,47099700
8648,3/31/2015,126.0899963,126.4899979,124.3600006,124.4300003,114.5078812,42090600
8649,4/1/2015,124.8199997,125.1200027,123.0999985,124.25,114.3422394,40621400
8650,4/2/2015,125.0299988,125.5599976,124.1900024,125.3199997,115.3269119,32220100
8651,4/6/2015,124.4700012,127.5100021,124.3300018,127.3499985,117.1950302,37194000
8652,4/7/2015,127.6399994,128.1199951,125.9800034,126.0100021,115.9619064,35012300
8653,4/8/2015,125.8499985,126.4000015,124.9700012,125.5999985,115.5845871,37329200
8654,4/9/2015,125.8499985,126.5800018,124.6600037,126.5599976,116.4680481,32484000
8655,4/10/2015,125.9499969,127.2099991,125.2600021,127.0999985,116.9649887,40188000
8656,4/13/2015,128.3699951,128.5700073,126.6100006,126.8499985,116.7349167,36365100
8657,4/14/2015,127,127.2900009,125.9100037,126.3000031,116.2287903,25524600
8658,4/15/2015,126.4100037,127.1299973,126.0100021,126.7799988,116.6705017,28970400
8659,4/16/2015,126.2799988,127.0999985,126.1100006,126.1699982,116.1091309,28369000
8660,4/17/2015,125.5500031,126.1399994,124.4599991,124.75,114.8023682,51957000
8661,4/20/2015,125.5699997,128.1199951,125.1699982,127.5999985,117.4251175,47054300
8662,4/21/2015,128.1000061,128.1999969,126.6699982,126.9100037,116.7901382,32435100
8663,4/22/2015,126.9899979,128.8699951,126.3199997,128.6199951,118.3637772,37654500
8664,4/23/2015,128.3000031,130.4199982,128.1399994,129.6699982,119.3300476,45770900
8665,4/24/2015,130.4900055,130.6300049,129.2299957,130.2799988,119.8914108,44525900
8666,4/27/2015,132.3099976,133.1300049,131.1499939,132.6499939,122.0723953,96954200
8667,4/28/2015,134.4600067,134.5399933,129.5700073,130.5599976,120.1490784,118924000
8668,4/29/2015,130.1600037,131.5899963,128.3000031,128.6399994,118.3821869,63386100
8669,4/30/2015,128.6399994,128.6399994,124.5800018,125.1500015,115.1704788,83195400
8670,5/1/2015,126.0999985,130.1300049,125.3000031,128.9499969,118.6674576,58512600
8671,5/4/2015,129.5,130.5700073,128.2599945,128.6999969,118.4373932,50988300
8672,5/5/2015,128.1499939,128.4499969,125.7799988,125.8000031,115.7686462,49271400
8673,5/6/2015,126.5599976,126.75,123.3600006,125.0100021,115.0416489,72141000
8674,5/7/2015,124.7699966,126.0800018,124.0199966,125.2600021,115.7532043,43940900
8675,5/8/2015,126.6800003,127.6200027,126.1100006,127.6200027,117.9340897,55550400
8676,5/11/2015,127.3899994,127.5599976,125.6299973,126.3199997,116.7327499,42035800
8677,5/12/2015,125.5999985,126.8799973,124.8199997,125.8700027,116.3169174,48160000
8678,5/13/2015,126.1500015,127.1900024,125.8700027,126.0100021,116.4462967,34694200
8679,5/14/2015,127.4100037,128.9499969,127.1600037,128.9499969,119.1631393,45203500
8680,5/15/2015,129.0700073,129.4900055,128.2100067,128.7700043,118.9968109,38208000
8681,5/18/2015,128.3800049,130.7200012,128.3600006,130.1900024,120.3090134,50882900
8682,5/19/2015,130.6900024,130.8800049,129.6399994,130.0700073,120.198143,44633200
8683,5/20/2015,130,130.9799957,129.3399963,130.0599976,120.1888962,36454900
8684,5/21/2015,130.0700073,131.6300049,129.8300018,131.3899994,121.4179611,39730400
8685,5/22/2015,131.6000061,132.9700012,131.3999939,132.5399933,122.4806976,45596000
8686,5/26/2015,132.6000061,132.9100037,129.1199951,129.6199951,119.7822876,70697600
8687,5/27/2015,130.3399963,132.2599945,130.0500031,132.0399933,122.0186386,45833200
8688,5/28/2015,131.8600006,131.9499969,131.1000061,131.7799988,121.7783508,30733300
8689,5/29/2015,131.2299957,131.4499969,129.8999939,130.2799988,120.3922119,50884500
8690,6/1/2015,130.2799988,131.3899994,130.0500031,130.5399933,120.6324615,32112800
8691,6/2/2015,129.8600006,130.6600037,129.3200073,129.9600067,120.0964813,33667600
8692,6/3/2015,130.6600037,130.9400024,129.8999939,130.1199951,120.2443466,30983500
8693,6/4/2015,129.5800018,130.5800018,128.9100037,129.3600006,119.5420227,38450100
8694,6/5/2015,129.5,129.6900024,128.3600006,128.6499939,118.88591,35626800
8695,6/8/2015,128.8999939,129.2100067,126.8300018,127.8000031,118.1004257,52674800
8696,6/9/2015,126.6999969,128.0800018,125.6200027,127.4199982,117.7492599,56075400
8697,6/10/2015,127.9199982,129.3399963,127.8499985,128.8800049,119.0984421,39087300
8698,6/11/2015,129.1799927,130.1799927,128.4799957,128.5899963,118.8304672,35390900
8699,6/12/2015,128.1900024,128.3300018,127.1100006,127.1699982,117.5182419,36886200
8700,6/15/2015,126.0999985,127.2399979,125.7099991,126.9199982,117.2872086,43988900
8701,6/16/2015,127.0299988,127.8499985,126.3700027,127.5999985,117.915596,31494100
8702,6/17/2015,127.7200012,127.8799973,126.7399979,127.3000031,117.638382,32918100
8703,6/18/2015,127.2300034,128.3099976,127.2200012,127.8799973,118.1743546,35407200
8704,6/19/2015,127.7099991,127.8199997,126.4000015,126.5999985,116.9915085,54716900
8705,6/22/2015,127.4899979,128.0599976,127.0800018,127.6100006,117.9248505,34039300
8706,6/23/2015,127.4800034,127.6100006,126.8799973,127.0299988,117.3888702,30268900
8707,6/24/2015,127.2099991,129.8000031,127.1200027,128.1100006,118.3869019,55280900
8708,6/25/2015,128.8600006,129.1999969,127.5,127.5,117.8232117,31938100
8709,6/26/2015,127.6699982,127.9899979,126.5100021,126.75,117.1301117,44066800
8710,6/29/2015,125.4599991,126.4700012,124.4800034,124.5299988,115.0786057,49161400
8711,6/30/2015,125.5699997,126.1200027,124.8600006,125.4300003,115.9103012,44370700
8712,7/1/2015,126.9000015,126.9400024,125.9899979,126.5999985,116.9915085,30238800
8713,7/2/2015,126.4300003,126.6900024,125.7699966,126.4400024,116.8436279,27211000
8714,7/6/2015,124.9400024,126.2300034,124.8499985,126,116.4370346,28060400
8715,7/7/2015,125.8899994,126.1500015,123.7699966,125.6900024,116.1505737,46946800
8716,7/8/2015,124.4800034,124.6399994,122.5400009,122.5699997,113.2673645,60761600
8717,7/9/2015,123.8499985,124.0599976,119.2200012,120.0699997,110.9571152,78595000
8718,7/10/2015,121.9400024,123.8499985,121.2099991,123.2799988,113.9234695,61354500
8719,7/13/2015,125.0299988,125.7600021,124.3199997,125.6600037,116.1228485,41440500
8720,7/14/2015,126.0400009,126.3700027,125.0400009,125.6100006,116.076622,31768100
8721,7/15/2015,125.7200012,127.1500015,125.5800018,126.8199997,117.194809,33649200
8722,7/16/2015,127.7399979,128.5700073,127.3499985,128.5099945,118.756546,36222400
8723,7/17/2015,129.0800018,129.6199951,128.3099976,129.6199951,119.7822876,46164700
8724,7/20/2015,130.9700012,132.9700012,130.6999969,132.0700073,122.0463638,58900200
8725,7/21/2015,132.8500061,132.9199982,130.3200073,130.75,120.8265381,76756400
8726,7/22/2015,121.9899979,125.5,121.9899979,125.2200012,115.7162323,115450600
8727,7/23/2015,126.1999969,127.0899963,125.0599976,125.1600037,115.6607819,50999500
8728,7/24/2015,125.3199997,125.7399979,123.9000015,124.5,115.0508881,42162300
8729,7/27/2015,123.0899963,123.6100006,122.1200027,122.7699966,113.4521713,44455500
8730,7/28/2015,123.3799973,123.9100037,122.5500031,123.3799973,114.0158844,33618100
8731,7/29/2015,123.1500015,123.5,122.2699966,122.9899979,113.6554718,37011700
8732,7/30/2015,122.3199997,122.5699997,121.7099991,122.3700027,113.0825577,33628300
8733,7/31/2015,122.5999985,122.6399994,120.9100037,121.3000031,112.09375,42885000
8734,8/3/2015,121.5,122.5699997,117.5199966,118.4400024,109.4508133,69976000
8735,8/4/2015,117.4199982,117.6999969,113.25,114.6399994,105.9392166,124138600
8736,8/5/2015,112.9499969,117.4400024,112.0999985,115.4000015,106.6415482,99312600
8737,8/6/2015,115.9700012,116.5,114.1200027,115.1299973,106.8736038,52903000
8738,8/7/2015,114.5800018,116.25,114.5,115.5199966,107.2356491,38670400
8739,8/10/2015,116.5299988,119.9899979,116.5299988,119.7200012,111.1344452,54951600
8740,8/11/2015,117.8099976,118.1800003,113.3300018,113.4899979,105.3512344,97082800
8741,8/12/2015,112.5299988,115.4199982,109.6299973,115.2399979,106.975708,101217500
8742,8/13/2015,116.0400009,116.4000015,114.5400009,115.1500015,106.892189,48535800
8743,8/14/2015,114.3199997,116.3099976,114.0100021,115.9599991,107.6440735,42929500
8744,8/17/2015,116.0400009,117.6500015,115.5,117.1600037,108.7580261,40884700
8745,8/18/2015,116.4300003,117.4400024,116.0100021,116.5,108.1453781,34560700
8746,8/19/2015,116.0999985,116.5199966,114.6800003,115.0100021,106.7622375,48286500
8747,8/20/2015,114.0800018,114.3499985,111.6299973,112.6500015,104.5714569,68501600
8748,8/21/2015,110.4300003,111.9000015,105.6500015,105.7600021,98.17554474,128275500
8749,8/24/2015,94.87000275,108.8000031,92,103.1200027,95.72489929,162206300
8750,8/25/2015,111.1100006,111.1100006,103.5,103.7399979,96.30042267,103601600
8751,8/26/2015,107.0899963,109.8899994,105.0500031,109.6900024,101.8237305,96774600
8752,8/27/2015,112.2300034,113.2399979,110.0199966,112.9199982,104.822113,84616100
8753,8/28/2015,112.1699982,113.3099976,111.5400009,113.2900009,105.1655579,53164400
8754,8/31/2015,112.0299988,114.5299988,112,112.7600021,104.673584,56229300
8755,9/1/2015,110.1500015,111.8799973,107.3600006,107.7200012,99.99501801,76845900
8756,9/2/2015,110.2300034,112.3399963,109.1299973,112.3399963,104.2836914,61888800
8757,9/3/2015,112.4899979,112.7799988,110.0400009,110.3700027,102.4549637,53233900
8758,9/4/2015,108.9700012,110.4499969,108.5100021,109.2699966,101.4338531,49996300
8759,9/8/2015,111.75,112.5599976,110.3199997,112.3099976,104.2558441,54843600
8760,9/9/2015,113.7600021,114.0199966,109.7699966,110.1500015,102.2507477,85010800
8761,9/10/2015,110.2699966,113.2799988,109.9000015,112.5699997,104.4971924,62892800
8762,9/11/2015,111.7900009,114.2099991,111.7600021,114.2099991,106.0195847,49915500
8763,9/14/2015,116.5800018,116.8899994,114.8600006,115.3099976,107.0406876,58363400
8764,9/15/2015,115.9300003,116.5299988,114.4199982,116.2799988,107.9411469,43341200
8765,9/16/2015,116.25,116.5400009,115.4400024,116.4100037,108.0618134,37173500
8766,9/17/2015,115.6600037,116.4899979,113.7200012,113.9199982,105.7503815,64112600
8767,9/18/2015,112.2099991,114.3000031,111.8700027,113.4499969,105.3140869,74285300
8768,9/21/2015,113.6699982,115.3700027,113.6600037,115.2099991,106.9478836,50222000
8769,9/22/2015,113.3799973,114.1800003,112.5199966,113.4000015,105.2676849,50346200
8770,9/23/2015,113.6299973,114.7200012,113.3000031,114.3199997,106.1217041,35756700
8771,9/24/2015,113.25,115.5,112.3700027,115,106.7529297,50219500
8772,9/25/2015,116.4400024,116.6900024,114.0199966,114.7099991,106.4837265,56151900
8773,9/28/2015,113.8499985,114.5699997,112.4400024,112.4400024,104.3765335,52109000
8774,9/29/2015,112.8300018,113.5100021,107.8600006,109.0599976,101.2389145,73365400
8775,9/30/2015,110.1699982,111.5400009,108.7300034,110.3000031,102.3899918,66473000
8776,10/1/2015,109.0699997,109.6200027,107.3099976,109.5800018,101.7216263,63929100
8777,10/2/2015,108.0100021,111.0100021,107.5500031,110.3799973,102.4642487,58019800
8778,10/5/2015,109.8799973,111.3700027,109.0699997,110.7799988,102.8355713,52064700
8779,10/6/2015,110.6299973,111.7399979,109.7699966,111.3099976,103.3275528,48196800
8780,10/7/2015,111.7399979,111.7699966,109.4100037,110.7799988,102.8355713,46765600
8781,10/8/2015,110.1900024,110.1900024,108.2099991,109.5,101.6473541,61979600
8782,10/9/2015,110,112.2799988,109.4899979,112.1200027,104.0794754,52766100
8783,10/12/2015,112.7300034,112.75,111.4400024,111.5999985,103.5967712,30467200
8784,10/13/2015,110.8199997,112.4499969,110.6800003,111.7900009,103.7731247,33049300
8785,10/14/2015,111.2900009,111.5199966,109.5599976,110.2099991,102.3064423,44462400
8786,10/15/2015,110.9300003,112.0999985,110.4899979,111.8600006,103.8381195,37673500
8787,10/16/2015,111.7799988,112,110.5299988,111.0400009,103.0769196,39232600
8788,10/19/2015,110.8000031,111.75,110.1100006,111.7300034,103.7174377,29759200
8789,10/20/2015,111.3399963,114.1699982,110.8199997,113.7699966,105.611145,48967800
8790,10/21/2015,114,115.5800018,113.6999969,113.7600021,105.6018677,41795200
8791,10/22/2015,114.3300018,115.5,114.0999985,115.5,107.2170944,41654100
8792,10/23/2015,116.6999969,119.2300034,116.3300018,119.0800018,110.5403442,59366900
8793,10/26/2015,118.0800018,118.1299973,114.9199982,115.2799988,107.0128403,66333800
8794,10/27/2015,115.4000015,116.5400009,113.9899979,114.5500031,106.3352051,69884400
8795,10/28/2015,116.9300003,119.3000031,116.0599976,119.2699966,110.716713,85551400
8796,10/29/2015,118.6999969,120.6900024,118.2699966,120.5299988,111.8863449,51227300
8797,10/30/2015,120.9899979,121.2200012,119.4499969,119.5,110.9302368,49365300
8798,11/2/2015,120.8000031,121.3600006,119.6100006,121.1800003,112.4897537,32203300
8799,11/3/2015,120.7900009,123.4899979,120.6999969,122.5699997,113.7800522,45519000
8800,11/4/2015,123.1299973,123.8199997,121.6200027,122,113.2509308,44886100
8801,11/5/2015,121.8499985,122.6900024,120.1800003,120.9199982,112.7288742,39552700
8802,11/6/2015,121.1100006,121.8099976,120.6200027,121.0599976,112.8593903,33042300
8803,11/9/2015,120.9599991,121.8099976,120.0500031,120.5699997,112.4025879,33871400
8804,11/10/2015,116.9000015,118.0699997,116.0599976,116.7699966,108.859993,59127900
8805,11/11/2015,116.3700027,117.4199982,115.2099991,116.1100006,108.2446899,45218000
8806,11/12/2015,116.2600021,116.8199997,115.6500015,115.7200012,107.8811035,32525600
8807,11/13/2015,115.1999969,115.5699997,112.2699966,112.3399963,104.7300873,45812400
8808,11/16/2015,111.3799973,114.2399979,111,114.1800003,106.4454422,38106700
8809,11/17/2015,114.9199982,115.0500031,113.3199997,113.6900024,105.9886246,27616900
8810,11/18/2015,115.7600021,117.4899979,115.5,117.2900009,109.3447647,46674700
8811,11/19/2015,117.6399994,119.75,116.7600021,118.7799988,110.7338257,43295800
8812,11/20/2015,119.1999969,119.9199982,118.8499985,119.3000031,111.2186127,34287100
8813,11/23/2015,119.2699966,119.7300034,117.3399963,117.75,109.7736053,32482500
8814,11/24/2015,117.3300018,119.3499985,117.1200027,118.8799973,110.8270645,42803200
8815,11/25/2015,119.2099991,119.2300034,117.9199982,118.0299988,110.0346222,21388300
8816,11/27/2015,118.2900009,118.4100037,117.5999985,117.8099976,109.8295364,13046400
8817,11/30/2015,117.9899979,119.4100037,117.75,118.3000031,110.2863541,39180300
8818,12/1/2015,118.75,118.8099976,116.8600006,117.3399963,109.3913803,34852400
8819,12/2/2015,117.3399963,118.1100006,116.0800018,116.2799988,108.4031982,33386600
8820,12/3/2015,116.5500031,116.7900009,114.2200012,115.1999969,107.3963318,41569500
8821,12/4/2015,115.2900009,119.25,115.1100006,119.0299988,110.9669037,57777000
8822,12/7/2015,118.9800034,119.8600006,117.8099976,118.2799988,110.2677155,32084200
8823,12/8/2015,117.5199966,118.5999985,116.8600006,118.2300034,110.2210922,34309500
8824,12/9/2015,117.6399994,117.6900024,115.0800018,115.6200027,107.7878876,46361400
8825,12/10/2015,116.0400009,116.9400024,115.5100021,116.1699982,108.3006439,29212700
8826,12/11/2015,115.1900024,115.3899994,112.8499985,113.1800003,105.5131683,46886200
8827,12/14/2015,112.1800003,112.6800003,109.7900009,112.4800034,104.8605881,64318700
8828,12/15/2015,111.9400024,112.8000031,110.3499985,110.4899979,103.0054092,53323100
8829,12/16/2015,111.0699997,111.9899979,108.8000031,111.3399963,103.7978134,56238500
8830,12/17/2015,112.0199966,112.25,108.9800034,108.9800034,101.5976868,44772800
8831,12/18/2015,108.9100037,109.5199966,105.8099976,106.0299988,98.84751892,96453300
8832,12/21/2015,107.2799988,107.3700027,105.5699997,107.3300018,100.0594559,47590600
8833,12/22/2015,107.4000015,107.7200012,106.4499969,107.2300034,99.9662323,32789400
8834,12/23/2015,107.2699966,108.8499985,107.1999969,108.6100006,101.2527466,32657400
8835,12/24/2015,109,109,107.9499969,108.0299988,100.7120361,13570400
8836,12/28/2015,107.5899963,107.6900024,106.1800003,106.8199997,99.58400726,26704200
8837,12/29/2015,106.9599991,109.4300003,106.8600006,108.7399979,101.3739395,30931200
8838,12/30/2015,108.5800018,108.6999969,107.1800003,107.3199997,100.0501328,25213800
8839,12/31/2015,107.0100021,107.0299988,104.8199997,105.2600021,98.12966919,40912300
8840,1/4/2016,102.6100006,105.3700027,102,105.3499985,98.2135849,67649400
8841,1/5/2016,105.75,105.8499985,102.4100037,102.7099991,95.75241852,55791000
8842,1/6/2016,100.5599976,102.3700027,99.87000275,100.6999969,93.87858582,68457400
8843,1/7/2016,98.68000031,100.1299973,96.43000031,96.44999695,89.91647339,81094400
8844,1/8/2016,98.55000305,99.11000061,96.76000214,96.95999908,90.39190674,70798000
8845,1/11/2016,98.97000122,99.05999756,97.33999634,98.52999878,91.85556793,49739400
8846,1/12/2016,100.5500031,100.6900024,98.83999634,99.95999908,93.18870544,49154200
8847,1/13/2016,100.3199997,101.1900024,97.30000305,97.38999939,90.79279327,62439600
8848,1/14/2016,97.95999908,100.4800034,95.73999786,99.51999664,92.77849579,63170100
8849,1/15/2016,96.19999695,97.70999908,95.36000061,97.12999725,90.55041504,79833900
8850,1/19/2016,98.41000366,98.65000153,95.5,96.66000366,90.11225128,53087700
8851,1/20/2016,95.09999847,98.19000244,93.41999817,96.79000092,90.23343658,72334400
8852,1/21/2016,97.05999756,97.87999725,94.94000244,96.30000305,89.77662659,52161500
8853,1/22/2016,98.62999725,101.4599991,98.37000275,101.4199982,94.54981232,65800500
8854,1/25/2016,101.5199966,101.5299988,99.20999908,99.44000244,92.70393372,51794500
8855,1/26/2016,99.93000031,100.8799973,98.06999969,99.98999786,93.21665955,75077000
8856,1/27/2016,96.04000092,96.62999725,93.33999634,93.41999817,87.09172821,133369700
8857,1/28/2016,93.79000092,94.51999664,92.38999939,94.08999634,87.71633148,55678800
8858,1/29/2016,94.79000092,97.33999634,94.34999847,97.33999634,90.74617767,64416500
8859,2/1/2016,96.47000122,96.70999908,95.40000153,96.43000031,89.89782715,40943500
8860,2/2/2016,95.41999817,96.04000092,94.27999878,94.48000336,88.07992554,37357200
8861,2/3/2016,95,96.83999634,94.08000183,96.34999847,89.82324219,45964300
8862,2/4/2016,95.86000061,97.33000183,95.19000244,96.59999847,90.54499054,46471700
8863,2/5/2016,96.51999664,96.91999817,93.69000244,94.01999664,88.12669373,46418100
8864,2/8/2016,93.12999725,95.69999695,93.04000092,95.01000214,89.05465698,54021400
8865,2/9/2016,94.29000092,95.94000244,93.93000031,94.98999786,89.03590393,44331200
8866,2/10/2016,95.91999817,96.34999847,94.09999847,94.26999664,88.36102295,42343600
8867,2/11/2016,93.79000092,94.72000122,92.58999634,93.69999695,87.82674408,50074700
8868,2/12/2016,94.19000244,94.5,93.01000214,93.98999786,88.09857178,40351400
8869,2/16/2016,95.01999664,96.84999847,94.61000061,96.63999939,90.58246613,49057900
8870,2/17/2016,96.66999817,98.20999908,96.15000153,98.12000275,91.9697113,44863200
8871,2/18/2016,98.83999634,98.88999939,96.08999634,96.26000214,90.22628784,39021000
8872,2/19/2016,96,96.76000214,95.80000305,96.04000092,90.02007294,35374200
8873,2/22/2016,96.30999756,96.90000153,95.91999817,96.87999725,90.80741119,34280800
8874,2/23/2016,96.40000153,96.5,94.55000305,94.69000244,88.75467682,31942600
8875,2/24/2016,93.98000336,96.37999725,93.31999969,96.09999847,90.0763092,36255700
8876,2/25/2016,96.05000305,96.76000214,95.25,96.76000214,90.69494629,27582700
8877,2/26/2016,97.19999695,98.01999664,96.58000183,96.91000366,90.8355484,28991100
8878,2/29/2016,96.86000061,98.23000336,96.65000153,96.69000244,90.62934113,35216300
8879,3/1/2016,97.65000153,100.7699966,97.41999817,100.5299988,94.22864532,50407100
8880,3/2/2016,100.5100021,100.8899994,99.63999939,100.75,94.4348526,33169600
8881,3/3/2016,100.5800018,101.7099991,100.4499969,101.5,95.1378479,36955700
8882,3/4/2016,102.3700027,103.75,101.3700027,103.0100021,96.55318451,46055100
8883,3/7/2016,102.3899994,102.8300018,100.9599991,101.8700027,95.48465729,35828900
8884,3/8/2016,100.7799988,101.7600021,100.4000015,101.0299988,94.69730377,31561900
8885,3/9/2016,101.3099976,101.5800018,100.2699966,101.1200027,94.78165436,27201700
8886,3/10/2016,101.4100037,102.2399979,100.1500015,101.1699982,94.82852936,33513600
8887,3/11/2016,102.2399979,102.2799988,101.5,102.2600021,95.85019684,27408200
8888,3/14/2016,101.9100037,102.9100037,101.7799988,102.5199966,96.09391022,25076100
8889,3/15/2016,103.9599991,105.1800003,103.8499985,104.5800018,98.02478027,40067700
8890,3/16/2016,104.6100006,106.3099976,104.5899963,105.9700012,99.32765961,38303500
8891,3/17/2016,105.5199966,106.4700012,104.9599991,105.8000031,99.16829681,34420700
8892,3/18/2016,106.3399963,106.5,105.1900024,105.9199982,99.28077698,44205200
8893,3/21/2016,105.9300003,107.6500015,105.1399994,105.9100037,99.27140808,35502700
8894,3/22/2016,105.25,107.2900009,105.2099991,106.7200012,100.0306549,32444400
8895,3/23/2016,106.4800034,107.0699997,105.9000015,106.1299973,99.47762299,25703500
8896,3/24/2016,105.4700012,106.25,104.8899994,105.6699982,99.04645538,26133000
8897,3/28/2016,106,106.1900024,105.0599976,105.1900024,98.59654999,19411400
8898,3/29/2016,104.8899994,107.7900009,104.8799973,107.6800003,100.9304657,31190100
8899,3/30/2016,108.6500015,110.4199982,108.5999985,109.5599976,102.6926193,45601100
8900,3/31/2016,109.7200012,109.9000015,108.8799973,108.9899979,102.1583557,25888400
8901,4/1/2016,108.7799988,110,108.1999969,109.9899979,103.095665,25874000
8902,4/4/2016,110.4199982,112.1900024,110.2699966,111.1200027,104.1548386,37356200
8903,4/5/2016,109.5100021,110.7300034,109.4199982,109.8099976,102.9269638,26578700
8904,4/6/2016,110.2300034,110.9800034,109.1999969,110.9599991,104.0048599,26404100
8905,4/7/2016,109.9499969,110.4199982,108.1200027,108.5400009,101.736557,31801900
8906,4/8/2016,108.9100037,109.7699966,108.1699982,108.6600037,101.8490448,23581700
8907,4/11/2016,108.9700012,110.6100006,108.8300018,109.0199966,102.18647,29407500
8908,4/12/2016,109.3399963,110.5,108.6600037,110.4400024,103.5174713,27232300
8909,4/13/2016,110.8000031,112.3399963,110.8000031,112.0400009,105.0171738,33257300
8910,4/14/2016,111.6200027,112.3899994,111.3300018,112.0999985,105.07341,25473900
8911,4/15/2016,112.1100006,112.3000031,109.7300034,109.8499985,102.964447,46939000
8912,4/18/2016,108.8899994,108.9499969,106.9400024,107.4800034,100.7429962,60821500
8913,4/19/2016,107.8799973,108,106.2300034,106.9100037,100.2087402,32384900
8914,4/20/2016,106.6399994,108.0899963,106.0599976,107.1299973,100.4149475,30611000
8915,4/21/2016,106.9300003,106.9300003,105.5199966,105.9700012,99.32765961,31552500
8916,4/22/2016,105.0100021,106.4800034,104.6200027,105.6800003,99.05583191,33683100
8917,4/25/2016,105,105.6500015,104.5100021,105.0800018,98.49344635,28031600
8918,4/26/2016,103.9100037,105.3000031,103.9100037,104.3499985,97.80919647,56016200
8919,4/27/2016,96,98.70999908,95.68000031,97.81999969,91.68851471,114602100
8920,4/28/2016,97.61000061,97.87999725,94.25,94.83000183,88.88593292,82242700
8921,4/29/2016,93.98999786,94.72000122,92.51000214,93.73999786,87.86423492,68531500
8922,5/2/2016,93.97000122,94.08000183,92.40000153,93.63999939,87.77051544,48160100
8923,5/3/2016,94.19999695,95.73999786,93.68000031,95.18000031,89.213974,56831300
8924,5/4/2016,95.19999695,95.90000153,93.81999969,94.19000244,88.28603363,41025500
8925,5/5/2016,94,94.06999969,92.68000031,93.23999786,87.92769623,35890500
8926,5/6/2016,93.37000275,93.44999695,91.84999847,92.72000122,87.43732452,43699900
8927,5/9/2016,93,93.76999664,92.58999634,92.79000092,87.50331879,32936400
8928,5/10/2016,93.33000183,93.56999969,92.11000061,93.41999817,88.09742737,33686800
8929,5/11/2016,93.48000336,93.56999969,92.45999908,92.51000214,87.23927307,28719100
8930,5/12/2016,92.72000122,92.77999878,89.47000122,90.33999634,85.19290924,76314700
8931,5/13/2016,90,91.66999817,90,90.51999664,85.36265564,44392800
8932,5/16/2016,92.38999939,94.38999939,91.65000153,93.87999725,88.53122711,61259800
8933,5/17/2016,94.55000305,94.69999695,93.01000214,93.48999786,88.16344452,46916900
8934,5/18/2016,94.16000366,95.20999908,93.88999939,94.55999756,89.17247772,42062400
8935,5/19/2016,94.63999939,94.63999939,93.56999969,94.19999695,88.83298492,30442100
8936,5/20/2016,94.63999939,95.43000031,94.51999664,95.22000122,89.79486847,32026000
8937,5/23/2016,95.87000275,97.19000244,95.66999817,96.43000031,90.93593597,38018600
8938,5/24/2016,97.22000122,98.08999634,96.83999634,97.90000153,92.32218933,35140200
8939,5/25/2016,98.66999817,99.73999786,98.11000061,99.62000275,93.94420624,38168800
8940,5/26/2016,99.68000031,100.7300034,98.63999939,100.4100037,94.68917847,56331200
8941,5/27/2016,99.44000244,100.4700012,99.25,100.3499985,94.63259888,36341200
8942,5/31/2016,99.59999847,100.4000015,98.81999969,99.86000061,94.1705246,42307200
8943,6/1/2016,99.01999664,99.54000092,98.33000183,98.45999908,92.85027313,29173300
8944,6/2/2016,97.59999847,97.83999634,96.62999725,97.72000122,92.15245819,40191600
8945,6/3/2016,97.79000092,98.26999664,97.44999695,97.91999817,92.34104919,28504900
8946,6/6/2016,97.98999786,101.8899994,97.55000305,98.62999725,93.0105896,23292500
8947,6/7/2016,99.25,99.87000275,98.95999908,99.02999878,93.38780975,22409500
8948,6/8/2016,99.01999664,99.55999756,98.68000031,98.94000244,93.30293274,20848100
8949,6/9/2016,98.5,99.98999786,98.45999908,99.65000153,93.97248077,26601400
8950,6/10/2016,98.52999878,99.34999847,98.48000336,98.83000183,93.19921112,31712900
8951,6/13/2016,98.69000244,99.12000275,97.09999847,97.33999634,91.79408264,38020500
8952,6/14/2016,97.31999969,98.48000336,96.75,97.45999908,91.90725708,31931900
8953,6/15/2016,97.81999969,98.41000366,97.02999878,97.13999939,91.60548401,29445200
8954,6/16/2016,96.44999695,97.75,96.06999969,97.55000305,91.99214935,31326800
8955,6/17/2016,96.62000275,96.65000153,95.30000305,95.33000183,89.89860535,61008200
8956,6/20/2016,96,96.56999969,95.02999878,95.09999847,89.68171692,34411900
8957,6/21/2016,94.94000244,96.34999847,94.68000031,95.91000366,90.44555664,35546400
8958,6/22/2016,96.25,96.88999939,95.34999847,95.55000305,90.10609436,29219100
8959,6/23/2016,95.94000244,96.29000092,95.25,96.09999847,90.6247406,32240200
8960,6/24/2016,92.91000366,94.66000366,92.65000153,93.40000153,88.07858276,75311400
8961,6/27/2016,93,93.05000305,91.5,92.04000092,86.7960434,45489600
8962,6/28/2016,92.90000153,93.66000366,92.13999939,93.58999634,88.25775146,40444900
8963,6/29/2016,93.97000122,94.55000305,93.62999725,94.40000153,89.02159119,36531000
8964,6/30/2016,94.44000244,95.76999664,94.30000305,95.59999847,90.15322113,35836400
8965,7/1/2016,95.48999786,96.47000122,95.33000183,95.88999939,90.42669678,26026500
8966,7/5/2016,95.38999939,95.40000153,94.45999908,94.98999786,89.5779953,27705200
8967,7/6/2016,94.59999847,95.66000366,94.37000275,95.52999878,90.08722687,30949100
8968,7/7/2016,95.69999695,96.5,95.62000275,95.94000244,90.47386932,25139600
8969,7/8/2016,96.48999786,96.88999939,96.05000305,96.68000031,91.17170715,28912100
8970,7/11/2016,96.75,97.65000153,96.73000336,96.98000336,91.45461273,23794900
8971,7/12/2016,97.16999817,97.69999695,97.12000275,97.41999817,91.86954498,24167500
8972,7/13/2016,97.41000366,97.66999817,96.83999634,96.87000275,91.3508606,25892200
8973,7/14/2016,97.38999939,98.98999786,97.31999969,98.79000092,93.16149139,38919000
8974,7/15/2016,98.91999817,99.30000305,98.5,98.77999878,93.15206146,30137000
8975,7/18/2016,98.69999695,100.1299973,98.59999847,99.83000183,94.1422348,36493900
8976,7/19/2016,99.55999756,100,99.33999634,99.87000275,94.17995453,23779900
8977,7/20/2016,100,100.4599991,99.73999786,99.95999908,94.26483154,26276000
8978,7/21/2016,99.83000183,101,99.12999725,99.43000031,93.76502991,32702000
8979,7/22/2016,99.26000214,99.30000305,98.30999756,98.66000366,93.03889465,28313700
8980,7/25/2016,98.25,98.83999634,96.91999817,97.33999634,91.79408264,40382900
8981,7/26/2016,96.81999969,97.97000122,96.41999817,96.66999817,91.16226959,56239800
8982,7/27/2016,104.2699966,104.3499985,102.75,102.9499969,97.08444214,92344800
8983,7/28/2016,102.8300018,104.4499969,102.8199997,104.3399963,98.39525604,39869800
8984,7/29/2016,104.1900024,104.5500031,103.6800003,104.2099991,98.27268219,27733700
8985,8/1/2016,104.4100037,106.1500015,104.4100037,106.0500031,100.0078354,38167900
8986,8/2/2016,106.0500031,106.0699997,104,104.4800034,98.5273056,33816600
8987,8/3/2016,104.8099976,105.8399963,104.7699966,105.7900009,99.76266479,30202600
8988,8/4/2016,105.5800018,106,105.2799988,105.8700027,100.3789444,27408700
8989,8/5/2016,106.2699966,107.6500015,106.1800003,107.4800034,101.9054337,40553400
8990,8/8/2016,107.5199966,108.3700027,107.1600037,108.3700027,102.7492828,28037200
8991,8/9/2016,108.2300034,108.9400024,108.0100021,108.8099976,103.1664505,26315200
8992,8/10/2016,108.7099991,108.9000015,107.7600021,108,102.3984833,24008500
8993,8/11/2016,108.5199966,108.9300003,107.8499985,107.9300003,102.3320999,27484500
8994,8/12/2016,107.7799988,108.4400024,107.7799988,108.1800003,102.5691376,18660400
8995,8/15/2016,108.1399994,109.5400009,108.0800018,109.4800034,103.8017349,25868200
8996,8/16/2016,109.6299973,110.2300034,109.2099991,109.3799973,103.7068939,33794400
8997,8/17/2016,109.0999985,109.3700027,108.3399963,109.2200012,103.5551834,25356000
8998,8/18/2016,109.2300034,109.5999985,109.0199966,109.0800018,103.4224548,21984700
8999,8/19/2016,108.7699966,109.6900024,108.3600006,109.3600006,103.6879349,25368100
9000,8/22/2016,108.8600006,109.0999985,107.8499985,108.5100021,102.882019,25820200
9001,8/23/2016,108.5899963,109.3199997,108.5299988,108.8499985,103.2043762,21257700
9002,8/24/2016,108.5699997,108.75,107.6800003,108.0299988,102.4269104,23675100
9003,8/25/2016,107.3899994,107.8799973,106.6800003,107.5699997,101.9907837,25086200
9004,8/26/2016,107.4100037,107.9499969,106.3099976,106.9400024,101.3934326,27766300
9005,8/29/2016,106.6200027,107.4400024,106.2900009,106.8199997,101.2796707,24970300
9006,8/30/2016,105.8000031,106.5,105.5,106,100.5022125,24863900
9007,8/31/2016,105.6600037,106.5699997,105.6399994,106.0999985,100.597023,29662400
9008,9/1/2016,106.1399994,106.8000031,105.6200027,106.7300034,101.1943436,26701500
9009,9/2/2016,107.6999969,108,106.8199997,107.7300034,102.1424789,26802500
9010,9/6/2016,107.9000015,108.3000031,107.5100021,107.6999969,102.1140289,26880400
9011,9/7/2016,107.8300018,108.7600021,107.0699997,108.3600006,102.7397919,42364300
9012,9/8/2016,107.25,107.2699966,105.2399979,105.5199966,100.0471039,53002000
9013,9/9/2016,104.6399994,105.7200012,103.1299973,103.1299973,97.78105927,46557000
9014,9/12/2016,102.6500015,105.7200012,102.5299988,105.4400024,99.97125244,45292800
9015,9/13/2016,107.5100021,108.7900009,107.2399979,107.9499969,102.351059,62176200
9016,9/14/2016,108.7300034,113.0299988,108.5999985,111.7699966,105.9729385,110888700
9017,9/15/2016,113.8600006,115.7300034,113.4899979,115.5699997,109.5758514,89983600
9018,9/16/2016,115.1200027,116.1299973,114.0400009,114.9199982,108.9595642,79886900
9019,9/19/2016,115.1900024,116.1800003,113.25,113.5800018,107.6890564,47023000
9020,9/20/2016,113.0500031,114.1200027,112.5100021,113.5699997,107.6795807,34514300
9021,9/21/2016,113.8499985,113.9899979,112.4400024,113.5500031,107.660614,36003200
9022,9/22/2016,114.3499985,114.9400024,114,114.6200027,108.6751328,31074000
9023,9/23/2016,114.4199982,114.7900009,111.5500031,112.7099991,106.8641739,52481200
9024,9/26/2016,111.6399994,113.3899994,111.5500031,112.8799973,107.0253677,29869400
9025,9/27/2016,113,113.1800003,112.3399963,113.0899963,107.2244797,24607400
9026,9/28/2016,113.6900024,114.6399994,113.4300003,113.9499969,108.0398636,29641100
9027,9/29/2016,113.1600037,113.8000031,111.8000031,112.1800003,106.3616867,35887000
9028,9/30/2016,112.4599991,113.3700027,111.8000031,113.0500031,107.186554,36379100
9029,10/3/2016,112.7099991,113.0500031,112.2799988,112.5199966,106.6840363,21701800
9030,10/4/2016,113.0599976,114.3099976,112.6299973,113,107.1391373,29736800
9031,10/5/2016,113.4000015,113.6600037,112.6900024,113.0500031,107.186554,21453100
9032,10/6/2016,113.6999969,114.3399963,113.1299973,113.8899994,107.9829865,28779300
9033,10/7/2016,114.3099976,114.5599976,113.5100021,114.0599976,108.1441574,24358400
9034,10/10/2016,115.0199966,116.75,114.7200012,116.0500031,110.0309525,36236000
9035,10/11/2016,117.6999969,118.6900024,116.1999969,116.3000031,110.2679749,64041000
9036,10/12/2016,117.3499985,117.9800034,116.75,117.3399963,111.2540359,37586800
9037,10/13/2016,116.7900009,117.4400024,115.7200012,116.9800034,110.9127197,35192400
9038,10/14/2016,117.8799973,118.1699982,117.1299973,117.6299973,111.5289841,35652200
9039,10/17/2016,117.3300018,117.8399963,116.7799988,117.5500031,111.4531326,23624900
9040,10/18/2016,118.1800003,118.2099991,117.4499969,117.4700012,111.3773041,24553500
9041,10/19/2016,117.25,117.7600021,113.8000031,117.1200027,111.0454483,20034600
9042,10/20/2016,116.8600006,117.3799973,116.3300018,117.0599976,110.9885788,24125800
9043,10/21/2016,116.8099976,116.9100037,116.2799988,116.5999985,110.5524216,23192700
9044,10/24/2016,117.0999985,117.7399979,117,117.6500015,111.5479507,23538700
9045,10/25/2016,117.9499969,118.3600006,117.3099976,118.25,112.1168289,48129000
9046,10/26/2016,114.3099976,115.6999969,113.3099976,115.5899963,109.5948029,66134200
9047,10/27/2016,115.3899994,115.8600006,114.0999985,114.4800034,108.542366,34562000
9048,10/28/2016,113.8700027,115.2099991,113.4499969,113.7200012,107.821785,37861700
9049,10/31/2016,113.6500015,114.2300034,113.1999969,113.5400009,107.651123,26419400
9050,11/1/2016,113.4599991,113.7699966,110.5299988,111.4899979,105.7074432,43825800
9051,11/2/2016,111.4000015,112.3499985,111.2300034,111.5899963,105.8022614,28331700
9052,11/3/2016,110.9800034,111.4599991,109.5500031,109.8300018,104.6682205,26932600
9053,11/4/2016,108.5299988,110.25,108.1100006,108.8399963,103.7247238,30837000
9054,11/7/2016,110.0800018,110.5100021,109.4599991,110.4100037,105.220932,32560000
9055,11/8/2016,110.3099976,111.7200012,109.6999969,111.0599976,105.8403778,24254200
9056,11/9/2016,109.8799973,111.3199997,108.0500031,110.8799973,105.6688614,59176400
9057,11/10/2016,111.0899963,111.0899963,105.8300018,107.7900009,102.7240829,57134500
9058,11/11/2016,107.1200027,108.8700027,106.5500031,108.4300003,103.3340073,34143900
9059,11/14/2016,107.7099991,107.8099976,104.0800018,105.7099991,100.7418365,51175500
9060,11/15/2016,106.5699997,107.6800003,106.1600037,107.1100006,102.0760498,32264500
9061,11/16/2016,106.6999969,110.2300034,106.5999985,109.9899979,104.8206711,58840500
9062,11/17/2016,109.8099976,110.3499985,108.8300018,109.9499969,104.782547,27632000
9063,11/18/2016,109.7200012,110.5400009,109.6600037,110.0599976,104.8874054,28428900
9064,11/21/2016,110.1200027,111.9899979,110.0100021,111.7300034,106.4789124,29264600
9065,11/22/2016,111.9499969,112.4199982,111.4000015,111.8000031,106.5456085,25965500
9066,11/23/2016,111.3600006,111.5100021,110.3300018,111.2300034,106.0024033,27426400
9067,11/25/2016,111.1299973,111.8700027,110.9499969,111.7900009,106.536087,11475900
9068,11/28/2016,111.4300003,112.4700012,111.3899994,111.5699997,106.326416,27194000
9069,11/29/2016,110.7799988,112.0299988,110.0699997,111.4599991,106.2216034,28528800
9070,11/30/2016,111.5999985,112.1999969,110.2699966,110.5199966,105.3257675,36162300
9071,12/1/2016,110.3700027,110.9400024,109.0299988,109.4899979,104.3441772,37086900
9072,12/2/2016,109.1699982,110.0899963,108.8499985,109.9000015,104.7349014,26528000
9073,12/5/2016,110,110.0299988,108.25,109.1100006,103.982048,34324500
9074,12/6/2016,109.5,110.3600006,109.1900024,109.9499969,104.782547,26195500
9075,12/7/2016,109.2600021,111.1900024,109.1600037,111.0299988,105.811821,29998700
9076,12/8/2016,110.8600006,112.4300003,110.5999985,112.1200027,106.8505783,27068300
9077,12/9/2016,112.3099976,114.6999969,112.3099976,113.9499969,108.5945663,34402600
9078,12/12/2016,113.2900009,115,112.4899979,113.3000031,107.9751205,26374400
9079,12/13/2016,113.8399963,115.9199982,113.75,115.1900024,109.7763062,43733800
9080,12/14/2016,115.0400009,116.1999969,114.9800034,115.1900024,109.7763062,34031800
9081,12/15/2016,115.3799973,116.7300034,115.2300034,115.8199997,110.3766785,46524500
9082,12/16/2016,116.4700012,116.5,115.6500015,115.9700012,110.5196304,44351100
9083,12/19/2016,115.8000031,117.3799973,115.75,116.6399994,111.1581497,27779400
9084,12/20/2016,116.7399979,117.5,116.6800003,116.9499969,111.4535751,21425000
9085,12/21/2016,116.8000031,117.4000015,116.7799988,117.0599976,111.5584106,23783200
9086,12/22/2016,116.3499985,116.5100021,115.6399994,116.2900009,110.8245926,26085900
9087,12/23/2016,115.5899963,116.5199966,115.5899963,116.5199966,111.0437775,14249500
9088,12/27/2016,116.5199966,117.8000031,116.4899979,117.2600021,111.7490005,18296900
9089,12/28/2016,117.5199966,118.0199966,116.1999969,116.7600021,111.2725067,20905900
9090,12/29/2016,116.4499969,117.1100006,116.4000015,116.7300034,111.2439194,15039500
9091,12/30/2016,116.6500015,117.1999969,115.4300003,115.8199997,110.3766785,30586300
9092,1/3/2017,115.8000031,116.3300018,114.7600021,116.1500015,110.6911545,28781900
9093,1/4/2017,115.8499985,116.5100021,115.75,116.0199966,110.567276,21118100
9094,1/5/2017,115.9199982,116.8600006,115.8099976,116.6100006,111.1295624,22193600
9095,1/6/2017,116.7799988,118.1600037,116.4700012,117.9100037,112.3684692,31751900
9096,1/9/2017,117.9499969,119.4300003,117.9400024,118.9899979,113.3976974,33561900
9097,1/10/2017,118.7699966,119.3799973,118.3000031,119.1100006,113.5120697,24462100
9098,1/11/2017,118.7399979,119.9300003,118.5999985,119.75,114.1219864,27588600
9099,1/12/2017,118.9000015,119.3000031,118.2099991,119.25,113.6454544,27086200
9100,1/13/2017,119.1100006,119.6200027,118.8099976,119.0400009,113.445343,26111900
9101,1/17/2017,118.3399963,120.2399979,118.2200012,120,114.3602371,34439800
9102,1/18/2017,120,120.5,119.7099991,119.9899979,114.3506927,23713000
9103,1/19/2017,119.4000015,120.0899963,119.3700027,119.7799988,114.1505585,25597300
9104,1/20/2017,120.4499969,120.4499969,119.7300034,120,114.3602371,32597900
9105,1/23/2017,120,120.8099976,119.7699966,120.0800018,114.4364777,22050200
9106,1/24/2017,119.5500031,120.0999985,119.5,119.9700012,114.3316498,23211000
9107,1/25/2017,120.4199982,122.0999985,120.2799988,121.8799973,116.1518784,32377600
9108,1/26/2017,121.6699982,122.4400024,121.5999985,121.9400024,116.2090454,26337600
9109,1/27/2017,122.1399994,122.3499985,121.5999985,121.9499969,116.2185822,20562900
9110,1/30/2017,120.9300003,121.6299973,120.6600037,121.6299973,115.9136047,30377500
9111,1/31/2017,121.1500015,121.3899994,120.6200027,121.3499985,115.6467743,49201000
9112,2/1/2017,127.0299988,130.4900055,127.0100021,128.75,122.6989899,111985000
9113,2/2/2017,127.9800034,129.3899994,127.7799988,128.5299988,122.4893417,33710400
9114,2/3/2017,128.3099976,129.1900024,128.1600037,129.0800018,123.0134964,24507300
9115,2/6/2017,129.1300049,130.5,128.8999939,130.2899933,124.166626,26845900
9116,2/7/2017,130.5399933,132.0899963,130.4499969,131.5299988,125.3483276,38183800
9117,2/8/2017,131.3500061,132.2200012,131.2200012,132.0399933,125.8343658,23004100
9118,2/9/2017,131.6499939,132.4499969,131.1199951,132.4199982,126.7436447,28349900
9119,2/10/2017,132.4600067,132.9400024,132.0500031,132.1199951,126.4564896,20065500
9120,2/13/2017,133.0800018,133.8200073,132.75,133.2899933,127.5763397,23035400
9121,2/14/2017,133.4700012,135.0899963,133.25,135.0200043,129.232193,33226200
9122,2/15/2017,135.5200043,136.2700043,134.6199951,135.5099945,129.7011871,35623100
9123,2/16/2017,135.6699982,135.8999939,134.8399963,135.3500061,129.5480499,22584600
9124,2/17/2017,135.1000061,135.8300018,135.1000061,135.7200012,129.9022064,22198200
9125,2/21/2017,136.2299957,136.75,135.9799957,136.6999969,130.84021,24507200
9126,2/22/2017,136.4299927,137.1199951,136.1100006,137.1100006,131.232605,20836900
9127,2/23/2017,137.3800049,137.4799957,136.3000031,136.5299988,130.6774597,20788200
9128,2/24/2017,135.9100037,136.6600037,135.2799988,136.6600037,130.8019257,21776600
9129,2/27/2017,137.1399994,137.4400024,136.2799988,136.9299927,131.0603333,20257400
9130,2/28/2017,137.0800018,137.4400024,136.6999969,136.9900055,131.1177826,23482900
9131,3/1/2017,137.8899994,140.1499939,137.6000061,139.7899933,133.797699,36414600
9132,3/2/2017,140,140.2799988,138.7599945,138.9600067,133.0033112,26211000
9133,3/3/2017,138.7799988,139.8300018,138.5899963,139.7799988,133.788147,21108100
9134,3/6/2017,139.3699951,139.7700043,138.6000061,139.3399963,133.3670044,21750000
9135,3/7/2017,139.0599976,139.9799957,138.7899933,139.5200043,133.5393066,17446300
9136,3/8/2017,138.9499969,139.8000031,138.8200073,139,133.0415802,18707200
9137,3/9/2017,138.7400055,138.7899933,137.0500031,138.6799927,132.7352905,22155900
9138,3/10/2017,139.25,139.3600006,138.6399994,139.1399994,133.1755981,19612800
9139,3/13/2017,138.8500061,139.4299927,138.8200073,139.1999969,133.2330017,17421700
9140,3/14/2017,139.3000031,139.6499939,138.8399963,138.9900055,133.0320282,15309100
9141,3/15/2017,139.4100037,140.75,139.0299988,140.4600067,134.4390259,25691800
9142,3/16/2017,140.7200012,141.0200043,140.2599945,140.6900024,134.6591339,19232000
9143,3/17/2017,141,141,139.8899994,139.9900055,133.9891663,43885000
9144,3/20/2017,140.3999939,141.5,140.2299957,141.4600067,135.3961487,21542000
9145,3/21/2017,142.1100006,142.8000031,139.7299957,139.8399963,133.8455811,39529900
9146,3/22/2017,139.8500061,141.6000061,139.7599945,141.4199982,135.3578644,25860200
9147,3/23/2017,141.2599945,141.5800018,140.6100006,140.9199982,134.8792572,20346300
9148,3/24/2017,141.5,141.7400055,140.3500061,140.6399994,134.6112823,22395600
9149,3/27/2017,139.3899994,141.2200012,138.6199951,140.8800049,134.8410187,23575100
9150,3/28/2017,140.9100037,144.0399933,140.6199951,143.8000031,137.635849,33374800
9151,3/29/2017,143.6799927,144.4900055,143.1900024,144.1199951,137.9420929,29190000
9152,3/30/2017,144.1900024,144.5,143.5,143.9299927,137.7602386,21207300
9153,3/31/2017,143.7200012,144.2700043,143.0099945,143.6600037,137.5018463,19661700
9154,4/3/2017,143.7100067,144.1199951,143.0500031,143.6999969,137.5401459,19985700
9155,4/4/2017,143.25,144.8899994,143.1699982,144.7700043,138.5642548,19891400
9156,4/5/2017,144.2200012,145.4600067,143.8099976,144.0200043,137.8463898,27717900
9157,4/6/2017,144.2899933,144.5200043,143.4499969,143.6600037,137.5018463,21149000
9158,4/7/2017,143.7299957,144.1799927,143.2700043,143.3399963,137.1955566,16672200
9159,4/10/2017,143.6000061,143.8800049,142.8999939,143.1699982,137.0328369,18933400
9160,4/11/2017,142.9400024,143.3500061,140.0599976,141.6300049,135.5588684,30379400
9161,4/12/2017,141.6000061,142.1499939,141.0099945,141.8000031,135.7215424,20350000
9162,4/13/2017,141.9100037,142.3800049,141.0500031,141.0500031,135.0037231,17822900
9163,4/17/2017,141.4799957,141.8800049,140.8699951,141.8300018,135.7502747,16582100
9164,4/18/2017,141.4100037,142.0399933,141.1100006,141.1999969,135.1473083,14697500
9165,4/19/2017,141.8800049,142,140.4499969,140.6799927,134.6495667,17328400
9166,4/20/2017,141.2200012,142.9199982,141.1600037,142.4400024,136.334137,23319600
9167,4/21/2017,142.4400024,142.6799927,141.8500061,142.2700043,136.1714325,17320900
9168,4/24/2017,143.5,143.9499969,143.1799927,143.6399994,137.4826965,17134300
9169,4/25/2017,143.9100037,144.8999939,143.8699951,144.5299988,138.334549,18871500
9170,4/26/2017,144.4700012,144.6000061,143.3800049,143.6799927,137.5209961,20041200
9171,4/27/2017,143.9199982,144.1600037,143.3099976,143.7899933,137.6262512,14246300
9172,4/28/2017,144.0899963,144.3000031,143.2700043,143.6499939,137.4922638,20860400
9173,5/1/2017,145.1000061,147.1999969,144.9600067,146.5800018,140.2966766,33602900
9174,5/2/2017,147.5399933,148.0899963,146.8399963,147.5099945,141.1867828,45352200
9175,5/3/2017,145.5899963,147.4900055,144.2700043,147.0599976,140.7561188,45697000
9176,5/4/2017,146.5200043,147.1399994,145.8099976,146.5299988,140.2487946,23371900
9177,5/5/2017,146.7599945,148.9799957,146.7599945,148.9600067,142.5746307,27327700
9178,5/8/2017,149.0299988,153.6999969,149.0299988,153.0099945,146.4510498,48752400
9179,5/9/2017,153.8699951,154.8800049,153.4499969,153.9900055,147.3890381,39130400
9180,5/10/2017,153.6300049,153.9400024,152.1100006,153.2599945,146.6903076,25805700
9181,5/11/2017,152.4499969,154.0700073,152.3099976,153.9499969,147.9589233,27255100
9182,5/12/2017,154.6999969,156.4199982,154.6699982,156.1000061,150.0252686,32527000
9183,5/15/2017,156.0099945,156.6499939,155.0500031,155.6999969,149.6408539,26009700
9184,5/16/2017,155.9400024,156.0599976,154.7200012,155.4700012,149.4197693,20048500
9185,5/17/2017,153.6000061,154.5700073,149.7100067,150.25,144.4029388,50767700
9186,5/18/2017,151.2700043,153.3399963,151.1300049,152.5399933,146.6037903,33568200
9187,5/19/2017,153.3800049,153.9799957,152.6300049,153.0599976,147.1035461,26960800
9188,5/22/2017,154,154.5800018,152.9100037,153.9900055,147.9973755,22966400
9189,5/23/2017,154.8999939,154.8999939,153.3099976,153.8000031,147.8147736,19918900
9190,5/24/2017,153.8399963,154.1699982,152.6699982,153.3399963,147.3726807,19178000
9191,5/25/2017,153.7299957,154.3500061,153.0299988,153.8699951,147.882019,19235600
9192,5/26/2017,154,154.2400055,153.3099976,153.6100006,147.6322021,21927600
9193,5/30/2017,153.4199982,154.4299927,153.3300018,153.6699982,147.6898499,20126900
9194,5/31/2017,153.9700012,154.1699982,152.3800049,152.7599945,146.8152466,24451200
9195,6/1/2017,153.1699982,153.3300018,152.2200012,153.1799927,147.2189026,16404100
9196,6/2/2017,153.5800018,155.4499969,152.8899994,155.4499969,149.4005737,27770700
9197,6/5/2017,154.3399963,154.4499969,153.4600067,153.9299927,147.9397125,25331700
9198,6/6/2017,153.8999939,155.8099976,153.7799988,154.4499969,148.4394836,26624900
9199,6/7/2017,155.0200043,155.9799957,154.4799957,155.3699951,149.3237,21069600
9200,6/8/2017,155.25,155.5399933,154.3999939,154.9900055,148.9584808,21250800
9201,6/9/2017,155.1900024,155.1900024,146.0200043,148.9799957,143.1823425,64882700
9202,6/12/2017,145.7400055,146.0899963,142.5099945,145.4199982,139.76091,72307300
9203,6/13/2017,147.1600037,147.4499969,145.1499939,146.5899963,140.885376,34165400
9204,6/14/2017,147.5,147.5,143.8399963,145.1600037,139.5110168,31531200
9205,6/15/2017,143.3200073,144.4799957,142.2100067,144.2899933,138.6748352,32165400
9206,6/16/2017,143.7799988,144.5,142.1999969,142.2700043,136.73349,50361100
9207,6/19/2017,143.6600037,146.7400055,143.6600037,146.3399963,140.6450806,32541400
9208,6/20/2017,146.8699951,146.8699951,144.9400024,145.0099945,139.3668518,24900100
9209,6/21/2017,145.5200043,146.0700073,144.6100006,145.8699951,140.1933746,21265800
9210,6/22/2017,145.7700043,146.6999969,145.1199951,145.6300049,139.9627533,19106300
9211,6/23/2017,145.1300049,147.1600037,145.1100006,146.2799988,140.5874176,35439400
9212,6/26/2017,147.1699982,148.2799988,145.3800049,145.8200073,140.1453247,25692400
9213,6/27/2017,145.0099945,146.1600037,143.6199951,143.7299957,138.1366425,24761900
9214,6/28/2017,144.4900055,146.1100006,143.1600037,145.8300018,140.154953,22082400
9215,6/29/2017,144.7100067,145.1300049,142.2799988,143.6799927,138.0886078,31499400
9216,6/30/2017,144.4499969,144.9600067,143.7799988,144.0200043,138.4153748,23024100
9217,7/3/2017,144.8800049,145.3000031,143.1000061,143.5,137.9155884,14277800
9218,7/5/2017,143.6900024,144.7899933,142.7200012,144.0899963,138.4826508,21569600
9219,7/6/2017,143.0200043,143.5,142.4100037,142.7299957,137.1755829,24128800
9220,7/7/2017,142.8999939,144.75,142.8999939,144.1799927,138.5691528,19201700
9221,7/10/2017,144.1100006,145.9499969,143.3699951,145.0599976,139.4148712,21090600
9222,7/11/2017,144.7299957,145.8500061,144.3800049,145.5299988,139.8666077,19781800
9223,7/12/2017,145.8699951,146.1799927,144.8200073,145.7400055,140.0684357,24884500
9224,7/13/2017,145.5,148.4900055,145.4400024,147.7700043,142.0194702,25199400
9225,7/14/2017,147.9700012,149.3300018,147.3300018,149.0399933,143.2400208,20132100
9226,7/17/2017,148.8200073,150.8999939,148.5700073,149.5599976,143.7397614,23793500
9227,7/18/2017,149.1999969,150.1300049,148.6699982,150.0800018,144.2395477,17868800
9228,7/19/2017,150.4799957,151.4199982,149.9499969,151.0200043,145.1429596,20923000
9229,7/20/2017,151.5,151.7400055,150.1900024,150.3399963,144.4894104,17243700
9230,7/21/2017,149.9900055,150.4400024,148.8800049,150.2700043,144.4221344,26252600
9231,7/24/2017,150.5800018,152.4400024,149.8999939,152.0899963,146.1713409,21493200
9232,7/25/2017,151.8000031,153.8399963,151.8000031,152.7400055,146.7960205,18853900
9233,7/26/2017,153.3500061,153.9299927,153.0599976,153.4600067,147.4880219,15781000
9234,7/27/2017,153.75,153.9900055,147.3000031,150.5599976,144.7008667,32476300
9235,7/28/2017,149.8899994,150.2299957,149.1900024,149.5,143.6821136,17213700
9236,7/31/2017,149.8999939,150.3300018,148.1300049,148.7299957,142.9420776,19845900
9237,8/1/2017,149.1000061,150.2200012,148.4100037,150.0500031,144.2107239,35368600
9238,8/2/2017,159.2799988,159.75,156.1600037,157.1399994,151.0247955,69936800
9239,8/3/2017,157.0500031,157.2100067,155.0200043,155.5700073,149.5158997,27097300
9240,8/4/2017,156.0700073,157.3999939,155.6900024,156.3899994,150.3039856,20559900
9241,8/7/2017,157.0599976,158.9199982,156.6699982,158.8099976,152.6298218,21870300
9242,8/8/2017,158.6000061,161.8300018,158.2700043,160.0800018,153.8503876,36205900
9243,8/9/2017,159.2599945,161.2700043,159.1100006,161.0599976,154.7922363,26131500
9244,8/10/2017,159.8999939,160,154.6300049,155.3200073,149.8618317,40804300
9245,8/11/2017,156.6000061,158.5700073,156.0700073,157.4799957,151.9459381,26257100
9246,8/14/2017,159.3200073,160.2100067,158.75,159.8500061,154.2326355,22122700
9247,8/15/2017,160.6600037,162.1999969,160.1399994,161.6000061,155.9211273,29465500
9248,8/16/2017,161.9400024,162.5099945,160.1499939,160.9499969,155.2939911,27671600
9249,8/17/2017,160.5200043,160.7100067,157.8399963,157.8600006,152.312561,27940600
9250,8/18/2017,157.8600006,159.5,156.7200012,157.5,151.9652405,27428100
9251,8/21/2017,157.5,157.8899994,155.1100006,157.2100067,151.6854248,26368500
9252,8/22/2017,158.2299957,160,158.0200043,159.7799988,154.1651154,21604600
9253,8/23/2017,159.0700073,160.4700012,158.8800049,159.9799957,154.3580627,19399100
9254,8/24/2017,160.4299927,160.7400055,158.5500031,159.2700043,153.6730194,19818900
9255,8/25/2017,159.6499939,160.5599976,159.2700043,159.8600006,154.2422943,25480100
9256,8/28/2017,160.1399994,162,159.9299927,161.4700012,155.7957153,25966000
9257,8/29/2017,160.1000061,163.1199951,160,162.9100037,157.1851044,29516900
9258,8/30/2017,163.8000031,163.8899994,162.6100006,163.3500061,157.6096649,27269600
9259,8/31/2017,163.6399994,164.5200043,163.4799957,164,158.2367859,26785100
9260,9/1/2017,164.8000031,164.9400024,163.6300049,164.0500031,158.2850647,16591100
9261,9/5/2017,163.75,164.25,160.5599976,162.0800018,156.3842773,29468500
9262,9/6/2017,162.7100067,162.9900055,160.5200043,161.9100037,156.2202148,21651700
9263,9/7/2017,162.0899963,162.2400055,160.3600006,161.2599945,155.5930939,21928500
9264,9/8/2017,160.8600006,161.1499939,158.5299988,158.6300049,153.0555267,28611500
9265,9/11/2017,160.5,162.0500031,159.8899994,161.5,155.8246613,31580800
9266,9/12/2017,162.6100006,163.9600067,158.7700043,160.8600006,155.2071686,71714000
9267,9/13/2017,159.8699951,159.9600067,157.9100037,159.6499939,154.0396729,44907400
9268,9/14/2017,158.9900055,159.3999939,158.0899963,158.2799988,152.717804,23760700
9269,9/15/2017,158.4700012,160.9700012,158,159.8800049,154.2615967,49114600
9270,9/18/2017,160.1100006,160.5,158,158.6699982,153.0941162,28269400
9271,9/19/2017,159.5099945,159.7700043,158.4400024,158.7299957,153.1519775,20810600
9272,9/20/2017,157.8999939,158.2599945,153.8300018,156.0700073,150.5854797,52951400
9273,9/21/2017,155.8000031,155.8000031,152.75,153.3899994,147.999649,37511700
9274,9/22/2017,151.5399933,152.2700043,150.5599976,151.8899994,146.5523529,46645400
9275,9/25/2017,149.9900055,151.8300018,149.1600037,150.5500031,145.2594604,44387300
9276,9/26/2017,151.7799988,153.9199982,151.6900024,153.1399994,147.7584229,36660000
9277,9/27/2017,153.8000031,154.7200012,153.5399933,154.2299957,148.8101196,25504200
9278,9/28/2017,153.8899994,154.2799988,152.6999969,153.2799988,147.8935242,22005500
9279,9/29/2017,153.2100067,154.1300049,152,154.1199951,148.7039795,26299800
9280,10/2/2017,154.2599945,154.4499969,152.7200012,153.8099976,148.404892,18698800
9281,10/3/2017,154.0099945,155.0899963,153.9100037,154.4799957,149.0513611,16230300
9282,10/4/2017,153.6300049,153.8600006,152.4600067,153.4799957,148.0865021,20163800
9283,10/5/2017,154.1799927,155.4400024,154.0500031,155.3899994,149.9293671,21283800
9284,10/6/2017,154.9700012,155.4900055,154.5599976,155.3000031,149.842514,17407600
9285,10/9/2017,155.8099976,156.7299957,155.4900055,155.8399963,150.3635406,16262900
9286,10/10/2017,156.0599976,158,155.1000061,155.8999939,150.4214325,15617000
9287,10/11/2017,155.9700012,156.9799957,155.75,156.5500031,151.0486145,16905600
9288,10/12/2017,156.3500061,157.3699951,155.7299957,156,150.5179596,16125100
9289,10/13/2017,156.7299957,157.2799988,156.4100037,156.9900055,151.4731598,16394200
9290,10/16/2017,157.8999939,160,157.6499939,159.8800049,154.2615967,24121500
9291,10/17/2017,159.7799988,160.8699951,159.2299957,160.4700012,154.8308563,18997300
9292,10/18/2017,160.4199982,160.7100067,159.6000061,159.7599945,154.145813,16374200
9293,10/19/2017,156.75,157.0800018,155.0200043,155.9799957,150.4986267,42584200
9294,10/20/2017,156.6100006,157.75,155.9600067,156.25,150.75914,23974100
9295,10/23/2017,156.8899994,157.6900024,155.5,156.1699982,150.6819763,21984300
9296,10/24/2017,156.2899933,157.4199982,156.1999969,157.1000061,151.5792694,17757200
9297,10/25/2017,156.9100037,157.5500031,155.2700043,156.4100037,150.9135284,21207100
9298,10/26/2017,157.2299957,157.8300018,156.7799988,157.4100037,151.8783569,17000500
9299,10/27/2017,159.2899933,163.6000061,158.6999969,163.0500031,157.3201599,44454200
9300,10/30/2017,163.8899994,168.0700073,163.7200012,166.7200012,160.8612366,44700800
9301,10/31/2017,167.8999939,169.6499939,166.9400024,169.0399933,163.0996704,36046800
9302,11/1/2017,169.8699951,169.9400024,165.6100006,166.8899994,161.0252533,33637800
9303,11/2/2017,166.6000061,168.5,165.2799988,168.1100006,162.2023773,41393400
9304,11/3/2017,174,174.2599945,171.1199951,172.5,166.4380951,59398600
9305,11/6/2017,172.3699951,174.9900055,171.7200012,174.25,168.1266022,35026300
9306,11/7/2017,173.9100037,175.25,173.6000061,174.8099976,168.6669006,24361500
9307,11/8/2017,174.6600037,176.2400055,174.3300018,176.2400055,170.0466919,24409500
9308,11/9/2017,175.1100006,176.1000061,173.1399994,175.8800049,169.6993561,29482600
9309,11/10/2017,175.1100006,175.3800049,174.2700043,174.6699982,169.1376801,25145500
9310,11/13/2017,173.5,174.5,173.3999939,173.9700012,168.4598694,16982100
9311,11/14/2017,173.0399933,173.4799957,171.1799927,171.3399963,165.9131317,24782500
9312,11/15/2017,169.9700012,170.3200073,168.3800049,169.0800018,163.7247162,29158100
9313,11/16/2017,171.1799927,171.8699951,170.3000031,171.1000061,165.6807709,23637500
9314,11/17/2017,171.0399933,171.3899994,169.6399994,170.1499939,164.760849,21899500
9315,11/20/2017,170.2899933,170.5599976,169.5599976,169.9799957,164.5962524,16262400
9316,11/21/2017,170.7799988,173.6999969,170.7799988,173.1399994,167.6561584,25131300
9317,11/22/2017,173.3600006,175,173.0500031,174.9600067,169.4185028,25588900
9318,11/24/2017,175.1000061,175.5,174.6499939,174.9700012,169.4281921,14026700
9319,11/27/2017,175.0500031,175.0800018,173.3399963,174.0899963,168.5760651,20716800
9320,11/28/2017,174.3000031,174.8699951,171.8600006,173.0700073,167.5883789,26428800
9321,11/29/2017,172.6300049,172.9199982,167.1600037,169.4799957,164.1121216,41666400
9322,11/30/2017,170.4299927,172.1399994,168.4400024,171.8500061,166.4070129,41527200
9323,12/1/2017,169.9499969,171.6699982,168.5,171.0500031,165.6323395,39759300
9324,12/4/2017,172.4799957,172.6199951,169.6300049,169.8000031,164.4219208,32542400
9325,12/5/2017,169.0599976,171.5200043,168.3999939,169.6399994,164.266983,27350200
9326,12/6/2017,167.5,170.1999969,166.4600067,169.0099945,163.6569672,28560000
9327,12/7/2017,169.0299988,170.4400024,168.9100037,169.3200073,163.9571686,25673300
9328,12/8/2017,170.4900055,171,168.8200073,169.3699951,164.0055389,23355200
9329,12/11/2017,169.1999969,172.8899994,168.7899933,172.6699982,167.2010345,35273800
9330,12/12/2017,172.1499939,172.3899994,171.4600067,171.6999969,166.2617493,19409200
9331,12/13/2017,172.5,173.5399933,172,172.2700043,166.8137054,23818400
9332,12/14/2017,172.3999939,173.1300049,171.6499939,172.2200012,166.7652893,20476500
9333,12/15/2017,173.6300049,174.1699982,172.4600067,173.9700012,168.4598694,40169300
9334,12/18/2017,174.8800049,177.1999969,174.8600006,176.4199982,170.8322754,29421100
9335,12/19/2017,175.0299988,175.3899994,174.0899963,174.5399933,169.0117798,27436400
9336,12/20/2017,174.8699951,175.4199982,173.25,174.3500061,168.8278198,23475600
9337,12/21/2017,174.1699982,176.0200043,174.1000061,175.0099945,169.4669189,20949900
9338,12/22/2017,174.6799927,175.4199982,174.5,175.0099945,169.4669189,16349400
9339,12/26/2017,170.8000031,171.4700012,169.6799927,170.5700073,165.167572,33185500
9340,12/27/2017,170.1000061,170.7799988,169.7100067,170.6000061,165.1966248,21498200
9341,12/28/2017,171,171.8500061,170.4799957,171.0800018,165.6614075,16480200
9342,12/29/2017,170.5200043,170.5899963,169.2200012,169.2299957,163.8699951,25999900
9343,1/2/2018,170.1600037,172.3000031,169.2599945,172.2599945,166.8040161,25555900
9344,1/3/2018,172.5299988,174.5500031,171.9600067,172.2299957,166.7749634,29517900
9345,1/4/2018,172.5399933,173.4700012,172.0800018,173.0299988,167.5496216,22434600
9346,1/5/2018,173.4400024,175.3699951,173.0500031,175,169.4572144,23660000
9347,1/8/2018,174.3500061,175.6100006,173.9299927,174.3500061,168.8278198,20567800
9348,1/9/2018,174.5500031,175.0599976,173.4100037,174.3300018,168.8084564,21584000
9349,1/10/2018,173.1600037,174.3000031,173,174.2899933,168.7697144,23959900
9350,1/11/2018,174.5899963,175.4900055,174.4900055,175.2799988,169.7283783,18667700
9351,1/12/2018,176.1799927,177.3600006,175.6499939,177.0899963,171.4810638,25418100
9352,1/16/2018,177.8999939,179.3899994,176.1399994,176.1900024,170.6095581,29565900
9353,1/17/2018,176.1499939,179.25,175.0700073,179.1000061,173.4273987,34386800
9354,1/18/2018,179.3699951,180.1000061,178.25,179.2599945,173.5823212,31193400
9355,1/19/2018,178.6100006,179.5800018,177.4100037,178.4600067,172.807663,32425100
9356,1/22/2018,177.3000031,177.7799988,176.6000061,177,171.3939209,27108600
9357,1/23/2018,177.3000031,179.4400024,176.8200073,177.0399933,171.4326324,32689100
9358,1/24/2018,177.25,177.3000031,173.1999969,174.2200012,168.7019501,51105100
9359,1/25/2018,174.5099945,174.9499969,170.5299988,171.1100006,165.6904449,41529000
9360,1/26/2018,172,172,170.0599976,171.5099945,166.0777588,39143000
9361,1/29/2018,170.1600037,170.1600037,167.0700073,167.9600067,162.640213,50640400
9362,1/30/2018,165.5299988,167.3699951,164.6999969,166.9700012,161.6815796,46048200
9363,1/31/2018,166.8699951,168.4400024,166.5,167.4299927,162.1270142,32478900
9364,2/1/2018,167.1699982,168.6199951,166.7599945,167.7799988,162.4659119,47230800
9365,2/2/2018,166,166.8000031,160.1000061,160.5,155.4165192,86593800
9366,2/5/2018,159.1000061,163.8800049,156,156.4900055,151.5335083,72738500
9367,2/6/2018,154.8300018,163.7200012,154,163.0299988,157.866333,68243800
9368,2/7/2018,163.0899963,163.3999939,159.0700073,159.5399933,154.4868774,51608600
9369,2/8/2018,160.2899933,161,155.0299988,155.1499939,150.2359467,54390500
9370,2/9/2018,157.0700073,157.8899994,150.2400055,156.4100037,152.0735474,70672600
9371,2/12/2018,158.5,163.8899994,157.5099945,162.7100067,158.1988831,60819500
9372,2/13/2018,161.9499969,164.75,161.6499939,164.3399963,159.7836761,32549200
9373,2/14/2018,163.0399933,167.5399933,162.8800049,167.3699951,162.7296753,40644900
9374,2/15/2018,169.7899933,173.0899963,169,172.9900055,168.1938782,51147200
9375,2/16/2018,172.3600006,174.8200073,171.7700043,172.4299927,167.6493988,40176100
9376,2/20/2018,172.0500031,174.2599945,171.4199982,171.8500061,167.0854797,33930500
9377,2/21/2018,172.8300018,174.1199951,171.0099945,171.0700073,166.3271027,37471600
9378,2/22/2018,171.8000031,173.9499969,171.7100067,172.5,167.717453,30991900
9379,2/23/2018,173.6699982,175.6499939,173.5399933,175.5,170.6342773,33812400
9380,2/26/2018,176.3500061,179.3899994,176.2100067,178.9700012,174.0080566,38162200
9381,2/27/2018,179.1000061,180.4799957,178.1600037,178.3899994,173.4441681,38928100
9382,2/28/2018,179.2599945,180.6199951,178.0500031,178.1199951,173.1816559,37782100
9383,3/1/2018,178.5399933,179.7799988,172.6600037,175,170.1481171,48802000
9384,3/2/2018,172.8000031,176.3000031,172.4499969,176.2100067,171.3246002,38454000
9385,3/5/2018,175.2100067,177.7400055,174.5200043,176.8200073,171.9177094,28401400
9386,3/6/2018,177.9100037,178.25,176.1300049,176.6699982,171.7718506,23788500
9387,3/7/2018,174.9400024,175.8500061,174.2700043,175.0299988,170.1773224,31703500
9388,3/8/2018,175.4799957,177.1199951,175.0700073,176.9400024,172.0343628,23774100
9389,3/9/2018,177.9600067,180,177.3899994,179.9799957,174.9900513,32185200
9390,3/12/2018,180.2899933,182.3899994,180.2100067,181.7200012,176.6818237,32207100
9391,3/13/2018,182.5899963,183.5,179.2400055,179.9700012,174.9803467,31693500
9392,3/14/2018,180.3200073,180.5200043,177.8099976,178.4400024,173.4927521,29368400
9393,3/15/2018,178.5,180.2400055,178.0700073,178.6499939,173.6969299,22743800
9394,3/16/2018,178.6499939,179.1199951,177.6199951,178.0200043,173.0844269,39404700
9395,3/19/2018,177.3200073,177.4700012,173.6600037,175.3000031,170.4398346,33446800
9396,3/20/2018,175.2400055,176.8000031,174.9400024,175.2400055,170.3815002,19649400
9397,3/21/2018,175.0399933,175.0899963,171.2599945,171.2700043,166.5215607,37054900
9398,3/22/2018,170,172.6799927,168.6000061,168.8500061,164.1686554,41490800
9399,3/23/2018,168.3899994,169.9199982,164.9400024,164.9400024,160.3670349,41028800
9400,3/26/2018,168.0700073,173.1000061,166.4400024,172.7700043,167.9799957,37541200
9401,3/27/2018,173.6799927,175.1499939,166.9199982,168.3399963,163.6727753,40922600
9402,3/28/2018,167.25,170.0200043,165.1900024,166.4799957,161.8643646,41668500
9403,3/29/2018,167.8099976,171.75,166.8999939,167.7799988,163.1283112,38398500
9404,4/2/2018,166.6399994,168.9400024,164.4700012,166.6799927,162.0588074,37586800
9405,4/3/2018,167.6399994,168.75,164.8800049,168.3899994,163.7214203,30278000
9406,4/4/2018,164.8800049,172.0099945,164.7700043,171.6100006,166.8521423,34605500
9407,4/5/2018,172.5800018,174.2299957,172.0800018,172.8000031,168.0091248,26933200
9408,4/6/2018,170.9700012,172.4799957,168.1999969,168.3800049,163.7117004,35005300
9409,4/9/2018,169.8800049,173.0899963,169.8500061,170.0500031,165.3353882,29017700
9410,4/10/2018,173,174,171.5299988,173.25,168.4466705,28408600
9411,4/11/2018,172.2299957,173.9199982,171.6999969,172.4400024,167.6591187,22431600
9412,4/12/2018,173.4100037,175,173.0399933,174.1399994,169.3119965,22889300
9413,4/13/2018,174.7799988,175.8399963,173.8500061,174.7299957,169.8856049,25124300
9414,4/16/2018,175.0299988,176.1900024,174.8300018,175.8200073,170.9454193,21578400
9415,4/17/2018,176.4900055,178.9400024,176.4100037,178.2400055,173.2983093,26605400
9416,4/18/2018,177.8099976,178.8200073,176.8800049,177.8399963,172.9093933,20754500
9417,4/19/2018,173.7599945,175.3899994,172.6600037,172.8000031,168.0091248,34808800
9418,4/20/2018,170.6000061,171.2200012,165.4299927,165.7200012,161.125412,65491100
9419,4/23/2018,166.8300018,166.9199982,164.0899963,165.2400055,160.6587524,36515500
9420,4/24/2018,165.6699982,166.3300018,161.2200012,162.9400024,158.4225159,33692000
9421,4/25/2018,162.6199951,165.4199982,162.4100037,163.6499939,159.1128082,28382100
9422,4/26/2018,164.1199951,165.7299957,163.3699951,164.2200012,159.6670074,27963000
9423,4/27/2018,164,164.3300018,160.6300049,162.3200073,157.8196869,35655800
9424,4/30/2018,162.1300049,167.2599945,161.8399963,165.2599945,160.6781769,42427400
9425,5/1/2018,166.4100037,169.1999969,165.2700043,169.1000061,164.4116974,53569400
9426,5/2/2018,175.2299957,177.75,173.8000031,176.5700073,171.6746216,66539400
9427,5/3/2018,175.8800049,177.5,174.4400024,176.8899994,171.985733,34068200
9428,5/4/2018,178.25,184.25,178.1699982,183.8300018,178.7333221,56201300
9429,5/7/2018,185.1799927,187.6699982,184.75,185.1600037,180.0264587,42451400
9430,5/8/2018,184.9900055,186.2200012,183.6699982,186.0500031,180.8917694,28402800
9431,5/9/2018,186.5500031,187.3999939,185.2200012,187.3600006,182.165451,23211200
9432,5/10/2018,187.7400055,190.3699951,187.6499939,190.0399933,184.7711487,27989300
9433,5/11/2018,189.4900055,190.0599976,187.4499969,188.5899963,184.0684204,26212200
9434,5/14/2018,189.0099945,189.5299988,187.8600006,188.1499939,183.6389618,20778800
9435,5/15/2018,186.7799988,187.0700073,185.1000061,186.4400024,181.9699707,23695200
9436,5/16/2018,186.0700073,188.4600067,186,188.1799927,183.6682281,19183100
9437,5/17/2018,188,188.9100037,186.3600006,186.9900055,182.5067902,17294000
9438,5/18/2018,187.1900024,187.8099976,186.1300049,186.3099976,181.8430786,18297700
9439,5/21/2018,188,189.2700043,186.9100037,187.6300049,183.1314392,18400800
9440,5/22/2018,188.3800049,188.8800049,186.7799988,187.1600037,182.6726837,15240700
9441,5/23/2018,186.3500061,188.5,185.7599945,188.3600006,183.8439636,20058400
9442,5/24/2018,188.7700043,188.8399963,186.2100067,188.1499939,183.6389618,23234000
9443,5/25/2018,188.2299957,189.6499939,187.6499939,188.5800018,184.0586548,17461000
9444,5/29/2018,187.6000061,188.75,186.8699951,187.8999939,183.3949738,22514100
9445,5/30/2018,187.7200012,188,186.7799988,187.5,183.0045624,18690500
9446,5/31/2018,187.2200012,188.2299957,186.1399994,186.8699951,182.3896332,27482800
9447,6/1/2018,187.9900055,190.2599945,187.75,190.2400055,185.678833,23442500
9448,6/4/2018,191.6399994,193.4199982,191.3500061,191.8300018,187.2307434,26266200
9449,6/5/2018,193.0700073,193.9400024,192.3600006,193.3099976,188.6752472,21566000
9450,6/6/2018,193.6300049,194.0800018,191.9199982,193.9799957,189.3291779,20933600
9451,6/7/2018,194.1399994,194.1999969,192.3399963,193.4600067,188.8216705,21347200
9452,6/8/2018,191.1699982,192,189.7700043,191.6999969,187.1038513,26656800
9453,6/11/2018,191.3500061,191.9700012,190.2100067,191.2299957,186.6451111,18308500
9454,6/12/2018,191.3899994,192.6100006,191.1499939,192.2799988,187.6699371,16911100
9455,6/13/2018,192.4199982,192.8800049,190.4400024,190.6999969,186.1278229,21638400
9456,6/14/2018,191.5500031,191.5700073,190.2200012,190.8000031,186.2254333,21610100
9457,6/15/2018,190.0299988,190.1600037,188.2599945,188.8399963,184.312439,61719200
9458,6/18/2018,187.8800049,189.2200012,187.1999969,188.7400055,184.214798,18484900
9459,6/19/2018,185.1399994,186.3300018,183.4499969,185.6900024,181.2379456,33578500
9460,6/20/2018,186.3500061,187.1999969,185.7299957,186.5,182.0285339,20628700
9461,6/21/2018,187.25,188.3500061,184.9400024,185.4600067,181.0134583,25711900
9462,6/22/2018,186.1199951,186.1499939,184.6999969,184.9199982,180.4863892,27200400
9463,6/25/2018,183.3999939,184.9199982,180.7299957,182.1699982,177.8023376,31663100
9464,6/26/2018,182.9900055,186.5299988,182.5399933,184.4299927,180.0081635,24569200
9465,6/27/2018,185.2299957,187.2799988,184.0299988,184.1600037,179.7446289,25285300
9466,6/28/2018,184.1000061,186.2100067,183.8000031,185.5,181.0525055,17365200
9467,6/29/2018,186.2899933,187.1900024,182.9100037,185.1100006,180.6718445,22737700
9468,7/2/2018,183.8200073,187.3000031,183.4199982,187.1799927,182.692215,17731300
9469,7/3/2018,187.7899933,187.9499969,183.5399933,183.9199982,179.5103912,13954800
9470,7/5/2018,185.2599945,186.4100037,184.2799988,185.3999939,180.954895,16604200
9471,7/6/2018,185.4199982,188.4299927,185.1999969,187.9700012,183.4632721,17485200
9472,7/9/2018,189.5,190.6799927,189.3000031,190.5800018,186.0107117,19756600
9473,7/10/2018,190.7100067,191.2799988,190.1799927,190.3500061,185.7862549,15939100
9474,7/11/2018,188.5,189.7799988,187.6100006,187.8800049,183.3754272,18831500
9475,7/12/2018,189.5299988,191.4100037,189.3099976,191.0299988,186.4499054,18041100
9476,7/13/2018,191.0800018,191.8399963,190.8999939,191.3300018,186.7427063,12513900
9477,7/16/2018,191.5200043,192.6499939,190.4199982,190.9100037,186.3327942,15043100
9478,7/17/2018,189.75,191.8699951,189.1999969,191.4499969,186.8598328,15534500
9479,7/18/2018,191.7799988,191.8000031,189.9299927,190.3999939,185.8350067,16393400
9480,7/19/2018,189.6900024,192.5500031,189.6900024,191.8800049,187.2795563,20286800
9481,7/20/2018,191.7799988,192.4299927,190.1699982,191.4400024,186.8501129,20676200
9482,7/23/2018,190.6799927,191.9600067,189.5599976,191.6100006,187.0159912,15989400
9483,7/24/2018,192.4499969,193.6600037,192.0500031,193,188.3726959,18697900
9484,7/25/2018,193.0599976,194.8500061,192.4299927,194.8200073,190.1490631,16709900
9485,7/26/2018,194.6100006,195.9600067,193.6100006,194.2100067,189.5536804,19076000
9486,7/27/2018,194.9900055,195.1900024,190.1000061,190.9799957,186.4011383,24024000
9487,7/30/2018,191.8999939,192.1999969,189.0700073,189.9100037,185.356781,21029500
9488,7/31/2018,190.3000031,192.1399994,189.3399963,190.2899933,185.7276459,39373000
9489,8/1/2018,199.1300049,201.7599945,197.3099976,201.5,196.6688995,67935700
9490,8/2/2018,200.5800018,208.3800049,200.3500061,207.3899994,202.4176788,62404000
9491,8/3/2018,207.0299988,208.7400055,205.4799957,207.9900055,203.0032806,33447400
9492,8/6/2018,208,209.25,207.0700073,209.0700073,204.0573883,25425400
9493,8/7/2018,209.3200073,209.5,206.7599945,207.1100006,202.1443787,25587400
9494,8/8/2018,206.0500031,207.8099976,204.5200043,207.25,202.2810516,22525500
9495,8/9/2018,209.5299988,209.7799988,207.1999969,208.8800049,203.8719635,23492600
9496,8/10/2018,207.3600006,209.1000061,206.6699982,207.5299988,203.264679,24611200
9497,8/13/2018,209.3099976,210.9499969,207.6999969,208.8699951,204.5771332,25890900
9498,8/14/2018,210.1600037,210.5599976,208.2599945,209.75,205.4391022,20748000
9499,8/15/2018,209.2200012,210.7400055,208.3300018,210.2400055,205.9190063,28807600
9500,8/16/2018,211.75,213.8099976,211.4700012,213.3200073,208.9357147,28500400
9501,8/17/2018,213.4400024,217.9499969,213.1600037,217.5800018,213.1081238,35427000
9502,8/20/2018,218.1000061,219.1799927,215.1100006,215.4600067,211.031723,30287700
9503,8/21/2018,216.8000031,217.1900024,214.0299988,215.0399933,210.6203461,26159800
9504,8/22/2018,214.1000061,216.3600006,213.8399963,215.0500031,210.6301575,19018100
9505,8/23/2018,214.6499939,217.0500031,214.6000061,215.4900055,211.0611115,18883200
9506,8/24/2018,216.6000061,216.8999939,215.1100006,216.1600037,211.7173309,18476400
9507,8/27/2018,217.1499939,218.7400055,216.3300018,217.9400024,213.4607391,20525100
9508,8/28/2018,219.0099945,220.5399933,218.9199982,219.6999969,215.1845703,22776800
9509,8/29/2018,220.1499939,223.4900055,219.4100037,222.9799957,218.397171,27254800
9510,8/30/2018,223.25,228.2599945,222.3999939,225.0299988,220.405014,48793800
9511,8/31/2018,226.5099945,228.8699951,226,227.6300049,222.9515839,43340100
9512,9/4/2018,228.4100037,229.1799927,226.6300049,228.3600006,223.6665955,27390100
9513,9/5/2018,228.9900055,229.6699982,225.1000061,226.8699951,222.2072296,33333000
9514,9/6/2018,226.2299957,227.3500061,221.3000031,223.1000061,218.5147095,34290000
9515,9/7/2018,221.8500061,225.3699951,220.7100067,221.3000031,216.7516937,37619800
9516,9/10/2018,220.9499969,221.8500061,216.4700012,218.3300018,213.8427277,39516500
9517,9/11/2018,218.0099945,224.3000031,216.5599976,223.8500061,219.2492981,35749000
9518,9/12/2018,224.9400024,225,219.8399963,221.0700073,216.5264282,49278700
9519,9/13/2018,223.5200043,228.3500061,222.5700073,226.4100037,221.7566681,41706400
9520,9/14/2018,225.75,226.8399963,222.5200043,223.8399963,219.2394867,31999300
9521,9/17/2018,222.1499939,222.9499969,217.2700043,217.8800049,213.4019928,37195100
9522,9/18/2018,217.7899933,221.8500061,217.1199951,218.2400055,213.7545929,31571700
9523,9/19/2018,218.5,219.6199951,215.3000031,218.3699951,213.881897,27123800
9524,9/20/2018,220.2400055,222.2799988,219.1499939,220.0299988,215.5078125,26608800
9525,9/21/2018,220.7799988,221.3600006,217.2899933,217.6600037,213.1865082,96246700
9526,9/24/2018,216.8200073,221.2599945,216.6300049,220.7899933,216.252182,27693400
9527,9/25/2018,219.75,222.8200073,219.6999969,222.1900024,217.6233978,24554400
9528,9/26/2018,221,223.75,219.7599945,220.4199982,215.8897705,23984700
9529,9/27/2018,223.8200073,226.4400024,223.5399933,224.9499969,220.3266602,30181200
9530,9/28/2018,224.7899933,225.8399963,224.0200043,225.7400055,221.1004333,22929400
9531,10/1/2018,227.9499969,229.4199982,226.3500061,227.2599945,222.5892029,23600800
9532,10/2/2018,227.25,230,226.6300049,229.2799988,224.5676727,24788200
9533,10/3/2018,230.0500031,233.4700012,229.7799988,232.0700073,227.3003387,28654800
9534,10/4/2018,230.7799988,232.3500061,226.7299957,227.9900055,223.3041992,32042000
9535,10/5/2018,227.9600067,228.4100037,220.5800018,224.2899933,219.6802216,33580500
9536,10/8/2018,222.2100067,224.8000031,220.1999969,223.7700043,219.1709442,29663900
9537,10/9/2018,223.6399994,227.2700043,222.25,226.8699951,222.2072296,26891000
9538,10/10/2018,225.4600067,226.3500061,216.0500031,216.3600006,211.913208,41990600
9539,10/11/2018,214.5200043,219.5,212.3200073,214.4499969,210.0424805,53124400
9540,10/12/2018,220.4199982,222.8800049,216.8399963,222.1100006,217.5450439,40337900
9541,10/15/2018,221.1600037,221.8300018,217.2700043,217.3600006,212.8926544,30791000
9542,10/16/2018,218.9299927,222.9900055,216.7599945,222.1499939,217.5842133,29184000
9543,10/17/2018,222.3000031,222.6399994,219.3399963,221.1900024,216.6439667,22885400
9544,10/18/2018,217.8600006,219.7400055,213,216.0200043,211.5802002,32581300
9545,10/19/2018,218.0599976,221.2599945,217.4299927,219.3099976,214.8025665,33078700
9546,10/22/2018,219.7899933,223.3600006,218.9400024,220.6499939,216.115036,28792100
9547,10/23/2018,215.8300018,223.25,214.6999969,222.7299957,218.152298,38767800
9548,10/24/2018,222.6000061,224.2299957,214.5399933,215.0899963,210.6693268,40925500
9549,10/25/2018,217.7100067,221.3800049,216.75,219.8000031,215.2825165,29855800
9550,10/26/2018,215.8999939,220.1900024,212.6699982,216.3000031,211.8544617,47258400
9551,10/29/2018,219.1900024,219.6900024,206.0899963,212.2400055,207.8778992,45935500
9552,10/30/2018,211.1499939,215.1799927,209.2700043,213.3000031,208.9161224,36660000
9553,10/31/2018,216.8800049,220.4499969,216.6199951,218.8600006,214.3618469,38358900
9554,11/1/2018,219.0500031,222.3600006,216.8099976,222.2200012,217.6527863,58323200
9555,11/2/2018,209.5500031,213.6499939,205.4299927,207.4799957,203.2157135,91328700
9556,11/5/2018,204.3000031,204.3899994,198.1699982,201.5899963,197.4467621,66163700
9557,11/6/2018,201.9199982,204.7200012,201.6900024,203.7700043,199.5819855,31882900
9558,11/7/2018,205.9700012,210.0599976,204.1300049,209.9499969,205.6349487,33424400
9559,11/8/2018,209.9799957,210.1199951,206.75,208.4900055,204.9174805,25362600
9560,11/9/2018,205.5500031,206.0099945,202.25,204.4700012,200.9663391,34365800
9561,11/12/2018,199,199.8500061,193.7899933,194.1699982,190.8428497,51135500
9562,11/13/2018,191.6300049,197.1799927,191.4499969,192.2299957,188.9360809,46882900
9563,11/14/2018,193.8999939,194.4799957,185.9299927,186.8000031,183.5991516,60801000
9564,11/15/2018,188.3899994,191.9700012,186.8999939,191.4100037,188.1301422,46478800
9565,11/16/2018,190.5,194.9700012,189.4600067,193.5299988,190.2138062,36928300
9566,11/19/2018,190,190.6999969,184.9900055,185.8600006,182.6752472,41925300
9567,11/20/2018,178.3699951,181.4700012,175.5099945,176.9799957,173.9474182,67825200
9568,11/21/2018,179.7299957,180.2700043,176.5500031,176.7799988,173.7508392,31124200
9569,11/23/2018,174.9400024,176.6000061,172.1000061,172.2899933,169.3377686,23624000
9570,11/26/2018,174.2400055,174.9499969,170.2599945,174.6199951,171.6278381,44998500
9571,11/27/2018,171.5099945,174.7700043,170.8800049,174.2400055,171.254364,41387400
9572,11/28/2018,176.7299957,181.2899933,174.9299927,180.9400024,177.8395538,46062500
9573,11/29/2018,182.6600037,182.8000031,177.6999969,179.5500031,176.4733582,41770000
9574,11/30/2018,180.2899933,180.3300018,177.0299988,178.5800018,175.519989,39531500
9575,12/3/2018,184.4600067,184.9400024,181.2100067,184.8200073,181.6530762,40802500
9576,12/4/2018,180.9499969,182.3899994,176.2700043,176.6900024,173.6623688,41344300
9577,12/6/2018,171.7599945,174.7799988,170.4199982,174.7200012,171.7261353,43098400
9578,12/7/2018,173.4900055,174.4900055,168.3000031,168.4900055,165.6029053,42281600
9579,12/10/2018,165,170.0899963,163.3300018,169.6000061,166.6938629,62026000
9580,12/11/2018,171.6600037,171.7899933,167,168.6300049,165.7404938,47281700
9581,12/12/2018,170.3999939,171.9199982,169.0200043,169.1000061,166.2024384,35627700
9582,12/13/2018,170.4900055,172.5700073,169.5500031,170.9499969,168.0207214,31898600
9583,12/14/2018,169,169.0800018,165.2799988,165.4799957,162.6444397,40703700
9584,12/17/2018,165.4499969,168.3500061,162.7299957,163.9400024,161.1308594,44287900
9585,12/18/2018,165.3800049,167.5299988,164.3899994,166.0700073,163.2243652,33841500
9586,12/19/2018,166,167.4499969,159.0899963,160.8899994,158.1331024,49047300
9587,12/20/2018,160.3999939,162.1100006,155.3000031,156.8300018,154.1426697,64773000
9588,12/21/2018,156.8600006,158.1600037,149.6300049,150.7299957,148.1472015,95744600
9589,12/24/2018,148.1499939,151.5500031,146.5899963,146.8300018,144.3140411,37169200
9590,12/26/2018,148.3000031,157.2299957,146.7200012,157.1699982,154.4768524,58582500
9591,12/27/2018,155.8399963,156.7700043,150.0700073,156.1499939,153.4743347,53117100
9592,12/28/2018,157.5,158.5200043,154.5500031,156.2299957,153.5529785,42291400
9593,12/31/2018,158.5299988,159.3600006,156.4799957,157.7400055,155.0371094,35003500
9594,1/2/2019,154.8899994,158.8500061,154.2299957,157.9199982,155.2140045,37039700
9595,1/3/2019,143.9799957,145.7200012,142,142.1900024,139.75354,91312200
9596,1/4/2019,144.5299988,148.5500031,143.8000031,148.2599945,145.7195129,58607100
9597,1/7/2019,148.6999969,148.8300018,145.8999939,147.9299927,145.3952026,54777800
9598,1/8/2019,149.5599976,151.8200073,148.5200043,150.75,148.1668701,41025300
9599,1/9/2019,151.2899933,154.5299988,149.6300049,153.3099976,150.6829834,45099100
9600,1/10/2019,152.5,153.9700012,150.8600006,153.8000031,151.1646271,35780700
9601,1/11/2019,152.8800049,153.6999969,151.5099945,152.2899933,149.6804657,27023200
9602,1/14/2019,150.8500061,151.2700043,149.2200012,150,147.429718,32439200
9603,1/15/2019,150.2700043,153.3899994,150.0500031,153.0700073,150.4471283,28710900
9604,1/16/2019,153.0800018,155.8800049,153,154.9400024,152.28508,30569700
9605,1/17/2019,154.1999969,157.6600037,153.2599945,155.8600006,153.1893005,29821200
9606,1/18/2019,157.5,157.8800049,155.9799957,156.8200073,154.1328583,33751000
9607,1/22/2019,156.4100037,156.7299957,152.6199951,153.3000031,150.673172,30394000
9608,1/23/2019,154.1499939,155.1399994,151.6999969,153.9199982,151.282547,23130600
9609,1/24/2019,154.1100006,154.4799957,151.7400055,152.6999969,150.0834351,25441500
9610,1/25/2019,155.4799957,158.1300049,154.3200073,157.7599945,155.0567474,33535500
9611,1/28/2019,155.7899933,156.3300018,153.6600037,156.3000031,153.6217651,26192100
9612,1/29/2019,156.25,158.1300049,154.1100006,154.6799927,152.0295105,41587200
9613,1/30/2019,163.25,166.1499939,160.2299957,165.25,162.4184113,61109800
9614,1/31/2019,166.1100006,169,164.5599976,166.4400024,163.5879974,40739600
9615,2/1/2019,166.9600067,168.9799957,165.9299927,166.5200043,163.6666412,32668100
9616,2/4/2019,167.4100037,171.6600037,167.2799988,171.25,168.3155823,31495500
9617,2/5/2019,172.8600006,175.0800018,172.3500061,174.1799927,171.1953888,36101600
9618,2/6/2019,174.6499939,175.5700073,172.8500061,174.2400055,171.254364,28239600
9619,2/7/2019,172.3999939,173.9400024,170.3399963,170.9400024,168.01091,31741700
9620,2/8/2019,168.9900055,170.6600037,168.4199982,170.4100037,168.2083282,23820000
9621,2/11/2019,171.0500031,171.2100067,169.25,169.4299927,167.2409668,20993400
9622,2/12/2019,170.1000061,171,169.6999969,170.8899994,168.6821136,22283500
9623,2/13/2019,171.3899994,172.4799957,169.9199982,170.1799927,167.9812775,22490200
9624,2/14/2019,169.7100067,171.2599945,169.3800049,170.8000031,168.5932922,21835700
9625,2/15/2019,171.25,171.6999969,169.75,170.4199982,168.2182007,24626800
9626,2/19/2019,169.7100067,171.4400024,169.4900055,170.9299927,168.7215881,18972800
9627,2/20/2019,171.1900024,173.3200073,170.9900055,172.0299988,169.8073883,26114400
9628,2/21/2019,171.8000031,172.3699951,170.3000031,171.0599976,168.8499298,17249700
9629,2/22/2019,171.5800018,173,171.3800049,172.9700012,170.7352295,18913200
9630,2/25/2019,174.1600037,175.8699951,173.9499969,174.2299957,171.9789581,21873400
9631,2/26/2019,173.7100067,175.3000031,173.1699982,174.3300018,172.0776672,17070200
9632,2/27/2019,173.2100067,175,172.7299957,174.8699951,172.6106873,27835400
9633,2/28/2019,174.3200073,174.9100037,172.9199982,173.1499939,170.9129181,28215400
9634,3/1/2019,174.2799988,175.1499939,172.8899994,174.9700012,172.7093811,25886200
9635,3/4/2019,175.6900024,177.75,173.9700012,175.8500061,173.5780334,27436200
9636,3/5/2019,175.9400024,176,174.5399933,175.5299988,173.2621613,19737400
9637,3/6/2019,174.6699982,175.4900055,173.9400024,174.5200043,172.2652283,20810400
9638,3/7/2019,173.8699951,174.4400024,172.0200043,172.5,170.2713165,24796400
9639,3/8/2019,170.3200073,173.0700073,169.5,172.9100037,170.6760254,23999400
9640,3/11/2019,175.4900055,179.1199951,175.3500061,178.8999939,176.5886078,32011000
9641,3/12/2019,180,182.6699982,179.3699951,180.9100037,178.5726624,32467600
9642,3/13/2019,182.25,183.3000031,180.9199982,181.7100067,179.3623199,31032500
9643,3/14/2019,183.8999939,184.1000061,182.5599976,183.7299957,181.3562164,23579500
9644,3/15/2019,184.8500061,187.3300018,183.7400055,186.1199951,183.715332,39042900
9645,3/18/2019,185.8000031,188.3899994,185.7899933,188.0200043,185.5908051,26219800
9646,3/19/2019,188.3500061,188.9900055,185.9199982,186.5299988,184.1200562,31646400
9647,3/20/2019,186.2299957,189.4900055,184.7299957,188.1600037,185.7289886,31035200
9648,3/21/2019,190.0200043,196.3300018,189.8099976,195.0899963,192.5694275,51034200
9649,3/22/2019,195.3399963,197.6900024,190.7799988,191.0500031,188.5816498,42407700
9650,3/25/2019,191.5099945,191.9799957,186.6000061,188.7400055,186.3014832,43845300
9651,3/26/2019,191.6600037,192.8800049,184.5800018,186.7899933,184.3766785,49800500
9652,3/27/2019,188.75,189.7599945,186.5500031,188.4700012,186.0349731,29848400
9653,3/28/2019,188.9499969,189.5599976,187.5299988,188.7200012,186.2817383,20780400
9654,3/29/2019,189.8300018,190.0800018,188.5399933,189.9499969,187.4958649,23564000
9655,4/1/2019,191.6399994,191.6799927,188.3800049,191.2400055,188.7692108,27862000
9656,4/2/2019,191.0899963,194.4600067,191.0500031,194.0200043,191.5132904,22765700
9657,4/3/2019,193.25,196.5,193.1499939,195.3500061,192.8261108,23271800
9658,4/4/2019,194.7899933,196.3699951,193.1399994,195.6900024,193.1616821,19114300
9659,4/5/2019,196.4499969,197.1000061,195.9299927,197,194.4547577,18526600
9660,4/8/2019,196.4199982,200.2299957,196.3399963,200.1000061,197.5147095,25881700
9661,4/9/2019,200.3200073,202.8500061,199.2299957,199.5,196.9224701,35768200
9662,4/10/2019,198.6799927,200.7400055,198.1799927,200.6199951,198.0279846,21695300
9663,4/11/2019,200.8500061,201,198.4400024,198.9499969,196.3795776,20900800
9664,4/12/2019,199.1999969,200.1399994,196.2100067,198.8699951,196.3006134,27760700
9665,4/15/2019,198.5800018,199.8500061,198.0099945,199.2299957,196.6559601,17536600
9666,4/16/2019,199.4600067,201.3699951,198.5599976,199.25,196.675705,25696400
9667,4/17/2019,199.5399933,203.3800049,198.6100006,203.1300049,200.5055847,28906800
9668,4/18/2019,203.1199951,204.1499939,202.5200043,203.8600006,201.2261505,24195800
9669,4/22/2019,202.8300018,204.9400024,202.3399963,204.5299988,201.8874969,19439500
9670,4/23/2019,204.4299927,207.75,203.8999939,207.4799957,204.7993622,23323000
9671,4/24/2019,207.3600006,208.4799957,207.0500031,207.1600037,204.4835052,17540600
9672,4/25/2019,206.8300018,207.7599945,205.1199951,205.2799988,202.6278076,18543200
9673,4/26/2019,204.8999939,205,202.1199951,204.3000031,201.6604614,18649100
9674,4/29/2019,204.3999939,205.9700012,203.8600006,204.6100006,201.9664612,22204700
9675,4/30/2019,203.0599976,203.3999939,199.1100006,200.6699982,198.0773621,46534900
9676,5/1/2019,209.8800049,215.3099976,209.2299957,210.5200043,207.8001099,64827300
9677,5/2/2019,209.8399963,212.6499939,208.1300049,209.1499939,206.4477997,31996300
9678,5/3/2019,210.8899994,211.8399963,210.2299957,211.75,209.0142212,20892400
9679,5/6/2019,204.2899933,208.8399963,203.5,208.4799957,205.7864685,32443100
9680,5/7/2019,205.8800049,207.4199982,200.8300018,202.8600006,200.2390747,38763700
9681,5/8/2019,201.8999939,205.3399963,201.75,202.8999939,200.2785339,26339500
9682,5/9/2019,200.3999939,201.6799927,196.6600037,200.7200012,198.126709,34908600
9683,5/10/2019,197.4199982,198.8500061,192.7700043,197.1799927,195.3819733,41208700
9684,5/13/2019,187.7100067,189.4799957,182.8500061,185.7200012,184.0264893,57430600
9685,5/14/2019,186.4100037,189.6999969,185.4100037,188.6600037,186.9396667,36529700
9686,5/15/2019,186.2700043,191.75,186.0200043,190.9199982,189.1790619,26544700
9687,5/16/2019,189.9100037,192.4700012,188.8399963,190.0800018,188.3467255,33031400
9688,5/17/2019,186.9299927,190.8999939,186.7599945,189,187.2765808,32879100
9689,5/20/2019,183.5200043,184.3500061,180.2799988,183.0899963,181.4204712,38612300
9690,5/21/2019,185.2200012,188,184.6999969,186.6000061,184.898468,28364800
9691,5/22/2019,184.6600037,185.7100067,182.5500031,182.7799988,181.1132813,29748600
9692,5/23/2019,179.8000031,180.5399933,177.8099976,179.6600037,178.0217438,36529700
9693,5/24/2019,180.1999969,182.1399994,178.6199951,178.9700012,177.3380432,23714700
9694,5/28/2019,178.9199982,180.5899963,177.9100037,178.2299957,176.6047821,27948200
9695,5/29/2019,176.4199982,179.3500061,176,177.3800049,175.7625275,28481200
9696,5/30/2019,177.9499969,179.2299957,176.6699982,178.3000031,176.6741486,21218400
9697,5/31/2019,176.2299957,177.9900055,174.9900055,175.0700073,173.4736023,27043600
9698,6/3/2019,175.6000061,177.9199982,170.2700043,173.3000031,171.7197266,40396100
9699,6/4/2019,175.4400024,179.8300018,174.5200043,179.6399994,178.0019226,30968000
9700,6/5/2019,184.2799988,184.9900055,181.1399994,182.5399933,180.8754578,29773400
9701,6/6/2019,183.0800018,185.4700012,182.1499939,185.2200012,183.5310364,22526300
9702,6/7/2019,186.5099945,191.9199982,185.7700043,190.1499939,188.4160767,30684400
9703,6/10/2019,191.8099976,195.3699951,191.6199951,192.5800018,190.8239288,26220900
9704,6/11/2019,194.8600006,196,193.6000061,194.8099976,193.0335846,26932900
9705,6/12/2019,193.9499969,195.9700012,193.3899994,194.1900024,192.4192505,18221800
9706,6/13/2019,194.6999969,196.7899933,193.6000061,194.1499939,192.3795929,21674600
9707,6/14/2019,191.5500031,193.5899963,190.3000031,192.7400055,190.9824677,18761500
9708,6/17/2019,192.8999939,194.9600067,192.1699982,193.8899994,192.1219788,14669100
9709,6/18/2019,196.0500031,200.2899933,195.2100067,198.4499969,196.6403961,26551000
9710,6/19/2019,199.6799927,199.8800049,197.3099976,197.8699951,196.0656891,21124200
9711,6/20/2019,200.3699951,200.6100006,198.0299988,199.4600067,197.6411896,21514000
9712,6/21/2019,198.8000031,200.8500061,198.1499939,198.7799988,196.9673767,47800600
9713,6/24/2019,198.5399933,200.1600037,198.1699982,198.5800018,196.7692108,18220400
9714,6/25/2019,198.4299927,199.2599945,195.2899933,195.5700073,193.7866669,21070300
9715,6/26/2019,197.7700043,200.9900055,197.3500061,199.8000031,197.9780884,26067500
9716,6/27/2019,200.2899933,201.5700073,199.5700073,199.7400055,197.9186401,20899700
9717,6/28/2019,198.6799927,199.5,197.0500031,197.9199982,196.1152191,31110600
9718,7/1/2019,203.1699982,204.4900055,200.6499939,201.5500031,199.7121429,27316700
9719,7/2/2019,201.4100037,203.1300049,201.3600006,202.7299957,200.8813629,16935200
9720,7/3/2019,203.2799988,204.4400024,202.6900024,204.4100037,202.546051,11362000
9721,7/5/2019,203.3500061,205.0800018,202.8999939,204.2299957,202.3676758,17265500
9722,7/8/2019,200.8099976,201.3999939,198.4100037,200.0200043,198.1960754,25338600
9723,7/9/2019,199.1999969,201.5099945,198.8099976,201.2400055,199.4049683,20578000
9724,7/10/2019,201.8500061,203.7299957,201.5599976,203.2299957,201.3768158,17897100
9725,7/11/2019,203.3099976,204.3899994,201.7100067,201.75,199.9103088,20191800
9726,7/12/2019,202.4499969,204,202.1999969,203.3000031,201.4461823,17595200
9727,7/15/2019,204.0899963,205.8699951,204,205.2100067,203.3387604,16947400
9728,7/16/2019,204.5899963,206.1100006,203.5,204.5,202.6352234,16866800
9729,7/17/2019,204.0500031,205.0899963,203.2700043,203.3500061,201.4957123,14107500
9730,7/18/2019,204,205.8800049,203.6999969,205.6600037,203.7846527,18582200
9731,7/19/2019,205.7899933,206.5,202.3600006,202.5899963,200.7426453,20929300
9732,7/22/2019,203.6499939,207.2299957,203.6100006,207.2200012,205.3304291,22277900
9733,7/23/2019,208.4600067,208.9100037,207.2899933,208.8399963,206.9356384,18355200
9734,7/24/2019,207.6699982,209.1499939,207.1699982,208.6699982,206.7672119,14991600
9735,7/25/2019,208.8899994,209.2400055,206.7299957,207.0200043,205.1322632,13909600
9736,7/26/2019,207.4799957,209.7299957,207.1399994,207.7400055,205.8456879,17618900
9737,7/29/2019,208.4600067,210.6399994,208.4400024,209.6799927,207.7679901,21673400
9738,7/30/2019,208.7599945,210.1600037,207.3099976,208.7799988,206.8761902,33935700
9739,7/31/2019,216.4199982,221.3699951,211.3000031,213.0399933,211.0973663,69281400
9740,8/1/2019,213.8999939,218.0299988,206.7400055,208.4299927,206.5293732,54017900
9741,8/2/2019,205.5299988,206.4299927,201.6300049,204.0200043,202.1596069,40862100
9742,8/5/2019,197.9900055,198.6499939,192.5800018,193.3399963,191.5769806,52393000
9743,8/6/2019,196.3099976,198.0700073,194.0399933,197,195.2036133,35824800
9744,8/7/2019,195.4100037,199.5599976,193.8200073,199.0399933,197.2250061,33364400
9745,8/8/2019,200.1999969,203.5299988,199.3899994,203.4299927,201.5749817,27009500
9746,8/9/2019,201.3000031,202.7599945,199.2899933,200.9900055,199.9139252,24619700
9747,8/12/2019,199.6199951,202.0500031,199.1499939,200.4799957,199.4066467,22474900
9748,8/13/2019,201.0200043,212.1399994,200.4799957,208.9700012,207.8512115,47218500
9749,8/14/2019,203.1600037,206.4400024,202.5899963,202.75,201.664505,36547400
9750,8/15/2019,203.4600067,205.1399994,199.6699982,201.7400055,200.6599121,27227400
9751,8/16/2019,204.2799988,207.1600037,203.8399963,206.5,205.3944244,27620400
9752,8/19/2019,210.6199951,212.7299957,210.0299988,210.3500061,209.2238159,24413600
9753,8/20/2019,210.8800049,213.3500061,210.3200073,210.3600006,209.2337646,26884300
9754,8/21/2019,212.9900055,213.6499939,211.6000061,212.6399994,211.5015564,21535400
9755,8/22/2019,213.1900024,214.4400024,210.75,212.4600067,211.322525,22253700
9756,8/23/2019,209.4299927,212.0500031,201,202.6399994,201.5550995,46818000
9757,8/26/2019,205.8600006,207.1900024,205.0599976,206.4900055,205.3844757,26043600
9758,8/27/2019,207.8600006,208.5500031,203.5299988,204.1600037,203.0669556,25873300
9759,8/28/2019,204.1000061,205.7200012,203.3200073,205.5299988,204.4296265,15938800
9760,8/29/2019,208.5,209.3200073,206.6600037,209.0099945,207.890976,20990500
9761,8/30/2019,210.1600037,210.4499969,207.1999969,208.7400055,207.6224365,21143400
9762,9/3/2019,206.4299927,206.9799957,204.2200012,205.6999969,204.5986938,20023000
9763,9/4/2019,208.3899994,209.4799957,207.3200073,209.1900024,208.0700378,19188100
9764,9/5/2019,212,213.9700012,211.5099945,213.2799988,212.1381226,23913700
9765,9/6/2019,214.0500031,214.4199982,212.5099945,213.2599945,212.1182251,19362300
9766,9/9/2019,214.8399963,216.4400024,211.0700073,214.1699982,213.0233612,27309400
9767,9/10/2019,213.8600006,216.7799988,211.7100067,216.6999969,215.5398102,31777900
9768,9/11/2019,218.0700073,223.7100067,217.7299957,223.5899963,222.3929291,44289600
9769,9/12/2019,224.8000031,226.4199982,222.8600006,223.0899963,221.8955994,32226700
9770,9/13/2019,220,220.7899933,217.0200043,218.75,217.5788422,39763300
9771,9/16/2019,217.7299957,220.1300049,217.5599976,219.8999939,218.7226868,21158100
9772,9/17/2019,219.9600067,220.8200073,219.1199951,220.6999969,219.5184021,18318700
9773,9/18/2019,221.0599976,222.8500061,219.4400024,222.7700043,221.5773315,25340000
9774,9/19/2019,222.0099945,223.7599945,220.3699951,220.9600067,219.7770233,22060600
9775,9/20/2019,221.3800049,222.5599976,217.4700012,217.7299957,216.5642853,55413100
9776,9/23/2019,218.9499969,219.8399963,217.6499939,218.7200012,217.548996,19165500
9777,9/24/2019,221.0299988,222.4900055,217.1900024,217.6799927,216.5145569,31190800
9778,9/25/2019,218.5500031,221.5,217.1399994,221.0299988,219.8466339,21903400
9779,9/26/2019,220,220.9400024,218.8300018,219.8899994,218.712738,18833500
9780,9/27/2019,220.5399933,220.9600067,217.2799988,218.8200073,217.6484833,25352000
9781,9/30/2019,220.8999939,224.5800018,220.7899933,223.9700012,222.7708893,25977400
9782,10/1/2019,225.0700073,228.2200012,224.1999969,224.5899963,223.3875732,34805800
9783,10/2/2019,223.0599976,223.5800018,217.9299927,218.9600067,217.7877197,34612300
9784,10/3/2019,218.4299927,220.9600067,215.1300049,220.8200073,219.6377563,28606500
9785,10/4/2019,225.6399994,227.4900055,223.8899994,227.0099945,225.7946167,34619700
9786,10/7/2019,226.2700043,229.9299927,225.8399963,227.0599976,225.8443451,30576500
9787,10/8/2019,225.8200073,228.0599976,224.3300018,224.3999939,223.1985931,27955000
9788,10/9/2019,227.0299988,227.7899933,225.6399994,227.0299988,225.8145142,18692600
9789,10/10/2019,227.9299927,230.4400024,227.3000031,230.0899963,228.8581238,28253400
9790,10/11/2019,232.9499969,237.6399994,232.3099976,236.2100067,234.9453583,41698900
9791,10/14/2019,234.8999939,238.1300049,234.6699982,235.8699951,234.6071777,24106900
9792,10/15/2019,236.3899994,237.6499939,234.8800049,235.3200073,234.0601349,21840000
9793,10/16/2019,233.3699951,235.2400055,233.1999969,234.3699951,233.1152039,18475800
9794,10/17/2019,235.0899963,236.1499939,233.5200043,235.2799988,234.02034,16896300
9795,10/18/2019,234.5899963,237.5800018,234.2899933,236.4100037,235.1443024,24358400
9796,10/21/2019,237.5200043,240.9900055,237.3200073,240.5099945,239.2223358,21811800
9797,10/22/2019,241.1600037,242.1999969,239.6199951,239.9600067,238.675293,20573400
9798,10/23/2019,242.1000061,243.2400055,241.2200012,243.1799927,241.8780365,18957200
9799,10/24/2019,244.5099945,244.8000031,241.8099976,243.5800018,242.2758942,17318800
9800,10/25/2019,243.1600037,246.7299957,242.8800049,246.5800018,245.2598419,18369300
9801,10/28/2019,247.4199982,249.25,246.7200012,249.0500031,247.7166138,24143200
9802,10/29/2019,248.9700012,249.75,242.5700073,243.2899933,241.987442,35709900
9803,10/30/2019,244.7599945,245.3000031,241.2100067,243.2599945,241.9576111,31130500
9804,10/31/2019,247.2400055,249.1699982,237.2599945,248.7599945,247.4281616,34790500
9805,11/1/2019,249.5399933,255.9299927,249.1600037,255.8200073,254.4503784,37781300
9806,11/4/2019,257.3299866,257.8500061,255.3800049,257.5,256.1213684,25818000
9807,11/5/2019,257.0499878,258.1900024,256.3200073,257.1300049,255.7533722,19974400
9808,11/6/2019,256.769989,257.4899902,255.3699951,257.2399902,255.8627625,18966100
9809,11/7/2019,258.7399902,260.3500061,258.1099854,259.4299927,258.8157349,23735100
9810,11/8/2019,258.6900024,260.4400024,256.8500061,260.1400146,259.5240784,17496600
9811,11/11/2019,258.2999878,262.4700012,258.2799988,262.2000122,261.5791931,20455300
9812,11/12/2019,261.5499878,262.7900085,260.9200134,261.9599915,261.3397522,21847200
9813,11/13/2019,261.1300049,264.7799988,261.0700073,264.4700012,263.843811,25683600
9814,11/14/2019,263.75,264.8800049,262.1000061,262.6400146,262.018158,22295700
9815,11/15/2019,263.6799927,265.7799988,263.0100098,265.7600098,265.1307678,25051600
9816,11/18/2019,265.7999878,267.4299927,264.230011,267.1000061,266.4675903,21675800
9817,11/19/2019,267.8999939,268,265.3900146,266.2900085,265.6595154,19041800
9818,11/20/2019,265.5400085,266.0799866,260.3999939,263.1900024,262.566864,26558600
9819,11/21/2019,263.6900024,264.0100098,261.1799927,262.0100098,261.3896484,30348800
9820,11/22/2019,262.5899963,263.1799927,260.8399963,261.7799988,261.1601868,16331300
9821,11/25/2019,262.7099915,266.4400024,262.519989,266.3699951,265.7393188,21005100
9822,11/26/2019,266.9400024,267.1600037,262.5,264.2900085,263.6642456,26301900
9823,11/27/2019,265.5799866,267.980011,265.3099976,267.8399963,267.2058411,16308900
9824,11/29/2019,266.6000061,268,265.8999939,267.25,266.6172485,11654400
9825,12/2/2019,267.269989,268.25,263.4500122,264.1600037,263.5345459,23621800
9826,12/3/2019,258.3099976,259.5299988,256.2900085,259.4500122,258.8357239,28607600
9827,12/4/2019,261.0700073,263.3099976,260.6799927,261.7399902,261.1202698,16795400
9828,12/5/2019,263.7900085,265.8900146,262.730011,265.5799866,264.9511719,18606100
9829,12/6/2019,267.480011,271,267.2999878,270.7099915,270.0690308,26518900
9830,12/9/2019,270,270.7999878,264.9100037,266.9200134,266.2880249,32010600
9831,12/10/2019,268.6000061,270.0700073,265.8599854,268.480011,267.8443298,22605100
9832,12/11/2019,268.8099976,271.1000061,268.5,270.769989,270.1289063,19689200
9833,12/12/2019,267.7799988,272.5599976,267.3200073,271.4599915,270.8172607,34327600
9834,12/13/2019,271.4599915,275.2999878,270.9299927,275.1499939,274.4985352,33396900
9835,12/16/2019,277,280.7900085,276.980011,279.8599854,279.1973572,32046500
9836,12/17/2019,279.5700073,281.769989,278.7999878,280.4100037,279.7460938,28539600
9837,12/18/2019,279.7999878,281.8999939,279.1199951,279.7399902,279.0776672,29007100
9838,12/19/2019,279.5,281.1799927,278.9500122,280.019989,279.3569946,24592300
9839,12/20/2019,282.230011,282.6499939,278.5599976,279.4400024,278.7783813,68994500
9840,12/23/2019,280.5299988,284.25,280.3699951,284,283.3275757,24643000
9841,12/24/2019,284.6900024,284.8900146,282.9200134,284.269989,283.5969238,12119700
9842,12/26/2019,284.8200073,289.980011,284.7000122,289.9100037,289.2236023,23280300
9843,12/27/2019,291.1199951,293.9700012,288.1199951,289.7999878,289.1138306,36566500
9844,12/30/2019,289.4599915,292.6900024,285.2200012,291.519989,290.8297729,36028600
9845,12/31/2019,289.9299927,293.6799927,289.519989,293.6499939,292.9547119,25201400
9846,1/2/2020,296.2399902,300.6000061,295.1900024,300.3500061,299.6388855,33870100
9847,1/3/2020,297.1499939,300.5799866,296.5,297.4299927,296.725769,36580700
9848,1/6/2020,293.7900085,299.9599915,292.75,299.7999878,299.0901489,29596800
9849,1/7/2020,299.8399963,300.8999939,297.480011,298.3900146,297.6835327,27218000
9850,1/8/2020,297.1600037,304.4400024,297.1600037,303.1900024,302.4721375,33019800
9851,1/9/2020,307.2399902,310.4299927,306.2000122,309.6300049,308.8969116,42527100
9852,1/10/2020,310.6000061,312.6700134,308.25,310.3299866,309.5952148,35161200
9853,1/13/2020,311.6400146,317.0700073,311.1499939,316.9599915,316.2095337,30383000
9854,1/14/2020,316.7000122,317.5700073,312.1700134,312.6799927,311.9396667,40488600
9855,1/15/2020,311.8500061,315.5,309.5499878,311.3399963,310.6028442,30480900
9856,1/16/2020,313.5899963,315.7000122,312.0899963,315.2399902,314.4935913,27207300
9857,1/17/2020,316.269989,318.7399902,315,318.730011,317.9753723,34454100
9858,1/21/2020,317.1900024,319.019989,316,316.5700073,315.8204651,27710800
9859,1/22/2020,318.5799866,319.9899902,317.3099976,317.7000122,316.9478149,25458100
9860,1/23/2020,317.9200134,319.5599976,315.6499939,319.230011,318.4741821,26118000
9861,1/24/2020,320.25,323.3299866,317.519989,318.3099976,317.5563354,36634400
9862,1/27/2020,310.0599976,311.769989,304.8800049,308.9500122,308.2185059,40485000
9863,1/28/2020,312.6000061,318.3999939,312.1900024,317.6900024,316.9378052,40558500
9864,1/29/2020,324.4500122,327.8500061,321.3800049,324.3399963,323.572052,54057300
9865,1/30/2020,320.5400085,324.0899963,318.75,323.8699951,323.1031799,31685800
9866,1/31/2020,320.9299927,322.6799927,308.2900085,309.5100098,308.7771912,49897100
9867,2/3/2020,304.2999878,313.4899902,302.2200012,308.6600037,307.9291992,43496400
9868,2/4/2020,315.3099976,319.6400146,313.6300049,318.8500061,318.0950623,34154100
9869,2/5/2020,323.519989,324.7600098,318.9500122,321.4500122,320.6889343,29706700
9870,2/6/2020,322.5700073,325.2200012,320.2600098,325.2099915,324.4400024,26356400
9871,2/7/2020,322.3699951,323.3999939,318,320.0299988,320.0299988,29421000
9872,2/10/2020,314.1799927,321.5499878,313.8500061,321.5499878,321.5499878,27337200
9873,2/11/2020,323.6000061,323.8999939,318.7099915,319.6099854,319.6099854,23580800
9874,2/12/2020,321.4700012,327.2200012,321.4700012,327.2000122,327.2000122,28432600
9875,2/13/2020,324.1900024,326.2200012,323.3500061,324.8699951,324.8699951,23686900
9876,2/14/2020,324.7399902,325.980011,322.8500061,324.9500122,324.9500122,20028400
9877,2/18/2020,315.3599854,319.75,314.6099854,319,319,38132800
9878,2/19/2020,320,324.5700073,320,323.6199951,323.6199951,23496000
9879,2/20/2020,322.6300049,324.6499939,318.2099915,320.2999878,320.2999878,25141500
9880,2/21/2020,318.6199951,320.4500122,310.5,313.0499878,313.0499878,32388500
9881,2/24/2020,297.2600098,304.1799927,289.230011,298.1799927,298.1799927,55548800
9882,2/25/2020,300.9500122,302.5299988,286.1300049,288.0799866,288.0799866,57668400
9883,2/26/2020,286.5299988,297.8800049,286.5,292.6499939,292.6499939,49513700
9884,2/27/2020,281.1000061,286,272.9599915,273.519989,273.519989,80151400
9885,2/28/2020,257.2600098,278.4100037,256.3699951,273.3599854,273.3599854,106721200
9886,3/2/2020,282.2799988,301.4400024,277.7200012,298.8099976,298.8099976,85349300
9887,3/3/2020,303.6700134,304,285.7999878,289.3200073,289.3200073,79868900
9888,3/4/2020,296.4400024,303.3999939,293.1300049,302.7399902,302.7399902,54794600
9889,3/5/2020,295.519989,299.5499878,291.4100037,292.9200134,292.9200134,46893200
9890,3/6/2020,282,290.8200073,281.230011,289.0299988,289.0299988,56544200
9891,3/9/2020,263.75,278.0899963,263,266.1700134,266.1700134,71686200
9892,3/10/2020,277.1400146,286.4400024,269.3699951,285.3399963,285.3399963,71322500
9893,3/11/2020,277.3900146,281.2200012,271.8599854,275.4299927,275.4299927,63899700
9894,3/12/2020,255.9400024,270,248,248.2299957,248.2299957,104618500
9895,3/13/2020,264.8900146,279.9200134,252.9499969,277.9700012,277.9700012,92683000
9896,3/16/2020,241.9499969,259.0799866,240,242.2100067,242.2100067,80605900
9897,3/17/2020,247.5099945,257.6099854,238.3999939,252.8600006,252.8600006,81014000
9898,3/18/2020,239.7700043,250,237.1199951,246.6699982,246.6699982,75058400
9899,3/19/2020,247.3899994,252.8399963,242.6100006,244.7799988,244.7799988,67964300
9900,3/20/2020,247.1799927,251.8300018,228,229.2400055,229.2400055,100423300
9901,3/23/2020,228.0800018,228.5,212.6100006,224.3699951,224.3699951,84188200
9902,3/24/2020,236.3600006,247.6900024,234.3000031,246.8800049,246.8800049,71882800
9903,3/25/2020,250.75,258.25,244.3000031,245.5200043,245.5200043,75900500
9904,3/26/2020,246.5200043,258.6799927,246.3600006,258.4400024,258.4400024,63021800
9905,3/27/2020,252.75,255.8699951,247.0500031,247.7400055,247.7400055,51054200
9906,3/30/2020,250.7400055,255.5200043,249.3999939,254.8099976,254.8099976,41994100
9907,3/31/2020,255.6000061,262.4899902,252,254.2899933,254.2899933,49250500
9908,4/1/2020,246.5,248.7200012,239.1300049,240.9100037,240.9100037,43956200
