,Date,close,high,low,open,volume
0,6/1/2001,3.887500048,3.907500029,3.867500067,3.887510061,0
1,6/5/2001,3.874300003,3.904299974,3.849999905,3.869539976,0
2,6/6/2001,3.874300003,3.906800032,3.839999914,3.872080088,0
3,6/7/2001,3.874300003,3.906800032,3.845000029,3.867799997,0
4,6/8/2001,3.874300003,3.894299984,3.849999905,3.869539976,0
5,6/11/2001,3.874300003,3.961100101,3.849999905,3.869539976,0
6,6/12/2001,3.882499933,3.902499914,3.849999905,3.871419907,0
7,6/13/2001,3.879300117,3.908299923,3.845000029,3.877540112,0
8,6/14/2001,3.883500099,3.90350008,3.849999905,3.873539925,0
9,6/15/2001,3.884299994,3.904299974,3.849999905,3.877540112,0
10,6/18/2001,3.882499933,3.902499914,3.845000029,3.870539904,0
11,6/19/2001,3.874300003,3.961199999,3.849999905,3.876100063,0
12,6/20/2001,3.874300003,3.961199999,3.849999905,3.877039909,0
13,6/21/2001,3.884299994,3.963700056,3.849999905,3.8822999,0
14,6/22/2001,3.884299994,3.904299974,3.849999905,3.877540112,0
15,6/25/2001,3.884299994,3.914299965,3.839999914,3.877399921,0
16,6/26/2001,3.879300117,3.914299965,3.849999905,3.875540018,0
17,6/27/2001,3.874300003,3.914299965,3.854300022,3.879309893,0
18,6/28/2001,3.879300117,3.963700056,3.835000038,3.865099907,0
19,6/29/2001,3.898000002,3.917999983,3.878000021,3.894500017,0
20,7/2/2001,3.874300003,3.917999983,3.854300022,3.87974,0
21,7/3/2001,3.967200041,3.987200022,3.854300022,3.923769951,0
22,7/4/2001,3.930000067,3.987200022,3.88499999,3.947619915,0
23,7/5/2001,3.946799994,3.970499992,3.88499999,3.946000099,0
24,7/9/2001,3.946799994,3.973500013,3.880000114,3.900000095,0
25,7/10/2001,3.948499918,3.971800089,3.88499999,3.945679903,0
26,7/13/2001,3.946799994,3.966799974,3.926800013,3.946799994,0
27,7/16/2001,3.948499918,3.97300005,3.892499924,3.948509932,0
28,7/17/2001,3.948499918,4.02850008,3.900000095,3.938899994,0
29,7/19/2001,3.948499918,3.969300032,3.924999952,3.947060108,0
30,7/20/2001,3.948499918,3.968499899,3.928499937,3.948499918,0
31,7/23/2001,3.949300051,3.969300032,3.928499937,3.949300051,0
32,7/27/2001,3.948499918,3.968499899,3.928499937,3.948499918,0
33,7/30/2001,3.948499918,3.968499899,3.928499937,3.948499918,0
34,8/1/2001,3.956799984,4.02850008,3.923799992,3.947520018,0
35,8/2/2001,3.948499918,4.02850008,3.922800064,3.9463799,0
36,8/3/2001,3.948499918,3.968499899,3.928499937,3.948499918,0
37,8/7/2001,4.215000153,4.275000095,4.172500134,4.212500095,0
38,8/8/2001,4.222499847,4.264999866,4.1875,4.222919941,0
39,8/9/2001,4.210000038,4.250100136,4.141900063,4.196889877,0
40,8/13/2001,4.224999905,4.580999851,4.179999828,4.221000195,0
41,8/14/2001,4.224999905,4.580999851,4.179999828,4.226759911,0
42,8/16/2001,4.210000038,4.289800167,4.179999828,4.223999977,0
43,8/20/2001,4.235000134,4.580999851,4.179999828,4.236559868,0
44,8/21/2001,4.25880003,4.580999851,4.179999828,4.243000031,0
45,8/22/2001,4.254799843,4.284800053,4.179999828,4.249479771,0
46,8/23/2001,4.2572999,4.292300224,4.199999809,4.254799843,0
47,8/27/2001,4.259500027,4.600999832,4.199999809,4.262300014,0
48,8/28/2001,4.262300014,4.600999832,4.199999809,4.263840199,0
49,8/29/2001,4.262300014,4.294000149,4.199999809,4.261300087,0
50,8/30/2001,4.262300014,4.292300224,4.237500191,4.26075983,0
51,8/31/2001,4.262300014,4.282299995,4.242300034,4.262310028,0
52,9/3/2001,4.25880003,4.294000149,4.21999979,4.263500214,0
53,9/4/2001,4.262300014,4.293799877,4.21999979,4.262800217,0
54,9/5/2001,4.267300129,4.294300079,4.224999905,4.262310028,0
55,9/6/2001,4.262300014,4.293799877,4.237500191,4.263860226,0
56,9/7/2001,4.262300014,4.282299995,4.242300034,4.262310028,0
57,9/10/2001,4.262300014,4.302299976,4.222300053,4.261179924,0
58,9/11/2001,4.262300014,4.352300167,4.182300091,4.262300014,0
59,9/12/2001,4.262300014,4.347300053,4.182300091,4.266499996,0
60,9/13/2001,4.25,4.294300079,4.230000019,4.258110046,0
61,9/14/2001,4.25,4.269999981,4.230000019,4.25,0
62,9/17/2001,4.256000042,4.335999966,4.16629982,4.259260178,0
63,9/18/2001,4.272299767,4.344500065,4.226299763,4.262390137,0
64,9/19/2001,4.256000042,4.344500065,4.227499962,4.260900021,0
65,9/20/2001,4.256000042,4.294300079,4.226299763,4.257259846,0
66,9/21/2001,4.256000042,4.276000023,4.236000061,4.256010056,0
67,9/24/2001,4.25,4.294000149,4.226299763,4.262609959,0
68,9/25/2001,4.256000042,4.292300224,4.230000019,4.261869907,0
69,9/26/2001,4.25,4.293799877,4.230000019,4.264039993,0
70,9/27/2001,4.262300014,4.292300224,4.230000019,4.254469872,0
71,9/28/2001,4.262300014,4.282299995,4.242300034,4.262300014,0
72,10/2/2001,4.256000042,4.292699814,4.230000019,4.261899948,0
73,10/5/2001,4.262300014,4.282299995,4.242300034,4.262300014,0
74,10/9/2001,4.256000042,4.291800022,4.230000019,4.25579977,0
75,10/10/2001,4.25,4.287000179,4.230000019,4.261400223,0
76,10/16/2001,4.260000229,4.294000149,4.236000061,4.263360023,0
77,10/17/2001,4.256000042,4.294300079,4.230000019,4.258699894,0
78,10/18/2001,4.259799957,4.293300152,4.230000019,4.256000042,0
79,10/19/2001,4.263500214,4.303500175,4.223499775,4.263500214,0
80,10/22/2001,4.25,4.289800167,4.230000019,4.262300014,0
81,10/26/2001,4.25,4.269999981,4.230000019,4.25,0
82,10/29/2001,4.272299767,4.292300224,4.230000019,4.265900135,0
83,10/30/2001,4.25,4.293900013,4.230000019,4.264279842,0
84,10/31/2001,4.263000011,4.30700016,4.227000237,4.265799999,0
85,11/6/2001,4.262300014,4.293900013,4.235000134,4.265719891,0
86,11/7/2001,4.267300129,4.287799835,4.239799976,4.265299797,0
87,11/9/2001,4.262300014,4.282299995,4.242300034,4.262300014,0
88,11/12/2001,4.262300014,4.302299976,4.222300053,4.261380196,0
89,11/13/2001,4.267300129,4.294000149,4.239999771,4.262300014,0
90,11/14/2001,4.263500214,4.294499874,4.242300034,4.262300014,0
91,11/20/2001,4.263500214,4.344500065,4.242300034,4.262300014,0
92,11/21/2001,4.263500214,4.294300079,4.239999771,4.267340183,0
93,11/22/2001,4.267300129,4.292300224,4.239999771,4.262539864,0
94,11/23/2001,4.264500141,4.28730011,4.24450016,4.267300129,0
95,11/26/2001,4.272799969,4.29279995,4.242300034,4.262300014,0
96,11/29/2001,4.263500214,4.344500065,4.243500233,4.272299767,0
97,12/4/2001,4.263500214,4.289800167,4.243500233,4.269800186,0
98,12/5/2001,4.269800186,4.293000221,4.243500233,4.263500214,0
99,12/10/2001,4.263500214,4.294000149,4.242300034,4.263500214,0
100,12/12/2001,4.269800186,4.344500065,4.247300148,4.269800186,0
101,12/14/2001,4.534999847,4.554999828,4.514999866,4.534999847,0
102,12/17/2001,4.534999847,4.554999828,4.5,4.534999847,0
103,12/18/2001,4.534999847,4.632500172,4.5,4.548099995,0
104,12/19/2001,4.565000057,4.625,4.5,4.583000183,0
105,12/21/2001,4.539999962,4.559999943,4.5,4.539999962,0
106,12/27/2001,4.579999924,4.647500038,4.5,4.56799984,0
107,1/2/2002,4.59499979,4.684999943,4.550000191,4.585000038,0
108,1/4/2002,4.574999809,4.59499979,4.550000191,4.574999809,0
109,1/7/2002,4.574999809,4.637499809,4.550000191,4.580999851,0
110,1/8/2002,4.570000172,4.632500172,4.550000191,4.592999935,0
111,1/9/2002,4.59499979,4.637499809,4.514999866,4.561999798,0
112,1/10/2002,4.590000153,4.642499924,4.534999847,4.611000061,0
113,1/14/2002,4.632500172,4.659999847,4.550000191,4.602000237,0
114,1/15/2002,4.610000134,4.659999847,4.539999962,4.615540028,0
115,1/16/2002,4.612500191,4.662499905,4.550000191,4.622799873,0
116,1/17/2002,4.632500172,4.652500153,4.559999943,4.627500057,0
117,1/21/2002,4.632500172,4.659999847,4.570000172,4.614999771,0
118,1/23/2002,4.637499809,4.65749979,4.570000172,4.632500172,0
119,1/25/2002,4.627500057,4.647500038,4.600049973,4.627500057,0
120,1/28/2002,4.632500172,4.664000034,4.570000172,4.612500191,0
121,1/29/2002,4.632500172,4.659999847,4.570000172,4.624499798,0
122,1/30/2002,4.632500172,4.65749979,4.570000172,4.612500191,0
123,1/31/2002,4.635000229,4.659999847,4.550000191,4.632500172,0
124,2/1/2002,4.632500172,4.65500021,4.599500179,4.632500172,0
125,2/4/2002,4.632500172,4.664000034,4.59250021,4.623799801,0
126,2/5/2002,4.632500172,4.662499905,4.570000172,4.632500172,0
127,2/6/2002,4.627500057,4.663799763,4.550000191,4.581520081,0
128,2/7/2002,4.612500191,4.665200233,4.570000172,4.627500057,0
129,2/8/2002,4.612500191,4.632500172,4.59250021,4.612500191,0
130,2/11/2002,4.612500191,4.665100098,4.570000172,4.627500057,0
131,2/12/2002,4.612500191,4.665200233,4.570000172,4.645199776,0
132,2/13/2002,4.632500172,4.665200233,4.550000191,4.605000019,0
133,2/14/2002,4.632500172,4.673900127,4.559999943,4.637000084,0
134,2/15/2002,4.632500172,4.662499905,4.602499962,4.632500172,0
135,2/18/2002,4.627500057,4.67509985,4.559999943,4.629000187,0
136,2/19/2002,4.632500172,4.664999962,4.559999943,4.633500099,0
137,2/20/2002,4.612500191,4.673900127,4.559999943,4.630000114,0
138,2/21/2002,4.612500191,4.642499924,4.582499981,4.612500191,0
139,2/25/2002,4.632500172,4.672500134,4.559999943,4.612500191,0
140,2/26/2002,4.632500172,4.670000076,4.559999943,4.631499767,0
141,2/27/2002,4.627500057,4.673799992,4.570000172,4.632500172,0
142,2/28/2002,4.632500172,4.671299934,4.550000191,4.61552,0
143,3/1/2002,4.632500172,4.662499905,4.602499962,4.632500172,0
144,3/5/2002,4.635000229,4.673799992,4.597499847,4.631499767,0
145,3/6/2002,4.638800144,4.675199986,4.554999828,4.635000229,0
146,3/7/2002,4.632500172,4.673799992,4.559999943,4.638800144,0
147,3/8/2002,4.632500172,4.662499905,4.602499962,4.632500172,0
148,3/11/2002,4.632500172,4.675199986,4.539999962,4.591499805,0
149,3/12/2002,4.632500172,4.672699928,4.570000172,4.635000229,0
150,3/14/2002,4.632699966,4.670499802,4.5625,4.616499901,0
151,3/15/2002,4.632500172,4.662700176,4.602499962,4.632500172,0
152,3/18/2002,4.605000019,4.672500134,4.574999809,4.612500191,0
153,3/19/2002,4.632500172,4.675199986,4.570000172,4.599999905,0
154,3/20/2002,4.632500172,4.672999859,4.602499962,4.632500172,0
155,3/21/2002,4.632500172,4.672500134,4.565000057,4.603000164,0
156,3/22/2002,4.632500172,4.662499905,4.602499962,4.632500172,0
157,3/25/2002,4.632500172,4.675199986,4.582499981,4.630000114,0
158,3/26/2002,4.632500172,4.67509985,4.570000172,4.637499809,0
159,3/27/2002,4.599999905,4.724999905,4.570000172,4.632500172,0
160,3/28/2002,4.632500172,4.724999905,4.570000172,4.604539871,0
161,4/2/2002,4.632500172,4.675199986,4.570000172,4.632500172,0
162,4/4/2002,4.632500172,4.673399925,4.570000172,4.631499767,0
163,4/5/2002,4.612500191,4.662499905,4.582499981,4.612500191,0
164,4/8/2002,4.627500057,4.672500134,4.582499981,4.63049984,0
165,4/10/2002,4.632500172,4.675199986,4.577499866,4.632500172,0
166,4/11/2002,4.638800144,4.668799877,4.570000172,4.632500172,0
167,4/12/2002,4.639999866,4.672699928,4.608799934,4.642700195,0
168,4/15/2002,4.599999905,4.667500019,4.570000172,4.627500057,0
169,4/16/2002,4.627500057,4.670199871,4.565000057,4.605500221,0
170,4/17/2002,4.632500172,4.672500134,4.597499847,4.627500057,0
171,4/18/2002,4.632500172,4.662499905,4.570000172,4.632500172,0
172,4/19/2002,4.632500172,4.662499905,4.602499962,4.632500172,0
173,4/22/2002,4.632500172,4.724999905,4.587500095,4.627500057,0
174,4/23/2002,4.632500172,4.672500134,4.570000172,4.632500172,0
175,4/24/2002,4.632500172,4.672500134,4.565000057,4.632500172,0
176,4/25/2002,4.632500172,4.662499905,4.602499962,4.632500172,0
177,4/26/2002,4.632500172,4.662499905,4.602499962,4.632500172,0
178,4/29/2002,4.632500172,4.672999859,4.597499847,4.627500057,0
179,4/30/2002,4.643199921,4.67320013,4.59250021,4.632500172,0
180,5/2/2002,4.635000229,4.664999962,4.595499992,4.633100033,0
181,5/3/2002,4.635000229,4.664999962,4.605000019,4.635000229,0
182,5/6/2002,4.635000229,4.664999962,4.605000019,4.635000229,0
183,5/7/2002,4.643199921,4.724999905,4.597499847,4.635000229,0
184,5/8/2002,4.599999905,4.67320013,4.570000172,4.643199921,0
185,5/10/2002,4.632500172,4.662499905,4.570000172,4.632500172,0
186,5/13/2002,4.627500057,4.690000057,4.565000057,4.659999847,0
187,5/14/2002,4.627500057,4.724999905,4.565000057,4.624000072,0
188,5/15/2002,4.599999905,4.724999905,4.565000057,4.622499943,0
189,5/16/2002,4.599999905,4.690000057,4.565000057,4.630000114,0
190,5/17/2002,4.659999847,4.690000057,4.570000172,4.659999847,0
191,5/21/2002,4.627500057,4.690000057,4.565000057,4.620999813,0
192,5/23/2002,4.632500172,4.690000057,4.565000057,4.659999847,0
193,5/24/2002,4.632500172,4.690000057,4.602499962,4.649000168,0
194,5/27/2002,4.599999905,4.690000057,4.565000057,4.617000103,0
195,5/28/2002,4.627500057,4.67320013,4.570000172,4.599999905,0
196,5/29/2002,4.627500057,4.670000076,4.59499979,4.631499767,0
197,5/30/2002,4.599999905,4.724999905,4.570000172,4.627500057,0
198,5/31/2002,4.599999905,4.630000114,4.570000172,4.599999905,0
199,6/3/2002,4.627500057,4.662499905,4.565000057,4.632500172,0
200,6/4/2002,4.627500057,4.675199986,4.570000172,4.627500057,0
201,6/5/2002,4.632500172,4.675199986,4.565000057,4.625500202,0
202,6/6/2002,4.632500172,4.672999859,4.590000153,4.632500172,0
203,6/7/2002,4.632500172,4.672500134,4.59250021,4.632500172,0
204,6/10/2002,4.599999905,4.673699856,4.570000172,4.643700123,0
205,6/11/2002,4.632500172,4.672699928,4.570000172,4.599999905,0
206,6/12/2002,4.643650055,4.675199986,4.570000172,4.632500172,0
207,6/13/2002,4.635000229,4.673699856,4.59250021,4.643700123,0
208,6/17/2002,4.632500172,4.668799877,4.570000172,4.599999905,0
209,6/18/2002,4.632500172,4.67320013,4.570000172,4.599999905,0
210,6/19/2002,4.599999905,4.672699928,4.570000172,4.632500172,0
211,6/20/2002,4.632500172,4.672699928,4.570000172,4.625,0
212,6/21/2002,4.632500172,4.690000057,4.602499962,4.659999847,0
213,6/24/2002,4.599999905,4.690000057,4.570000172,4.659999847,0
214,6/25/2002,4.627500057,4.690000057,4.570000172,4.659999847,0
215,6/26/2002,4.632500172,4.690000057,4.570000172,4.637499809,0
216,6/27/2002,4.643650055,4.690000057,4.597499847,4.659999847,0
217,7/1/2002,4.632500172,4.690000057,4.599999905,4.659999847,0
218,7/3/2002,4.64414978,4.690000057,4.597499847,4.630000114,0
219,7/5/2002,4.632500172,4.690000057,4.592700005,4.659999847,0
220,7/8/2002,4.632500172,4.690000057,4.597499847,4.632500172,0
221,7/9/2002,4.632500172,4.690000057,4.597499847,4.659999847,0
222,7/10/2002,4.632500172,4.690000057,4.565000057,4.659999847,0
223,7/11/2002,4.599999905,4.690000057,4.567500114,4.659999847,0
224,7/12/2002,4.599999905,4.690000057,4.570000172,4.659999847,0
225,7/15/2002,4.632500172,4.690000057,4.570000172,4.659999847,0
226,7/16/2002,4.645150185,4.690000057,4.559999943,4.603499889,0
227,7/17/2002,4.632500172,4.690000057,4.570000172,4.659999847,0
228,7/18/2002,4.630000114,4.690000057,4.570000172,4.599999905,0
229,7/19/2002,4.630000114,4.690000057,4.599999905,4.653999805,0
230,7/22/2002,4.632500172,4.690000057,4.602499962,4.659999847,0
231,7/23/2002,4.632500172,4.690000057,4.619999886,4.659999847,0
232,7/24/2002,4.645150185,4.690000057,4.570000172,4.659999847,0
233,7/25/2002,4.632500172,4.675199986,4.602499962,4.645199776,0
234,7/26/2002,4.632500172,4.662499905,4.602499962,4.632500172,0
235,7/29/2002,4.632500172,4.675199986,4.59250021,4.645199776,0
236,7/30/2002,4.625150204,4.675199986,4.570000172,4.610000134,0
237,7/31/2002,4.645150185,4.675199986,4.595200062,4.625199795,0
238,8/1/2002,4.632500172,4.675199986,4.599999905,4.635000229,0
239,8/2/2002,4.632500172,4.662499905,4.602499962,4.632500172,0
240,8/5/2002,4.645150185,4.675199986,4.599999905,4.630000114,0
241,8/6/2002,4.645150185,4.690000057,4.599999905,4.659999847,0
242,8/7/2002,4.645150185,4.675199986,4.602499962,4.645199776,0
243,8/8/2002,4.645150185,4.675199986,4.602700233,4.645199776,0
244,8/9/2002,4.645150185,4.675199986,4.615200043,4.645199776,0
245,8/12/2002,4.599999905,4.675199986,4.570000172,4.632500172,0
246,8/13/2002,4.599999905,4.675199986,4.570000172,4.599999905,0
247,8/14/2002,4.632500172,4.675199986,4.570000172,4.599999905,0
248,8/15/2002,4.645150185,4.675199986,4.570099831,4.622700214,0
249,8/16/2002,4.645150185,4.645299911,4.570099831,4.60010004,0
250,8/19/2002,4.599999905,4.675199986,4.570000172,4.637639999,0
251,8/20/2002,4.632500172,4.675199986,4.550000191,4.599999905,0
252,8/21/2002,4.632500172,4.675199986,4.550000191,4.600999832,0
253,8/23/2002,4.645150185,4.675199986,4.590099812,4.645100117,0
254,8/26/2002,4.632500172,4.675000191,4.590099812,4.632500172,0
255,8/28/2002,4.599999905,4.690000057,4.570000172,4.606500149,0
256,8/29/2002,4.632500172,4.690000057,4.570000172,4.638000011,0
257,9/2/2002,4.632500172,4.674699783,4.570000172,4.644410133,0
258,9/3/2002,4.632500172,4.675199986,4.590000153,4.632500172,0
259,9/4/2002,4.599999905,4.675199986,4.570000172,4.63049984,0
260,9/5/2002,4.632500172,4.675199986,4.570000172,4.599999905,0
261,9/6/2002,4.632500172,4.662499905,4.602499962,4.632500172,0
262,9/9/2002,4.627649784,4.675199986,4.590000153,4.632500172,0
263,9/10/2002,4.599999905,4.675199986,4.570000172,4.627699852,0
264,9/11/2002,4.599999905,4.672699928,4.550000191,4.579999924,0
265,9/12/2002,4.645150185,4.675199986,4.570000172,4.599999905,0
266,9/13/2002,4.645150185,4.690000057,4.579999924,4.610000134,0
267,9/16/2002,4.632500172,4.675199986,4.574999809,4.632500172,0
268,9/17/2002,4.632500172,4.679999828,4.570000172,4.650000095,0
269,9/18/2002,4.637499809,4.675199986,4.570000172,4.623000145,0
270,9/19/2002,4.645150185,4.675199986,4.582499981,4.612500191,0
271,9/20/2002,4.645150185,4.675199986,4.615099907,4.645100117,0
272,9/23/2002,4.632500172,4.675199986,4.570000172,4.645189762,0
273,9/24/2002,4.632500172,4.675199986,4.570000172,4.632500172,0
274,9/25/2002,4.632500172,4.675199986,4.570000172,4.599999905,0
275,9/26/2002,4.645150185,4.675199986,4.585000038,4.630000114,0
276,9/27/2002,4.645150185,4.67509985,4.605000019,4.64511013,0
277,9/30/2002,4.645150185,4.675199986,4.590000153,4.632500172,0
278,10/1/2002,4.632500172,4.67509985,4.590000153,4.645100117,0
279,10/2/2002,4.645150185,4.675199986,4.554999828,4.606500149,0
280,10/4/2002,4.632500172,4.662499905,4.590000153,4.619999886,0
281,10/7/2002,4.630000114,4.675199986,4.550000191,4.619999886,0
282,10/8/2002,4.632500172,4.675199986,4.570000172,4.630000114,0
283,10/9/2002,4.632500172,4.667500019,4.550000191,4.635000229,0
284,10/10/2002,4.645150185,4.675199986,4.59499979,4.632500172,0
285,10/11/2002,4.645150185,4.67509985,4.615099907,4.645100117,0
286,10/14/2002,4.599999905,4.675199986,4.570000172,4.644999981,0
287,10/15/2002,4.645150185,4.675199986,4.570000172,4.602000237,0
288,10/16/2002,4.645150185,4.675199986,4.574999809,4.605000019,0
289,10/17/2002,4.632500172,4.675199986,4.602499962,4.645199776,0
290,10/18/2002,4.632500172,4.675000191,4.570000172,4.642499924,0
291,10/21/2002,4.632500172,4.675199986,4.570199966,4.645199776,0
292,10/22/2002,4.632500172,4.675199986,4.570000172,4.630000114,0
293,10/23/2002,4.632500172,4.675199986,4.570000172,4.614999771,0
294,10/24/2002,4.632500172,4.67320013,4.570000172,4.630000114,0
295,10/25/2002,4.632500172,4.662499905,4.602499962,4.632500172,0
296,10/28/2002,4.64015007,4.675199986,4.585000038,4.645100117,0
297,10/29/2002,4.599999905,4.675199986,4.570000172,4.635000229,0
298,10/30/2002,4.645150185,4.675199986,4.570000172,4.599999905,0
299,10/31/2002,4.632500172,4.675199986,4.599999905,4.645199776,0
300,11/1/2002,4.632500172,4.664999962,4.602499962,4.632500172,0
301,11/4/2002,4.632500172,4.667500019,4.570000172,4.599999905,0
302,11/5/2002,4.632500172,4.675199986,4.570000172,4.632500172,0
303,11/6/2002,4.632500172,4.675199986,4.570000172,4.632500172,0
304,11/7/2002,4.645150185,4.675199986,4.570000172,4.632500172,0
305,11/8/2002,4.645150185,4.675199986,4.570000172,4.645199776,0
306,11/11/2002,4.632500172,4.675199986,4.602499962,4.637690067,0
307,11/12/2002,4.637499809,4.675199986,4.575300217,4.632500172,0
308,11/13/2002,4.635000229,4.667500019,4.607500076,4.637499809,0
309,11/14/2002,4.632500172,4.675199986,4.602700233,4.635000229,0
310,11/15/2002,4.632500172,4.664999962,4.602499962,4.632500172,0
311,11/18/2002,4.632500172,4.665200233,4.574999809,4.632500172,0
312,11/19/2002,4.632500172,4.673799992,4.602499962,4.632500172,0
313,11/20/2002,4.632500172,4.675199986,4.602499962,4.632500172,0
314,11/21/2002,4.632500172,4.675199986,4.599999905,4.630000114,0
315,11/22/2002,4.632500172,4.662499905,4.602499962,4.632500172,0
316,11/25/2002,4.632500172,4.667500019,4.570000172,4.613580227,0
317,11/26/2002,4.632500172,4.672699928,4.574999809,4.632500172,0
318,11/27/2002,4.632500172,4.672699928,4.602499962,4.632500172,0
319,11/28/2002,4.632500172,4.675199986,4.579999924,4.618999958,0
320,11/29/2002,4.632500172,4.662499905,4.602499962,4.632500172,0
321,12/2/2002,4.632500172,4.675199986,4.574999809,4.632500172,0
322,12/3/2002,4.632500172,4.675199986,4.602499962,4.632500172,0
323,12/4/2002,4.632500172,4.675199986,4.599999905,4.630000114,0
324,12/5/2002,4.632500172,4.662499905,4.602499962,4.632500172,0
325,12/9/2002,4.637499809,4.667500019,4.579999924,4.614500046,0
326,12/10/2002,4.632500172,4.675199986,4.602499962,4.637499809,0
327,12/11/2002,4.632500172,4.675199986,4.602499962,4.632500172,0
328,12/12/2002,4.632500172,4.675199986,4.58769989,4.630000114,0
329,12/13/2002,4.632500172,4.662499905,4.602499962,4.632500172,0
330,12/16/2002,4.632500172,4.672500134,4.590199947,4.632500172,0
331,12/17/2002,4.632500172,4.675199986,4.559999943,4.644999981,0
332,12/18/2002,4.632500172,4.675199986,4.582699776,4.622499943,0
333,12/19/2002,4.632500172,4.679999828,4.559999943,4.614999771,0
334,12/20/2002,4.632500172,4.650000095,4.590000153,4.619999886,0
335,12/23/2002,4.632500172,4.675199986,4.58769989,4.632500172,0
336,12/27/2002,4.632500172,4.662499905,4.590000153,4.632500172,0
337,12/30/2002,4.619999886,4.675199986,4.58769989,4.629000187,0
338,1/2/2003,4.590000153,4.675199986,4.559999943,4.590000153,0
339,1/3/2003,4.590000153,4.644999981,4.559999943,4.590000153,0
340,1/6/2003,4.614999771,4.675199986,4.559999943,4.625,0
341,1/7/2003,4.614999771,4.644999981,4.585000038,4.614999771,0
342,1/8/2003,4.632649899,4.675199986,4.559999943,4.614999771,0
343,1/9/2003,4.619999886,4.675199986,4.559999943,4.599999905,0
344,1/10/2003,4.619999886,4.650000095,4.590000153,4.619999886,0
345,1/13/2003,4.590000153,4.675199986,4.559999943,4.630000114,0
346,1/14/2003,4.619999886,4.662499905,4.559999943,4.619999886,0
347,1/15/2003,4.590000153,4.675199986,4.559999943,4.619999886,0
348,1/16/2003,4.632649899,4.675199986,4.559999943,4.590000153,0
349,1/17/2003,4.632649899,4.647699833,4.58769989,4.620689869,0
350,1/20/2003,4.619999886,4.675199986,4.58769989,4.6177001,0
351,1/21/2003,4.619999886,4.675199986,4.559999943,4.619999886,0
352,1/22/2003,4.630000114,4.675199986,4.58769989,4.619999886,0
353,1/23/2003,4.630000114,4.675199986,4.559999943,4.614999771,0
354,1/24/2003,4.630000114,4.644999981,4.559999943,4.590000153,0
355,1/27/2003,4.590000153,4.675199986,4.559999943,4.635000229,0
356,1/28/2003,4.590000153,4.675199986,4.559999943,4.596000195,0
357,1/29/2003,5.360000134,5.425000191,4.559999943,5.340000153,0
358,1/30/2003,5.360000134,5.539999962,5.284500122,5.407000065,0
359,1/31/2003,5.340000153,5.389999866,5.309999943,5.360000134,0
360,2/3/2003,5.469900131,5.559999943,5.309999943,5.480000019,0
361,2/4/2003,5.5,5.610000134,5.364999771,5.472000122,0
362,2/5/2003,5.554999828,5.585000038,5.394999981,5.5,0
363,2/28/2003,5.574999809,5.610000134,5.545000076,5.574999809,0
364,3/3/2003,5.590000153,5.666500092,5.545000076,5.603020191,0
365,3/4/2003,5.590000153,5.619999886,5.559999943,5.590000153,0
366,3/5/2003,5.599999905,5.664999962,5.534999847,5.599999905,0
367,3/6/2003,5.659999847,5.710000038,5.554999828,5.626999855,0
368,3/7/2003,5.659999847,5.690000057,5.630000114,5.659999847,0
369,3/10/2003,5.684999943,5.763299942,5.614999771,5.703519821,0
370,3/11/2003,5.715000153,5.75,5.565000057,5.679999828,0
371,3/12/2003,5.699999809,5.789999962,5.625,5.679999828,0
372,3/13/2003,5.684999943,5.792500019,5.639999866,5.709000111,0
373,3/14/2003,5.684999943,5.715000153,5.65500021,5.684999943,0
374,3/17/2003,5.71999979,5.784999847,5.65500021,5.704999924,0
375,3/18/2003,5.704999924,5.78000021,5.659999847,5.705999851,0
376,3/19/2003,5.704999924,5.784999847,5.664999962,5.722000122,0
377,3/20/2003,5.71999979,5.804999828,5.659999847,5.727000237,0
378,3/21/2003,5.71999979,5.75,5.690000057,5.71999979,0
379,3/24/2003,5.715000153,5.804999828,5.585000038,5.729000092,0
380,3/25/2003,5.724999905,5.824999809,5.639999866,5.760000229,0
381,3/26/2003,5.760000229,5.804999828,5.635000229,5.741000175,0
382,3/28/2003,5.744999886,5.775000095,5.715000153,5.744999886,0
383,3/31/2003,5.762499809,5.804999828,5.684999943,5.764999866,0
384,4/1/2003,5.775000095,5.855000019,5.684999943,5.744999886,0
385,4/2/2003,5.762499809,5.820000172,5.695000172,5.755000114,0
386,4/3/2003,5.762499809,5.840000153,5.695000172,5.78000021,0
387,4/4/2003,5.762499809,5.792500019,5.732500076,5.762499809,0
388,4/7/2003,5.804999828,5.917500019,5.684999943,5.804999828,0
389,4/8/2003,5.755000114,5.869999886,5.684999943,5.789999962,0
390,4/9/2003,5.809999943,5.900000095,5.715000153,5.793000221,0
391,4/10/2003,5.84499979,5.920000076,5.699999809,5.825779915,0
392,4/11/2003,5.875,5.90500021,5.84499979,5.875,0
393,4/14/2003,5.875,5.992499828,5.735000134,5.842999935,0
394,4/15/2003,5.855000019,6.005000114,5.744999886,5.890999794,0
395,4/16/2003,5.894999981,5.994999886,5.744999886,5.933899879,0
396,4/17/2003,5.929999828,6.014999866,5.775000095,5.90500021,0
397,4/21/2003,5.914999962,5.940000057,5.889999866,5.915999889,0
398,4/22/2003,5.914999962,6.017499924,5.804999828,5.954999924,0
399,4/23/2003,5.909999847,6.012499809,5.815000057,5.917500019,0
400,4/24/2003,5.914999962,6.012499809,5.835000038,5.925000191,0
401,4/25/2003,5.914999962,5.945000172,5.885000229,5.914999962,0
402,4/28/2003,5.914999962,5.954999924,5.885000229,5.919000149,0
403,4/29/2003,5.954999924,6.025000095,5.835000038,5.880000114,0
404,12/1/2003,6.106999874,6.142499924,6.081699848,6.10010004,0
405,12/2/2003,6.07490015,6.158899784,6.061999798,6.104400158,0
406,12/3/2003,6.105700016,6.154900074,6.070400238,6.075399876,0
407,12/4/2003,6.116099834,6.148499966,6.077899933,6.107200146,0
408,12/5/2003,6.108799934,6.130199909,6.106800079,6.113100052,0
409,12/8/2003,6.122099876,6.156300068,6.081699848,6.116899967,0
410,12/9/2003,6.109000206,6.15199995,6.101500034,6.121900082,0
411,12/10/2003,6.139400005,6.151500225,6.095600128,6.108500004,0
412,12/11/2003,6.089799881,6.15199995,6.082799911,6.138899803,0
413,12/12/2003,6.120900154,6.130000114,6.084799767,6.087800026,0
414,12/15/2003,6.097300053,6.170899868,6.087900162,6.169400215,0
415,12/16/2003,6.141699791,6.15500021,6.077799797,6.097300053,0
416,12/17/2003,6.122099876,6.164999962,6.088300228,6.144899845,0
417,12/18/2003,6.095699787,6.156799793,6.088399887,6.122799873,0
418,12/19/2003,6.117800236,6.125,6.09469986,6.097199917,0
419,12/22/2003,6.130199909,6.15749979,6.090899944,6.131599903,0
420,12/23/2003,6.122000217,6.159500122,6.089399815,6.130199909,0
421,12/24/2003,6.093999863,6.123000145,6.08739996,6.120999813,0
422,12/25/2003,6.099100113,6.101799965,6.087900162,6.094299793,0
423,12/26/2003,6.107500076,6.111400127,6.08769989,6.097899914,0
424,12/29/2003,6.136099815,6.158199787,6.090099812,6.106500149,0
425,12/30/2003,6.105899811,6.162399769,6.08920002,6.135099888,0
426,12/31/2003,5.961900234,6.107900143,5.95510006,6.106400013,0
427,1/1/2004,5.973800182,6.025499821,5.961900234,5.970200062,0
428,1/2/2004,6.139100075,6.144999981,5.96780014,5.974500179,0
429,1/5/2004,6.114299774,6.15500021,6.094399929,6.111199856,0
430,1/6/2004,6.151800156,6.167500019,6.103199959,6.114299774,0
431,1/7/2004,6.136499882,6.162499905,6.118100166,6.150899887,0
432,1/8/2004,6.142799854,6.165999889,6.077199936,6.138700008,0
433,1/9/2004,6.142399788,6.170100212,6.097599983,6.142099857,0
434,1/12/2004,6.154900074,6.161200047,6.102799892,6.146999836,0
435,1/13/2004,6.094500065,6.165999889,6.09499979,6.153900146,0
436,1/14/2004,6.155900002,6.163700104,6.064799786,6.096899986,0
437,1/15/2004,6.139900208,6.164500237,6.10340023,6.158299923,0
438,1/16/2004,6.141200066,6.156799793,6.133399963,6.140399933,0
439,1/19/2004,6.117499828,6.159500122,6.100399971,6.14659977,0
440,1/20/2004,6.113699913,6.162499905,6.094099998,6.118800163,0
441,1/21/2004,6.10379982,6.159500122,6.02489996,6.115200043,0
442,1/22/2004,6.119800091,6.164800167,6.092000008,6.104100227,0
443,1/23/2004,6.133600235,6.139500141,6.114099979,6.119599819,0
444,1/26/2004,6.166399956,6.178999901,6.096000195,6.137300014,0
445,1/27/2004,6.14139986,6.180699825,6.099100113,6.167300224,0
446,1/28/2004,6.203299999,6.212299824,6.100299835,6.141900063,0
447,1/29/2004,6.113599777,6.203299999,6.103300095,6.203299999,0
448,1/30/2004,6.117199898,6.135000229,6.08010006,6.113599777,0
449,2/2/2004,6.124899864,6.143199921,6.110300064,6.113800049,0
450,2/3/2004,6.124899864,6.169300079,6.109899998,6.13409996,0
451,2/4/2004,6.133100033,6.169300079,6.109899998,6.119800091,0
452,2/5/2004,6.15019989,6.164899826,6.089600086,6.13409996,0
453,2/6/2004,6.131700039,6.162899971,6.089700222,6.148700237,0
454,2/9/2004,6.132500172,6.167500019,6.104300022,6.15350008,0
455,2/10/2004,6.162799835,6.174799919,6.101500034,6.132500172,0
456,2/11/2004,6.141300201,6.165999889,6.10379982,6.162799835,0
457,2/12/2004,6.126200199,6.176199913,6.111299992,6.141300201,0
458,2/13/2004,6.141499996,6.142199993,6.118100166,6.126200199,0
459,2/16/2004,6.146100044,6.16989994,6.100699902,6.140299797,0
460,2/17/2004,6.120500088,6.165999889,6.102099895,6.14659977,0
461,2/18/2004,6.177999973,6.20870018,6.087100029,6.119999886,0
462,2/19/2004,6.110499859,6.188700199,6.102499962,6.181399822,0
463,2/20/2004,6.151500225,6.169199944,6.10890007,6.110300064,0
464,2/23/2004,6.157800198,6.194200039,6.101200104,6.168000221,0
465,2/24/2004,6.14440012,6.178899765,6.104599953,6.157299995,0
466,2/25/2004,6.151800156,6.180099964,6.099299908,6.144899845,0
467,2/26/2004,6.150000095,6.16989994,6.125199795,6.152699947,0
468,2/27/2004,6.127600193,6.159500122,6.120699883,6.151500225,0
469,3/1/2004,6.145500183,6.170000076,6.103099823,6.104899883,0
470,3/2/2004,6.159500122,6.181000233,6.101200104,6.14620018,0
471,3/3/2004,6.103099823,6.1802001,6.091400146,6.156400204,0
472,3/4/2004,6.143300056,6.180500031,6.099599838,6.105100155,0
473,3/5/2004,6.152900219,6.15530014,6.085000038,6.143799782,0
474,3/8/2004,6.123799801,6.179999828,6.104199886,6.153600216,0
475,3/9/2004,6.202799797,6.219399929,6.102799892,6.123300076,0
476,3/10/2004,6.146699905,6.219399929,6.102799892,6.123300076,0
477,3/11/2004,6.108200073,6.177700043,6.093599796,6.147900105,0
478,3/12/2004,6.134500027,6.159500122,6.105999947,6.109200001,0
479,3/15/2004,6.137199879,6.175000191,6.104199886,6.137800217,0
480,3/16/2004,6.142499924,6.179999828,6.104800224,6.138400078,0
481,3/17/2004,6.136000156,6.178500175,6.10379982,6.145699978,0
482,3/18/2004,6.152100086,6.182499886,6.102799892,6.136000156,0
483,3/19/2004,6.160699844,6.162399769,6.14139986,6.151400089,0
484,3/22/2004,6.162799835,6.183000088,6.09679985,6.156400204,0
485,3/23/2004,6.137599945,6.183499813,6.118100166,6.163300037,0
486,3/24/2004,6.204400063,6.217700005,6.105999947,6.138100147,0
487,3/25/2004,6.191899776,6.213099957,6.118999958,6.203700066,0
488,3/26/2004,6.148099899,6.193699837,6.141300201,6.191100121,0
489,3/29/2004,6.143000126,6.190000057,6.102399826,6.153699875,0
490,3/30/2004,6.151100159,6.195000172,6.102499962,6.144000053,0
491,3/31/2004,6.140299797,6.195000172,6.118899822,6.151599884,0
492,4/1/2004,6.129799843,6.184500217,6.101299763,6.140500069,0
493,4/2/2004,6.152100086,6.163000107,6.063099861,6.129099846,0
494,4/5/2004,6.119100094,6.190000057,6.10379982,6.158699989,0
495,4/6/2004,6.141200066,6.192500114,6.099599838,6.119100094,0
496,4/7/2004,6.12830019,6.190000057,6.100699902,6.142000198,0
497,4/8/2004,6.131700039,6.202499866,6.103099823,6.129799843,0
498,4/9/2004,6.128200054,6.13710022,6.114999771,6.132500172,0
499,4/12/2004,6.135300159,6.141900063,6.122099876,6.124899864,0
500,4/13/2004,6.136799812,6.202499866,6.100900173,6.135300159,0
501,4/14/2004,6.16629982,6.202499866,6.096300125,6.139699936,0
502,4/15/2004,6.127699852,6.197500229,6.098700047,6.166500092,0
503,4/16/2004,6.178299904,6.186100006,6.11259985,6.127399921,0
504,4/19/2004,6.173600197,6.202499866,6.104300022,6.168799877,0
505,4/20/2004,6.196400166,6.20690012,6.100500107,6.127399921,0
506,4/21/2004,6.177100182,6.208499908,6.101699829,6.196199894,0
507,4/22/2004,6.100599766,6.211999893,6.09800005,6.174399853,0
508,4/23/2004,6.112100124,6.144999981,6.088900089,6.10160017,0
509,4/26/2004,6.142799854,6.204999924,6.103000164,6.137199879,0
510,4/27/2004,6.143300056,6.197199821,6.100999832,6.143300056,0
511,4/28/2004,6.138199806,6.210000038,6.10010004,6.143799782,0
512,4/29/2004,6.152699947,6.19960022,6.101900101,6.13740015,0
513,4/30/2004,6.157000065,6.167699814,6.14289999,6.154200077,0
514,5/3/2004,6.155799866,6.195000172,6.131999969,6.151599884,0
515,5/4/2004,6.145500183,6.196100235,6.10010004,6.15530014,0
516,5/5/2004,6.129899979,6.1947999,6.12130022,6.145699978,0
517,5/6/2004,6.134699821,6.1947999,6.100900173,6.129600048,0
518,5/7/2004,6.135099888,6.155600071,6.009300232,6.135499954,0
519,5/10/2004,6.144899845,6.197000027,6.126399994,6.126399994,0
520,5/11/2004,6.09980011,6.207300186,6.099299908,6.144100189,0
521,5/12/2004,6.143199921,6.190000057,6.096700191,6.09980011,0
522,5/13/2004,6.133999825,6.194600105,6.104199886,6.141699791,0
523,5/14/2004,6.12319994,6.144999981,6.083600044,6.134500027,0
524,5/17/2004,6.141699791,6.199500084,6.074100018,6.116499901,0
525,5/18/2004,6.148099899,6.209700108,6.113599777,6.140699863,0
526,5/19/2004,6.15170002,6.205500126,6.130700111,6.148099899,0
527,5/20/2004,6.174900055,6.20389986,6.147099972,6.151500225,0
528,5/21/2004,6.164700031,6.188099861,6.148700237,6.173600197,0
529,5/24/2004,6.137899876,6.208600044,6.122399807,6.178599834,0
530,5/25/2004,6.149499893,6.204999924,6.117000103,6.138500214,0
531,5/26/2004,6.140600204,6.19080019,6.120699883,6.149300098,0
532,5/27/2004,6.149600029,6.199500084,6.11590004,6.14139986,0
533,5/28/2004,6.144899845,6.159500122,6.138599873,6.150100231,0
534,5/31/2004,6.153999805,6.162799835,6.130899906,6.133399963,0
535,6/1/2004,6.129300117,6.185200214,6.126299858,6.154699802,0
536,6/2/2004,6.16809988,6.188099861,6.116300106,6.129799843,0
537,6/3/2004,6.157100201,6.201700211,6.132900238,6.167099953,0
538,6/4/2004,6.156300068,6.173999786,6.04090023,6.157299995,0
539,6/7/2004,6.16079998,6.1875,6.123099804,6.134799957,0
540,6/8/2004,6.162799835,6.195000172,6.122600079,6.160299778,0
541,6/9/2004,6.188600063,6.196800232,6.124800205,6.161799908,0
542,6/10/2004,6.19119978,6.202499866,6.127999783,6.188300133,0
543,6/11/2004,6.189599991,6.242800236,6.181799889,6.193200111,0
544,6/14/2004,6.152800083,6.218900204,6.099599838,6.214000225,0
545,6/15/2004,6.137000084,6.199200153,6.104000092,6.153299809,0
546,6/16/2004,6.143000126,6.199999809,6.127699852,6.138500214,0
547,6/17/2004,6.149400234,6.195000172,6.128799915,6.142700195,0
548,6/18/2004,6.137899876,6.17840004,6.136199951,6.149199963,0
549,6/21/2004,6.144499779,6.192500114,6.00549984,6.141699791,0
550,6/22/2004,6.131400108,6.202300072,6.131400108,6.144999981,0
551,6/23/2004,6.184000015,6.199500084,6.111299992,6.128900051,0
552,6/24/2004,6.146999836,6.204500198,6.134300232,6.183400154,0
553,6/25/2004,6.130300045,6.164999962,6.130300045,6.147999763,0
554,6/28/2004,6.165800095,6.208499908,6.046899796,6.144199848,0
555,6/29/2004,6.18930006,6.202400208,6.131899834,6.165299892,0
556,6/30/2004,6.145299911,6.203800201,6.131899834,6.190400124,0
557,7/1/2004,6.176700115,6.199999809,6.132699966,6.145299911,0
558,7/2/2004,6.179500103,6.190000057,6.054200172,6.176000118,0
559,7/5/2004,6.144599915,6.203700066,6.123799801,6.16989994,0
560,7/6/2004,6.185200214,6.203700066,6.133399963,6.144599915,0
561,7/7/2004,6.170199871,6.197400093,6.143599987,6.184999943,0
562,7/8/2004,6.18900013,6.206200123,6.126299858,6.169700146,0
563,7/9/2004,6.177800179,6.206200123,6.174600124,6.190000057,0
564,7/12/2004,6.35340023,6.365399837,6.133600235,6.181600094,0
565,7/13/2004,6.161099911,6.381400108,6.125699997,6.354100227,0
566,7/14/2004,6.164299965,6.196800232,6.122200012,6.161099911,0
567,7/15/2004,6.15530014,6.206200123,6.136300087,6.164800167,0
568,7/16/2004,6.14470005,6.165599823,6.140999794,6.154300213,0
569,7/19/2004,6.15899992,6.204899788,6.004499912,6.007900238,0
570,7/20/2004,6.210700035,6.223499775,6.132199764,6.15899992,0
571,7/21/2004,6.146299839,6.223999977,6.136099815,6.210199833,0
572,7/22/2004,6.190599918,6.202000141,6.1322999,6.147299767,0
573,7/23/2004,6.199800014,6.202300072,6.17689991,6.190599918,0
574,7/26/2004,6.165500164,6.202499866,6.109399796,6.192599773,0
575,7/27/2004,6.163899899,6.205500126,6.131499767,6.166500092,0
576,7/28/2004,6.162700176,6.204999924,6.133200169,6.163400173,0
577,7/29/2004,6.191400051,6.204999924,6.130000114,6.162099838,0
578,7/30/2004,6.1875,6.195799828,6.080299854,6.191699982,0
579,8/2/2004,6.170499802,6.204999924,6.122000217,6.172800064,0
580,8/3/2004,6.175199986,6.204500198,6.119400024,6.171599865,0
581,8/4/2004,6.183899879,6.204800129,6.144999981,6.173900127,0
582,8/5/2004,6.143400192,6.209199905,6.133500099,6.182600021,0
583,8/6/2004,6.125199795,6.15500021,6.017000198,6.14260006,0
584,8/9/2004,6.164700031,6.208499908,6.124599934,6.143400192,0
585,8/10/2004,6.210100174,6.215899944,6.13380003,6.162899971,0
586,8/11/2004,6.148600101,6.215499878,6.12869978,6.210100174,0
587,8/12/2004,6.187799931,6.209000111,6.129099846,6.148799896,0
588,8/13/2004,6.180699825,6.199999809,6.105899811,6.188399792,0
589,8/16/2004,6.169499874,6.210000038,6.124199867,6.178199768,0
590,8/17/2004,6.199999809,6.212500095,6.120100021,6.169499874,0
591,8/18/2004,6.131700039,6.211299896,6.121200085,6.175199986,0
592,8/19/2004,6.184400082,6.212500095,6.121600151,6.13049984,0
593,8/20/2004,6.184800148,6.195000172,6.176599979,6.185900211,0
594,8/23/2004,6.216100216,6.223800182,6.127900124,6.190999985,0
595,8/24/2004,6.18569994,6.227700233,6.127699852,6.215600014,0
596,8/25/2004,6.189499855,6.212200165,6.115499973,6.183899879,0
597,8/26/2004,6.153100014,6.204999924,6.121799946,6.191299915,0
598,8/27/2004,6.165400028,6.17110014,6.140699863,6.154200077,0
599,8/30/2004,6.174399853,6.20909977,6.122099876,6.16590023,0
600,8/31/2004,6.191100121,6.21750021,6.124700069,6.173900127,0
601,9/1/2004,6.188899994,6.213799953,6.12650013,6.191599846,0
602,9/2/2004,6.148799896,6.214000225,6.12869978,6.187900066,0
603,9/3/2004,6.15500021,6.164999962,6.106699944,6.147799969,0
604,9/6/2004,6.195300102,6.210000038,6.143099785,6.150899887,0
605,9/7/2004,6.167900085,6.213799953,6.142199993,6.1947999,0
606,9/8/2004,6.185800076,6.21449995,6.143799782,6.167900085,0
607,9/9/2004,6.164500237,6.213799953,6.13929987,6.186100006,0
608,9/10/2004,6.202899933,6.208199978,6.146800041,6.164500237,0
609,9/13/2004,6.187200069,6.215000153,6.129799843,6.197100163,0
610,9/14/2004,6.213099957,6.221000195,6.129799843,6.186900139,0
611,9/15/2004,6.186999798,6.225800037,6.125599861,6.213600159,0
612,9/16/2004,6.162399769,6.221300125,6.079999924,6.186999798,0
613,9/17/2004,6.1729002,6.1875,6.158800125,6.163400173,0
614,9/20/2004,6.190899849,6.216300011,6.103700161,6.104400158,0
615,9/21/2004,6.166399956,6.21999979,6.135000229,6.190400124,0
616,9/22/2004,6.174499989,6.219099998,6.144599915,6.166100025,0
617,9/23/2004,6.19119978,6.216800213,6.134699821,6.173699856,0
618,9/24/2004,6.163899899,6.196499825,6.160200119,6.190999985,0
619,9/27/2004,6.198500156,6.221300125,6.126699924,6.158699989,0
620,9/28/2004,6.206200123,6.221300125,6.170599937,6.197800159,0
621,9/29/2004,6.188099861,6.221300125,6.144299984,6.20720005,0
622,9/30/2004,6.188600063,6.222499847,6.14289999,6.188399792,0
623,10/1/2004,6.18569994,6.204999924,6.183700085,6.188899994,0
624,10/4/2004,6.188499928,6.227300167,6.142199993,6.192399979,0
625,10/5/2004,6.203800201,6.222499847,6.135300159,6.188700199,0
626,10/6/2004,6.207900047,6.214000225,6.110300064,6.203499794,0
627,10/7/2004,6.187399864,6.232500076,6.144599915,6.20870018,0
628,10/8/2004,6.194099903,6.204999924,6.071400166,6.186200142,0
629,10/11/2004,6.198200226,6.230000019,6.164800167,6.19329977,0
630,10/12/2004,6.190700054,6.226299763,6.166699886,6.197500229,0
631,10/13/2004,6.155799866,6.223800182,6.143700123,6.190700054,0
632,10/14/2004,6.208399773,6.232500076,6.14659977,6.156300068,0
633,10/15/2004,6.21089983,6.222300053,6.189400196,6.207399845,0
634,10/18/2004,6.167200089,6.223499775,6.14260006,6.208600044,0
635,10/19/2004,6.198800087,6.230000019,6.145100117,6.166399956,0
636,10/20/2004,6.229800224,6.23029995,6.154799938,6.200600147,0
637,10/21/2004,6.214700222,6.23059988,6.163000107,6.230100155,0
638,10/22/2004,6.188499928,6.22480011,6.1875,6.214900017,0
639,10/25/2004,6.186800003,6.224899769,6.138000011,6.169799805,0
640,10/26/2004,6.199800014,6.223800182,6.148600101,6.186500072,0
641,10/27/2004,6.181200027,6.221600056,6.143599987,6.199800014,0
642,10/28/2004,6.230000019,6.295000076,6.15500021,6.215000153,0
643,10/29/2004,6.172500134,6.226299763,6.165800095,6.178800106,0
644,11/1/2004,6.206999779,6.224999905,6.153800011,6.154200077,0
645,11/2/2004,6.168600082,6.220499992,6.153399944,6.205299854,0
646,11/3/2004,6.186299801,6.22480011,6.114900112,6.169799805,0
647,11/4/2004,6.180600166,6.224999905,6.148099899,6.18900013,0
648,11/5/2004,6.166600227,6.196700096,6.09499979,6.180600166,0
649,11/8/2004,6.230700016,6.229800224,6.154500008,6.167300224,0
650,11/9/2004,6.203999996,6.235799789,6.145699978,6.230000019,0
651,11/10/2004,6.180699825,6.218800068,6.144199848,6.204500198,0
652,11/11/2004,6.152100086,6.222499847,6.147799969,6.178999901,0
653,11/12/2004,6.151500225,6.164999962,6.063399792,6.15350008,0
654,11/15/2004,6.161099911,6.169199944,6.137300014,6.14139986,0
655,11/16/2004,6.22660017,6.236599922,6.156099796,6.161600113,0
656,11/17/2004,6.203400135,6.230000019,6.155900002,6.227099895,0
657,11/18/2004,6.19630003,6.219799995,6.144100189,6.202400208,0
658,11/19/2004,6.184400082,6.199100018,6.169799805,6.19630003,0
659,11/22/2004,6.206200123,6.222499847,6.151800156,6.190599918,0
660,11/23/2004,6.204100132,6.234700203,6.140299797,6.205500126,0
661,11/24/2004,6.196199894,6.222000122,6.147500038,6.203700066,0
662,11/25/2004,6.191699982,6.224999905,6.15530014,6.196199894,0
663,11/26/2004,6.197000027,6.211500168,6.158199787,6.192100048,0
664,11/29/2004,6.200900078,6.224899769,6.14470005,6.20720005,0
665,11/30/2004,6.172500134,6.223700047,6.10010004,6.201099873,0
666,12/1/2004,6.191400051,6.217899799,6.158400059,6.172500134,0
667,12/2/2004,6.20909977,6.222499847,6.156799793,6.190700054,0
668,12/3/2004,6.171000004,6.210800171,6.161300182,6.208000183,0
669,12/6/2004,6.220200062,6.222099781,6.15170002,6.177400112,0
670,12/7/2004,6.197800159,6.220900059,6.154200077,6.219500065,0
671,12/8/2004,6.148600101,6.240799904,6.14260006,6.19810009,0
672,12/9/2004,6.17509985,6.220799923,6.142199993,6.149499893,0
673,12/10/2004,6.189700127,6.211999893,6.176199913,6.176499844,0
674,12/13/2004,6.182099819,6.217199802,6.153800011,6.186399937,0
675,12/14/2004,6.153900146,6.213799953,6.151400089,6.179800034,0
676,12/15/2004,6.194099903,6.21750021,6.151400089,6.152299881,0
677,12/16/2004,6.199299812,6.218299866,6.152900219,6.195300102,0
678,12/17/2004,6.172399998,6.203999996,6.169199944,6.197199821,0
679,12/20/2004,6.20690012,6.216300011,6.162399769,6.173099995,0
680,12/21/2004,6.20359993,6.215000153,6.157599926,6.207399845,0
681,12/22/2004,6.193900108,6.213099957,6.167699814,6.203100204,0
682,12/23/2004,6.17539978,6.208499908,6.168000221,6.193200111,0
683,12/24/2004,6.163799763,6.186399937,6.158299923,6.175199986,0
684,12/27/2004,6.186100006,6.195000172,6.147299767,6.16809988,0
685,12/28/2004,6.204899788,6.203100204,6.130199909,6.186100006,0
686,12/29/2004,6.088600159,6.215600014,6.078100204,6.204899788,0
687,12/30/2004,6.067200184,6.110000134,6.03550005,6.089300156,0
688,12/31/2004,6.003900051,6.081500053,5.973100185,6.066299915,0
689,1/3/2005,5.90899992,6.081500053,5.882599831,5.997900009,0
690,1/4/2005,5.932099819,5.974999905,5.883100033,5.907899857,0
691,1/5/2005,5.819499969,5.958899975,5.809000015,5.930699825,0
692,1/6/2005,5.837900162,5.864999771,5.819499969,5.820300102,0
693,1/7/2005,5.904300213,5.918799877,5.809000015,5.83769989,0
694,1/10/2005,5.893000126,5.93170023,5.865799904,5.897699833,0
695,1/11/2005,5.897699833,5.914999962,5.844099998,5.891900063,0
696,1/12/2005,5.892700195,5.909100056,5.829400063,5.898799896,0
697,1/13/2005,5.870600224,5.900000095,5.816899776,5.893400192,0
698,1/14/2005,5.861000061,5.917399883,5.701200008,5.870600224,0
699,1/17/2005,5.859899998,5.876399994,5.822999954,5.861599922,0
700,1/18/2005,5.84679985,5.875899792,5.810900211,5.859499931,0
701,1/19/2005,5.84800005,5.863100052,5.826499939,5.845200062,0
702,1/20/2005,5.825300217,5.84800005,5.818999767,5.84800005,0
703,1/21/2005,5.856999874,5.856999874,5.823699951,5.8270998,0
704,1/24/2005,5.816299915,5.855000019,5.804299831,5.837900162,0
705,1/25/2005,5.805799961,5.84499979,5.767199993,5.816500187,0
706,1/26/2005,5.805799961,5.840000153,5.630300045,5.804299831,0
707,1/27/2005,5.792399883,5.835000038,5.78000021,5.804900169,0
708,1/28/2005,5.794700146,5.806799889,5.789400101,5.791999817,0
709,1/31/2005,5.792300224,5.817500114,5.58010006,5.804699898,0
710,2/1/2005,5.77489996,5.817500114,5.75180006,5.793000221,0
711,2/2/2005,5.767700195,5.815999985,5.752500057,5.771299839,0
712,2/3/2005,5.774300098,5.806300163,5.76609993,5.76789999,0
713,2/4/2005,5.814099789,5.81430006,5.735899925,5.774300098,0
714,2/7/2005,5.786399841,5.826499939,5.767000198,5.813899994,0
715,2/8/2005,5.776299953,5.807499886,5.761400223,5.786200047,0
716,2/9/2005,5.760000229,5.800000191,5.540999889,5.777200222,0
717,2/10/2005,5.780900002,5.781799793,5.754399776,5.761799812,0
718,2/11/2005,5.77699995,5.784900188,5.764900208,5.779099941,0
719,2/14/2005,5.767099857,5.796500206,5.734600067,5.761700153,0
720,2/15/2005,5.760000229,5.797500134,5.754000187,5.768499851,0
721,2/16/2005,5.768799782,5.795000076,5.75330019,5.760200024,0
722,2/17/2005,5.776400089,5.795000076,5.757800102,5.769000053,0
723,2/18/2005,5.766200066,5.782100201,5.761600018,5.77699995,0
724,2/21/2005,5.767199993,5.801799774,5.759699821,5.764900208,0
725,2/22/2005,5.752900124,5.790400028,5.718400002,5.767700195,0
726,2/23/2005,5.764699936,5.789999962,5.747200012,5.75369978,0
727,2/24/2005,5.775800228,5.787499905,5.745100021,5.765399933,0
728,2/25/2005,5.7427001,5.775599957,5.739799976,5.775599957,0
729,2/28/2005,5.783699989,5.787499905,5.727499962,5.73789978,0
730,3/1/2005,5.783400059,5.802599907,5.758100033,5.784100056,0
731,3/2/2005,5.760000229,5.792600155,5.753900051,5.782899857,0
732,3/3/2005,5.782400131,5.783699989,5.754700184,5.758600235,0
733,3/4/2005,5.494699955,5.783699989,5.49450016,5.781499863,0
734,3/7/2005,5.769599915,5.78000021,5.49420023,5.498799801,0
735,3/8/2005,5.759900093,5.78000021,5.756899834,5.768499851,0
736,3/9/2005,5.762800217,5.777500153,5.719500065,5.758999825,0
737,3/10/2005,5.749499798,5.77850008,5.73360014,5.762300014,0
738,3/11/2005,5.761700153,5.773799896,5.751599789,5.751599789,0
739,3/14/2005,5.756700039,5.78000021,5.752600193,5.76060009,0
740,3/15/2005,5.758900166,5.778800011,5.754000187,5.755899906,0
741,3/16/2005,5.768400192,5.799200058,5.754399776,5.758100033,0
742,3/17/2005,5.789999962,5.789999962,5.754099846,5.769299984,0
743,3/18/2005,5.754199982,5.789999962,5.751200199,5.761899948,0
744,3/21/2005,5.789999962,5.792500019,5.753399849,5.755700111,0
745,3/22/2005,5.819900036,5.825500011,5.754700184,5.760900021,0
746,3/23/2005,5.789999962,5.819300175,5.756299973,5.819300175,0
747,3/24/2005,5.781499863,5.793499947,5.752299786,5.767300129,0
748,3/25/2005,5.771399975,5.789999962,5.764699936,5.781700134,0
749,3/28/2005,5.798299789,5.813600063,5.769599915,5.770299911,0
750,3/29/2005,5.789999962,5.804800034,5.751699924,5.798299789,0
751,3/30/2005,5.789999962,5.794499874,5.743500233,5.754199982,0
752,3/31/2005,5.789999962,5.794000149,5.554200172,5.774600029,0
753,4/1/2005,5.750500202,5.789999962,5.721399784,5.762899876,0
754,4/4/2005,5.752399921,5.800600052,5.748799801,5.755199909,0
755,4/5/2005,5.756599903,5.792500019,5.747499943,5.752600193,0
756,4/6/2005,5.756400108,5.793499947,5.744599819,5.756199837,0
757,4/7/2005,5.790100098,5.793300152,5.742499828,5.756800175,0
758,4/8/2005,5.745800018,5.806399822,5.743500233,5.790599823,0
759,4/11/2005,5.789999962,5.792500019,5.495699883,5.752200127,0
760,4/12/2005,5.789999962,5.795000076,5.738999844,5.758299828,0
761,4/13/2005,5.762800217,5.789999962,5.738599777,5.744400024,0
762,4/14/2005,5.764200211,5.791999817,5.745800018,5.761600018,0
763,4/15/2005,5.789000034,5.788599968,5.753099918,5.763700008,0
764,4/18/2005,5.78249979,5.789999962,5.734300137,5.769100189,0
765,4/19/2005,5.789999962,5.789999962,5.743700027,5.765799999,0
766,4/20/2005,5.789999962,5.804500103,5.742099762,5.749599934,0
767,4/21/2005,5.789999962,5.789999962,5.754300117,5.763999939,0
768,4/22/2005,5.762300014,5.789999962,5.754300117,5.776500225,0
769,4/25/2005,5.789999962,5.789999962,5.751599789,5.764699936,0
770,4/26/2005,5.751100063,5.790999889,5.734700203,5.758299828,0
771,4/27/2005,5.771900177,5.789999962,5.749800205,5.751599789,0
772,4/28/2005,5.765900135,5.789999962,5.748899937,5.770599842,0
773,4/29/2005,5.786499977,5.793499947,5.748099804,5.765900135,0
774,5/2/2005,5.763899803,5.801199913,5.755099773,5.79129982,0
775,5/3/2005,5.754499912,5.789999962,5.735000134,5.764100075,0
776,5/4/2005,5.789999962,5.795000076,5.716800213,5.754499912,0
777,5/5/2005,5.750599861,5.790999889,5.735000134,5.752299786,0
778,5/6/2005,5.764699936,5.797599792,5.749700069,5.750800133,0
779,5/9/2005,5.784999847,5.789999962,5.736400127,5.761300087,0
780,5/10/2005,5.791900158,5.791900158,5.735300064,5.744400024,0
781,5/11/2005,5.758399963,5.791999817,5.748700142,5.756299973,0
782,5/12/2005,5.791500092,5.791999817,5.748000145,5.758399963,0
783,5/13/2005,5.769000053,5.791500092,5.571400166,5.776500225,0
784,5/16/2005,5.527800083,5.551700115,5.524499893,5.542900085,0
785,5/17/2005,5.786499977,5.790999889,5.525800228,5.528399944,0
786,5/18/2005,5.745699883,5.791800022,5.741399765,5.785999775,0
787,5/19/2005,5.752799988,5.795000076,5.741399765,5.745500088,0
788,5/20/2005,5.753499985,5.789999962,5.530900002,5.752399921,0
789,5/23/2005,5.784999847,5.792500019,5.559500217,5.753799915,0
790,5/24/2005,5.784999847,5.792500019,5.751399994,5.764999866,0
791,5/25/2005,5.758299828,5.795000076,5.747499943,5.765600204,0
792,5/26/2005,5.755300045,5.789999962,5.75,5.758500099,0
793,5/27/2005,5.762499809,5.792399883,5.748600006,5.755700111,0
794,5/30/2005,5.754099846,5.795000076,5.749400139,5.785999775,0
795,5/31/2005,5.784999847,5.799699783,5.74849987,5.754300117,0
796,6/1/2005,5.770500183,5.789999962,5.746500015,5.775300026,0
797,6/2/2005,5.784999847,5.789999962,5.744699955,5.769100189,0
798,6/3/2005,5.7572999,5.789999962,5.73939991,5.754799843,0
799,6/6/2005,5.76210022,5.794000149,5.736199856,5.756800175,0
800,6/7/2005,5.754199982,5.789999962,5.749599934,5.762800217,0
801,6/8/2005,5.795000076,5.804900169,5.730199814,5.754199982,0
802,6/9/2005,5.789999962,5.800199986,5.74849987,5.794499874,0
803,6/10/2005,5.750800133,5.789999962,5.746500015,5.756299973,0
804,6/13/2005,5.717700005,5.789999962,5.716300011,5.759799957,0
805,6/14/2005,5.789999962,5.792500019,5.515100002,5.717700005,0
806,6/15/2005,5.784999847,5.793499947,5.738500118,5.766799927,0
807,6/16/2005,5.757500172,5.789999962,5.741399765,5.742099762,0
808,6/17/2005,5.735599995,5.789999962,5.729300022,5.756999969,0
809,6/20/2005,5.745299816,5.787499905,5.700500011,5.772500038,0
810,6/21/2005,5.784999847,5.790999889,5.699800014,5.745100021,0
811,6/22/2005,5.789999962,5.792500019,5.727099895,5.738299847,0
812,6/23/2005,5.767099857,5.789999962,5.743199825,5.759799957,0
813,6/24/2005,5.750299931,5.784999847,5.743899822,5.766900063,0
814,6/27/2005,5.748899937,5.784999847,5.484099865,5.497600079,0
815,6/28/2005,5.753200054,5.784999847,5.520800114,5.784999847,0
816,6/29/2005,5.76429987,5.78249979,5.530600071,5.532400131,0
817,6/30/2005,5.777500153,5.782999992,5.741399765,5.756499767,0
818,7/1/2005,5.767799854,5.78000021,5.739299774,5.756000042,0
819,7/4/2005,5.769999981,5.781000137,5.736000061,5.777699947,0
820,7/5/2005,5.77850008,5.78000021,5.733200073,5.739200115,0
821,7/6/2005,5.769999981,5.77850008,5.730100155,5.73789978,0
822,7/7/2005,5.745399952,5.775000095,5.732200146,5.733699799,0
823,7/8/2005,5.730500221,5.775000095,5.730500221,5.74630022,0
824,7/11/2005,5.741899967,5.77699995,5.714000225,5.735099792,0
825,7/12/2005,5.772500038,5.775100231,5.694900036,5.741399765,0
826,7/13/2005,5.742599964,5.77699995,5.728199959,5.730500221,0
827,7/14/2005,5.769999981,5.775000095,5.730400085,5.743000031,0
828,7/15/2005,5.731100082,5.769999981,5.723800182,5.739600182,0
829,7/18/2005,5.755300045,5.770999908,5.725399971,5.734700203,0
830,7/19/2005,5.713099957,5.774499893,5.704599857,5.755300045,0
831,7/20/2005,5.671299934,5.764999866,5.664800167,5.713300228,0
832,7/21/2005,5.716800213,5.764999866,5.655900002,5.673900127,0
833,7/22/2005,5.738800049,5.764999866,5.705999851,5.716499805,0
834,7/25/2005,5.770999908,5.770999908,5.534999847,5.54090023,0
835,7/26/2005,5.734300137,5.770999908,5.723700047,5.73570013,0
836,7/27/2005,5.762499809,5.767499924,5.721899986,5.735000134,0
837,7/28/2005,5.72840023,5.767499924,5.719900131,5.731599808,0
838,7/29/2005,5.738900185,5.764999866,5.720699787,5.728700161,0
839,8/1/2005,5.760000229,5.767499924,5.707600117,5.740099907,0
840,8/2/2005,5.742400169,5.764999866,5.716700077,5.736400127,0
841,8/3/2005,5.73239994,5.764999866,5.722899914,5.743299961,0
842,8/4/2005,5.729400158,5.763999939,5.713099957,5.730999947,0
843,8/5/2005,5.713399887,5.760000229,5.487400055,5.760000229,0
844,8/8/2005,5.737100124,5.765500069,5.483300209,5.511199951,0
845,8/9/2005,5.763500214,5.764999866,5.718599796,5.737100124,0
846,8/10/2005,5.710800171,5.763999939,5.707799911,5.723400116,0
847,8/11/2005,5.764999866,5.764999866,5.693999767,5.710400105,0
848,8/12/2005,5.72879982,5.764999866,5.720099926,5.720099926,0
849,8/15/2005,5.760000229,5.764999866,5.504199982,5.506000042,0
850,8/16/2005,5.760000229,5.764999866,5.721600056,5.726200104,0
851,8/17/2005,5.760000229,5.763500214,5.720600128,5.729400158,0
852,8/18/2005,5.725399971,5.762499809,5.722400188,5.743500233,0
853,8/19/2005,5.730500221,5.762499809,5.718699932,5.725900173,0
854,8/22/2005,5.49090004,5.764999866,5.489099979,5.723899841,0
855,8/23/2005,5.723199844,5.766499996,5.490699768,5.491399765,0
856,8/24/2005,5.706299782,5.764999866,5.703499794,5.722499847,0
857,8/25/2005,5.737999916,5.764999866,5.685900211,5.70720005,0
858,8/26/2005,5.745800018,5.760000229,5.72300005,5.737500191,0
859,8/29/2005,5.763500214,5.764999866,5.72179985,5.739200115,0
860,8/30/2005,5.732500076,5.763500214,5.721600056,5.742199898,0
861,8/31/2005,5.721899986,5.763000011,5.715400219,5.732500076,0
862,9/1/2005,5.710100174,5.763000011,5.69960022,5.722400188,0
863,9/2/2005,5.731599808,5.760000229,5.687300205,5.710100174,0
864,9/5/2005,5.729599953,5.762499809,5.707900047,5.728000164,0
865,9/6/2005,5.742599964,5.766900063,5.72329998,5.729599953,0
866,9/7/2005,5.742099762,5.763000011,5.721899986,5.742400169,0
867,9/8/2005,5.762499809,5.763000011,5.725399971,5.741700172,0
868,9/9/2005,5.739200115,5.762499809,5.71750021,5.737100124,0
869,9/12/2005,5.727300167,5.780099869,5.718200207,5.743299961,0
870,9/13/2005,5.755000114,5.760000229,5.715400219,5.727300167,0
871,9/14/2005,5.732900143,5.760000229,5.705999851,5.719099998,0
872,9/15/2005,5.716300011,5.762499809,5.715600014,5.73239994,0
873,9/16/2005,5.716300011,5.757500172,5.683700085,5.715799809,0
874,9/19/2005,5.755000114,5.755000114,5.525100231,5.532800198,0
875,9/20/2005,5.74669981,5.756499767,5.713200092,5.737699986,0
876,9/21/2005,5.767000198,5.800000191,5.722799778,5.762499809,0
877,9/22/2005,5.724299908,5.755000114,5.696499825,5.755000114,0
878,9/23/2005,5.73360014,5.755000114,5.710499763,5.724500179,0
879,9/26/2005,5.75,5.755000114,5.707699776,5.741300106,0
880,9/27/2005,5.719200134,5.752500057,5.71239996,5.716800213,0
881,9/28/2005,5.694900036,5.754499912,5.692699909,5.719200134,0
882,9/29/2005,5.752500057,5.753499985,5.690100193,5.695099831,0
883,9/30/2005,5.730700016,5.752500057,5.703700066,5.719900131,0
884,10/3/2005,5.54460001,5.779699802,5.531099796,5.734000206,0
885,10/4/2005,5.726500034,5.752999783,5.532299995,5.542300224,0
886,10/5/2005,5.695499897,5.752500057,5.696000099,5.725999832,0
887,10/6/2005,5.69659996,5.75,5.667600155,5.696000099,0
888,10/7/2005,5.709700108,5.75,5.637499809,5.69659996,0
889,10/10/2005,5.75150013,5.752500057,5.707300186,5.716300011,0
890,10/11/2005,5.75,5.75150013,5.707099915,5.721899986,0
891,10/12/2005,5.722099781,5.752500057,5.709799767,5.724500179,0
892,10/13/2005,5.682700157,5.75,5.67320013,5.722599983,0
893,10/14/2005,5.722300053,5.75,5.668499947,5.683100224,0
894,10/17/2005,5.737400055,5.752999783,5.702300072,5.726200104,0
895,10/18/2005,5.750999928,5.752500057,5.709000111,5.737100124,0
896,10/19/2005,5.752500057,5.754499912,5.709400177,5.71999979,0
897,10/20/2005,5.700399876,5.754499912,5.697999954,5.72840023,0
898,10/21/2005,5.728499889,5.754099846,5.674399853,5.700900078,0
899,10/24/2005,5.460999966,5.754099846,5.454199791,5.513800144,0
900,10/25/2005,5.75,5.752500057,5.460000038,5.460599899,0
901,10/26/2005,5.73239994,5.756999969,5.711900234,5.711900234,0
902,10/27/2005,5.75,5.754000187,5.69960022,5.732900143,0
903,10/28/2005,5.735099792,5.75,5.716400146,5.727300167,0
904,10/31/2005,5.716800213,5.755000114,5.520599842,5.524700165,0
905,11/1/2005,5.708899975,5.755000114,5.701300144,5.717299938,0
906,11/2/2005,5.716100216,5.752500057,5.697599888,5.709400177,0
907,11/3/2005,5.727900028,5.752500057,5.712500095,5.715799809,0
908,11/4/2005,5.730000019,5.752500057,5.710499763,5.728600025,0
909,11/7/2005,5.726299763,5.755000114,5.710299969,5.732900143,0
910,11/8/2005,5.75,5.761700153,5.701700211,5.727700233,0
911,11/9/2005,5.697400093,5.755000114,5.695099831,5.71449995,0
912,11/10/2005,5.747799873,5.756000042,5.699200153,5.700399876,0
913,11/11/2005,5.702499866,5.75,5.700300217,5.747700214,0
914,11/14/2005,5.702600002,5.752500057,5.683599949,5.703400135,0
915,11/15/2005,5.696000099,5.752500057,5.694099903,5.701600075,0
916,11/16/2005,5.75,5.755000114,5.696499825,5.697199821,0
917,11/17/2005,5.696400166,5.752500057,5.689899921,5.716899872,0
918,11/18/2005,5.708099842,5.755000114,5.691999912,5.696199894,0
919,11/21/2005,5.721700191,5.755000114,5.703700066,5.708600044,0
920,11/22/2005,5.679100037,5.755000114,5.674499989,5.720300198,0
921,11/23/2005,5.710299969,5.755000114,5.661799908,5.679200172,0
922,11/24/2005,5.721199989,5.755000114,5.703499794,5.709799767,0
923,11/25/2005,5.723199844,5.755000114,5.711200237,5.722899914,0
924,11/28/2005,5.696100235,5.755000114,5.673999786,5.732500076,0
925,11/29/2005,5.75,5.755000114,5.688899994,5.694600105,0
926,11/30/2005,5.757999897,5.757999897,5.712500095,5.728499889,0
927,12/1/2005,5.695700169,5.757999897,5.694699764,5.71969986,0
928,12/2/2005,5.70510006,5.75,5.695400238,5.696199894,0
929,12/5/2005,5.71600008,5.75150013,5.699999809,5.704699993,0
930,12/6/2005,5.747499943,5.754799843,5.698299885,5.715000153,0
931,12/7/2005,5.742499828,5.747499943,5.473499775,5.701000214,0
932,12/8/2005,5.719099998,5.745500088,5.699100018,5.70510006,0
933,12/9/2005,5.717700005,5.742499828,5.702400208,5.719200134,0
934,12/12/2005,5.735000134,5.739999771,5.692900181,5.728000164,0
935,12/13/2005,5.694900036,5.735000134,5.683499813,5.711400032,0
936,12/14/2005,5.735599995,5.735599995,5.653299809,5.695400238,0
937,12/15/2005,5.699200153,5.73759985,5.692800045,5.733699799,0
938,12/16/2005,5.693200111,5.732500076,5.686100006,5.698800087,0
939,12/19/2005,5.699699879,5.732500076,5.681900024,5.682400227,0
940,12/20/2005,5.732500076,5.732999802,5.692399979,5.698200226,0
941,12/21/2005,5.696400166,5.735000134,5.688099861,5.692800045,0
942,12/22/2005,5.732500076,5.735000134,5.691500187,5.696199894,0
943,12/23/2005,5.69299984,5.732500076,5.689099789,5.7020998,0
944,12/26/2005,5.461299896,5.734000206,5.449200153,5.697299957,0
945,12/27/2005,5.732500076,5.732500076,5.45510006,5.461999893,0
946,12/28/2005,5.711900234,5.735499859,5.690700054,5.698699951,0
947,12/29/2005,5.689099789,5.732500076,5.688099861,5.71239996,0
948,12/30/2005,5.695300102,5.727499962,5.671599865,5.68930006,0
949,1/2/2006,5.732500076,5.735499859,5.686999798,5.694900036,0
950,1/3/2006,5.672100067,5.732500076,5.650899887,5.692299843,0
951,1/4/2006,5.730000019,5.734000206,5.649600029,5.673099995,0
952,1/5/2006,5.701200008,5.732500076,5.681200027,5.684700012,0
953,1/6/2006,5.703400135,5.732500076,5.462299824,5.701200008,0
954,1/9/2006,5.689899921,5.724999905,5.682400227,5.710400105,0
955,1/10/2006,5.724999905,5.724999905,5.686900139,5.690100193,0
956,1/11/2006,5.724999905,5.724999905,5.690400124,5.704999924,0
957,1/12/2006,5.694900036,5.730000019,5.68599987,5.693900108,0
958,1/13/2006,5.682199955,5.727499962,5.680500031,5.696400166,0
959,1/16/2006,5.722499847,5.730000019,5.669300079,5.671000004,0
960,1/17/2006,5.676499844,5.727499962,5.67110014,5.697299957,0
961,1/18/2006,5.724999905,5.727499962,5.675799847,5.67689991,0
962,1/19/2006,5.696899891,5.727499962,5.682499886,5.688799858,0
963,1/20/2006,5.669000149,5.722499847,5.448599815,5.696199894,0
964,1/23/2006,5.724999905,5.727499962,5.612999916,5.652900219,0
965,1/24/2006,5.724999905,5.724999905,5.678800106,5.680399895,0
966,1/25/2006,5.69810009,5.727000237,5.683700085,5.705500126,0
967,1/26/2006,5.724999905,5.728000164,5.686299801,5.698500156,0
968,1/27/2006,5.707699776,5.724999905,5.683300018,5.699299812,0
969,1/30/2006,5.692399979,5.727499962,5.48360014,5.484300137,0
970,1/31/2006,5.692900181,5.723499775,5.444600105,5.693099976,0
971,2/1/2006,5.724999905,5.729499817,5.684800148,5.692900181,0
972,2/2/2006,5.698699951,5.725999832,5.683700085,5.701600075,0
973,2/3/2006,5.685400009,5.722499847,5.683199883,5.698699951,0
974,2/6/2006,5.722499847,5.727499962,5.677400112,5.683100224,0
975,2/7/2006,5.722499847,5.726500034,5.677599907,5.694600105,0
976,2/8/2006,5.724999905,5.729499817,5.678800106,5.680099964,0
977,2/9/2006,5.724999905,5.728499889,5.670700073,5.681399822,0
978,2/10/2006,5.701600075,5.724999905,5.678800106,5.68200016,0
979,2/13/2006,5.724999905,5.730000019,5.68200016,5.703499794,0
980,2/14/2006,5.677999973,5.730000019,5.67320013,5.68930006,0
981,2/15/2006,5.682600021,5.730000019,5.670800209,5.677000046,0
982,2/16/2006,5.679800034,5.732500076,5.67509985,5.685400009,0
983,2/17/2006,5.683199883,5.732500076,5.678199768,5.678899765,0
984,2/20/2006,5.722499847,5.730000019,5.408400059,5.420199871,0
985,2/21/2006,5.685299873,5.732500076,5.681200027,5.698400021,0
986,2/22/2006,5.689599991,5.730999947,5.680399895,5.684800148,0
987,2/23/2006,5.730000019,5.732999802,5.684700012,5.690499783,0
988,2/24/2006,5.703700066,5.730000019,5.69299984,5.69810009,0
989,2/27/2006,5.706200123,5.730000019,5.472199917,5.721000195,0
990,2/28/2006,5.685400009,5.731500149,5.681399822,5.706699848,0
991,3/1/2006,5.681600094,5.730000019,5.677100182,5.68569994,0
992,3/2/2006,5.677400112,5.731800079,5.67320013,5.681600094,0
993,3/3/2006,5.683100224,5.730000019,5.677000046,5.678800106,0
994,3/6/2006,5.730999947,5.732999802,5.422800064,5.422999859,0
995,3/7/2006,5.684000015,5.730999947,5.485499859,5.685500145,0
996,3/8/2006,5.732500076,5.732999802,5.677800179,5.684700012,0
997,3/9/2006,5.724999905,5.735499859,5.448400021,5.689700127,0
998,3/10/2006,5.687300205,5.724999905,5.610099792,5.700399876,0
999,3/13/2006,5.686600208,5.732999802,5.429999828,5.681799889,0
1000,3/14/2006,5.732500076,5.735000134,5.679299831,5.686800003,0
1001,3/15/2006,5.687099934,5.736000061,5.685200214,5.703100204,0
1002,3/16/2006,5.706699848,5.739999771,5.686800003,5.686800003,0
1003,3/17/2006,5.468400002,5.739999771,5.465499878,5.706699848,0
1004,3/20/2006,5.704699993,5.741000175,5.472499847,5.472700119,0
1005,3/21/2006,5.691400051,5.741000175,5.687900066,5.705900192,0
1006,3/22/2006,5.710100174,5.735000134,5.69119978,5.69119978,0
1007,3/23/2006,5.704299927,5.743500233,5.695000172,5.709700108,0
1008,3/24/2006,5.697400093,5.711800098,5.691500187,5.705500126,0
1009,3/27/2006,5.708300114,5.722499847,5.686600208,5.698400021,0
1010,3/28/2006,5.72179985,5.727700233,5.686699867,5.707399845,0
1011,3/29/2006,5.693500042,5.727300167,5.685200214,5.721300125,0
1012,3/30/2006,5.676099777,5.724999905,5.67110014,5.693500042,0
1013,3/31/2006,5.711999893,5.713200092,5.673299789,5.677499771,0
1014,4/3/2006,5.696000099,5.725299835,5.450799942,5.450799942,0
1015,4/4/2006,5.700500011,5.731999874,5.684999943,5.696499825,0
1016,4/5/2006,5.690899849,5.727300167,5.681399822,5.69960022,0
1017,4/6/2006,5.702400208,5.722300053,5.685800076,5.690400124,0
1018,4/7/2006,5.71570015,5.720399857,5.694699764,5.702400208,0
1019,4/10/2006,5.700799942,5.717299938,5.492800236,5.707699776,0
1020,4/11/2006,5.690199852,5.725299835,5.686399937,5.701300144,0
1021,4/12/2006,5.697299957,5.724999905,5.679900169,5.690199852,0
1022,4/13/2006,5.700600147,5.730000019,5.695199966,5.695199966,0
1023,4/14/2006,5.458799839,5.723800182,5.458799839,5.700600147,0
1024,4/17/2006,5.395299911,5.694499969,5.380599976,5.694499969,0
1025,4/18/2006,5.665800095,5.727499962,5.38740015,5.39659977,0
1026,4/19/2006,5.689199924,5.730000019,5.664800167,5.664800167,0
1027,4/20/2006,5.717999935,5.727499962,5.688099861,5.688799858,0
1028,4/21/2006,5.718200207,5.730700016,5.702700138,5.718500137,0
1029,4/24/2006,5.7020998,5.72149992,5.448200226,5.448400021,0
1030,4/25/2006,5.704299927,5.722300053,5.700399876,5.702499866,0
1031,4/26/2006,5.713900089,5.732500076,5.459000111,5.703400135,0
1032,4/27/2006,5.709799767,5.72879982,5.703199863,5.713699818,0
1033,4/28/2006,5.702600002,5.726299763,5.701499939,5.710499763,0
1034,5/1/2006,5.727799892,5.735300064,5.446899891,5.45359993,0
1035,5/2/2006,5.726099968,5.735300064,5.473400116,5.727799892,0
1036,5/3/2006,5.727499962,5.732500076,5.709499836,5.726500034,0
1037,5/4/2006,5.712800026,5.735000134,5.704699993,5.728000164,0
1038,5/5/2006,5.719600201,5.727499962,5.707499981,5.712600231,0
1039,5/8/2006,5.72179985,5.737500191,5.709700108,5.717299938,0
1040,5/9/2006,5.703499794,5.736299992,5.518799782,5.721399784,0
1041,5/10/2006,5.736700058,5.740200043,5.702700138,5.703999996,0
1042,5/11/2006,5.724199772,5.76210022,5.711100101,5.737800121,0
1043,5/12/2006,5.499199867,5.735499859,5.499199867,5.723100185,0
1044,5/15/2006,5.743199825,5.745100021,5.481800079,5.481800079,0
1045,5/16/2006,5.482999802,5.743100166,5.478099823,5.742199898,0
1046,5/17/2006,5.71600008,5.751999855,5.469200134,5.481999874,0
1047,5/18/2006,5.709199905,5.745900154,5.699399948,5.71600008,0
1048,5/19/2006,5.724199772,5.743500233,5.704699993,5.710100174,0
1049,5/22/2006,5.466300011,5.751999855,5.460599899,5.506599903,0
1050,5/23/2006,5.760000229,5.763800144,5.454599857,5.466700077,0
1051,5/24/2006,5.717199802,5.76429987,5.709700108,5.758200169,0
1052,5/25/2006,5.536600113,5.725599766,5.528699875,5.715899944,0
1053,5/26/2006,5.72879982,5.738200188,5.535299778,5.536200047,0
1054,5/29/2006,5.510300159,5.745100021,5.508399963,5.53000021,0
1055,5/30/2006,5.727099895,5.74450016,5.480899811,5.511000156,0
1056,5/31/2006,5.730199814,5.741300106,5.503600121,5.72660017,0
1057,6/1/2006,5.720799923,5.752699852,5.71570015,5.730199814,0
1058,6/2/2006,5.720600128,5.732500076,5.696199894,5.721099854,0
1059,6/5/2006,5.728600025,5.728600025,5.428299904,5.449500084,0
1060,6/6/2006,5.730199814,5.738800049,5.715899944,5.728600025,0
1061,6/7/2006,5.71999979,5.742499828,5.715099812,5.730700016,0
1062,6/8/2006,5.717299938,5.739999771,5.709899902,5.720399857,0
1063,6/9/2006,5.72480011,5.732500076,5.493899822,5.717100143,0
1064,6/12/2006,5.717899799,5.738500118,5.703199863,5.735000134,0
1065,6/13/2006,5.73239994,5.739299774,5.702600002,5.717700005,0
1066,6/14/2006,5.733099937,5.74119997,5.496500015,5.731900215,0
1067,6/15/2006,5.714300156,5.739999771,5.470300198,5.733099937,0
1068,6/16/2006,5.495399952,5.727499962,5.495399952,5.714300156,0
1069,6/19/2006,5.716599941,5.744699955,5.519199848,5.715199947,0
1070,6/20/2006,5.70720005,5.739999771,5.694699764,5.716100216,0
1071,6/21/2006,5.719399929,5.735000134,5.688499928,5.706799984,0
1072,6/22/2006,5.721399784,5.737500191,5.711500168,5.719799995,0
1073,6/23/2006,5.715199947,5.730500221,5.709799767,5.721899986,0
1074,6/26/2006,5.480999947,5.737999916,5.481299877,5.500999928,0
1075,6/27/2006,5.729700089,5.737500191,5.468900204,5.479100227,0
1076,6/28/2006,5.718400002,5.735199928,5.711800098,5.730400085,0
1077,6/29/2006,5.665400028,5.739900112,5.661900043,5.717899799,0
1078,6/30/2006,5.712800026,5.724999905,5.640900135,5.665200233,0
1079,7/3/2006,5.721300125,5.739999771,5.45359993,5.454500198,0
1080,7/4/2006,5.721399784,5.739999771,5.71269989,5.721300125,0
1081,7/5/2006,5.715400219,5.740499973,5.710599899,5.722099781,0
1082,7/6/2006,5.704999924,5.732500076,5.703000069,5.715300083,0
1083,7/7/2006,5.705500126,5.722300053,5.669499874,5.705200195,0
1084,7/10/2006,5.720099926,5.72660017,5.469900131,5.472199917,0
1085,7/11/2006,5.704800129,5.726299763,5.69990015,5.718500137,0
1086,7/12/2006,5.696899891,5.725800037,5.689799786,5.704800129,0
1087,7/13/2006,5.696199894,5.724999905,5.692599773,5.696199894,0
1088,7/14/2006,5.492499828,5.716300011,5.474599838,5.696199894,0
1089,7/17/2006,5.707699776,5.724999905,5.493400097,5.493599892,0
1090,7/18/2006,5.703800201,5.724999905,5.69810009,5.70720005,0
1091,7/19/2006,5.682600021,5.724999905,5.665599823,5.703499794,0
1092,7/20/2006,5.70690012,5.726799965,5.673900127,5.682600021,0
1093,7/21/2006,5.697999954,5.714399815,5.69630003,5.705999851,0
1094,7/24/2006,5.703800201,5.722799778,5.467899799,5.467899799,0
1095,7/25/2006,5.702899933,5.72149992,5.45720005,5.70359993,0
1096,7/26/2006,5.66260004,5.721600056,5.507900238,5.703199863,0
1097,7/27/2006,5.73210001,5.73570013,5.654799938,5.662799835,0
1098,7/28/2006,5.718500137,5.735899925,5.507999897,5.731599808,0
1099,7/31/2006,5.695799828,5.721300125,5.440499783,5.443699837,0
1100,8/1/2006,5.691400051,5.72300005,5.47329998,5.695799828,0
1101,8/2/2006,5.708000183,5.726299763,5.45690012,5.691299915,0
1102,8/3/2006,5.693600178,5.728700161,5.686500072,5.707699776,0
1103,8/4/2006,5.709400177,5.713300228,5.453999996,5.693600178,0
1104,8/7/2006,5.720200062,5.72660017,5.432099819,5.435900211,0
1105,8/8/2006,5.510200024,5.721899986,5.488699913,5.720300198,0
1106,8/9/2006,5.708000183,5.7354002,5.500800133,5.510900021,0
1107,8/10/2006,5.692599773,5.722499847,5.486899853,5.708000183,0
1108,8/11/2006,5.720099926,5.727099895,5.513899803,5.692399979,0
1109,8/14/2006,5.710800171,5.72300005,5.484799862,5.495299816,0
1110,8/15/2006,5.703100204,5.726699829,5.696499825,5.710800171,0
1111,8/16/2006,5.709599972,5.726299763,5.700099945,5.703800201,0
1112,8/17/2006,5.721899986,5.729700089,5.446400166,5.709199905,0
1113,8/18/2006,5.704599857,5.725399971,5.499499798,5.721600056,0
1114,8/21/2006,5.72149992,5.725500107,5.458300114,5.699699879,0
1115,8/22/2006,5.704100132,5.728199959,5.697000027,5.722599983,0
1116,8/23/2006,5.712900162,5.71999979,5.691899776,5.704199791,0
1117,8/24/2006,5.708000183,5.722599983,5.691899776,5.712500095,0
1118,8/25/2006,5.710100174,5.713300228,5.693999767,5.708000183,0
1119,8/28/2006,5.703199863,5.723800182,5.463799953,5.481400013,0
1120,8/29/2006,5.673699856,5.72300005,5.669799805,5.703100204,0
1121,8/30/2006,5.693600178,5.719500065,5.665599823,5.673699856,0
1122,8/31/2006,5.696700096,5.719500065,5.692299843,5.693600178,0
1123,9/1/2006,5.681799889,5.711200237,5.619800091,5.697100163,0
1124,9/4/2006,5.698500156,5.719200134,5.667399883,5.674699783,0
1125,9/5/2006,5.694300175,5.723999977,5.690899849,5.698699951,0
1126,9/6/2006,5.6875,5.721300125,5.6875,5.6947999,0
1127,9/7/2006,5.706799984,5.719900131,5.682499886,5.686600208,0
1128,9/8/2006,5.701399803,5.712999821,5.696100235,5.70720005,0
1129,9/11/2006,5.688300133,5.71750021,5.487999916,5.487999916,0
1130,9/12/2006,5.699100018,5.71750021,5.478700161,5.688799858,0
1131,9/13/2006,5.706699848,5.720499992,5.488699913,5.699800014,0
1132,9/14/2006,5.710499763,5.721000195,5.465099812,5.706699848,0
1133,9/15/2006,5.700500011,5.711100101,5.467700005,5.710499763,0
1134,9/18/2006,5.694300175,5.716300011,5.480899811,5.490600109,0
1135,9/19/2006,5.702199936,5.721000195,5.686399937,5.694600105,0
1136,9/20/2006,5.71269989,5.719500065,5.460700035,5.702199936,0
1137,9/21/2006,5.674699783,5.71780014,5.45389986,5.713200092,0
1138,9/22/2006,5.698999882,5.709000111,5.440000057,5.674300194,0
1139,9/25/2006,5.701600075,5.719500065,5.474899769,5.4854002,0
1140,9/26/2006,5.470900059,5.719500065,5.470200062,5.702199936,0
1141,9/27/2006,5.700099945,5.716300011,5.465499878,5.471899986,0
1142,9/28/2006,5.689899921,5.715000153,5.452799797,5.700200081,0
1143,9/29/2006,5.71780014,5.71780014,5.475399971,5.689199924,0
1144,10/2/2006,5.703100204,5.715799809,5.463799953,5.467000008,0
1145,10/3/2006,5.705999851,5.707099915,5.4375,5.703499794,0
1146,10/4/2006,5.686399937,5.715000153,5.683700085,5.706399918,0
1147,10/5/2006,5.699500084,5.708499908,5.455200195,5.685500145,0
1148,10/6/2006,5.700300217,5.708499908,5.47879982,5.699500084,0
1149,10/9/2006,5.703400135,5.715000153,5.504000187,5.510799885,0
1150,10/10/2006,5.702499866,5.715000153,5.472300053,5.703400135,0
1151,10/11/2006,5.713099957,5.720499992,5.691999912,5.702300072,0
1152,10/12/2006,5.689400196,5.717199802,5.471600056,5.713600159,0
1153,10/13/2006,5.690299988,5.710000038,5.449800014,5.689400196,0
1154,10/16/2006,5.685200214,5.712500095,5.478899956,5.482600212,0
1155,10/17/2006,5.701000214,5.715000153,5.45909977,5.684999943,0
1156,10/18/2006,5.686900139,5.715000153,5.460000038,5.701000214,0
1157,10/19/2006,5.682899952,5.717000008,5.472599983,5.686900139,0
1158,10/20/2006,5.694099903,5.709799767,5.435400009,5.682499886,0
1159,10/23/2006,5.473100185,5.715000153,5.458799839,5.462500095,0
1160,10/24/2006,5.695700169,5.707300186,5.473100185,5.473800182,0
1161,10/25/2006,5.445000172,5.704999924,5.443200111,5.696000099,0
1162,10/26/2006,5.683199883,5.715000153,5.444099903,5.445000172,0
1163,10/27/2006,5.692399979,5.706999779,5.449100018,5.683199883,0
1164,10/30/2006,5.692599773,5.711299896,5.442500114,5.443099976,0
1165,10/31/2006,5.699699879,5.711299896,5.472599983,5.692599773,0
1166,11/1/2006,5.700699806,5.711500168,5.425799847,5.700600147,0
1167,11/2/2006,5.687699795,5.710499763,5.684800148,5.700699806,0
1168,11/3/2006,5.688799858,5.698900223,5.45720005,5.687799931,0
1169,11/6/2006,5.451300144,5.707499981,5.448999882,5.481999874,0
1170,11/7/2006,5.701900005,5.707300186,5.43170023,5.451200008,0
1171,11/8/2006,5.688300133,5.704899788,5.680099964,5.70179987,0
1172,11/9/2006,5.694099903,5.702499866,5.477600098,5.688099861,0
1173,11/10/2006,5.689400196,5.697500229,5.421299934,5.692500114,0
1174,11/13/2006,5.674399853,5.702499866,5.469500065,5.477799892,0
1175,11/14/2006,5.679299831,5.701000214,5.463300228,5.674699783,0
1176,11/15/2006,5.676400185,5.699999809,5.458499908,5.679299831,0
1177,11/16/2006,5.685100079,5.701499939,5.437699795,5.676300049,0
1178,11/17/2006,5.673999786,5.690499783,5.463500023,5.685400009,0
1179,11/20/2006,5.685900211,5.699999809,5.428800106,5.432499886,0
1180,11/21/2006,5.676199913,5.698999882,5.46750021,5.686100006,0
1181,11/22/2006,5.68200016,5.699999809,5.441500187,5.67689991,0
1182,11/23/2006,5.679399967,5.698400021,5.422399998,5.67689991,0
1183,11/24/2006,5.684899807,5.6875,5.462800026,5.680099964,0
1184,11/27/2006,5.677999973,5.697000027,5.430699825,5.430699825,0
1185,11/28/2006,5.661499977,5.699999809,5.455599785,5.677700043,0
1186,11/29/2006,5.679699898,5.697999954,5.434299946,5.660699844,0
1187,11/30/2006,5.684700012,5.697800159,5.455500126,5.680099964,0
1188,12/1/2006,5.673900127,5.689499855,5.430300236,5.680699825,0
1189,12/4/2006,5.675000191,5.697500229,5.415999889,5.415999889,0
1190,12/5/2006,5.683400154,5.695000172,5.462800026,5.674499989,0
1191,12/6/2006,5.69119978,5.695000172,5.459199905,5.682700157,0
1192,12/7/2006,5.680600166,5.698999882,5.461299896,5.69119978,0
1193,12/8/2006,5.603300095,5.686100006,5.459300041,5.681099892,0
1194,12/11/2006,5.668900013,5.69630003,5.500999928,5.501399994,0
1195,12/12/2006,5.657599926,5.69299984,5.427400112,5.669300079,0
1196,12/13/2006,5.68599987,5.695099831,5.436900139,5.657599926,0
1197,12/14/2006,5.682400227,5.695000172,5.489600182,5.686299801,0
1198,12/15/2006,5.675799847,5.689700127,5.479000092,5.683700085,0
1199,12/18/2006,5.665699959,5.693799973,5.459000111,5.681399822,0
1200,12/19/2006,5.67110014,5.697000027,5.460499763,5.665699959,0
1201,12/20/2006,5.677899837,5.692500114,5.432099819,5.670300007,0
1202,12/21/2006,5.676799774,5.69299984,5.466400146,5.677400112,0
1203,12/22/2006,5.67689991,5.688799858,5.439799786,5.678500175,0
1204,12/25/2006,5.487400055,5.690499783,5.48570013,5.486499786,0
1205,12/26/2006,5.497600079,5.505000114,5.484499931,5.486499786,0
1206,12/27/2006,5.67840004,5.690000057,5.448200226,5.497399807,0
1207,12/28/2006,5.675600052,5.690999985,5.467000008,5.678100109,0
1208,12/29/2006,5.670300007,5.681300163,5.664599895,5.676300049,0
1209,1/1/2007,5.664700031,5.681300163,5.445899963,5.445899963,0
1210,1/2/2007,5.677999973,5.690000057,5.654600143,5.664700031,0
1211,1/3/2007,5.67140007,5.690000057,5.443900108,5.67840004,0
1212,1/4/2007,5.672500134,5.686999798,5.467700005,5.671299934,0
1213,1/5/2007,5.674300194,5.678500175,5.454699993,5.673099995,0
1214,1/8/2007,5.663400173,5.687399864,5.482200146,5.483500004,0
1215,1/9/2007,5.671599865,5.684999943,5.432700157,5.663099766,0
1216,1/10/2007,5.664599895,5.685599804,5.467400074,5.671599865,0
1217,1/11/2007,5.670300007,5.684999943,5.457600117,5.663899899,0
1218,1/12/2007,5.665800095,5.675799847,5.46449995,5.670700073,0
1219,1/15/2007,5.663899899,5.684599876,5.426400185,5.43200016,0
1220,1/16/2007,5.66629982,5.682499886,5.430799961,5.664400101,0
1221,1/17/2007,5.665999889,5.682499886,5.452700138,5.667200089,0
1222,1/18/2007,5.660600185,5.676799774,5.417900085,5.66629982,0
1223,1/19/2007,5.662499905,5.676799774,5.415800095,5.661300182,0
1224,1/22/2007,5.663499832,5.682499886,5.436900139,5.443099976,0
1225,1/23/2007,5.665800095,5.683000088,5.438099861,5.663099766,0
1226,1/24/2007,5.666600227,5.679999828,5.43569994,5.665599823,0
1227,1/25/2007,5.677999973,5.686999798,5.46449995,5.666800022,0
1228,1/26/2007,5.656700134,5.686800003,5.653699875,5.6802001,0
1229,1/29/2007,5.651400089,5.679999828,5.442900181,5.659100056,0
1230,1/30/2007,5.652400017,5.677499771,5.420199871,5.651400089,0
1231,1/31/2007,5.64989996,5.677499771,5.440499783,5.652800083,0
1232,2/1/2007,5.670499802,5.675000191,5.402100086,5.64989996,0
1233,2/2/2007,5.659599781,5.67110014,5.43380022,5.669799805,0
1234,2/5/2007,5.65500021,5.675000191,5.462299824,5.659800053,0
1235,2/6/2007,5.651599884,5.675000191,5.641799927,5.654500008,0
1236,2/7/2007,5.659699917,5.677499771,5.422100067,5.653299809,0
1237,2/8/2007,5.660900116,5.675000191,5.4302001,5.659399986,0
1238,2/9/2007,5.661300182,5.674499989,5.422200203,5.661099911,0
1239,2/12/2007,5.660200119,5.678999901,5.433199883,5.654799938,0
1240,2/13/2007,5.655200005,5.676499844,5.431799889,5.658400059,0
1241,2/14/2007,5.651400089,5.675000191,5.427499771,5.655200005,0
1242,2/15/2007,5.657000065,5.673799992,5.409399986,5.650800228,0
1243,2/16/2007,5.657400131,5.66629982,5.441999912,5.657599926,0
1244,2/19/2007,5.657800198,5.677299976,5.422800064,5.651599884,0
1245,2/20/2007,5.655499935,5.675000191,5.42140007,5.656899929,0
1246,2/21/2007,5.664299965,5.675000191,5.441100121,5.656400204,0
1247,2/22/2007,5.656300068,5.677199841,5.439099789,5.66410017,0
1248,2/23/2007,5.651800156,5.664299965,5.419499874,5.655799866,0
1249,2/26/2007,5.648700237,5.675000191,5.40350008,5.407599926,0
1250,2/27/2007,5.662700176,5.675000191,5.424699783,5.647799969,0
1251,2/28/2007,5.653800011,5.675000191,5.433400154,5.663499832,0
1252,3/1/2007,5.657400131,5.677700043,5.428500175,5.654099941,0
1253,3/2/2007,5.671999931,5.672800064,5.460700035,5.657000065,0
1254,3/5/2007,5.665800095,5.673799992,5.45389986,5.457399845,0
1255,3/6/2007,5.646299839,5.677499771,5.645500183,5.666699886,0
1256,3/7/2007,5.650499821,5.676300049,5.429100037,5.646100044,0
1257,3/8/2007,5.657599926,5.677000046,5.417399883,5.651000023,0
1258,3/9/2007,5.666800022,5.672500134,5.436999798,5.657800198,0
1259,3/12/2007,5.671299934,5.677999973,5.454299927,5.662000179,0
1260,3/13/2007,5.674399853,5.679200172,5.4375,5.671899796,0
1261,3/14/2007,5.668200016,5.677499771,5.43380022,5.673600197,0
1262,3/15/2007,5.636899948,5.679999828,5.42869997,5.667099953,0
1263,3/16/2007,5.659100056,5.666999817,5.407899857,5.636400223,0
1264,3/19/2007,5.662799835,5.679800034,5.656099796,5.658500195,0
1265,3/20/2007,5.649400234,5.676499844,5.646399975,5.660600185,0
1266,3/21/2007,5.624000072,5.679599762,5.445799828,5.651100159,0
1267,3/22/2007,5.664700031,5.67869997,5.410299778,5.623300076,0
1268,3/23/2007,5.668000221,5.675000191,5.435900211,5.665299892,0
1269,3/26/2007,5.666999817,5.681900024,5.654200077,5.679299831,0
1270,3/27/2007,5.659900188,5.676300049,5.415200233,5.667900085,0
1271,3/28/2007,5.675899982,5.677100182,5.443699837,5.66050005,0
1272,3/29/2007,5.665599823,5.679699898,5.448999882,5.676499844,0
1273,3/30/2007,5.662700176,5.671199799,5.450399876,5.664999962,0
1274,4/2/2007,5.66260004,5.678199768,5.655399799,5.663400173,0
1275,4/3/2007,5.684899807,5.684899807,5.440700054,5.661499977,0
1276,4/4/2007,5.661600113,5.685800076,5.450500011,5.683599949,0
1277,4/5/2007,5.65749979,5.677599907,5.432499886,5.662000179,0
1278,4/6/2007,5.430399895,5.659999847,5.419300079,5.657299995,0
1279,4/9/2007,5.448900223,5.454199791,5.439099789,5.441699982,0
1280,4/10/2007,5.661799908,5.675000191,5.418000221,5.448900223,0
1281,4/11/2007,5.656599998,5.675000191,5.447100163,5.661799908,0
1282,4/12/2007,5.661399841,5.672999859,5.422800064,5.656300068,0
1283,4/13/2007,5.658400059,5.670000076,5.414700031,5.661699772,0
1284,4/16/2007,5.66989994,5.675000191,5.429200172,5.429399967,0
1285,4/17/2007,5.656400204,5.672500134,5.647299767,5.66989994,0
1286,4/18/2007,5.639699936,5.667500019,5.416399956,5.656400204,0
1287,4/19/2007,5.647600174,5.664999962,5.435599804,5.639500141,0
1288,4/20/2007,5.651199818,5.65899992,5.426799774,5.647600174,0
1289,4/23/2007,5.644299984,5.659999847,5.634500027,5.644299984,0
1290,4/24/2007,5.642000198,5.659999847,5.426799774,5.644100189,0
1291,4/25/2007,5.654099941,5.654900074,5.401800156,5.642199993,0
1292,4/26/2007,5.649099827,5.65749979,5.43599987,5.654900074,0
1293,4/27/2007,5.631700039,5.648799896,5.431300163,5.648099899,0
1294,4/30/2007,5.653999805,5.659999847,5.631400108,5.638100147,0
1295,5/1/2007,5.4447999,5.654600143,5.41590023,5.653999805,0
1296,5/2/2007,5.654900074,5.660299778,5.441800117,5.444200039,0
1297,5/3/2007,5.64260006,5.662499905,5.413799763,5.654799938,0
1298,5/4/2007,5.646999836,5.649700165,5.456999779,5.64260006,0
1299,5/7/2007,5.657100201,5.664999962,5.41050005,5.41629982,0
1300,5/8/2007,5.649700165,5.665999889,5.425300121,5.657999992,0
1301,5/9/2007,5.668600082,5.670400143,5.439099789,5.64989996,0
1302,5/10/2007,5.669400215,5.674699783,5.435900211,5.669000149,0
1303,5/11/2007,5.658400059,5.674099922,5.467100143,5.669700146,0
1304,5/14/2007,5.652999878,5.670000076,5.407800198,5.413599968,0
1305,5/15/2007,5.654200077,5.672500134,5.44299984,5.652200222,0
1306,5/16/2007,5.653399944,5.674099922,5.41809988,5.654799938,0
1307,5/17/2007,5.483799934,5.65320015,5.46420002,5.652999878,0
1308,5/18/2007,5.658899784,5.662499905,5.482600212,5.48360014,0
1309,5/21/2007,5.439599991,5.670899868,5.421700001,5.422299862,0
1310,5/22/2007,5.66260004,5.670000076,5.43900013,5.439400196,0
1311,5/23/2007,5.670000076,5.673799992,5.435200214,5.663000107,0
1312,5/24/2007,5.659599781,5.672599792,5.438600063,5.670199871,0
1313,5/25/2007,5.657599926,5.668799877,5.588600159,5.659599781,0
1314,5/28/2007,5.572999954,5.658199787,5.572599888,5.656700134,0
1315,5/29/2007,5.669799805,5.672500134,5.571899891,5.573800087,0
1316,5/30/2007,5.660299778,5.671299934,5.598599911,5.66960001,0
1317,5/31/2007,5.65929985,5.672699928,5.580200195,5.66050005,0
1318,6/1/2007,5.658899784,5.667500019,5.577499866,5.65929985,0
1319,6/4/2007,5.652500153,5.675000191,5.649600029,5.658699989,0
1320,6/5/2007,5.658500195,5.673999786,5.572500229,5.652500153,0
1321,6/6/2007,5.664199829,5.675000191,5.586900234,5.658899784,0
1322,6/7/2007,5.682799816,5.684100151,5.595499992,5.663000107,0
1323,6/8/2007,5.653999805,5.685500145,5.642700195,5.682799816,0
1324,6/11/2007,5.656000137,5.674300194,5.570199966,5.570400238,0
1325,6/12/2007,5.668000221,5.677999973,5.575500011,5.656599998,0
1326,6/13/2007,5.652800083,5.677899837,5.594799995,5.66779995,0
1327,6/14/2007,5.666800022,5.672999859,5.56400013,5.652999878,0
1328,6/15/2007,5.658199787,5.672500134,5.57859993,5.667600155,0
1329,6/18/2007,5.649099827,5.675000191,5.553899765,5.655900002,0
1330,6/19/2007,5.654399872,5.67509985,5.575099945,5.649300098,0
1331,6/20/2007,5.670599937,5.675499916,5.564499855,5.654099941,0
1332,6/21/2007,5.662099838,5.67840004,5.599899769,5.671199799,0
1333,6/22/2007,5.643499851,5.664000034,5.57859993,5.662099838,0
1334,6/25/2007,5.645199776,5.675000191,5.641900063,5.645400047,0
1335,6/26/2007,5.665699959,5.675000191,5.590400219,5.645199776,0
1336,6/27/2007,5.651299953,5.675000191,5.59679985,5.666200161,0
1337,6/28/2007,5.666600227,5.678299904,5.583399773,5.650899887,0
1338,6/29/2007,5.648499966,5.670400143,5.600699902,5.666600227,0
1339,7/2/2007,5.648900032,5.675000191,5.563899994,5.563899994,0
1340,7/3/2007,5.664000034,5.673299789,5.575200081,5.648499966,0
1341,7/4/2007,5.667200089,5.679999828,5.584199905,5.664000034,0
1342,7/5/2007,5.664700031,5.675000191,5.589000225,5.667200089,0
1343,7/6/2007,5.659399986,5.669300079,5.605899811,5.665100098,0
1344,7/9/2007,5.656099796,5.676799774,5.574500084,5.575500011,0
1345,7/10/2007,5.638000011,5.671199799,5.591100216,5.656099796,0
1346,7/11/2007,5.655700207,5.672999859,5.544000149,5.637599945,0
1347,7/12/2007,5.65500021,5.670000076,5.584400177,5.656099796,0
1348,7/13/2007,5.660600185,5.665299892,5.59469986,5.655600071,0
1349,7/16/2007,5.655700207,5.667500019,5.646500111,5.664700031,0
1350,7/17/2007,5.652500153,5.670100212,5.583199978,5.655499935,0
1351,7/18/2007,5.637300014,5.659999847,5.552899837,5.651899815,0
1352,7/19/2007,5.644899845,5.652500153,5.557700157,5.635900021,0
1353,7/20/2007,5.636600018,5.649000168,5.568699837,5.644499779,0
1354,7/23/2007,5.640999794,5.643499851,5.622799873,5.635399818,0
1355,7/24/2007,5.631800175,5.647500038,5.54820013,5.640999794,0
1356,7/25/2007,5.618100166,5.642499924,5.556900024,5.633500099,0
1357,7/26/2007,5.60860014,5.638299942,5.559599876,5.618100166,0
1358,7/27/2007,5.624700069,5.627399921,5.532899857,5.609000206,0
1359,7/30/2007,5.605899811,5.627500057,5.548699856,5.555600166,0
1360,7/31/2007,5.629600048,5.629600048,5.517700195,5.605899811,0
1361,8/1/2007,5.617099762,5.63740015,5.550600052,5.63049984,0
1362,8/2/2007,5.611299992,5.635000229,5.548699856,5.617800236,0
1363,8/3/2007,5.620299816,5.626399994,5.537399769,5.611700058,0
1364,8/6/2007,5.606200218,5.62830019,5.489900112,5.494699955,0
1365,8/7/2007,5.601500034,5.618000031,5.53399992,5.605800152,0
1366,8/8/2007,5.608099937,5.619299889,5.549600124,5.602099895,0
1367,8/9/2007,5.612299919,5.617499828,5.519299984,5.607900143,0
1368,8/10/2007,5.602799892,5.619900227,5.562099934,5.613299847,0
1369,8/13/2007,5.615200043,5.622499943,5.512899876,5.52120018,0
1370,8/14/2007,5.624599934,5.626200199,5.548600197,5.61439991,0
1371,8/15/2007,5.639999866,5.642099857,5.554800034,5.625400066,0
1372,8/16/2007,5.615200043,5.643799782,5.558899879,5.6395998,0
1373,8/17/2007,5.627600193,5.639900208,5.542300224,5.615200043,0
1374,8/20/2007,5.63560009,5.650400162,5.615300179,5.619900227,0
1375,8/21/2007,5.657599926,5.658199787,5.568399906,5.63560009,0
1376,8/22/2007,5.634300232,5.657800198,5.583799839,5.657599926,0
1377,8/23/2007,5.640799999,5.65749979,5.547699928,5.634699821,0
1378,8/24/2007,5.623899937,5.642499924,5.573299885,5.640999794,0
1379,8/27/2007,5.635099888,5.645500183,5.615600109,5.620200157,0
1380,8/28/2007,5.627799988,5.635300159,5.565599918,5.635300159,0
1381,8/29/2007,5.623000145,5.640299797,5.57889986,5.62680006,0
1382,8/30/2007,5.628099918,5.636400223,5.536300182,5.623799801,0
1383,8/31/2007,5.619900227,5.628499985,5.525899887,5.627299786,0
1384,9/3/2007,5.62349987,5.630000114,5.607699871,5.622000217,0
1385,9/4/2007,5.610199928,5.630000114,5.547299862,5.62349987,0
1386,9/5/2007,5.621399879,5.630000114,5.52519989,5.611000061,0
1387,9/6/2007,5.620699883,5.628799915,5.51760006,5.620900154,0
1388,9/7/2007,5.612100124,5.625,5.531499863,5.620100021,0
1389,9/10/2007,5.662499905,5.702499866,5.623799801,5.653800011,0
1390,9/11/2007,5.635900021,5.641600132,5.547699928,5.616499901,0
1391,9/12/2007,5.615600109,5.63740015,5.531899929,5.63740015,0
1392,9/13/2007,5.621900082,5.625,5.530700207,5.614999771,0
1393,9/14/2007,5.601799965,5.621900082,5.53219986,5.62130022,0
1394,9/17/2007,5.596300125,5.620699883,5.537199974,5.544000149,0
1395,9/18/2007,5.553500175,5.610000134,5.537199974,5.595900059,0
1396,9/19/2007,5.579100132,5.607500076,5.47179985,5.553500175,0
1397,9/20/2007,5.578000069,5.590499878,5.505899906,5.578499794,0
1398,9/21/2007,5.573999882,5.582799911,5.476200104,5.579599857,0
1399,9/24/2007,5.557099819,5.579999924,5.478499889,5.48939991,0
1400,9/25/2007,5.546500206,5.564899921,5.507800102,5.557099819,0
1401,9/26/2007,5.549300194,5.567299843,5.451300144,5.5479002,0
1402,9/27/2007,5.551400185,5.567500114,5.482200146,5.549699783,0
1403,9/28/2007,5.535299778,5.55919981,5.479499817,5.551000118,0
1404,10/1/2007,5.556200027,5.560299873,5.531000137,5.533400059,0
1405,10/2/2007,5.54129982,5.559999943,5.469200134,5.556200027,0
1406,10/3/2007,5.493299961,5.54129982,5.454199791,5.541100025,0
1407,10/4/2007,5.509600163,5.568200111,5.48789978,5.493299961,0
1408,10/5/2007,5.518000126,5.522299767,5.445199966,5.509799957,0
1409,10/8/2007,5.529099941,5.534999847,5.431300163,5.432899952,0
1410,10/9/2007,5.507800102,5.531099796,5.449800014,5.529300213,0
1411,10/10/2007,5.523499966,5.528399944,5.416800022,5.507599831,0
1412,10/11/2007,5.527999878,5.534800053,5.434100151,5.523499966,0
1413,10/12/2007,5.505400181,5.529300213,5.435299873,5.527999878,0
1414,10/15/2007,5.51609993,5.51940012,5.444200039,5.448400021,0
1415,10/16/2007,5.500999928,5.53249979,5.456099987,5.516200066,0
1416,10/17/2007,5.509699821,5.522900105,5.427899837,5.501200199,0
1417,10/18/2007,5.502099991,5.516300201,5.408500195,5.510300159,0
1418,10/19/2007,5.48789978,5.508100033,5.408400059,5.502500057,0
1419,10/22/2007,5.47660017,5.503600121,5.409200191,5.415999889,0
1420,10/23/2007,5.48239994,5.505000114,5.423399925,5.477000237,0
1421,10/24/2007,5.475999832,5.503200054,5.398499966,5.482999802,0
1422,10/25/2007,5.477300167,5.502299786,5.389999866,5.475999832,0
1423,10/26/2007,5.482200146,5.495800018,5.402500153,5.478099823,0
1424,10/29/2007,5.489900112,5.507500172,5.469900131,5.477099895,0
1425,10/30/2007,5.484300137,5.507500172,5.424399853,5.489900112,0
1426,10/31/2007,5.478899956,5.49849987,5.406199932,5.484799862,0
1427,11/1/2007,5.46999979,5.485000134,5.406199932,5.479499817,0
1428,11/2/2007,5.454500198,5.470600128,5.370600224,5.468500137,0
1429,11/5/2007,5.370600224,5.456799984,5.369699955,5.447999954,0
1430,11/6/2007,5.450300217,5.46999979,5.361000061,5.370600224,0
1431,11/7/2007,5.474599838,5.478099823,5.345900059,5.451000214,0
1432,11/8/2007,5.468900204,5.477900028,5.413899899,5.474599838,0
1433,11/9/2007,5.395899773,5.47179985,5.373899937,5.469200134,0
1434,11/12/2007,5.407700062,5.477499962,5.401100159,5.401100159,0
1435,11/13/2007,5.456699848,5.478199959,5.384500027,5.407700062,0
1436,11/14/2007,5.487999916,5.5,5.370200157,5.457099915,0
1437,11/15/2007,5.496799946,5.500199795,5.409900188,5.485899925,0
1438,11/16/2007,5.493100166,5.497099876,5.416800022,5.497000217,0
1439,11/19/2007,5.484099865,5.496900082,5.386499882,5.393700123,0
1440,11/20/2007,5.471099854,5.49630022,5.400599957,5.484700203,0
1441,11/21/2007,5.476900101,5.499700069,5.388400078,5.47179985,0
1442,11/22/2007,5.485599995,5.505000114,5.389699936,5.478700161,0
1443,11/23/2007,5.503399849,5.503399849,5.375199795,5.486100197,0
1444,11/26/2007,5.534500122,5.572500229,5.494999886,5.525800228,0
1445,11/27/2007,5.493899822,5.508999825,5.416500092,5.418900013,0
1446,11/28/2007,5.465600014,5.507500172,5.436200142,5.493299961,0
1447,11/29/2007,5.421999931,5.515299797,5.388199806,5.465400219,0
1448,11/30/2007,5.503200054,5.528399944,5.415400028,5.422699928,0
1449,12/3/2007,5.493599892,5.522600174,5.484799862,5.516600132,0
1450,12/4/2007,5.497799873,5.507500172,5.423500061,5.492800236,0
1451,12/5/2007,5.513299942,5.513299942,5.407999992,5.497799873,0
1452,12/6/2007,5.493199825,5.512599945,5.457099915,5.512599945,0
1453,12/7/2007,5.495900154,5.505400181,5.392000198,5.497000217,0
1454,12/10/2007,5.49420023,5.5072999,5.42840004,5.429100037,0
1455,12/11/2007,5.505099773,5.513400078,5.414299965,5.493999958,0
1456,12/12/2007,5.494599819,5.507599831,5.428899765,5.507199764,0
1457,12/13/2007,5.487400055,5.509399891,5.416800022,5.495800018,0
1458,12/14/2007,5.500199795,5.510200024,5.44329977,5.48759985,0
1459,12/17/2007,5.481699944,5.506299973,5.447999954,5.459899902,0
1460,12/18/2007,5.534500122,5.566500187,5.501299858,5.531300068,0
1461,12/19/2007,5.484399796,5.51060009,5.420100212,5.496799946,0
1462,12/20/2007,5.499800205,5.50549984,5.434400082,5.48390007,0
1463,12/21/2007,5.48939991,5.504099846,5.410200119,5.5,0
1464,12/24/2007,5.420100212,5.427400112,5.414199829,5.426300049,0
1465,12/25/2007,5.485899925,5.486700058,5.414199829,5.420400143,0
1466,12/26/2007,5.451499939,5.487100124,5.444300175,5.486700058,0
1467,12/27/2007,5.494800091,5.515200138,5.440999985,5.451499939,0
1468,12/28/2007,5.493000031,5.500299931,5.380199909,5.494999886,0
1469,12/31/2007,5.463600159,5.473599911,5.40929985,5.413499832,0
1470,1/1/2008,5.52850008,5.534800053,5.452300072,5.463600159,0
1471,1/2/2008,5.485300064,5.537099838,5.462999821,5.528900146,0
1472,1/3/2008,5.464099884,5.492199898,5.390299797,5.48570013,0
1473,1/4/2008,5.486199856,5.493000031,5.403900146,5.463699818,0
1474,1/7/2008,5.459300041,5.505199909,5.452199936,5.487500191,0
1475,1/8/2008,5.447400093,5.465000153,5.382199764,5.458899975,0
1476,1/9/2008,5.448699951,5.455699921,5.370200157,5.447999954,0
1477,1/10/2008,5.424799919,5.4520998,5.379199982,5.44810009,0
1478,1/11/2008,5.451399803,5.456600189,5.307899952,5.424300194,0
1479,1/14/2008,5.431600094,5.434999943,5.365799904,5.369999886,0
1480,1/15/2008,5.434700012,5.443699837,5.360499859,5.43200016,0
1481,1/16/2008,5.42869997,5.438099861,5.360199928,5.43419981,0
1482,1/17/2008,5.475299835,5.479400158,5.389100075,5.429200172,0
1483,1/18/2008,5.463699818,5.479400158,5.395800114,5.474899769,0
1484,1/21/2008,5.507500172,5.512300014,5.412000179,5.412000179,0
1485,1/22/2008,5.500599861,5.520899773,5.430300236,5.507500172,0
1486,1/23/2008,5.481100082,5.521299839,5.388700008,5.502500057,0
1487,1/24/2008,5.482900143,5.523799896,5.417900085,5.481999874,0
1488,1/25/2008,5.513199806,5.517099857,5.406799793,5.483200073,0
1489,1/28/2008,5.540800095,5.545300007,5.446499825,5.448200226,0
1490,1/29/2008,5.533699989,5.546800137,5.444900036,5.54090023,0
1491,1/30/2008,5.515500069,5.542500019,5.474599838,5.533699989,0
1492,1/31/2008,5.511000156,5.54090023,5.436399937,5.51609993,0
1493,2/1/2008,5.54309988,5.544099808,5.44960022,5.510799885,0
1494,2/4/2008,5.517499924,5.54460001,5.490399837,5.542399883,0
1495,2/5/2008,5.518499851,5.527200222,5.439899921,5.517499924,0
1496,2/6/2008,5.507199764,5.520100117,5.456399918,5.518499851,0
1497,2/7/2008,5.495200157,5.508100033,5.423299789,5.508100033,0
1498,2/8/2008,5.510900021,5.515999794,5.433400154,5.495999813,0
1499,2/11/2008,5.475800037,5.492499828,5.411200047,5.421999931,0
1500,2/12/2008,5.483200073,5.491099834,5.415599823,5.477099895,0
1501,2/13/2008,5.485099792,5.48939991,5.386400223,5.48390007,0
1502,2/14/2008,5.458300114,5.48939991,5.411200047,5.484700203,0
1503,2/15/2008,5.457600117,5.46570015,5.3822999,5.459199905,0
1504,2/18/2008,5.469600201,5.474999905,5.386899948,5.393400192,0
1505,2/19/2008,5.457399845,5.471700191,5.366399765,5.470399857,0
1506,2/20/2008,5.433400154,5.46750021,5.392099857,5.45690012,0
1507,2/21/2008,5.458499908,5.472799778,5.364299774,5.432499886,0
1508,2/22/2008,5.46449995,5.468200207,5.359499931,5.458399773,0
1509,2/25/2008,5.448299885,5.473599911,5.394800186,5.394800186,0
1510,2/26/2008,5.421800137,5.482500076,5.385900021,5.448500156,0
1511,2/27/2008,5.473999977,5.480999947,5.41629982,5.422800064,0
1512,2/28/2008,5.452600002,5.478899956,5.368199825,5.474500179,0
1513,2/29/2008,5.461800098,5.469500065,5.349500179,5.451900005,0
1514,3/3/2008,5.435900211,5.465000153,5.372000217,5.382900238,0
1515,3/4/2008,5.445199966,5.455500126,5.37869978,5.435599804,0
1516,3/5/2008,5.443999767,5.456500053,5.379199982,5.445300102,0
1517,3/6/2008,5.43569994,5.454999924,5.408100128,5.443999767,0
1518,3/7/2008,5.431600094,5.445799828,5.409999847,5.435900211,0
1519,3/10/2008,5.443500042,5.451399803,5.385000229,5.385000229,0
1520,3/11/2008,5.446000099,5.457799911,5.369900227,5.442800045,0
1521,3/12/2008,5.422699928,5.446700096,5.398900032,5.446700096,0
1522,3/13/2008,5.413400173,5.440400124,5.3197999,5.423900127,0
1523,3/14/2008,5.433199883,5.443900108,5.338399887,5.413700104,0
1524,3/17/2008,5.304599762,114.6500015,5.254300117,5.303899765,0
1525,3/18/2008,5.495699883,5.511000156,5.299499989,5.304200172,0
1526,3/19/2008,5.464900017,5.504799843,5.407400131,5.496900082,0
1527,3/20/2008,5.456600189,5.522999763,5.412700176,5.462500095,0
1528,3/21/2008,5.313700199,5.467899799,5.313700199,5.458399773,0
1529,3/24/2008,5.458399773,5.464600086,5.399000168,5.413499832,0
1530,3/25/2008,5.443200111,5.46420002,5.412399769,5.458000183,0
1531,3/26/2008,5.422999859,5.451700211,5.354800224,5.443900108,0
1532,3/27/2008,5.42110014,5.446400166,5.338200092,5.426400185,0
1533,3/28/2008,5.438499928,5.444600105,5.360000134,5.422999859,0
1534,3/31/2008,5.456299782,5.458499908,5.372000217,5.381199837,0
1535,4/1/2008,5.457499981,5.489999771,5.408500195,5.454999924,0
1536,4/2/2008,5.397900105,5.431799889,5.361899853,5.421700001,0
1537,4/3/2008,5.42539978,5.431499958,5.344399929,5.396500111,0
1538,4/4/2008,5.425799847,5.435500145,5.313399792,5.425499916,0
1539,4/7/2008,5.42869997,5.432199955,5.357600212,5.359799862,0
1540,4/8/2008,5.420000076,5.431300163,5.323800087,5.42869997,0
1541,4/9/2008,5.413300037,5.429999828,5.363599777,5.419799805,0
1542,4/10/2008,5.416600227,5.427100182,5.306600094,5.413300037,0
1543,4/11/2008,5.415599823,5.432400227,5.378399849,5.416100025,0
1544,4/14/2008,5.404600143,5.465000153,5.371099949,5.450900078,0
1545,4/15/2008,5.416999817,5.42509985,5.338500023,5.404799938,0
1546,4/16/2008,5.395599842,5.421000004,5.344500065,5.416999817,0
1547,4/17/2008,5.395599842,5.409200191,5.329599857,5.39659977,0
1548,4/18/2008,5.407700062,5.410200119,5.340099812,5.394199848,0
1549,4/21/2008,5.365600109,5.388299942,5.359600067,5.38409996,0
1550,4/22/2008,5.275599957,5.391600132,5.274199963,5.365600109,0
1551,4/23/2008,5.355199814,5.362800121,5.276000023,5.27699995,0
1552,4/24/2008,5.356599808,5.388599873,5.338399887,5.354599953,0
1553,4/25/2008,5.359499931,5.374400139,5.313700199,5.356900215,0
1554,4/28/2008,5.350599766,5.361400127,5.339000225,5.360300064,0
1555,4/29/2008,5.37650013,5.377999783,5.293499947,5.352000237,0
1556,4/30/2008,5.362699986,5.376299858,5.285399914,5.376299858,0
1557,5/2/2008,5.339300156,5.42320013,5.329199791,5.413099766,0
1558,5/5/2008,5.322700024,5.339099884,5.259799957,5.337999821,0
1559,5/6/2008,5.32490015,5.333499908,5.237800121,5.322800159,0
1560,5/7/2008,5.329299927,5.342199802,5.31619978,5.325200081,0
1561,5/8/2008,5.329599857,5.345699787,5.281099796,5.329800129,0
1562,5/9/2008,5.317699909,5.335000038,5.242199898,5.33010006,0
1563,5/12/2008,5.300499916,5.300600052,5.229800224,5.267700195,0
1564,5/13/2008,5.342000008,5.348599911,5.298600197,5.303100109,0
1565,5/14/2008,5.31829977,5.34649992,5.263299942,5.342999935,0
1566,5/15/2008,5.354199886,5.362400055,5.244900227,5.318600178,0
1567,5/16/2008,5.325300217,5.357500076,5.273600101,5.354199886,0
1568,5/19/2008,5.314199924,5.336200237,5.306000233,5.329699993,0
1569,5/20/2008,5.32889986,5.331099987,5.264900208,5.313600063,0
1570,5/21/2008,5.31400013,5.332900047,5.258699894,5.330200195,0
1571,5/22/2008,5.321000099,5.335199833,5.2427001,5.314400196,0
1572,5/23/2008,5.315499783,5.329899788,5.264400005,5.321000099,0
1573,5/26/2008,5.317500114,5.327899933,5.243100166,5.250800133,0
1574,5/27/2008,5.329800129,5.335100174,5.246500015,5.317900181,0
1575,5/28/2008,5.312200069,5.33409977,5.272200108,5.329500198,0
1576,5/29/2008,5.32159996,5.331399918,5.256700039,5.3125,0
1577,5/30/2008,5.317200184,5.324200153,5.271100044,5.322800159,0
1578,6/2/2008,5.250599861,5.325500011,5.234600067,5.309700012,0
1579,6/3/2008,5.320199966,5.328299999,5.250599861,5.250599861,0
1580,6/4/2008,5.317699909,5.33220005,5.302000046,5.320400238,0
1581,6/5/2008,5.308700085,5.324999809,5.270599842,5.317699909,0
1582,6/6/2008,5.307600021,5.326900005,5.177299976,5.309700012,0
1583,6/9/2008,5.339900017,5.347700119,5.29820013,5.305799961,0
1584,6/10/2008,5.321000099,5.365799904,5.30340004,5.340099812,0
1585,6/11/2008,5.321400166,5.332600117,5.25579977,5.321000099,0
1586,6/12/2008,5.299600124,5.330599785,5.248400211,5.322000027,0
1587,6/13/2008,5.320700169,5.3270998,5.243800163,5.302000046,0
1588,6/16/2008,5.316500187,5.332499981,5.22300005,5.231800079,0
1589,6/17/2008,5.303599834,5.322999954,5.22179985,5.31619978,0
1590,6/18/2008,5.297299862,5.319300175,5.241600037,5.304299831,0
1591,6/19/2008,5.306900024,5.321199894,5.214700222,5.297500134,0
1592,6/20/2008,5.314599991,5.322400093,5.235799789,5.306799889,0
1593,6/23/2008,5.303899765,5.326000214,5.29610014,5.323900223,0
1594,6/24/2008,5.322599888,5.32460022,5.243800163,5.303199768,0
1595,6/25/2008,5.279500008,5.328400135,5.24119997,5.323800087,0
1596,6/26/2008,5.313700199,5.33409977,5.226099968,5.279300213,0
1597,6/27/2008,5.317500114,5.323699951,5.238999844,5.314400196,0
1598,6/30/2008,5.299600124,5.317200184,5.294099808,5.302800179,0
1599,7/1/2008,5.336299896,5.375,5.304999828,5.337500095,0
1600,7/2/2008,5.296500206,5.316599846,5.243800163,5.293399811,0
1601,7/3/2008,5.241899967,5.314199924,5.206799984,5.295499802,0
1602,7/4/2008,5.295700073,5.306200027,5.234499931,5.24090004,0
1603,7/7/2008,5.279099941,5.319300175,5.229000092,5.229499817,0
1604,7/8/2008,5.312300205,5.324999809,5.228000164,5.279399872,0
1605,7/9/2008,5.302999973,5.32130003,5.296500206,5.312300205,0
1606,7/10/2008,5.2979002,5.322700024,5.241499901,5.303999901,0
1607,7/11/2008,5.285600185,5.307799816,5.285600185,5.297299862,0
1608,7/14/2008,5.290200233,5.298500061,5.19630003,5.202700138,0
1609,7/15/2008,5.295000076,5.302899837,5.194600105,5.290299892,0
1610,7/16/2008,5.288099766,5.293900013,5.252600193,5.293900013,0
1611,7/17/2008,5.283699989,5.301700115,5.244599819,5.288099766,0
1612,7/18/2008,5.267099857,5.288799763,5.204899788,5.284500122,0
1613,7/21/2008,5.265699863,5.284599781,5.19329977,5.20690012,0
1614,7/22/2008,5.272799969,5.289999962,5.197500229,5.265799999,0
1615,7/23/2008,5.270699978,5.27850008,5.255599976,5.272999763,0
1616,7/24/2008,5.270400047,5.293600082,5.211599827,5.270299911,0
1617,7/25/2008,5.281400204,5.28550005,5.205299854,5.269800186,0
1618,7/28/2008,5.284800053,5.293000221,5.207699776,5.217000008,0
1619,7/29/2008,5.283199787,5.293900013,5.221099854,5.284800053,0
1620,7/30/2008,5.277299881,5.284500122,5.260700226,5.282400131,0
1621,7/31/2008,5.279500008,5.286799908,5.21239996,5.277599812,0
1622,8/1/2008,5.291100025,5.338300228,5.261099815,5.308300018,0
1623,8/4/2008,5.310299873,5.352499962,5.261099815,5.31400013,0
1624,8/5/2008,5.30700016,5.347499847,5.268000126,5.311299801,0
1625,8/6/2008,5.304999828,5.34499979,5.267000198,5.304999828,0
1626,8/7/2008,5.302499771,5.34250021,5.262499809,5.3125,0
1627,8/8/2008,5.306300163,5.336299896,5.269999981,5.300000191,0
1628,8/11/2008,5.297999859,5.34250021,5.263199806,5.297500134,0
1629,8/12/2008,5.313799858,5.360499859,5.268000126,5.315000057,0
1630,8/13/2008,5.327000141,5.364999771,5.281400204,5.329999924,0
1631,8/14/2008,5.324999809,5.368500233,5.295000076,5.332499981,0
1632,8/15/2008,5.324999809,5.355000019,5.295000076,5.324999809,0
1633,8/18/2008,5.34499979,5.375,5.291500092,5.336999893,0
1634,8/19/2008,5.355000019,5.40899992,5.291500092,5.346000195,0
1635,8/20/2008,5.356500149,5.397999763,5.313099861,5.362500191,0
1636,8/21/2008,5.362500191,5.398799896,5.317599773,5.367499828,0
1637,8/22/2008,5.347000122,5.391300201,5.316999912,5.361299992,0
1638,8/25/2008,5.359799862,5.400000095,5.3197999,5.367499828,0
1639,8/26/2008,5.335100174,5.345099926,5.316500187,5.333099842,0
1640,8/27/2008,5.312300205,5.349100113,5.206500053,5.335199833,0
1641,8/28/2008,5.320600033,5.35340023,5.263599873,5.312300205,0
1642,8/29/2008,5.32859993,5.337900162,5.277200222,5.321400166,0
1643,9/1/2008,5.340400219,5.352499962,5.271900177,5.274700165,0
1644,9/2/2008,5.344299793,5.357600212,5.281899929,5.338500023,0
1645,9/3/2008,5.356400013,5.372300148,5.270500183,5.343400002,0
1646,9/4/2008,5.391699791,5.403900146,5.251100063,5.356299877,0
1647,9/5/2008,5.354499817,5.394800186,5.288499832,5.39289999,0
1648,9/8/2008,5.338600159,5.384799957,5.202700138,5.23210001,0
1649,9/9/2008,5.382999897,5.400400162,5.337500095,5.339600086,0
1650,9/10/2008,5.398799896,5.406499863,5.309400082,5.384600163,0
1651,9/11/2008,5.376900196,5.415599823,5.356599808,5.397699833,0
1652,9/12/2008,5.355400085,5.387000084,5.305600166,5.37830019,0
1653,9/15/2008,5.36590004,5.422800064,5.268599987,5.329400063,0
1654,9/16/2008,5.451099873,5.465400219,5.32460022,5.3677001,0
1655,9/17/2008,5.374499798,5.456099987,5.351900101,5.449800014,0
1656,9/18/2008,5.439899921,5.450500011,5.306000233,5.374300003,0
1657,9/19/2008,5.399000168,5.503799915,5.360000134,5.438399792,0
1658,9/22/2008,5.366399765,5.422599792,5.236800194,5.287099838,0
1659,9/23/2008,5.411300182,5.433300018,5.284900188,5.366899967,0
1660,9/24/2008,5.394100189,5.41590023,5.348999977,5.410099983,0
1661,9/25/2008,5.416699886,5.436900139,5.357699871,5.393000126,0
1662,9/26/2008,5.420000076,5.426000118,5.350599766,5.41590023,0
1663,9/29/2008,5.409800053,5.476099968,5.361700058,5.438399792,0
1664,9/30/2008,5.411099911,5.427299976,5.344799995,5.409999847,0
1665,10/1/2008,5.432899952,5.442699909,5.342899799,5.409399986,0
1666,10/2/2008,5.436299801,5.461400032,5.399300098,5.431499958,0
1667,10/3/2008,5.447999954,5.473599911,5.342199802,5.437699795,0
1668,10/6/2008,5.434400082,5.518499851,5.408500195,5.438300133,0
1669,10/7/2008,5.473999977,5.478300095,5.326499939,5.434000015,0
1670,10/8/2008,5.449299812,5.488200188,5.353199959,5.473899841,0
1671,10/9/2008,5.503799915,5.508900166,5.401899815,5.449500084,0
1672,10/10/2008,5.480700016,5.52820015,5.439499855,5.503799915,0
1673,10/13/2008,5.461800098,5.535299778,5.391200066,5.392199993,0
1674,10/14/2008,5.53550005,5.537399769,5.394499779,5.461800098,0
1675,10/15/2008,5.59070015,5.59649992,5.501599789,5.536900043,0
1676,10/16/2008,5.480400085,5.623700142,5.47840023,5.590899944,0
1677,10/17/2008,5.543600082,5.550799847,5.46449995,5.480400085,0
1678,10/20/2008,5.551199913,5.561600208,5.44299984,5.551099777,0
1679,10/21/2008,5.565100193,5.568500042,5.468500137,5.549099922,0
1680,10/22/2008,5.527100086,5.654200077,5.496200085,5.565899849,0
1681,10/23/2008,5.488399982,5.563600063,5.465000153,5.527800083,0
1682,10/24/2008,5.51789999,5.55919981,5.441699982,5.489799976,0
1683,10/27/2008,5.552899837,5.561600208,5.442299843,5.448999882,0
1684,10/28/2008,5.376999855,5.602600098,5.365600109,5.551099777,0
1685,10/29/2008,5.484499931,5.537499905,5.374599934,5.374599934,0
1686,10/30/2008,5.552000046,5.565299988,5.27489996,5.484200001,0
1687,10/31/2008,5.550000191,5.624899864,5.519999981,5.547699928,0
1688,11/3/2008,5.584000111,5.597400188,5.386000156,5.43599987,0
1689,11/4/2008,5.473899841,5.593599796,5.440000057,5.583199978,0
1690,11/5/2008,5.50880003,5.510799885,5.355800152,5.475999832,0
1691,11/6/2008,5.520699978,5.527900219,5.439700127,5.508600235,0
1692,11/7/2008,5.494800091,5.533599854,5.447400093,5.521800041,0
1693,11/10/2008,5.489299774,5.49819994,5.365099907,5.395199776,0
1694,11/11/2008,5.511300087,5.526100159,5.471700191,5.489299774,0
1695,11/12/2008,5.544099808,5.553500175,5.461800098,5.51210022,0
1696,11/13/2008,5.380099773,5.547500134,5.352900028,5.543700218,0
1697,11/14/2008,5.553800106,5.556399822,5.30340004,5.380000114,0
1698,11/17/2008,5.525400162,5.529099941,5.465000153,5.49450016,0
1699,11/18/2008,5.513800144,5.551199913,5.468500137,5.52489996,0
1700,11/19/2008,5.535200119,5.546700001,5.407999992,5.514800072,0
1701,11/20/2008,5.532800198,5.537499905,5.411499977,5.534599781,0
1702,11/21/2008,5.463500023,5.534699917,5.411799908,5.534200191,0
1703,11/24/2008,5.488599777,5.527999878,5.382199764,5.386199951,0
1704,11/25/2008,5.494699955,5.523499966,5.334000111,5.488800049,0
1705,11/26/2008,5.454400063,5.505700111,5.351500034,5.497499943,0
1706,11/27/2008,5.478499889,5.500999928,5.421599865,5.453800201,0
1707,11/28/2008,5.497399807,5.506499767,5.396299839,5.479899883,0
1708,12/1/2008,5.492499828,5.499300003,5.442299843,5.451700211,0
1709,12/2/2008,5.492800236,5.507100105,5.406700134,5.495600224,0
1710,12/3/2008,5.452499866,5.502099991,5.361700058,5.494100094,0
1711,12/4/2008,5.511700153,5.520400047,5.364299774,5.454800129,0
1712,12/5/2008,5.450300217,5.526899815,5.347899914,5.509699821,0
1713,12/8/2008,5.494800091,5.501399994,5.396500111,5.442800045,0
1714,12/9/2008,5.483799934,5.505300045,5.397299767,5.495200157,0
1715,12/10/2008,5.488999844,5.505000114,5.34800005,5.484200001,0
1716,12/11/2008,5.471300125,5.505099773,5.331500053,5.488800049,0
1717,12/12/2008,5.479000092,5.5,5.329199791,5.47329998,0
1718,12/15/2008,5.466400146,5.5,5.420899868,5.442299843,0
1719,12/16/2008,5.387199879,5.505000114,5.308300018,5.466400146,0
1720,12/17/2008,5.461999893,5.507500172,5.224699974,5.386600018,0
1721,12/18/2008,5.41960001,5.502500057,5.275400162,5.463099957,0
1722,12/19/2008,5.400899887,5.561800003,5.385000229,5.419199944,0
1723,12/22/2008,5.479100227,5.495900154,5.359000206,5.379499912,0
1724,12/23/2008,5.496399879,5.503900051,5.402900219,5.479199886,0
1725,12/24/2008,5.469900131,5.495800018,5.404900074,5.495800018,0
1726,12/25/2008,5.405799866,5.478499889,5.404099941,5.469900131,0
1727,12/26/2008,5.400400162,5.411099911,5.369400024,5.404900074,0
1728,12/29/2008,5.567200184,5.60739994,5.331999779,5.369599819,0
1729,12/30/2008,5.435200214,5.564799786,5.416800022,5.564400196,0
1730,12/31/2008,5.410099983,5.497000217,5.403699875,5.4375,0
1731,1/1/2009,5.401000023,5.509200096,5.401000023,5.410099983,0
1732,1/2/2009,5.442900181,5.473899841,5.39289999,5.400800228,0
1733,1/5/2009,5.439599991,5.487500191,5.429100037,5.429800034,0
1734,1/6/2009,5.437300205,5.485000134,5.408899784,5.447599888,0
1735,1/7/2009,5.492899895,5.497499943,5.312200069,5.441500187,0
1736,1/8/2009,5.468699932,5.511300087,5.376399994,5.495299816,0
1737,1/9/2009,5.476799965,5.491300106,5.35160017,5.470200062,0
1738,1/12/2009,5.46999979,5.507699966,5.447500229,5.488100052,0
1739,1/13/2009,5.488800049,5.507800102,5.438099861,5.470099926,0
1740,1/14/2009,5.476699829,5.509600163,5.408500195,5.486400127,0
1741,1/15/2009,5.458000183,5.510000229,5.428299904,5.481699944,0
1742,1/16/2009,5.463699818,5.492099762,5.386600018,5.455900192,0
1743,1/19/2009,5.512800217,5.526899815,5.368000031,5.37650013,0
1744,1/20/2009,5.515999794,5.550700188,5.484099865,5.513000011,0
1745,1/21/2009,5.434000015,5.527299881,5.405900002,5.51609993,0
1746,1/22/2009,5.492499828,5.53249979,5.381400108,5.441299915,0
1747,1/23/2009,5.464000225,5.52850008,5.43170023,5.492499828,0
1748,1/26/2009,5.511300087,5.5479002,5.468900204,5.491499901,0
1749,1/27/2009,5.495600224,5.545000076,5.333399773,5.513199806,0
1750,1/28/2009,5.558000088,5.575799942,5.41960001,5.493700027,0
1751,1/29/2009,5.55369997,5.569399834,5.512800217,5.557400227,0
1752,1/30/2009,5.519299984,5.573299885,5.519299984,5.552400112,0
1753,2/2/2009,5.525800228,5.572199821,5.491099834,5.554100037,0
1754,2/3/2009,5.527800083,5.557400227,5.488200188,5.526899815,0
1755,2/4/2009,5.526400089,5.548299789,5.441800117,5.527800083,0
1756,2/5/2009,5.53730011,5.54460001,5.497799873,5.52670002,0
1757,2/6/2009,5.486499786,5.547399998,5.460499763,5.538199902,0
1758,2/9/2009,5.559999943,5.554399967,5.358799934,5.368999958,0
1759,2/10/2009,5.548299789,5.623799801,5.506700039,5.557799816,0
1760,2/11/2009,5.518300056,5.573400021,5.50150013,5.546999931,0
1761,2/12/2009,5.487800121,5.54129982,5.482900143,5.52159977,0
1762,2/13/2009,5.526299953,5.537000179,5.43900013,5.489299774,0
1763,2/16/2009,5.512000084,5.545000076,5.467000008,5.47510004,0
1764,2/17/2009,5.53579998,5.564499855,5.495399952,5.51240015,0
1765,2/18/2009,5.537799835,5.574999809,5.518799782,5.531599998,0
1766,2/19/2009,5.550600052,5.570000172,5.525100231,5.536399841,0
1767,2/20/2009,5.424900055,5.584400177,5.424900055,5.552299976,0
1768,2/23/2009,5.58920002,5.584599972,5.421800137,5.485799789,0
1769,2/24/2009,5.509300232,5.58949995,5.506700039,5.58589983,0
1770,2/25/2009,5.580699921,5.592100143,5.51060009,5.510700226,0
1771,2/26/2009,5.580599785,5.594500065,5.55039978,5.58220005,0
1772,2/27/2009,5.560200214,5.590300083,5.520899773,5.580200195,0
1773,3/2/2009,5.585700035,5.59499979,5.472700119,5.474199772,0
1774,3/3/2009,5.585499763,5.606999874,5.539800167,5.586100101,0
1775,3/4/2009,5.565100193,5.610799789,5.552599907,5.582600117,0
1776,3/5/2009,5.598400116,5.615499973,5.238699913,5.566699982,0
1777,3/6/2009,5.587800026,5.601900101,5.510799885,5.598599911,0
1778,3/9/2009,5.618999958,5.634399891,5.474199772,5.476399899,0
1779,3/10/2009,5.629300117,5.670199871,5.575500011,5.617800236,0
1780,3/11/2009,5.620999813,5.666699886,5.59829998,5.628900051,0
1781,3/12/2009,5.611899853,5.665699959,5.593400002,5.621099949,0
1782,3/13/2009,5.624000072,5.662499905,5.597199917,5.612400055,0
1783,3/16/2009,5.617300034,5.649400234,5.505400181,5.642700195,0
1784,3/17/2009,5.572100163,5.625199795,5.520500183,5.620999813,0
1785,3/18/2009,5.445099831,5.605000019,5.428599834,5.573400021,0
1786,3/19/2009,5.602200031,5.611199856,5.443999767,5.443999767,0
1787,3/20/2009,5.584499836,5.616399765,5.582799911,5.602099895,0
1788,3/23/2009,5.577700138,5.607500076,5.539299965,5.565299988,0
1789,3/24/2009,5.627200127,5.643700123,5.553999901,5.578499794,0
1790,3/25/2009,5.583600044,5.643199921,5.570499897,5.627699852,0
1791,3/26/2009,5.599999905,5.609499931,5.567200184,5.582799911,0
1792,3/27/2009,5.589700222,5.604000092,5.575300217,5.600399971,0
1793,3/30/2009,5.577400208,5.62680006,5.567699909,5.599599838,0
1794,3/31/2009,5.609099865,5.615300179,5.540400028,5.577000141,0
1795,4/1/2009,5.598100185,5.616499901,5.568399906,5.609499931,0
1796,4/2/2009,5.586900234,5.603000164,5.569099903,5.597000122,0
1797,4/3/2009,5.577000141,5.607800007,5.575200081,5.587200165,0
1798,4/6/2009,5.576200008,5.604000092,5.540100098,5.560500145,0
1799,4/7/2009,5.591800213,5.607200146,5.575500011,5.575699806,0
1800,4/8/2009,5.605899811,5.639500141,5.579599857,5.592599869,0
1801,4/9/2009,5.588300228,5.611400127,5.582099915,5.604700089,0
1802,4/10/2009,5.579699993,5.610899925,5.570400238,5.587800026,0
1803,4/13/2009,5.5,5.595399857,5.489500046,5.577199936,0
1804,4/14/2009,5.603700161,5.61259985,5.478700161,5.49849987,0
1805,4/15/2009,5.578499794,5.62319994,5.574100018,5.60340023,0
1806,4/16/2009,5.60529995,5.622900009,5.524400234,5.577899933,0
1807,4/17/2009,5.593299866,5.64989996,5.588099957,5.603700161,0
1808,4/20/2009,5.588500023,5.603300095,5.525800228,5.525800228,0
1809,4/21/2009,5.618199825,5.619599819,5.577899933,5.588500023,0
1810,4/22/2009,5.601399899,5.627399921,5.589099884,5.618700027,0
1811,4/23/2009,5.560100079,5.609799862,5.551700115,5.602000237,0
1812,4/24/2009,5.606299877,5.614600182,5.548099995,5.56069994,0
1813,4/27/2009,5.656899929,5.66230011,5.531400204,5.534100056,0
1814,4/28/2009,5.570899963,5.669300079,5.55880022,5.652299881,0
1815,4/29/2009,5.62319994,5.632400036,5.536900043,5.569699764,0
1816,4/30/2009,5.600299835,5.627900124,5.587200165,5.625199795,0
1817,5/1/2009,5.585499763,5.605800152,5.562399864,5.60010004,0
1818,5/4/2009,5.565199852,5.599699974,5.552400112,5.579599857,0
1819,5/5/2009,5.618599892,5.632599831,5.563199997,5.565700054,0
1820,5/6/2009,5.587299824,5.647900105,5.570499897,5.618599892,0
1821,5/7/2009,5.594200134,5.609799862,5.579500198,5.586599827,0
1822,5/8/2009,5.528900146,5.613999844,5.525000095,5.592999935,0
1823,5/11/2009,5.596300125,5.603099823,5.407100201,5.425000191,0
1824,5/12/2009,5.574399948,5.605800152,5.571100235,5.595099926,0
1825,5/13/2009,5.594500065,5.602700233,5.543499947,5.574399948,0
1826,5/14/2009,5.565000057,5.617599964,5.554800034,5.593999863,0
1827,5/15/2009,5.590899944,5.606200218,5.559299946,5.564199924,0
1828,5/18/2009,5.561200142,5.588900089,5.494599819,5.536499977,0
1829,5/19/2009,5.569099903,5.588799953,5.505899906,5.562200069,0
1830,5/20/2009,5.593500137,5.606299877,5.561399937,5.569099903,0
1831,5/21/2009,5.539299965,5.609600067,5.53249979,5.592000008,0
1832,5/22/2009,5.589399815,5.625999928,5.520199776,5.539400101,0
1833,5/25/2009,5.586500168,5.597799778,5.510399818,5.580599785,0
1834,5/26/2009,5.586900234,5.610799789,5.572999954,5.587900162,0
1835,5/27/2009,5.624700069,5.626999855,5.574500084,5.586599827,0
1836,5/28/2009,5.596399784,5.638500214,5.572000027,5.622900009,0
1837,5/29/2009,5.573800087,5.597599983,5.568799973,5.596099854,0
1838,6/1/2009,5.57159996,5.595499992,5.539000034,5.587999821,0
1839,6/2/2009,5.558599949,5.581299782,5.550300121,5.571400166,0
1840,6/3/2009,5.586500168,5.602900028,5.55009985,5.559100151,0
1841,6/4/2009,5.571199894,5.591800213,5.550000191,5.58409977,0
1842,6/5/2009,5.565999985,5.579800129,5.546500206,5.571199894,0
1843,6/8/2009,5.561299801,5.578000069,5.550300121,5.578000069,0
1844,6/9/2009,5.549300194,5.579899788,5.537700176,5.558199883,0
1845,6/10/2009,5.568099976,5.593500137,5.537799835,5.553299904,0
1846,6/11/2009,5.565199852,5.580699921,5.537499905,5.567900181,0
1847,6/12/2009,5.585700035,5.589399815,5.558199883,5.565499783,0
1848,6/15/2009,5.570099831,5.613200188,5.559999943,5.59070015,0
1849,6/16/2009,5.591400146,5.591400146,5.544300079,5.570199966,0
1850,6/17/2009,5.53030014,5.599500179,5.513899803,5.590899944,0
1851,6/18/2009,5.588500023,5.60379982,5.453800201,5.530900002,0
1852,6/19/2009,5.586500168,5.599400043,5.551000118,5.588200092,0
1853,6/22/2009,5.5552001,5.57130003,5.49090004,5.49090004,0
1854,6/23/2009,5.543399811,5.57130003,5.530799866,5.555300236,0
1855,6/24/2009,5.589900017,5.60860014,5.433499813,5.542699814,0
1856,6/25/2009,5.542300224,5.589900017,5.529200077,5.589099884,0
1857,6/26/2009,5.566699982,5.57159996,5.512499809,5.541699886,0
1858,6/29/2009,5.556900024,5.585499763,5.548999786,5.562300205,0
1859,6/30/2009,5.550700188,5.572100163,5.539199829,5.555399895,0
1860,7/1/2009,5.574500084,5.578100204,5.480000019,5.549900055,0
1861,7/2/2009,5.572899818,5.584799767,5.455900192,5.577300072,0
1862,7/3/2009,5.564400196,5.577899933,5.539000034,5.573599815,0
1863,7/6/2009,5.532999992,5.557899952,5.48239994,5.497200012,0
1864,7/7/2009,5.566100121,5.567399979,5.525899887,5.533400059,0
1865,7/8/2009,5.538499832,5.578199863,5.474699974,5.565199852,0
1866,7/9/2009,5.557799816,5.559800148,5.523499966,5.537499905,0
1867,7/10/2009,5.545300007,5.581099987,5.469799995,5.557499886,0
1868,7/13/2009,5.54460001,5.557400227,5.527999878,5.531799793,0
1869,7/14/2009,5.549399853,5.572700024,5.466800213,5.544000149,0
1870,7/15/2009,5.553199768,5.557799816,5.541699886,5.549399853,0
1871,7/16/2009,5.537499905,5.560800076,5.470600128,5.552599907,0
1872,7/17/2009,5.548999786,5.554200172,5.532299995,5.538300037,0
1873,7/20/2009,5.544700146,5.544799805,5.538799763,5.539500237,0
1874,7/21/2009,5.536099911,5.536099911,5.527500153,5.527900219,0
1875,7/22/2009,5.53550005,5.536200047,5.53249979,5.534500122,0
1876,7/23/2009,5.573599815,5.57460022,5.571000099,5.572299957,0
1877,7/24/2009,5.533899784,5.533899784,5.533899784,5.533899784,0
1878,7/27/2009,5.517700195,5.523200035,5.517300129,5.519499779,0
1879,7/28/2009,5.523499966,5.524700165,5.514900208,5.515900135,0
1880,7/29/2009,5.520100117,5.520699978,5.511600018,5.514800072,0
1881,7/30/2009,5.50909996,5.514400005,5.507699966,5.513199806,0
1882,7/31/2009,5.520800114,5.520800114,5.520800114,5.520800114,0
1883,8/3/2009,5.508399963,5.508399963,5.504000187,5.505000114,0
1884,8/4/2009,5.493400097,5.497399807,5.491300106,5.497399807,0
1885,8/5/2009,5.491399765,5.492400169,5.48789978,5.489299774,0
1886,8/6/2009,5.489500046,5.49420023,5.489200115,5.492300034,0
1887,8/7/2009,5.498300076,5.498300076,5.498300076,5.498300076,0
1888,8/10/2009,5.504799843,5.50579977,5.502099991,5.502099991,0
1889,8/11/2009,5.499300003,5.499599934,5.497099876,5.497399807,0
1890,8/12/2009,5.517399788,5.522999763,5.516600132,5.522500038,0
1891,8/13/2009,5.518400192,5.518400192,5.514900208,5.515600204,0
1892,8/14/2009,5.518899918,5.518899918,5.518899918,5.518899918,0
1893,8/17/2009,5.507699966,5.516300201,5.506899834,5.516300201,0
1894,8/18/2009,5.505400181,5.520599842,5.504499912,5.520599842,0
1895,8/19/2009,5.525599957,5.535699844,5.523200035,5.535699844,0
1896,8/20/2009,5.498700142,5.501699924,5.495900154,5.501699924,0
1897,8/21/2009,5.506299973,5.506299973,5.506299973,5.506299973,0
1898,8/24/2009,5.508999825,5.511600018,5.506899834,5.508999825,0
1899,8/25/2009,5.518099785,5.518099785,5.510399818,5.510399818,0
1900,8/26/2009,5.493400097,5.493899822,5.487299919,5.488100052,0
1901,8/27/2009,5.454800129,5.463099957,5.452400208,5.462299824,0
1902,8/28/2009,5.493500233,5.515799999,5.493500233,5.515799999,0
1903,8/31/2009,5.493000031,5.493000031,5.490499973,5.492599964,0
1904,9/1/2009,5.503600121,5.506299973,5.497399807,5.49849987,0
1905,9/2/2009,5.488399982,5.488699913,5.485899925,5.488599777,0
1906,9/3/2009,5.499499798,5.500800133,5.497900009,5.499199867,0
1907,9/4/2009,5.490099907,5.490099907,5.490099907,5.490099907,0
1908,9/7/2009,5.49119997,5.491700172,5.487999916,5.489500046,0
1909,9/8/2009,5.490399837,5.49119997,5.48789978,5.49119997,0
1910,9/9/2009,5.502999783,5.503900051,5.499199867,5.500699997,0
1911,9/10/2009,5.475800037,5.477499962,5.474599838,5.475900173,0
1912,9/11/2009,5.488500118,5.488500118,5.488500118,5.488500118,0
1913,9/14/2009,5.474899769,5.481500149,5.474899769,5.479599953,0
1914,9/15/2009,5.390600204,5.394599915,5.389100075,5.392799854,0
1915,9/16/2009,5.470399857,5.472700119,5.46600008,5.472099781,0
1916,9/17/2009,5.405099869,5.405900002,5.401299953,5.402200222,0
1917,9/18/2009,5.403900146,5.403900146,5.403900146,5.403900146,0
1918,9/21/2009,5.474699974,5.47510004,5.470799923,5.473700047,0
1919,9/22/2009,5.46420002,5.469600201,5.453400135,5.469600201,0
1920,9/23/2009,5.475299835,5.484200001,5.475299835,5.481100082,0
1921,9/24/2009,5.486199856,5.497099876,5.483399868,5.485300064,0
1922,9/25/2009,5.405200005,5.405200005,5.405200005,5.405200005,0
1923,9/28/2009,5.400300026,5.400300026,5.395500183,5.397999763,0
1924,9/29/2009,5.385399818,5.388700008,5.383100033,5.386700153,0
1925,9/30/2009,5.459599972,5.463399887,5.458499908,5.463399887,0
1926,10/1/2009,5.393099785,5.395899773,5.385799885,5.385799885,0
1927,10/2/2009,5.455999851,5.455999851,5.363200188,5.455900192,0
1928,10/5/2009,5.443399906,5.447299957,5.443099976,5.447100163,0
1929,10/6/2009,5.455500126,5.457300186,5.450099945,5.456600189,0
1930,10/7/2009,5.435299873,5.443699837,5.433400154,5.443600178,0
1931,10/8/2009,5.447400093,5.450699806,5.443900108,5.443900108,0
1932,10/9/2009,5.436200142,5.436200142,5.436200142,5.436200142,0
1933,10/12/2009,5.447400093,5.450900078,5.444699764,5.450699806,0
1934,10/13/2009,5.439899921,5.441400051,5.436200142,5.438600063,0
1935,10/14/2009,5.427700043,5.428100109,5.424799919,5.427700043,0
1936,10/15/2009,5.44299984,5.450600147,5.442599773,5.447899818,0
1937,10/16/2009,5.439799786,5.439799786,5.439799786,5.439799786,0
1938,10/19/2009,5.434899807,5.436200142,5.430099964,5.435400009,0
1939,10/20/2009,5.420800209,5.425000191,5.420800209,5.42140007,0
1940,10/21/2009,5.431200027,5.431200027,5.42539978,5.427499771,0
1941,10/22/2009,5.414899826,5.419499874,5.414199829,5.419499874,0
1942,10/23/2009,5.439499855,5.439499855,5.439499855,5.439499855,0
1943,10/26/2009,5.444600105,5.449299812,5.420499802,5.443999767,0
1944,10/27/2009,5.426000118,5.44810009,5.424499989,5.444499969,0
1945,10/28/2009,5.43900013,5.445799828,5.423299789,5.424200058,0
1946,10/29/2009,5.443099976,5.451200008,5.386700153,5.438099861,0
1947,10/30/2009,5.442299843,5.4520998,5.432499886,5.443500042,0
1948,11/2/2009,5.455999851,5.472000122,5.381899834,5.406499863,0
1949,11/3/2009,5.410699844,5.455500126,5.409599781,5.455500126,0
1950,11/4/2009,5.42509985,5.443699837,5.407599926,5.412899971,0
1951,11/5/2009,5.427700043,5.44299984,5.422500134,5.42840004,0
1952,11/6/2009,5.430500031,5.441500187,5.425799847,5.429599762,0
1953,11/9/2009,5.428999901,5.440999985,5.39620018,5.425600052,0
1954,11/10/2009,5.413300037,5.447299957,5.41260004,5.429399967,0
1955,11/11/2009,5.419000149,5.430799961,5.404300213,5.409900188,0
1956,11/12/2009,5.428500175,5.440599918,5.407899857,5.419300079,0
1957,11/13/2009,5.418000221,5.430500031,5.408500195,5.427599907,0
1958,11/16/2009,5.420300007,5.453299999,5.393300056,5.39659977,0
1959,11/17/2009,5.405600071,5.436299801,5.405099869,5.420300007,0
1960,11/18/2009,5.436200142,5.441500187,5.399499893,5.406199932,0
1961,11/19/2009,5.420800209,5.454199791,5.417399883,5.435100079,0
1962,11/20/2009,5.426099777,5.434700012,5.414500237,5.421800137,0
1963,11/23/2009,5.425700188,5.427700043,5.326000214,5.351799965,0
1964,11/24/2009,5.409699917,5.438899994,5.402800083,5.427100182,0
1965,11/25/2009,5.40199995,5.425700188,5.394899845,5.407999992,0
1966,11/26/2009,5.425199986,5.433199883,5.399099827,5.402500153,0
1967,11/27/2009,5.405799866,5.44960022,5.405799866,5.423799992,0
1968,11/30/2009,5.42840004,5.450399876,5.286699772,5.316100121,0
1969,12/1/2009,5.36439991,5.451600075,5.363399982,5.429299831,0
1970,12/2/2009,5.426599979,5.445099831,5.359700203,5.364200115,0
1971,12/3/2009,5.427499771,5.436100006,5.413199902,5.427499771,0
1972,12/4/2009,5.42689991,5.438899994,5.412499905,5.429100037,0
1973,12/7/2009,5.423900127,5.439400196,5.406899929,5.420700073,0
1974,12/8/2009,5.456200123,5.461500168,5.414400101,5.426000118,0
1975,12/9/2009,5.441699982,5.464000225,5.428100109,5.454500198,0
1976,12/10/2009,5.449299812,5.461699963,5.434000015,5.442100048,0
1977,12/11/2009,5.439400196,5.456399918,5.435500145,5.448699951,0
1978,12/14/2009,5.448500156,5.459499836,5.411799908,5.433199883,0
1979,12/15/2009,5.452199936,5.468200207,5.447700024,5.448800087,0
1980,12/16/2009,5.479700089,5.485899925,5.445499897,5.452899933,0
1981,12/17/2009,5.453999996,5.537499905,5.447800159,5.479100227,0
1982,12/18/2009,5.438300133,5.472300053,5.430300236,5.454199791,0
1983,12/21/2009,5.478099823,5.4854002,5.43380022,5.443200111,0
1984,12/22/2009,5.462100029,5.481999874,5.454299927,5.478600025,0
1985,12/23/2009,5.463600159,5.475800037,5.452400208,5.461900234,0
1986,12/24/2009,5.404799938,5.46420002,5.391300201,5.462500095,0
1987,12/25/2009,5.397999763,5.412099838,5.383299828,5.403999805,0
1988,12/28/2009,5.470300198,5.470600128,5.398600101,5.40719986,0
1989,12/29/2009,5.460100174,5.481100082,5.44810009,5.470300198,0
1990,12/30/2009,5.440999985,5.472799778,5.435800076,5.459300041,0
1991,12/31/2009,5.408299923,5.442800045,5.375100136,5.440700054,0
1992,1/1/2010,5.384500027,5.408299923,5.380199909,5.408299923,0
1993,1/4/2010,5.440299988,5.451000214,5.41050005,5.413000107,0
1994,1/5/2010,5.442500114,5.449100018,5.422399998,5.439799786,0
1995,1/6/2010,5.419799805,5.453700066,5.407400131,5.441899776,0
1996,1/7/2010,5.41989994,5.430900097,5.403299809,5.419099808,0
1997,1/8/2010,5.391600132,5.430600166,5.381000042,5.419799805,0
1998,1/11/2010,5.422699928,5.426300049,5.34679985,5.371200085,0
1999,1/12/2010,5.429500103,5.443900108,5.401000023,5.424699783,0
2000,1/13/2010,5.386400223,5.436299801,5.385799885,5.429800034,0
2001,1/14/2010,5.377600193,5.403999805,5.371799946,5.386300087,0
2002,1/15/2010,5.386899948,5.41230011,5.376999855,5.379000187,0
2003,1/18/2010,5.378099918,5.391200066,5.320300102,5.326399803,0
2004,1/19/2010,5.37869978,5.402699947,5.369800091,5.380199909,0
2005,1/20/2010,5.401000023,5.417200089,5.375800133,5.378900051,0
2006,1/21/2010,5.411600113,5.423600197,5.391300201,5.399700165,0
2007,1/22/2010,5.414800167,5.420100212,5.395999908,5.415299892,0
2008,1/25/2010,5.348499775,5.416600227,5.320000172,5.408699989,0
2009,1/26/2010,5.421899796,5.437399864,5.338200092,5.348800182,0
2010,1/27/2010,5.434800148,5.443999767,5.415699959,5.42110014,0
2011,1/28/2010,5.434800148,5.46269989,5.41989994,5.434500217,0
2012,1/29/2010,5.436399937,5.454500198,5.422399998,5.435900211,0
2013,2/1/2010,5.428199768,5.441599846,5.38710022,5.393899918,0
2014,2/2/2010,5.422800064,5.44299984,5.421700001,5.430300236,0
2015,2/3/2010,5.423399925,5.438000202,5.350500107,5.421700001,0
2016,2/4/2010,5.441999912,5.452400208,5.420000076,5.423999786,0
2017,2/5/2010,5.409599781,5.468800068,5.409200191,5.441999912,0
2018,2/8/2010,5.472099781,5.476099968,5.414599895,5.422100067,0
2019,2/9/2010,5.459300041,5.473100185,5.436999798,5.471899986,0
2020,2/10/2010,5.434899807,5.477799892,5.430900097,5.460100174,0
2021,2/11/2010,5.439199924,5.461900234,5.414599895,5.433499813,0
2022,2/12/2010,5.445300102,5.459499836,5.437799931,5.437799931,0
2023,2/15/2010,5.45720005,5.465300083,5.445799828,5.447999954,0
2024,2/16/2010,5.445700169,5.460599899,5.435500145,5.45720005,0
2025,2/17/2010,5.454999924,5.461999893,5.439799786,5.44630003,0
2026,2/18/2010,5.495100021,5.499499798,5.431099892,5.453800201,0
2027,2/19/2010,5.418900013,5.497700214,5.417699814,5.492199898,0
2028,2/22/2010,5.451099873,5.461999893,5.319900036,5.328700066,0
2029,2/23/2010,5.449500084,5.461999893,5.436900139,5.449299812,0
2030,2/24/2010,5.469399929,5.477900028,5.364200115,5.449800014,0
2031,2/25/2010,5.425499916,5.505599976,5.410999775,5.468999863,0
2032,2/26/2010,5.470499992,5.48239994,5.395500183,5.424499989,0
2033,3/1/2010,5.42509985,5.457900047,5.354400158,5.358300209,0
2034,3/2/2010,5.420300007,5.45720005,5.420300007,5.425499916,0
2035,3/3/2010,5.450699806,5.45389986,5.407400131,5.421000004,0
2036,3/4/2010,5.437300205,5.469099998,5.433499813,5.451900005,0
2037,3/5/2010,5.446199894,5.459000111,5.429299831,5.436500072,0
2038,3/8/2010,5.445899963,5.454999924,5.333399773,5.352900028,0
2039,3/9/2010,5.431799889,5.453000069,5.427599907,5.444099903,0
2040,3/10/2010,5.444600105,5.452199936,5.430500031,5.430500031,0
2041,3/11/2010,5.429100037,5.449699879,5.427400112,5.444200039,0
2042,3/12/2010,5.432400227,5.443399906,5.419499874,5.428199768,0
2043,3/15/2010,5.437300205,5.452000141,5.429800034,5.429900169,0
2044,3/16/2010,5.439199924,5.457099915,5.428199768,5.438099861,0
2045,3/17/2010,5.445499897,5.452000141,5.429500103,5.439400196,0
2046,3/18/2010,5.443500042,5.473599911,5.435800076,5.446899891,0
2047,3/19/2010,5.447000027,5.451000214,5.436500072,5.444099903,0
2048,3/22/2010,5.450200081,5.464600086,5.447500229,5.454800129,0
2049,3/23/2010,5.479599953,5.481299877,5.44990015,5.44990015,0
2050,3/24/2010,5.473599911,5.502900124,5.457300186,5.478000164,0
2051,3/25/2010,5.484899998,5.498899937,5.395599842,5.472199917,0
2052,3/26/2010,5.460299969,5.485599995,5.454599857,5.484399796,0
2053,3/29/2010,5.463500023,5.480199814,5.367400169,5.369100094,0
2054,3/30/2010,5.458099842,5.485000134,5.456600189,5.463900089,0
2055,3/31/2010,5.475900173,5.489999771,5.451600075,5.457099915,0
2056,4/1/2010,5.464600086,5.485000134,5.454299927,5.475299835,0
2057,4/2/2010,5.390999794,5.476500034,5.3677001,5.464399815,0
2058,4/5/2010,5.396800041,5.504300117,5.380700111,5.499499798,0
2059,4/6/2010,5.46089983,5.478000164,5.393000126,5.396800041,0
2060,4/7/2010,5.482699871,5.489999771,5.457699776,5.46089983,0
2061,4/8/2010,5.480899811,5.495900154,5.46999979,5.482500076,0
2062,4/9/2010,5.467599869,5.488500118,5.467599869,5.480500221,0
2063,4/12/2010,5.473800182,5.494999886,5.393099785,5.413199902,0
2064,4/13/2010,5.465499878,5.497499943,5.462200165,5.473700047,0
2065,4/14/2010,5.485000134,5.497499943,5.443999767,5.463200092,0
2066,4/15/2010,5.47179985,5.495200157,5.466499805,5.484700203,0
2067,4/16/2010,5.47329998,5.486899853,5.469399929,5.471300125,0
2068,4/19/2010,5.479199886,5.497799873,5.419199944,5.420599937,0
2069,4/20/2010,5.5,5.507699966,5.474299908,5.479000092,0
2070,4/21/2010,5.498700142,5.51609993,5.49090004,5.5,0
2071,4/22/2010,5.513999939,5.516799927,5.492099762,5.498899937,0
2072,4/23/2010,5.500299931,5.539500237,5.494100094,5.514200211,0
2073,4/26/2010,5.482800007,5.516900063,5.479100227,5.510900021,0
2074,4/27/2010,5.533400059,5.543700218,5.478300095,5.481299877,0
2075,4/28/2010,5.488200188,5.535699844,5.484000206,5.532899857,0
2076,4/29/2010,5.508500099,5.528999805,5.477399826,5.488699913,0
2077,4/30/2010,5.519499779,5.531099796,5.507699966,5.507699966,0
2078,5/3/2010,5.512199879,5.527999878,5.442399979,5.443999767,0
2079,5/4/2010,5.549200058,5.550000191,5.505599976,5.511600018,0
2080,5/5/2010,5.566899776,5.577000141,5.515100002,5.548699856,0
2081,5/6/2010,5.582600117,5.623799801,5.52850008,5.56619978,0
2082,5/7/2010,5.543900013,5.59829998,5.536799908,5.582900047,0
2083,5/10/2010,5.591400146,5.598400116,5.453400135,5.491000175,0
2084,5/11/2010,5.598999977,5.622700214,5.546599865,5.591199875,0
2085,5/12/2010,5.563600063,5.608200073,5.554900169,5.595300198,0
2086,5/13/2010,5.511899948,5.595200062,5.479899883,5.566100121,0
2087,5/14/2010,5.579800129,5.590499878,5.501999855,5.510900021,0
2088,5/17/2010,5.468900204,5.632500172,5.464799881,5.57490015,0
2089,5/18/2010,5.665100098,5.672299862,5.469299793,5.469500065,0
2090,5/19/2010,5.429100037,5.680300236,5.410600185,5.663300037,0
2091,5/20/2010,5.55880022,5.622499943,5.426000118,5.430500031,0
2092,5/21/2010,5.606500149,5.625999928,5.478700161,5.559000015,0
2093,5/24/2010,5.541399956,5.696400166,5.512800217,5.620600224,0
2094,5/25/2010,5.592199802,5.635499954,5.541399956,5.542900085,0
2095,5/26/2010,5.640600204,5.650300026,5.586100101,5.592000008,0
2096,5/27/2010,5.632599831,5.645800114,5.549499989,5.643700123,0
2097,5/28/2010,5.656499863,5.66079998,5.608799934,5.632900238,0
2098,5/31/2010,5.614600182,5.654200077,5.602600098,5.654200077,0
2099,6/1/2010,5.641300201,5.654900074,5.60529995,5.614900112,0
2100,6/2/2010,5.613100052,5.663099766,5.602499962,5.640399933,0
2101,6/3/2010,5.635900021,5.650000095,5.577799797,5.613100052,0
2102,6/4/2010,5.642300129,5.648099899,5.615399837,5.635200024,0
2103,6/7/2010,5.651100159,5.685299873,5.622099876,5.657400131,0
2104,6/8/2010,5.645199776,5.66809988,5.617899895,5.651599884,0
2105,6/9/2010,5.660399914,5.668900013,5.624400139,5.645699978,0
2106,6/10/2010,5.63560009,5.676300049,5.620299816,5.661200047,0
2107,6/11/2010,5.614699841,5.646500111,5.614699841,5.636700153,0
2108,6/14/2010,5.669400215,5.671899796,5.571400166,5.598599911,0
2109,6/15/2010,5.644800186,5.678299904,5.629799843,5.670000076,0
2110,6/16/2010,5.648300171,5.659999847,5.629700184,5.644800186,0
2111,6/17/2010,5.631899834,5.671500206,5.624100208,5.646399975,0
2112,6/18/2010,5.630099773,5.651000023,5.617499828,5.632199764,0
2113,6/21/2010,5.664700031,5.668700218,5.520199776,5.541800022,0
2114,6/22/2010,5.650800228,5.677299976,5.626999855,5.663799763,0
2115,6/23/2010,5.597099781,5.661499977,5.585800171,5.651299953,0
2116,6/24/2010,5.654900074,5.662000179,5.581699848,5.596899986,0
2117,6/25/2010,5.626900196,5.669499874,5.53910017,5.656799793,0
2118,6/28/2010,5.672699928,5.67539978,5.615399837,5.623700142,0
2119,6/29/2010,5.656400204,5.682799816,5.64260006,5.672999859,0
2120,6/30/2010,5.680399895,5.681399822,5.638999939,5.654300213,0
2121,7/1/2010,5.640799999,5.673299789,5.674399853,5.678999901,0
2122,7/2/2010,5.65719986,5.674200058,5.630899906,5.641699791,0
2123,7/5/2010,5.649099827,5.663000107,5.556099892,5.556099892,0
2124,7/6/2010,5.66629982,5.677499771,5.639900208,5.648200035,0
2125,7/7/2010,5.634300232,5.686200142,5.620800018,5.668300152,0
2126,7/8/2010,5.644899845,5.664599895,5.575200081,5.63409996,0
2127,7/9/2010,5.661699772,5.667500019,5.639800072,5.645199776,0
2128,7/12/2010,5.652200222,5.685599804,5.647900105,5.660200119,0
2129,7/13/2010,5.66079998,5.679999828,5.641200066,5.651800156,0
2130,7/14/2010,5.568600178,5.666999817,5.508999825,5.659900188,0
2131,7/15/2010,5.644499779,5.679999828,5.559800148,5.569200039,0
2132,7/16/2010,5.65320015,5.667300224,5.642300129,5.646999836,0
2133,7/19/2010,5.676799774,5.682499886,5.597099781,5.604700089,0
2134,7/20/2010,5.672399998,5.683000088,5.651000023,5.672699928,0
2135,7/21/2010,5.680500031,5.693399906,5.652599812,5.671700001,0
2136,7/22/2010,5.661600113,5.692299843,5.653800011,5.679999828,0
2137,7/23/2010,5.644499779,5.688199997,5.635700226,5.661600113,0
2138,7/26/2010,5.659200191,5.673099995,5.630099773,5.654799938,0
2139,7/27/2010,5.661099911,5.672999859,5.64989996,5.660999775,0
2140,7/28/2010,5.66989994,5.679599762,5.650599957,5.660999775,0
2141,7/29/2010,5.657299995,5.675300121,5.649300098,5.668399811,0
2142,7/30/2010,5.674699783,5.690000057,5.65500021,5.658100128,0
2143,8/2/2010,5.655600071,5.669000149,5.647999763,5.665400028,0
2144,8/3/2010,5.65929985,5.665200233,5.645400047,5.656099796,0
2145,8/4/2010,5.65929985,5.668399811,5.636300087,5.658599854,0
2146,8/5/2010,5.646500111,5.65899992,5.628399849,5.645500183,0
2147,8/6/2010,5.623700142,5.645299911,5.617800236,5.624300003,0
2148,8/9/2010,5.639200211,5.645999908,5.626999855,5.640299797,0
2149,8/10/2010,5.63710022,5.676199913,5.631599903,5.638899803,0
2150,8/11/2010,5.600599766,5.659999847,5.59980011,5.59980011,0
2151,8/12/2010,5.671299934,5.672999859,5.638800144,5.670100212,0
2152,8/13/2010,5.677700043,5.678599834,5.652299881,5.678599834,0
2153,8/16/2010,5.65530014,5.672200203,5.642099857,5.654699802,0
2154,8/17/2010,5.667699814,5.671000004,5.645199776,5.66809988,0
2155,8/18/2010,5.664800167,5.682499886,5.648700237,5.665200233,0
2156,8/19/2010,5.668700218,5.699299812,5.646500111,5.667600155,0
2157,8/20/2010,5.670100212,5.676499844,5.646900177,5.670599937,0
2158,8/23/2010,5.644100189,5.66629982,5.636799812,5.643499851,0
2159,8/24/2010,5.669099808,5.6729002,5.605899811,5.667900085,0
2160,8/25/2010,5.683199883,5.684500217,5.655900002,5.682300091,0
2161,8/26/2010,5.655399799,5.673500061,5.630199909,5.654799938,0
2162,8/27/2010,5.661399841,5.674300194,5.651299953,5.662799835,0
2163,8/30/2010,5.57159996,5.686699867,5.569499969,5.570300102,0
2164,8/31/2010,5.677499771,5.691899776,5.65929985,5.67840004,0
2165,9/1/2010,5.677599907,5.685900211,5.659200191,5.677599907,0
2166,9/2/2010,5.667699814,5.677499771,5.658800125,5.667099953,0
2167,9/3/2010,5.664899826,5.675499916,5.659100056,5.664899826,0
2168,9/6/2010,5.566100121,5.673999786,5.561100006,5.565700054,0
2169,9/7/2010,5.671299934,5.705200195,5.657000065,5.671299934,0
2170,9/8/2010,5.678800106,5.678599834,5.657299995,5.678299904,0
2171,9/9/2010,5.665500164,5.682300091,5.658100128,5.664400101,0
2172,9/10/2010,5.673399925,5.694399834,5.658699989,5.674900055,0
2173,9/13/2010,5.670499802,5.676000118,5.629300117,5.668499947,0
2174,9/14/2010,5.672299862,5.682499886,5.659900188,5.671899796,0
2175,9/15/2010,5.678800106,5.693099976,5.660299778,5.678599834,0
2176,9/16/2010,5.662499905,5.67840004,5.658299923,5.663799763,0
2177,9/17/2010,5.661499977,5.675000191,5.633699894,5.663899899,0
2178,9/20/2010,5.611999989,5.699999809,5.59469986,5.611899853,0
2179,9/21/2010,5.701700211,5.704400063,5.657400131,5.701499939,0
2180,9/22/2010,5.614799976,5.673500061,5.590799809,5.61590004,0
2181,9/23/2010,5.662899971,5.672800064,5.655600071,5.664800167,0
2182,9/24/2010,5.673699856,5.690000057,5.657800198,5.675000191,0
2183,9/27/2010,5.67110014,5.683400154,5.652500153,5.670000076,0
2184,9/28/2010,5.676400185,5.681099892,5.653299809,5.676400185,0
2185,9/29/2010,5.66629982,5.669499874,5.655099869,5.667099953,0
2186,9/30/2010,5.664000034,5.685900211,5.647600174,5.664000034,0
2187,10/1/2010,5.643099785,5.663499832,5.624899864,5.643099785,0
2188,10/4/2010,5.645299911,5.667600155,5.642799854,5.645800114,0
2189,10/5/2010,5.664800167,5.679100037,5.648700237,5.66410017,0
2190,10/6/2010,5.66050005,5.668000221,5.651199818,5.659900188,0
2191,10/7/2010,5.65530014,5.666699886,5.650000095,5.654900074,0
2192,10/8/2010,5.661600113,5.669799805,5.640999794,5.662199974,0
2193,10/11/2010,5.550000191,5.666399956,5.537899971,5.546599865,0
2194,10/12/2010,5.608200073,5.674399853,5.607600212,5.608399868,0
2195,10/13/2010,5.640999794,5.675300121,5.616399765,5.641799927,0
2196,10/14/2010,5.66079998,5.673600197,5.611000061,5.661099911,0
2197,10/15/2010,5.657000065,5.680900097,5.656400204,5.657999992,0
2198,10/18/2010,5.639900208,5.684999943,5.634900093,5.638400078,0
2199,10/19/2010,5.693999767,5.710499763,5.668799877,5.692800045,0
2200,10/20/2010,5.736599922,5.749700069,5.694300175,5.73390007,0
2201,10/21/2010,5.725599766,5.761199951,5.717000008,5.726099968,0
2202,10/22/2010,5.747000217,5.757699966,5.71570015,5.747799873,0
2203,10/25/2010,5.705699921,5.739900112,5.65719986,5.707499981,0
2204,10/26/2010,5.748700142,5.761499882,5.725699902,5.756100178,0
2205,10/27/2010,5.741099834,5.761600018,5.730100155,5.739900112,0
2206,10/28/2010,5.741099834,5.745600224,5.720900059,5.742300034,0
2207,10/29/2010,5.741099834,5.766300201,5.731299877,5.742300034,0
2208,11/1/2010,5.701700211,5.747799873,5.686299801,5.727300167,0
2209,11/2/2010,5.729199886,5.749800205,5.717000008,5.730100155,0
2210,11/3/2010,5.743599892,5.759699821,5.735199928,5.743899822,0
2211,11/4/2010,5.699200153,5.748000145,5.675499916,5.698200226,0
2212,11/5/2010,5.673099995,5.691299915,5.672999859,5.672999859,0
2213,11/8/2010,5.6729002,5.734000206,5.669000149,5.671700001,0
2214,11/9/2010,5.714300156,5.726799965,5.6875,5.716700077,0
2215,11/10/2010,5.753600121,5.766900063,5.705299854,5.754300117,0
2216,11/11/2010,5.6947999,5.724599838,5.677899837,5.697100163,0
2217,11/12/2010,5.725999832,5.73759985,5.70539999,5.72879982,0
2218,11/15/2010,5.71600008,5.731200218,5.650899887,5.717400074,0
2219,11/16/2010,5.731400013,5.736199856,5.697700024,5.730800152,0
2220,11/17/2010,5.723899841,5.731800079,5.707099915,5.723400116,0
2221,11/18/2010,5.715300083,5.721899986,5.69299984,5.717700005,0
2222,11/19/2010,5.69659996,5.722199917,5.684999943,5.695400238,0
2223,11/22/2010,5.677899837,5.721000195,5.666999817,5.677299976,0
2224,11/23/2010,5.721899986,5.75369978,5.706500053,5.72329998,0
2225,11/24/2010,5.719099998,5.740399837,5.704800129,5.718699932,0
2226,11/25/2010,5.728700161,5.750500202,5.727099895,5.730800152,0
2227,11/26/2010,5.728300095,5.757900238,5.723999977,5.727700233,0
2228,11/29/2010,5.73390007,5.758699894,5.730000019,5.735199928,0
2229,11/30/2010,5.740099907,5.765100002,5.71999979,5.740799904,0
2230,12/1/2010,5.769499779,5.776800156,5.741300106,5.76789999,0
2231,12/2/2010,5.756899834,5.771900177,5.74090004,5.760099888,0
2232,12/3/2010,5.7572999,5.769100189,5.741799831,5.756199837,0
2233,12/6/2010,5.733799934,5.767099857,5.731599808,5.735599995,0
2234,12/7/2010,5.737800121,5.753399849,5.709499836,5.736700058,0
2235,12/8/2010,5.785200119,5.801599979,5.740099907,5.782999992,0
2236,12/9/2010,5.747200012,5.760099888,5.716199875,5.747600079,0
2237,12/10/2010,5.729899883,5.759699821,5.717400074,5.730500221,0
2238,12/13/2010,5.766799927,5.773300171,5.751399994,5.766300201,0
2239,12/14/2010,5.760399818,5.770100117,5.748400211,5.760399818,0
2240,12/15/2010,5.766300201,5.795000076,5.74819994,5.767000198,0
2241,12/16/2010,5.797399998,5.804900169,5.751599789,5.798299789,0
2242,12/17/2010,5.742800236,5.770199776,5.706500053,5.741099834,0
2243,12/20/2010,5.732800007,5.784100056,5.725999832,5.733500004,0
2244,12/21/2010,5.768599987,5.779099941,5.735799789,5.768499851,0
2245,12/22/2010,5.789999962,5.789400101,5.761899948,5.789400101,0
2246,12/23/2010,5.754600048,5.777299881,5.743400097,5.75369978,0
2247,12/24/2010,5.75330019,5.77699995,5.687600136,5.75330019,0
2248,12/27/2010,5.71089983,5.777500153,5.682400227,5.710100174,0
2249,12/28/2010,5.752299786,5.77699995,5.723599911,5.751900196,0
2250,12/29/2010,5.785900116,5.78579998,5.759699821,5.785600185,0
2251,12/30/2010,5.751399994,5.775000095,5.735899925,5.752399921,0
2252,12/31/2010,5.751900196,5.757400036,5.677299976,5.752600193,0
2253,1/3/2011,5.728700161,5.774300098,5.727700233,5.727700233,0
2254,1/4/2011,5.775000095,5.789000034,5.749100208,5.773900032,0
2255,1/5/2011,5.748300076,5.774000168,5.745900154,5.745900154,0
2256,1/6/2011,5.762899876,5.774600029,5.751399994,5.76060009,0
2257,1/7/2011,5.784100056,5.782299995,5.754799843,5.781599998,0
2258,1/10/2011,5.781799793,5.784500122,5.755700111,5.781000137,0
2259,1/11/2011,5.754199982,5.77670002,5.744900227,5.755899906,0
2260,1/12/2011,5.677899837,5.778999805,5.662799835,5.676799774,0
2261,1/13/2011,5.728099823,5.769000053,5.724199772,5.727399826,0
2262,1/14/2011,5.768300056,5.779300213,5.754099846,5.768199921,0
2263,1/17/2011,5.677999973,5.79640007,5.679500103,5.679500103,0
2264,1/18/2011,5.793799877,5.806000233,5.766200066,5.79309988,0
2265,1/19/2011,5.794199944,5.793799877,5.748099804,5.793799877,0
2266,1/20/2011,5.789199829,5.798600197,5.765699863,5.787700176,0
2267,1/21/2011,5.709700108,5.778900146,5.667300224,5.711400032,0
2268,1/24/2011,5.655099869,5.788599968,5.653100014,5.654799938,0
2269,1/25/2011,5.791900158,5.79640007,5.774300098,5.790200233,0
2270,1/26/2011,5.761600018,5.803599834,5.754499912,5.759799957,0
2271,1/27/2011,5.787499905,5.826499939,5.786399841,5.788000107,0
2272,1/28/2011,5.80340004,5.828299999,5.795199871,5.803599834,0
2273,1/31/2011,5.833899975,5.83409977,5.813899994,5.833899975,0
2274,2/1/2011,5.822000027,5.828499794,5.806900024,5.821100235,0
2275,2/2/2011,5.806600094,5.828499794,5.793300152,5.808000088,0
2276,2/3/2011,5.806600094,5.828000069,5.807499886,5.807499886,0
2277,2/4/2011,5.833600044,5.834899902,5.813899994,5.834199905,0
2278,2/7/2011,5.769599915,5.925000191,5.748700142,5.768199921,0
2279,2/8/2011,5.82159996,5.9302001,5.799699783,5.822100163,0
2280,2/9/2011,5.8604002,5.866000175,5.835299969,5.862199783,0
2281,2/10/2011,5.831799984,5.86259985,5.828199863,5.831999779,0
2282,2/11/2011,5.857600212,5.878499985,5.837800026,5.856299877,0
2283,2/14/2011,5.844799995,5.849199772,5.828499794,5.844399929,0
2284,2/15/2011,5.835299969,5.849599838,5.814400196,5.83370018,0
2285,2/16/2011,5.841400146,5.849299908,5.823900223,5.842899799,0
2286,2/17/2011,5.82889986,5.849299908,5.815400124,5.828000069,0
2287,2/18/2011,5.83949995,5.852499962,5.833600044,5.840199947,0
2288,2/21/2011,5.82460022,5.861999989,5.825699806,5.825699806,0
2289,2/22/2011,5.855500221,5.905900002,5.843999863,5.855999947,0
2290,2/23/2011,5.845499992,5.858099937,5.823299885,5.845600128,0
2291,2/24/2011,5.853700161,5.875199795,5.843299866,5.854899883,0
2292,2/25/2011,5.854300022,5.874800205,5.84679985,5.853199959,0
2293,2/28/2011,5.869599819,5.879399776,5.850800037,5.86920023,0
2294,3/1/2011,5.863800049,5.880599976,5.860599995,5.862299919,0
2295,3/2/2011,5.895199776,5.907000065,5.8677001,5.896900177,0
2296,3/3/2011,5.881999969,5.889400005,5.87169981,5.881999969,0
2297,3/4/2011,5.877500057,5.887800217,5.874000072,5.878399849,0
2298,3/7/2011,5.875999928,5.891200066,5.874400139,5.87650013,0
2299,3/8/2011,5.889800072,5.899499893,5.878900051,5.890299797,0
2300,3/9/2011,5.893300056,5.902100086,5.884600163,5.894199848,0
2301,3/10/2011,5.90170002,5.918399811,5.8895998,5.900499821,0
2302,3/11/2011,5.905200005,5.905600071,5.889200211,5.904699802,0
2303,3/14/2011,5.858399868,5.919099808,5.855199814,5.861299992,0
2304,3/15/2011,5.91410017,5.95359993,5.900100231,5.914899826,0
2305,3/16/2011,5.908800125,5.91989994,5.902599812,5.909699917,0
2306,3/17/2011,5.930799961,5.933199883,5.902999878,5.930300236,0
2307,3/18/2011,5.905499935,5.926799774,5.882999897,5.919000149,0
2308,3/21/2011,5.913199902,5.925899982,5.907899857,5.913000107,0
2309,3/22/2011,5.906199932,5.953999996,5.894299984,5.904399872,0
2310,3/23/2011,5.945099831,5.950900078,5.916600227,5.943699837,0
2311,3/24/2011,5.947400093,5.96750021,5.925899982,5.948200226,0
2312,3/25/2011,5.939400196,5.942399979,5.925600052,5.93930006,0
2313,3/28/2011,5.901599884,5.942699909,5.883399963,5.90199995,0
2314,3/29/2011,5.941299915,5.945700169,5.923399925,5.942399979,0
2315,3/30/2011,5.923500061,5.962299824,5.91590023,5.923399925,0
2316,3/31/2011,5.937900066,5.958099842,5.920400143,5.937099934,0
2317,4/1/2011,5.956399918,5.95870018,5.851900101,5.956399918,0
2318,4/4/2011,5.938099861,5.942599773,5.920300007,5.938899994,0
2319,4/5/2011,5.934800148,5.948200226,5.850900173,5.935400009,0
2320,4/6/2011,5.936399937,5.953700066,5.913499832,5.936200142,0
2321,4/7/2011,5.949299812,5.972000122,5.85559988,5.950300217,0
2322,4/8/2011,5.937600136,5.954500198,5.896500111,5.937699795,0
2323,4/11/2011,5.839099884,5.956699848,5.830800056,5.840099812,0
2324,4/12/2011,5.958499908,5.982299805,5.940499783,5.959599972,0
2325,4/13/2011,5.941999912,5.958000183,5.933899879,5.942599773,0
2326,4/14/2011,5.964300156,5.977799892,5.935500145,5.963900089,0
2327,4/18/2011,5.954800129,5.980500221,5.927899837,5.95389986,0
2328,4/19/2011,5.933899879,5.948200226,5.926400185,5.935599804,0
2329,4/20/2011,5.929299831,5.943999767,5.899099827,5.92840004,0
2330,4/21/2011,5.937200069,5.945000172,5.895199776,5.938199997,0
2331,4/22/2011,5.947500229,5.95510006,5.933700085,5.948800087,0
2332,4/25/2011,5.946700096,5.958799839,5.919000149,5.946700096,0
2333,4/26/2011,5.938300133,5.971099854,5.848899841,5.93419981,0
2334,4/27/2011,5.907299995,5.938600063,5.897200108,5.906499863,0
2335,4/28/2011,5.882900238,5.936500072,5.844200134,5.883299828,0
2336,4/29/2011,5.908199787,5.936399937,5.905200005,5.908299923,0
2337,5/2/2011,5.942500114,5.95179987,5.914500237,5.937600136,0
2338,5/3/2011,5.953999996,5.973999977,5.922800064,5.95359993,0
2339,5/4/2011,5.951300144,5.97329998,5.922999859,5.951499939,0
2340,5/5/2011,5.948999882,5.956399918,5.919000149,5.947999954,0
2341,5/6/2011,5.941500187,5.945000172,5.919300079,5.942699909,0
2342,5/9/2011,5.986400127,5.989299774,5.89260006,5.989299774,0
2343,5/10/2011,5.886000156,5.929900169,5.886199951,5.886199951,0
2344,5/11/2011,5.900100231,5.929299831,5.894299984,5.897200108,0
2345,5/12/2011,5.9447999,5.952000141,5.911499977,5.944200039,0
2346,5/13/2011,5.91590023,5.936999798,5.90500021,5.916800022,0
2347,5/16/2011,5.945300102,5.956099987,5.913400173,5.945799828,0
2348,5/17/2011,5.950699806,5.962200165,5.915500164,5.950699806,0
2349,5/18/2011,5.817699909,5.941299915,5.810800076,5.818699837,0
2350,5/19/2011,5.93930006,5.943900108,5.919000149,5.93930006,0
2351,5/20/2011,5.914899826,5.945499897,5.907299995,5.914899826,0
2352,5/23/2011,5.966499805,5.984799862,5.840300083,5.964399815,0
2353,5/24/2011,5.9229002,5.947599888,5.905700207,5.923900127,0
2354,5/25/2011,5.942500114,5.977200031,5.926499844,5.943099976,0
2355,5/26/2011,5.947500229,5.954299927,5.907999992,5.947999954,0
2356,5/27/2011,5.921199799,5.946499825,5.864500046,5.9229002,0
2357,5/30/2011,5.93380022,5.948900223,5.840400219,5.934999943,0
2358,5/31/2011,5.909800053,5.937699795,5.874000072,5.908299923,0
2359,6/1/2011,5.905700207,5.933000088,5.899099827,5.904900074,0
2360,6/2/2011,5.961299896,5.967299938,5.915100098,5.960299969,0
2361,6/3/2011,5.902299881,5.931200027,5.82889986,5.903299809,0
2362,6/6/2011,5.904900074,5.931000233,5.774600029,5.904099941,0
2363,6/7/2011,5.935299873,5.941999912,5.833899975,5.933499813,0
2364,6/8/2011,5.919700146,5.935900211,5.917900085,5.920300007,0
2365,6/9/2011,5.920800209,5.933700085,5.901899815,5.92140007,0
2366,6/10/2011,5.930600166,5.951000214,5.916800022,5.933100224,0
2367,6/13/2011,5.891900063,5.937900066,5.882100105,5.892199993,0
2368,6/14/2011,5.908699989,5.933700085,5.897099972,5.908899784,0
2369,6/15/2011,5.937799931,5.964099884,5.918499947,5.938099861,0
2370,6/16/2011,5.939700127,5.978199959,5.919499874,5.942200184,0
2371,6/17/2011,5.910999775,5.940499783,5.901400089,5.911399841,0
2372,6/20/2011,5.939199924,5.967199802,5.86439991,5.939199924,0
2373,6/21/2011,5.924300194,5.936699867,5.904900074,5.924900055,0
2374,6/22/2011,5.941400051,5.953700066,5.924499989,5.937799931,0
2375,6/23/2011,5.979000092,5.99119997,5.930300236,5.979300022,0
2376,6/24/2011,5.902900219,5.950399876,5.900000095,5.901100159,0
2377,6/27/2011,5.869400024,5.965000153,5.867199898,5.868000031,0
2378,6/28/2011,5.817599773,5.956299782,5.81400013,5.816599846,0
2379,6/29/2011,5.950600147,5.96269989,5.941800117,5.950099945,0
2380,6/30/2011,5.930500031,5.959799767,5.915100098,5.931399822,0
2381,7/1/2011,5.857500076,5.958300114,5.84469986,5.857600212,0
2382,7/4/2011,5.936100006,5.948900223,5.922500134,5.93599987,0
2383,7/5/2011,5.925199986,5.957799911,5.923500061,5.924300194,0
2384,7/6/2011,5.960999966,5.960199833,5.932400227,5.959799767,0
2385,7/7/2011,5.941299915,5.947700024,5.932199955,5.940100193,0
2386,7/8/2011,5.93419981,5.947500229,5.927199841,5.934999943,0
2387,7/11/2011,5.95870018,5.966499805,5.880099773,5.95870018,0
2388,7/12/2011,5.929599762,5.973599911,5.925000191,5.927299976,0
2389,7/13/2011,5.952400208,5.957600117,5.925700188,5.955699921,0
2390,7/14/2011,5.913700104,5.950799942,5.895100117,5.917600155,0
2391,7/15/2011,5.945400238,5.948500156,5.927800179,5.945199966,0
2392,7/18/2011,5.948800087,5.977300167,5.929299831,5.947500229,0
2393,7/19/2011,5.909999847,5.950200081,5.900000095,5.910699844,0
2394,7/20/2011,5.9375,5.953700066,5.909200191,5.936399937,0
2395,7/21/2011,5.921899796,5.95389986,5.835700035,5.921899796,0
2396,7/22/2011,5.920899868,5.95179987,5.921999931,5.921999931,0
2397,7/25/2011,5.864799976,5.951700211,5.859499931,5.866000175,0
2398,7/26/2011,5.939499855,5.950200081,5.887000084,5.939899921,0
2399,7/27/2011,5.936600208,5.947000027,5.925199986,5.937300205,0
2400,7/28/2011,5.940199852,5.956399918,5.932799816,5.939799786,0
2401,7/29/2011,5.928800106,5.952300072,5.918700218,5.930099964,0
2402,8/1/2011,5.952000141,5.955699921,5.930699825,5.948999882,0
2403,8/2/2011,5.916100025,5.942800045,5.831799984,5.911099911,0
2404,8/3/2011,5.856900215,5.944499969,5.836500168,5.855500221,0
2405,8/4/2011,5.83769989,5.94299984,5.829500198,5.837500095,0
2406,8/5/2011,5.970699787,5.974699974,5.849100113,5.972000122,0
2407,8/8/2011,5.874499798,5.951600075,5.761899948,5.87169981,0
2408,8/9/2011,5.970799923,5.979499817,5.93569994,5.96999979,0
2409,8/10/2011,5.881700039,5.949100018,5.882999897,5.882999897,0
2410,8/11/2011,5.972300053,5.972700119,5.921700001,5.972700119,0
2411,8/12/2011,5.94990015,5.970600128,5.93380022,5.949200153,0
2412,8/15/2011,5.840000153,5.96089983,5.801499844,5.839900017,0
2413,8/16/2011,5.953700066,5.974100113,5.823699951,5.954400063,0
2414,8/17/2011,5.851099968,5.969399929,5.833099842,5.851099968,0
2415,8/18/2011,5.877099991,5.961599827,5.874899864,5.877099991,0
2416,8/19/2011,5.947800159,5.964700222,5.942200184,5.949699879,0
2417,8/22/2011,5.843100071,5.969500065,5.83190012,5.843299866,0
2418,8/23/2011,5.971099854,5.97329998,5.954400063,5.971199989,0
2419,8/24/2011,5.95870018,5.978000164,5.934899807,5.958899975,0
2420,8/25/2011,5.935100079,5.950200081,5.933700085,5.936500072,0
2421,8/26/2011,5.942500114,5.949100018,5.920199871,5.943500042,0
2422,8/29/2011,5.932300091,5.946199894,5.812200069,5.931000233,0
2423,8/30/2011,5.931900024,5.943900108,5.928500175,5.931600094,0
2424,8/31/2011,5.940499783,5.946700096,5.841499805,5.94080019,0
2425,9/1/2011,5.949800014,5.957499981,5.92840004,5.949800014,0
2426,9/2/2011,5.941100121,5.954800129,5.927999973,5.940100193,0
2427,9/5/2011,5.959000111,5.96750021,5.933199883,5.959000111,0
2428,9/6/2011,5.960000038,5.968299866,5.934899807,5.959400177,0
2429,9/7/2011,5.941400051,5.96600008,5.906400204,5.94119978,0
2430,9/8/2011,5.950500011,5.96999979,5.950500011,5.951099873,0
2431,9/9/2011,5.982500076,5.98939991,5.95389986,5.982699871,0
2432,9/12/2011,5.99119997,6.032800198,5.925300121,5.989699841,0
2433,9/13/2011,5.923399925,5.941400051,5.909900188,5.924499989,0
2434,9/14/2011,5.931399822,5.964099884,5.923299789,5.933100224,0
2435,9/15/2011,5.924200058,5.94630003,5.919000149,5.923600197,0
2436,9/16/2011,5.934899807,5.948599815,5.930600166,5.936399937,0
2437,9/19/2011,5.972799778,5.99630022,5.931399822,5.972799778,0
2438,9/20/2011,5.959899902,5.96420002,5.93569994,5.96239996,0
2439,9/21/2011,5.947100163,5.954199791,5.934500217,5.947500229,0
2440,9/22/2011,6.007100105,6.031000137,5.940000057,6.007699966,0
2441,9/23/2011,5.938600063,5.962200165,5.902100086,5.938000202,0
2442,9/26/2011,5.939799786,6.007999897,5.936500072,5.940700054,0
2443,9/27/2011,5.940100193,5.959400177,5.918900013,5.939899921,0
2444,9/28/2011,5.955999851,5.972199917,5.939599991,5.954800129,0
2445,9/29/2011,5.983200073,5.988999844,5.938300133,5.979700089,0
2446,9/30/2011,5.970300198,5.997700214,5.939599991,5.971700191,0
2447,10/3/2011,5.981900215,6.002200127,5.933599949,5.981999874,0
2448,10/4/2011,5.977200031,5.984399796,5.932199955,5.976699829,0
2449,10/5/2011,5.922800064,5.957600117,5.922500134,5.923500061,0
2450,10/6/2011,5.942800045,5.954299927,5.850399971,5.942500114,0
2451,10/7/2011,5.931900024,5.952899933,5.928199768,5.93170023,0
2452,10/10/2011,6.002699852,6.004700184,5.936600208,6.002399921,0
2453,10/11/2011,5.965600014,5.972799778,5.942100048,5.966400146,0
2454,10/12/2011,5.957499981,5.983699799,5.938000202,5.957600117,0
2455,10/13/2011,5.955800056,5.96600008,5.941699982,5.95720005,0
2456,10/14/2011,5.95389986,5.959400177,5.931000233,5.952199936,0
2457,10/17/2011,5.825300217,5.989600182,5.811200142,5.825300217,0
2458,10/18/2011,5.964799881,5.96600008,5.945700169,5.96449995,0
2459,10/19/2011,5.948999882,5.966599941,5.909399986,5.948800087,0
2460,10/20/2011,5.967199802,5.998600006,5.949800014,5.967400074,0
2461,10/21/2011,5.91050005,5.965400219,5.898900032,5.910200119,0
2462,10/24/2011,5.971899986,5.978300095,5.943399906,5.971899986,0
2463,10/25/2011,5.958799839,5.973499775,5.94329977,5.959000111,0
2464,10/26/2011,5.950099945,5.960499763,5.937200069,5.950900078,0
2465,10/27/2011,5.936900139,5.95870018,5.884600163,5.938600063,0
2466,10/28/2011,5.952499866,5.95870018,5.941299915,5.953100204,0
2467,10/31/2011,5.967599869,6.035699844,5.943500042,5.966700077,0
2468,11/1/2011,5.980999947,6.045899868,5.943699837,5.980100155,0
2469,11/2/2011,5.967299938,5.964700222,5.925000191,5.964700222,0
2470,11/3/2011,5.977300167,5.986199856,5.942900181,5.977000237,0
2471,11/4/2011,5.933899879,5.959300041,5.931099892,5.933700085,0
2472,11/7/2011,5.932700157,5.958300114,5.924799919,5.92869997,0
2473,11/8/2011,5.944300175,5.957900047,5.938300133,5.945400238,0
2474,11/9/2011,5.93569994,5.958499908,5.922100067,5.935599804,0
2475,11/10/2011,5.984700203,5.990699768,5.943999767,5.98210001,0
2476,11/11/2011,5.956200123,5.968800068,5.939799786,5.954999924,0
2477,11/14/2011,5.951399803,5.970399857,5.948400021,5.950699806,0
2478,11/15/2011,5.959300041,5.979000092,5.952799797,5.959300041,0
2479,11/16/2011,5.968500137,6.001200199,5.953800201,5.968400002,0
2480,11/17/2011,5.988800049,5.995900154,5.954699993,5.988800049,0
2481,11/18/2011,5.991399765,5.994699955,5.957499981,5.992599964,0
2482,11/21/2011,5.901899815,5.979400158,5.897399902,5.899000168,0
2483,11/22/2011,5.985199928,5.991000175,5.962600231,5.985000134,0
2484,11/23/2011,5.963799953,5.995900154,5.95909977,5.965499878,0
2485,11/24/2011,5.983399868,5.991300106,5.967599869,5.9854002,0
2486,11/25/2011,5.982800007,5.996799946,5.976399899,5.983500004,0
2487,11/28/2011,5.955200195,5.991700172,5.945000172,5.95510006,0
2488,11/29/2011,5.915699959,5.995699883,5.890200138,5.919799805,0
2489,11/30/2011,5.992899895,6.006599903,5.972899914,5.992499828,0
2490,12/1/2011,5.991899967,5.996900082,5.97840023,5.991300106,0
2491,12/2/2011,5.995399952,6.003099918,5.978099823,5.995600224,0
2492,12/5/2011,5.973499775,5.991499901,5.970900059,5.973100185,0
2493,12/6/2011,6.01210022,6.022999763,5.979700089,6.013999939,0
2494,12/7/2011,5.984899998,5.998400211,5.971300125,5.985899925,0
2495,12/8/2011,5.984899998,6.006100178,5.979000092,5.985000134,0
2496,12/9/2011,5.982699871,6.004399776,5.972199917,5.982800007,0
2497,12/12/2011,5.918499947,6.01060009,5.915800095,5.918600082,0
2498,12/13/2011,5.947999954,6.018199921,5.931200027,5.951600075,0
2499,12/14/2011,6.039800167,6.039199829,5.993599892,6.039199829,0
2500,12/15/2011,5.995399952,6.009900093,5.990099907,5.993400097,0
2501,12/16/2011,5.996099949,6.009699821,5.899700165,5.996200085,0
2502,12/19/2011,5.99849987,6.023300171,5.997200012,5.998799801,0
2503,12/20/2011,6.008699894,6.013199806,5.990399837,6.008500099,0
2504,12/21/2011,5.996200085,6.018599987,5.978000164,5.996600151,0
2505,12/22/2011,6.008299828,6.019899845,5.981800079,6.008200169,0
2506,12/23/2011,5.996500015,6.008100033,5.979800224,5.997200012,0
2507,12/26/2011,5.993500233,5.993500233,5.974899769,5.993500233,0
2508,12/27/2011,5.990699768,6.01240015,5.90719986,5.987800121,0
2509,12/28/2011,5.909900188,6.019000053,5.907299995,5.91050005,0
2510,12/29/2011,6.013700008,6.028999805,6.004799843,6.014200211,0
2511,12/30/2011,6.009500027,6.021699905,6.004199982,6.010700226,0
2512,1/2/2012,6.022099972,6.03910017,5.916200161,6.022099972,0
2513,1/3/2012,6.008699894,6.020299911,5.890600204,6.009200096,0
2514,1/4/2012,6.015900135,6.029099941,6.006000042,6.014999866,0
2515,1/5/2012,6.016200066,6.027100086,6.006299973,6.015999794,0
2516,1/6/2012,6.016499996,6.030200005,6.007800102,6.016699791,0
2517,1/9/2012,6.035299778,6.035399914,6.008900166,6.035399914,0
2518,1/10/2012,6.003499985,6.025599957,5.992300034,6.00369978,0
2519,1/11/2012,6.030399799,6.038899899,6.009900093,6.029399872,0
2520,1/12/2012,5.995399952,6.026400089,5.915699959,5.995200157,0
2521,1/13/2012,6.016699791,6.028600216,5.990300179,6.016499996,0
2522,1/16/2012,6.040699959,6.048999786,6.01060009,6.038300037,0
2523,1/17/2012,6.024000168,6.029500008,5.990699768,6.023799896,0
2524,1/18/2012,6.024799824,6.029300213,6.004799843,6.02339983,0
2525,1/19/2012,5.996799946,6.029699802,5.990699768,5.996399879,0
2526,1/20/2012,6.008999825,6.028900146,6.001299858,6.010099888,0
2527,1/23/2012,5.931799889,6.029399872,5.923799992,5.929599762,0
2528,1/24/2012,6.027100086,6.043799877,6.011700153,6.026199818,0
2529,1/25/2012,6.000400066,6.028900146,5.99669981,6.000999928,0
2530,1/26/2012,5.963500023,6.027100086,5.951600075,5.961900234,0
2531,1/27/2012,6.043900013,6.052199841,6.008100033,6.046000004,0
2532,1/30/2012,5.889500141,6.018099785,5.888299942,5.888800144,0
2533,1/31/2012,5.999599934,6.018700123,5.911600113,5.999700069,0
2534,2/1/2012,5.996600151,6.018700123,5.911600113,5.999700069,0
2535,2/2/2012,6.023200035,6.025499821,6.00369978,6.021999836,0
2536,2/3/2012,6.027599812,6.037700176,6.006000042,6.028399944,0
2537,2/6/2012,6.005199909,6.036600113,6.003499985,6.005000114,0
2538,2/7/2012,6.018799782,6.020199776,6.004300117,6.019299984,0
2539,2/8/2012,6.016799927,6.023200035,6.005000114,6.017099857,0
2540,2/9/2012,6.018000126,6.023700237,6.006299973,6.017799854,0
2541,2/10/2012,6.020299911,6.031700134,6.007599831,6.020899773,0
2542,2/13/2012,5.923799992,6.025300026,5.913599968,5.922500134,0
2543,2/14/2012,6.015600204,6.024099827,6.007199764,6.015600204,0
2544,2/15/2012,6.009799957,6.024300098,6.007400036,6.011899948,0
2545,2/16/2012,6.016200066,6.025400162,5.920199871,6.017499924,0
2546,2/17/2012,6.024499893,6.026400089,6.012199879,6.023799896,0
2547,2/20/2012,5.884799957,6.025899887,5.885499954,5.885499954,0
2548,2/21/2012,6.019800186,6.027100086,5.991700172,6.017700195,0
2549,2/22/2012,6.018599987,6.025400162,5.913199902,6.01789999,0
2550,2/23/2012,6.014100075,6.024099827,6.009699821,6.01429987,0
2551,2/24/2012,6.013599873,6.024799824,6.010300159,6.012499809,0
2552,2/27/2012,6.007400036,6.025100231,6.008699894,6.008699894,0
2553,2/28/2012,6.016900063,6.024000168,6.006899834,6.016499996,0
2554,2/29/2012,6.00909996,6.021299839,6.005599976,6.008999825,0
2555,3/1/2012,6.013899803,6.019599915,6.004000187,6.013299942,0
2556,3/2/2012,6.0072999,6.019199848,6.00369978,6.005400181,0
2557,3/5/2012,6.022299767,6.021999836,6.003200054,6.02159977,0
2558,3/6/2012,6.008399963,6.02159977,6.006000042,6.00909996,0
2559,3/7/2012,6.009799957,6.025899887,5.995699883,6.009300232,0
2560,3/8/2012,6.022099972,6.02339983,6.004199982,6.021699905,0
2561,3/9/2012,6.015999794,6.020500183,5.916999817,6.016499996,0
2562,3/12/2012,6.008900166,6.028100014,6.0072999,6.00909996,0
2563,3/13/2012,6.009600163,6.021800041,6.006199837,6.010499954,0
2564,3/14/2012,6.012499809,6.022999763,6.002900124,6.012499809,0
2565,3/15/2012,6.013800144,6.022900105,6.0072999,6.015100002,0
2566,3/16/2012,6.019499779,6.021800041,6.007199764,6.019000053,0
2567,3/19/2012,6.011199951,6.02159977,6.006499767,6.010700226,0
2568,3/20/2012,6.020100117,6.023700237,6.006000042,6.020100117,0
2569,3/21/2012,6.009300232,6.024099827,6.010099888,6.012499809,0
2570,3/22/2012,6.012300014,6.026500225,5.916500092,6.012700081,0
2571,3/23/2012,6.010799885,6.02489996,6.008500099,6.011600018,0
2572,3/26/2012,5.897200108,6.02670002,5.897500038,5.897500038,0
2573,3/27/2012,6.01639986,6.026100159,6.008500099,6.01639986,0
2574,3/28/2012,6.01940012,6.027699947,6.011799812,6.019199848,0
2575,3/29/2012,6.023300171,6.027999878,6.013100147,6.023200035,0
2576,3/30/2012,6.020699978,6.028900146,6.012300014,6.019800186,0
2577,4/2/2012,6.012800217,6.02850008,6.012000084,6.012599945,0
2578,4/3/2012,6.0145998,6.028100014,6.011700153,6.015500069,0
2579,4/4/2012,6.022200108,6.040500164,6.011700153,6.023099899,0
2580,4/5/2012,6.018799782,6.028900146,6.009799957,6.018300056,0
2581,4/6/2012,6.020800114,6.024700165,6.000599861,6.020599842,0
2582,4/9/2012,5.914899826,5.937399864,5.915200233,5.915599823,0
2583,4/10/2012,5.90320015,6.025100231,5.888400078,5.903999805,0
2584,4/11/2012,6.020699978,6.028399944,6.008900166,6.02120018,0
2585,4/12/2012,6.013800144,6.027900219,6.010900021,6.013599873,0
2586,4/13/2012,6.018499851,6.026899815,6.013100147,6.01789999,0
2587,4/16/2012,5.980100155,6.027100086,5.976900101,5.98029995,0
2588,4/17/2012,6.02120018,6.029099941,6.008500099,6.02159977,0
2589,4/18/2012,6.019499779,6.033899784,6.010099888,6.018300056,0
2590,4/19/2012,6.027900219,6.035399914,6.017199993,6.028399944,0
2591,4/20/2012,6.024000168,6.034999847,6.019999981,6.024099827,0
2592,4/23/2012,6.03030014,6.041100025,6.017499924,6.030700207,0
2593,4/24/2012,6.022699833,6.034800053,6.019100189,6.024099827,0
2594,4/25/2012,6.028299809,6.034500122,6.018300056,6.028299809,0
2595,4/26/2012,6.024799824,6.035399914,6.019800186,6.02519989,0
2596,4/27/2012,5.940299988,6.036699772,5.930399895,5.939099789,0
2597,4/30/2012,6.036300182,6.040100098,5.917500019,6.036699772,0
2598,5/1/2012,6.023499966,6.037399769,6.004300117,6.023300171,0
2599,5/2/2012,6.023600101,6.035900116,6.019999981,6.022900105,0
2600,5/3/2012,6.027100086,6.033299923,6.018199921,6.026500225,0
2601,5/4/2012,6.021999836,6.033400059,5.927700043,6.022099972,0
2602,5/7/2012,6.004399776,6.033100128,5.994100094,6.007900238,0
2603,5/8/2012,6.019299984,6.02699995,6.008699894,6.01970005,0
2604,5/9/2012,6.018400192,6.025499821,6.008600235,6.018300056,0
2605,5/10/2012,6.018599987,6.02699995,6.009500027,6.018700123,0
2606,5/11/2012,6.020599842,6.024400234,6.009500027,6.020999908,0
2607,5/14/2012,6.014800072,6.023900032,5.918700218,6.014699936,0
2608,5/15/2012,6.0072999,6.023900032,6.004399776,6.007599831,0
2609,5/16/2012,6.012000084,6.028999805,6.008500099,6.012000084,0
2610,5/17/2012,6.013500214,6.034399986,6.010000229,6.013100147,0
2611,5/18/2012,6.02519989,6.034900188,5.921000004,6.024300098,0
2612,5/21/2012,6.027200222,6.03550005,5.888400078,6.027200222,0
2613,5/22/2012,6.027800083,6.036600113,6.010000229,6.027200222,0
2614,5/23/2012,6.020100117,6.02820015,6.010000229,6.020100117,0
2615,5/24/2012,6.020999908,6.030200005,5.914599895,6.019299984,0
2616,5/25/2012,6.01760006,6.025400162,6.009300232,6.017399788,0
2617,5/28/2012,5.921800137,5.947000027,5.897600174,5.921800137,0
2618,5/29/2012,6.013599873,6.031799793,6.007199764,6.015500069,0
2619,5/30/2012,6.026299953,6.033500195,6.014999866,6.026400089,0
2620,5/31/2012,6.019199848,6.032000065,6.012899876,6.018499851,0
2621,6/1/2012,6.016200066,6.028100014,5.91590023,6.015200138,0
2622,6/4/2012,5.883699894,6.033800125,5.873600006,5.883900166,0
2623,6/5/2012,6.010399818,6.03000021,6.01240015,6.01789999,0
2624,6/6/2012,6.017199993,6.030700207,6.008200169,6.017199993,0
2625,6/7/2012,6.019499779,6.024799824,6.006999969,6.018599987,0
2626,6/8/2012,6.016699791,6.024499893,6.007999897,6.01760006,0
2627,6/11/2012,5.827600002,6.027400017,5.826700211,5.827899933,0
2628,6/12/2012,6.015200138,6.029099941,6.012000084,6.014900208,0
2629,6/13/2012,6.020299911,6.032100201,6.011400223,6.021100044,0
2630,6/14/2012,6.024099827,6.03579998,6.017000198,6.023300171,0
2631,6/15/2012,6.031099796,6.034699917,5.92320013,6.03219986,0
2632,6/18/2012,5.885900021,6.034599781,5.875199795,5.885900021,0
2633,6/19/2012,6.026299953,6.036499977,6.018099785,6.026400089,0
2634,6/20/2012,6.03030014,6.040500164,6.019999981,6.030099869,0
2635,6/21/2012,6.03249979,6.043399811,6.019999981,6.032700062,0
2636,6/22/2012,6.031599998,6.039899826,6.019999981,6.032800198,0
2637,6/25/2012,6.044300079,6.051300049,5.940899849,6.044300079,0
2638,6/26/2012,6.039899826,6.0479002,6.019999981,6.040400028,0
2639,6/27/2012,6.03910017,6.047699928,6.019999981,6.039700031,0
2640,6/28/2012,6.041600227,6.048099995,6.019999981,6.040999889,0
2641,6/29/2012,6.039500237,6.047399998,6.024000168,6.038300037,0
2642,7/2/2012,5.903600216,6.045700073,5.904099941,5.904099941,0
2643,7/3/2012,6.03579998,6.043000221,6.027299881,6.036499977,0
2644,7/4/2012,6.035099983,6.045499802,6.029300213,6.034900188,0
2645,7/5/2012,6.040599823,6.045000076,6.02820015,6.040800095,0
2646,7/6/2012,6.038199902,6.048600197,6.026100159,6.036499977,0
2647,7/9/2012,5.987299919,6.046000004,5.921999931,5.987199783,0
2648,7/10/2012,6.03910017,6.049099922,6.031400204,6.039599895,0
2649,7/11/2012,6.039999962,6.047100067,6.03000021,6.039500237,0
2650,7/12/2012,6.039000034,6.05189991,6.03249979,6.039000034,0
2651,7/13/2012,6.039800167,6.050899982,6.034999847,6.041399956,0
2652,7/16/2012,5.91989994,6.050799847,5.920000076,5.920000076,0
2653,7/17/2012,6.045700073,6.050199986,6.03550005,6.04489994,0
2654,7/18/2012,6.044799805,6.055099964,6.03249979,6.044499874,0
2655,7/19/2012,6.047200203,6.054900169,6.03550005,6.047599792,0
2656,7/20/2012,6.044300079,6.055699825,6.034999847,6.044099808,0
2657,7/23/2012,5.996600151,6.052599907,5.93930006,5.995500088,0
2658,7/24/2012,6.041500092,6.054100037,6.036300182,6.041500092,0
2659,7/25/2012,6.047699928,6.053500175,6.036699772,6.048099995,0
2660,7/26/2012,6.042099953,6.054200172,6.038000107,6.043900013,0
2661,7/27/2012,6.047399998,6.053599834,6.036099911,6.046199799,0
2662,7/30/2012,5.948400021,6.058700085,5.947100163,5.947100163,0
2663,7/31/2012,6.052599907,6.062600136,6.042500019,6.052000046,0
2664,8/1/2012,6.054299831,6.061100006,6.039999962,6.054299831,0
2665,8/2/2012,6.05340004,6.067699909,6.047599792,6.054299831,0
2666,8/3/2012,6.057899952,6.068099976,6.039999962,6.057700157,0
2667,8/6/2012,5.890799999,6.065000057,5.8895998,5.8895998,0
2668,8/7/2012,6.057199955,6.065000057,6.039999962,6.057099819,0
2669,8/8/2012,6.060299873,6.067699909,6.039999962,6.060500145,0
2670,8/9/2012,6.059999943,6.07130003,6.039999962,6.060500145,0
2671,8/10/2012,6.063099861,6.070600033,6.039999962,6.063399792,0
2672,8/13/2012,5.956299782,6.065700054,5.945000172,5.957600117,0
2673,8/14/2012,6.056600094,6.059599876,6.039999962,6.056600094,0
2674,8/15/2012,6.047299862,6.063099861,6.039899826,6.047599792,0
2675,8/16/2012,6.057199955,6.066400051,6.039999962,6.057199955,0
2676,8/17/2012,6.053100109,6.059999943,6.046500206,6.054100037,0
2677,8/20/2012,5.966199875,6.061299801,5.962999821,5.967400074,0
2678,8/21/2012,6.055099964,6.069099903,6.039599895,6.054999828,0
2679,8/22/2012,6.063000202,6.08190012,6.054699898,6.057899952,0
2680,8/23/2012,6.034599781,6.076600075,6.016600132,6.03399992,0
2681,8/24/2012,6.064799786,6.073400021,6.059000015,6.066599846,0
2682,8/27/2012,5.975299835,6.08010006,5.971399784,5.976200104,0
2683,8/28/2012,6.071899891,6.078499794,6.056099892,6.07310009,0
2684,8/29/2012,6.064700127,6.083099842,6.06099987,6.064400196,0
2685,8/30/2012,6.076900005,6.088699818,6.069200039,6.075900078,0
2686,8/31/2012,6.081799984,6.08949995,6.010799885,6.081999779,0
2687,9/3/2012,5.986199856,6.08739996,5.982500076,5.986800194,0
2688,9/4/2012,6.080200195,6.092899799,6.074500084,6.079800129,0
2689,9/5/2012,6.086599827,6.09100008,6.067599773,6.088600159,0
2690,9/6/2012,6.076900005,6.082099915,6.06430006,6.076900005,0
2691,9/7/2012,6.072700024,6.082600117,6.066699982,6.074299812,0
2692,9/10/2012,6.085800171,6.091800213,5.923699856,6.084799767,0
2693,9/11/2012,6.06799984,6.080599785,6.059899807,6.067500114,0
2694,9/12/2012,6.073200226,6.083199978,6.063300133,6.073200226,0
2695,9/13/2012,6.074299812,6.085000038,6.050000191,6.073999882,0
2696,9/14/2012,6.077499866,6.084700108,6.067500114,6.077700138,0
2697,9/17/2012,5.972599983,6.077700138,5.774600029,5.973599911,0
2698,9/18/2012,6.071100235,6.077400208,6.06099987,6.071100235,0
2699,9/19/2012,6.068999767,6.079299927,6.062300205,6.067800045,0
2700,9/20/2012,6.066699982,6.08039999,6.062900066,6.066800117,0
2701,9/21/2012,6.075699806,6.083000183,6.066400051,6.075300217,0
2702,9/24/2012,5.995800018,6.082499981,5.85559988,5.996099949,0
2703,9/25/2012,6.068600178,6.080900192,6.0625,6.068999767,0
2704,9/26/2012,6.068999767,6.081999779,6.059999943,6.069399834,0
2705,9/27/2012,6.077199936,6.08409977,6.064700127,6.078700066,0
2706,9/28/2012,6.072599888,6.084000111,6.065199852,6.072599888,0
2707,10/1/2012,6.033299923,6.084199905,5.904900074,6.034200191,0
2708,10/2/2012,6.077899933,6.085199833,6.065000057,6.077400208,0
2709,10/3/2012,6.077799797,6.084899902,6.06400013,6.078199863,0
2710,10/4/2012,6.075799942,6.083399773,6.066800117,6.075799942,0
2711,10/5/2012,6.074500084,6.080699921,6.066500187,6.073999882,0
2712,10/8/2012,5.974899769,6.081600189,5.974299908,5.974999905,0
2713,10/9/2012,6.070099831,6.084300041,6.064400196,6.070600033,0
2714,10/10/2012,6.070700169,6.081099987,6.062300205,6.070400238,0
2715,10/11/2012,6.072700024,6.084799767,6.063899994,6.072299957,0
2716,10/12/2012,6.076900005,6.08589983,6.071499825,6.076200008,0
2717,10/15/2012,5.999000072,6.089399815,5.998799801,5.998799801,0
2718,10/16/2012,6.08589983,6.089099884,6.072500229,6.08589983,0
2719,10/17/2012,6.085700035,6.095600128,6.076200008,6.086100101,0
2720,10/18/2012,6.085999966,6.094299793,6.070000172,6.086500168,0
2721,10/19/2012,6.088799953,6.095200062,6.070000172,6.089399815,0
2722,10/22/2012,6.004300117,6.094099998,5.984799862,6.00369978,0
2723,10/23/2012,6.079800129,6.091599941,6.070000172,6.081600189,0
2724,10/24/2012,6.083199978,6.092000008,6.074800014,6.082900047,0
2725,10/25/2012,6.085400105,6.090799809,6.065000057,6.085000038,0
2726,10/26/2012,6.084300041,6.092100143,5.976099968,6.085000038,0
2727,10/29/2012,5.974500179,6.092700005,5.965499878,5.974699974,0
2728,10/30/2012,6.085400105,6.096000195,6.077899933,6.08589983,0
2729,10/31/2012,6.090400219,6.100900173,6.082900047,6.091100216,0
2730,11/1/2012,6.091199875,6.10010004,6.070000172,6.093500137,0
2731,11/2/2012,6.082300186,6.09100008,6.078100204,6.082699776,0
2732,11/5/2012,6.013899803,6.163700104,6.007800102,6.014200211,0
2733,11/6/2012,6.092299938,6.103099823,6.086699963,6.091199875,0
2734,11/7/2012,6.098700047,6.105500221,6.089300156,6.099500179,0
2735,11/8/2012,6.096300125,6.10340023,6.087999821,6.096899986,0
2736,11/9/2012,6.099100113,6.102900028,6.088300228,6.099199772,0
2737,11/12/2012,5.993999958,6.09250021,5.986499786,5.993800163,0
2738,11/13/2012,6.077700138,6.09250021,6.068999767,6.078000069,0
2739,11/14/2012,6.077400208,6.085999966,6.072700024,6.077400208,0
2740,11/15/2012,6.082699776,6.086999893,6.072999954,6.08370018,0
2741,11/16/2012,6.080699921,6.093200207,6.073999882,6.079699993,0
2742,11/19/2012,5.972300053,6.085499763,5.965600014,5.972199917,0
2743,11/20/2012,6.078499794,6.094399929,6.074299812,6.079100132,0
2744,11/21/2012,6.085700035,6.090799809,6.070799828,6.085299969,0
2745,11/22/2012,6.073999882,6.084300041,6.063199997,6.075300217,0
2746,11/23/2012,6.071700096,6.0770998,6.061100006,6.07159996,0
2747,11/26/2012,5.944200039,6.091800213,5.939599991,5.942500114,0
2748,11/27/2012,6.082300186,6.092299938,6.076600075,6.081299782,0
2749,11/28/2012,6.087500095,6.094900131,6.081600189,6.087600231,0
2750,11/29/2012,6.08739996,6.099199772,6.081500053,6.086599827,0
2751,11/30/2012,6.091499805,6.099299908,6.084499836,6.091599941,0
2752,12/3/2012,6.000299931,6.098800182,5.978000164,6.000299931,0
2753,12/4/2012,6.092000008,6.101200104,6.087500095,6.092000008,0
2754,12/5/2012,6.093299866,6.105700016,6.087500095,6.092700005,0
2755,12/6/2012,6.099899769,6.120299816,6.090000153,6.098499775,0
2756,12/7/2012,6.115699768,6.118899822,6.099999905,6.115300179,0
2757,12/10/2012,6.026299953,6.131199837,6.021100044,6.024799824,0
2758,12/11/2012,6.124300003,6.136600018,6.118100166,6.124499798,0
2759,12/12/2012,6.132500172,6.147799969,6.12680006,6.132599831,0
2760,12/13/2012,6.143199921,6.159399986,6.130000114,6.143799782,0
2761,12/14/2012,6.151100159,6.158199787,6.139999866,6.150899887,0
2762,12/17/2012,6.15019989,6.15929985,6.048500061,6.148600101,0
2763,12/18/2012,6.144899845,6.155900002,6.137499809,6.144999981,0
2764,12/19/2012,6.152500153,6.157000065,6.144000053,6.152999878,0
2765,12/20/2012,6.14989996,6.157299995,6.14109993,6.150100231,0
2766,12/21/2012,6.150700092,6.156599998,6.138700008,6.150000095,0
2767,12/24/2012,6.149499893,6.159399986,6.142499924,6.149600029,0
2768,12/25/2012,6.153800011,6.162899971,6.146299839,6.152400017,0
2769,12/26/2012,6.152999878,6.164500237,6.14620018,6.151299953,0
2770,12/27/2012,6.152800083,6.177800179,6.148799896,6.150700092,0
2771,12/28/2012,6.167500019,6.178199768,6.150000095,6.16779995,0
2772,12/31/2012,6.05340004,6.356400013,6.049699783,6.05340004,0
2773,1/1/2013,6.341100216,6.353199959,6.334499836,6.340400219,0
2774,1/2/2013,6.340400219,6.378200054,6.321100235,6.34100008,0
2775,1/3/2013,6.369999886,6.409200191,6.357999802,6.369800091,0
2776,1/4/2013,6.402900219,6.409900188,6.372499943,6.399600029,0
2777,1/7/2013,6.274499893,6.436100006,6.273900032,6.274499893,0
2778,1/8/2013,6.427499771,6.470799923,6.42140007,6.428500175,0
2779,1/9/2013,6.461699963,6.498400211,6.456799984,6.46239996,0
2780,1/10/2013,6.493000031,6.529300213,6.416699886,6.493500233,0
2781,1/11/2013,6.523200035,6.531700134,6.459000111,6.522799969,0
2782,1/14/2013,6.51429987,6.550499916,6.460599899,6.515399933,0
2783,1/15/2013,6.545599937,6.570799828,6.535999775,6.543700218,0
2784,1/16/2013,6.563000202,6.571000099,6.557499886,6.561699867,0
2785,1/17/2013,6.56430006,6.591499805,6.556399822,6.563600063,0
2786,1/18/2013,6.587800026,6.591599941,6.577400208,6.587200165,0
2787,1/21/2013,6.506599903,6.608200073,6.500899792,6.507400036,0
2788,1/22/2013,6.60529995,6.623799801,6.59499979,6.60529995,0
2789,1/23/2013,6.618100166,6.625999928,6.609200001,6.618800163,0
2790,1/24/2013,6.6177001,6.624899864,6.605000019,6.618000031,0
2791,1/25/2013,6.617800236,6.624300003,6.606699944,6.617800236,0
2792,1/28/2013,6.507699966,6.644999981,6.505899906,6.507100105,0
2793,1/29/2013,6.638800144,6.674200058,6.63049984,6.637700081,0
2794,1/30/2013,6.665200233,6.672999859,6.655799866,6.66590023,0
2795,1/31/2013,6.668600082,6.701099873,6.661300182,6.669400215,0
2796,2/1/2013,6.697599888,6.710000038,6.68900013,6.698999882,0
2797,2/4/2013,6.600599766,6.702499866,6.600800037,6.602600098,0
2798,2/5/2013,6.691299915,6.697000027,6.675700188,6.691599846,0
2799,2/6/2013,6.680900097,6.696800232,6.677000046,6.679900169,0
2800,2/7/2013,6.681000233,6.708399773,6.676400185,6.680699825,0
2801,2/8/2013,6.698800087,6.702499866,6.688700199,6.70179987,0
2802,2/11/2013,6.624700069,6.706999779,6.619999886,6.625400066,0
2803,2/12/2013,6.697800159,6.706299782,6.690000057,6.698200226,0
2804,2/13/2013,6.700399876,6.717100143,6.69299984,6.700500011,0
2805,2/14/2013,6.711699963,6.718699932,6.701300144,6.710999966,0
2806,2/15/2013,6.713300228,6.719099998,6.70179987,6.713600159,0
2807,2/18/2013,6.613800049,6.719600201,6.60860014,6.612100124,0
2808,2/19/2013,6.716700077,6.720099926,6.705299854,6.717100143,0
2809,2/20/2013,6.710199833,6.721099854,6.706099987,6.710599899,0
2810,2/21/2013,6.716100216,6.72149992,6.706799984,6.716300011,0
2811,2/22/2013,6.712800026,6.733099937,6.706299782,6.713099957,0
2812,2/25/2013,6.607600212,6.727000237,6.595399857,6.608799934,0
2813,2/26/2013,6.722499847,6.727900028,6.708199978,6.721600056,0
2814,2/27/2013,6.718400002,6.731400013,6.711500168,6.71750021,0
2815,2/28/2013,6.718800068,6.728300095,6.713200092,6.720600128,0
2816,3/1/2013,6.723800182,6.730000019,6.71449995,6.724400043,0
2817,3/4/2013,6.722199917,6.734000206,6.712299824,6.722000122,0
2818,3/5/2013,6.724500179,6.731400013,6.717999935,6.722899914,0
2819,3/6/2013,6.724899769,6.736400127,6.716599941,6.725399971,0
2820,3/7/2013,6.732699871,6.745699883,6.723100185,6.732900143,0
2821,3/8/2013,6.734200001,6.749300003,6.728199959,6.734799862,0
2822,3/11/2013,6.742199898,6.748899937,6.687300205,6.742899895,0
2823,3/12/2013,6.742099762,6.750999928,6.736800194,6.741899967,0
2824,3/13/2013,6.742099762,6.760200024,6.739099979,6.742599964,0
2825,3/14/2013,6.754799843,6.769800186,6.74819994,6.754300117,0
2826,3/15/2013,6.761799812,6.769999981,6.754099846,6.762000084,0
2827,3/18/2013,6.754799843,6.859700203,6.743599892,6.754499912,0
2828,3/19/2013,6.769499779,6.777200222,6.761499882,6.770199776,0
2829,3/20/2013,6.76789999,6.781099796,6.762599945,6.768000126,0
2830,3/21/2013,6.769100189,6.785999775,6.767499924,6.769999981,0
2831,3/22/2013,6.777599812,6.785900116,6.771399975,6.778100014,0
2832,3/25/2013,6.643000126,6.78760004,6.631199837,6.645100117,0
2833,3/26/2013,6.778600216,6.786699772,6.768899918,6.777800083,0
2834,3/27/2013,6.778399944,6.789700031,6.771399975,6.776100159,0
2835,3/28/2013,6.781199932,6.791699886,6.768300056,6.783299923,0
2836,3/29/2013,6.781899929,6.792200089,6.773200035,6.783699989,0
2837,4/1/2013,6.688000202,6.705599785,6.656700134,6.688199997,0
2838,4/2/2013,6.665699959,6.800000191,6.650700092,6.665200233,0
2839,4/3/2013,6.789999962,6.805699825,6.784100056,6.789700031,0
2840,4/4/2013,6.79820013,6.828400135,6.791399956,6.797800064,0
2841,4/5/2013,6.818799973,6.829999924,6.802000046,6.819200039,0
2842,4/8/2013,6.826399803,6.836900234,6.812600136,6.826000214,0
2843,4/9/2013,6.826900005,6.837999821,6.820499897,6.826200008,0
2844,4/10/2013,6.830299854,6.85010004,6.821400166,6.829999924,0
2845,4/11/2013,6.843699932,6.859200001,6.834700108,6.843400002,0
2846,4/12/2013,6.850500107,6.860599995,6.840000153,6.850699902,0
2847,4/15/2013,6.860099792,6.876699924,6.770299911,6.861100197,0
2848,4/16/2013,6.865699768,6.874800205,6.859499931,6.866600037,0
2849,4/17/2013,6.867499828,6.881400108,6.86070013,6.867599964,0
2850,4/18/2013,6.873799801,6.89109993,6.865200043,6.87349987,0
2851,4/19/2013,6.820899963,6.890799999,6.78030014,6.821199894,0
2852,4/22/2013,6.804900169,6.905200005,6.778699875,6.804900169,0
2853,4/23/2013,6.900300026,6.906499863,6.890699863,6.899700165,0
2854,4/24/2013,6.903999805,6.914000034,6.891200066,6.90320015,0
2855,4/25/2013,6.907000065,6.920000076,6.899600029,6.907700062,0
2856,4/26/2013,6.907299995,6.920000076,6.898499966,6.908100128,0
2857,4/29/2013,6.790100098,6.922500134,6.783599854,6.791399956,0
2858,4/30/2013,6.91590023,6.922999859,6.907100201,6.915400028,0
2859,5/1/2013,6.916100025,6.921899796,6.907299995,6.916100025,0
2860,5/2/2013,6.916500092,6.936600208,6.908699989,6.916600227,0
2861,5/3/2013,6.922599792,6.930799961,6.913300037,6.921800137,0
2862,5/6/2013,6.825699806,6.944099903,6.81829977,6.826399803,0
2863,5/7/2013,6.923399925,6.929999828,6.916200161,6.923399925,0
2864,5/8/2013,6.92320013,6.936100006,6.914199829,6.923099995,0
2865,5/9/2013,6.818399906,6.945199966,6.81829977,6.81829977,0
2866,5/10/2013,6.938399792,6.944300175,6.929299831,6.939700127,0
2867,5/13/2013,6.85559988,6.953100204,6.845799923,6.85529995,0
2868,5/14/2013,6.94080019,6.95389986,6.937799931,6.944699764,0
2869,5/15/2013,6.945799828,6.957600117,6.938000202,6.946000099,0
2870,5/16/2013,6.945099831,6.964799881,6.943799973,6.945199966,0
2871,5/17/2013,6.957399845,6.964300156,6.948999882,6.958000183,0
2872,5/20/2013,6.870299816,6.969600201,6.862800121,6.874300003,0
2873,5/21/2013,6.960800171,6.970099926,6.953999996,6.961200237,0
2874,5/22/2013,6.961200237,6.972099781,6.955200195,6.960599899,0
2875,5/23/2013,6.966700077,6.970300198,6.9520998,6.964900017,0
2876,5/24/2013,6.966100216,6.96999979,6.955299854,6.967199802,0
2877,5/27/2013,6.877600193,6.968299866,6.879199982,6.879199982,0
2878,5/28/2013,6.962299824,6.970499992,6.95539999,6.961100101,0
2879,5/29/2013,6.962999821,6.972499847,6.954500198,6.962999821,0
2880,5/30/2013,6.963699818,6.972199917,6.956200123,6.963300228,0
2881,5/31/2013,6.96420002,6.971899986,6.957300186,6.964399815,0
2882,6/3/2013,6.866600037,6.972599983,6.856400013,6.866799831,0
2883,6/4/2013,6.966300011,6.974599838,6.959799767,6.966199875,0
2884,6/5/2013,6.969099998,6.975399971,6.953700066,6.969799995,0
2885,6/6/2013,6.967599869,6.977399826,6.960400105,6.968100071,0
2886,6/7/2013,6.97149992,6.979300022,6.961800098,6.97149992,0
2887,6/10/2013,6.88929987,6.977900028,6.886400223,6.88929987,0
2888,6/11/2013,6.97149992,6.980000019,6.963699818,6.970900059,0
2889,6/12/2013,6.971700191,6.980000019,6.965000153,6.970900059,0
2890,6/13/2013,6.969900131,6.981900215,6.965199947,6.971300125,0
2891,6/14/2013,6.974899769,6.981699944,6.967999935,6.97329998,0
2892,6/17/2013,6.865300179,6.984300137,6.861000061,6.864600182,0
2893,6/18/2013,6.975800037,6.983799934,6.96600008,6.976399899,0
2894,6/19/2013,6.979300022,6.985499859,6.970499992,6.979899883,0
2895,6/20/2013,6.980800152,6.991099834,6.972300053,6.982699871,0
2896,6/21/2013,6.980199814,6.994900227,6.977399826,6.981299877,0
2897,6/24/2013,6.99630022,6.997000217,6.942599773,6.997000217,0
2898,6/25/2013,6.986700058,6.999899864,6.98239994,6.987199783,0
2899,6/26/2013,6.989699841,7.003900051,6.980000019,6.989200115,0
2900,6/27/2013,6.992899895,7.007400036,6.96999979,6.991899967,0
2901,6/28/2013,7.001200199,7.007500172,6.96999979,7.00180006,0
2902,7/1/2013,6.933400154,7.006299973,6.933400154,6.933400154,0
2903,7/2/2013,6.998099804,7.007900238,6.992800236,6.998099804,0
2904,7/3/2013,6.999199867,7.017000198,6.993400097,7,0
2905,7/4/2013,7.006700039,7.017399788,7.001900196,7.008299828,0
2906,7/5/2013,7.010700226,7.017399788,6.989999771,7.010200024,0
2907,7/8/2013,7.010900021,7.110300064,6.941299915,7.011799812,0
2908,7/9/2013,7.000899792,7.008100033,6.993400097,7.001399994,0
2909,7/10/2013,7.00150013,7.006499767,6.983500004,6.999700069,0
2910,7/11/2013,6.983500004,7.000999928,6.971300125,6.994400024,0
2911,7/12/2013,6.978899956,7.005000114,6.97149992,6.979100227,0
2912,7/15/2013,6.874199867,7.005000114,6.864999771,6.87349987,0
2913,7/16/2013,6.985799789,6.992499828,6.975200176,6.984099865,0
2914,7/17/2013,6.985899925,6.991600037,6.972899914,6.982800007,0
2915,7/18/2013,6.983099937,6.991099834,6.97660017,6.983399868,0
2916,7/19/2013,6.983300209,6.989999771,6.975599766,6.98239994,0
2917,7/22/2013,6.863800049,6.991499901,6.858099937,6.863500118,0
2918,7/23/2013,6.984300137,6.991000175,6.976099968,6.9854002,0
2919,7/24/2013,6.983300209,6.991300106,6.973400116,6.984899998,0
2920,7/25/2013,6.986199856,6.99090004,6.975699902,6.986000061,0
2921,7/26/2013,6.985499859,6.989999771,6.975599766,6.985300064,0
2922,7/29/2013,6.880300045,6.990200043,6.876299858,6.880099773,0
2923,7/30/2013,6.982699871,6.989999771,6.975500107,6.983799934,0
2924,7/31/2013,6.979499817,6.988200188,6.973800182,6.977200031,0
2925,8/1/2013,6.980400085,6.988599777,6.96449995,6.981200218,0
2926,8/2/2013,6.972099781,6.989999771,6.956999779,6.972099781,0
2927,8/5/2013,6.974599838,6.994999886,6.969900131,6.974599838,0
2928,8/6/2013,6.974699974,6.982699871,6.968400002,6.975200176,0
2929,8/7/2013,6.979000092,6.98239994,6.963300228,6.979599953,0
2930,8/8/2013,6.969500065,6.975900173,6.958899975,6.969399929,0
2931,8/9/2013,6.966300011,6.982500076,6.960999966,6.966100216,0
2932,8/12/2013,6.96750021,6.981599808,6.960999966,6.967000008,0
2933,8/13/2013,6.970099926,6.977499962,6.964099884,6.971300125,0
2934,8/14/2013,6.970499992,6.976699829,6.963699818,6.96969986,0
2935,8/15/2013,6.971399784,6.976699829,6.961599827,6.970099926,0
2936,8/16/2013,6.967899799,6.97840023,6.961299896,6.967299938,0
2937,8/19/2013,6.880899906,6.975299835,6.875,6.880300045,0
2938,8/20/2013,6.96969986,6.976399899,6.960400105,6.969500065,0
2939,8/21/2013,6.968100071,6.985000134,6.960599899,6.968299866,0
2940,8/22/2013,6.972599983,6.980000019,6.958899975,6.972300053,0
2941,8/23/2013,6.967700005,6.982500076,6.958799839,6.966199875,0
2942,8/26/2013,6.964000225,6.985000134,6.958000183,6.962999821,0
2943,8/27/2013,6.966400146,6.985000134,6.950699806,6.967899799,0
2944,8/28/2013,6.957900047,6.973899841,6.951900005,6.958600044,0
2945,8/29/2013,6.969399929,6.974500179,6.959799767,6.969200134,0
2946,8/30/2013,6.970200062,6.973199844,6.959499836,6.968599796,0
2947,9/2/2013,6.888800144,7.047800064,6.887499809,6.888800144,0
2948,9/3/2013,6.966499805,6.975999832,6.95909977,6.966400146,0
2949,9/4/2013,6.965799809,6.972700119,6.879499912,6.96570015,0
2950,9/5/2013,6.886400223,6.893700123,6.879700184,6.886400223,0
2951,9/6/2013,6.887499809,6.893799782,6.879000187,6.887000084,0
2952,9/9/2013,6.891499996,7.063499928,6.869900227,6.89139986,0
2953,9/10/2013,6.874899864,6.88409996,6.868800163,6.875800133,0
2954,9/11/2013,6.875999928,6.883999825,6.869999886,6.875199795,0
2955,9/12/2013,6.875999928,6.885300159,6.867499828,6.875999928,0
2956,9/13/2013,6.874400139,6.882599831,6.868299961,6.874599934,0
2957,9/16/2013,6.744999886,6.882199764,6.738699913,6.744800091,0
2958,9/17/2013,6.875100136,6.882100105,6.869100094,6.875899792,0
2959,9/18/2013,6.874300003,6.880400181,6.868700027,6.875100136,0
2960,9/19/2013,6.87869978,6.882400036,6.867599964,6.876200199,0
2961,9/20/2013,6.87349987,6.881899834,6.868000031,6.873899937,0
2962,9/23/2013,6.783599854,6.881499767,6.781899929,6.783500195,0
2963,9/24/2013,6.873099804,6.881100178,6.867099762,6.874599934,0
2964,9/25/2013,6.873799801,6.879099846,6.857299805,6.872900009,0
2965,9/26/2013,6.875,6.880899906,6.86619997,6.874899864,0
2966,9/27/2013,6.874300003,6.880000114,6.867800236,6.872799873,0
2967,9/30/2013,6.785600185,6.882500172,6.779900074,6.785999775,0
2968,10/1/2013,6.872300148,6.885000229,6.865399837,6.87130022,0
2969,10/2/2013,6.87130022,6.881100178,6.86590004,6.871200085,0
2970,10/3/2013,6.871799946,6.879000187,6.864500046,6.870699883,0
2971,10/4/2013,6.873600006,6.885000229,6.867300034,6.873899937,0
2972,10/7/2013,6.793799877,6.878399849,6.790100098,6.794300079,0
2973,10/9/2013,6.872799873,6.882500172,6.866600037,6.872099876,0
2974,10/10/2013,6.869800091,6.879700184,6.864900112,6.870600224,0
2975,10/11/2013,6.870200157,6.882500172,6.86439991,6.869999886,0
2976,10/14/2013,6.78579998,6.877399921,6.780600071,6.785900116,0
2977,10/15/2013,6.869800091,6.882500172,6.863699913,6.870299816,0
2978,10/16/2013,6.873000145,6.880000114,6.864600182,6.874100208,0
2979,10/17/2013,6.873000145,6.878799915,6.863599777,6.87169981,0
2980,10/18/2013,6.874199867,6.877799988,6.865300179,6.874400139,0
2981,10/21/2013,6.788400173,6.882500172,6.788499832,6.788499832,0
2982,10/22/2013,6.870699883,6.882500172,6.865699768,6.87169981,0
2983,10/23/2013,6.872300148,6.880000114,6.864799976,6.872099876,0
2984,10/24/2013,6.870800018,6.880000114,6.864500046,6.871099949,0
2985,10/25/2013,6.869900227,6.878399849,6.864699841,6.870200157,0
2986,10/28/2013,6.777800083,6.882500172,6.772600174,6.778800011,0
2987,10/29/2013,6.870900154,6.880000114,6.863699913,6.871099949,0
2988,10/30/2013,6.872499943,6.880000114,6.863800049,6.870999813,0
2989,10/31/2013,6.868999958,6.880000114,6.862800121,6.867000103,0
2990,11/1/2013,6.870900154,6.884500027,6.862100124,6.872200012,0
2991,11/4/2013,6.787799835,6.878099918,6.783100128,6.788000107,0
2992,11/5/2013,6.868400097,6.882500172,6.863999844,6.870699883,0
2993,11/6/2013,6.871500015,6.880000114,6.861000061,6.87130022,0
2994,11/7/2013,6.870399952,6.877600193,6.862800121,6.870600224,0
2995,11/8/2013,6.870800018,6.882500172,6.859499931,6.870699883,0
2996,11/11/2013,6.814199924,6.876599789,6.80369997,6.814099789,0
2997,11/12/2013,6.86950016,6.880000114,6.861899853,6.870800018,0
2998,11/13/2013,6.871500015,6.880000114,6.863900185,6.871600151,0
2999,11/14/2013,6.870999813,6.882500172,6.863100052,6.872799873,0
3000,11/15/2013,6.87169981,6.882500172,6.863699913,6.870200157,0
3001,11/18/2013,6.760399818,6.876699924,6.753499985,6.759699821,0
3002,11/19/2013,6.870299816,6.880000114,6.860899925,6.870999813,0
3003,11/20/2013,6.869400024,6.876999855,6.861899853,6.870200157,0
3004,11/21/2013,6.86920023,6.880000114,6.863699913,6.869800091,0
3005,11/22/2013,6.871799946,6.882500172,6.861999989,6.872000217,0
3006,11/25/2013,6.871600151,6.880000114,6.854100227,6.871799946,0
3007,11/26/2013,6.869299889,6.877500057,6.861400127,6.86590004,0
3008,11/27/2013,6.869100094,6.880000114,6.861400127,6.868899822,0
3009,11/28/2013,6.868700027,6.875599861,6.862500191,6.868800163,0
3010,11/29/2013,6.863999844,6.871399879,6.858500004,6.863699913,0
3011,12/2/2013,6.867899895,6.880000114,6.773300171,6.867099762,0
3012,12/3/2013,6.868400097,6.880000114,6.862699986,6.868000031,0
3013,12/4/2013,6.869100094,6.880000114,6.857299805,6.868500233,0
3014,12/5/2013,6.868299961,6.875500202,6.858699799,6.868400097,0
3015,12/6/2013,6.870299816,6.880000114,6.860300064,6.870699883,0
3016,12/9/2013,6.759600163,6.874100208,6.756999969,6.759600163,0
3017,12/10/2013,6.867499828,6.873899937,6.862100124,6.868899822,0
3018,12/11/2013,6.867899895,6.876200199,6.862199783,6.867800236,0
3019,12/12/2013,6.869800091,6.876200199,6.86259985,6.869699955,0
3020,12/13/2013,6.8677001,6.875,6.861700058,6.8677001,0
3021,12/16/2013,6.867300034,6.876100063,6.759300232,6.867800236,0
3022,12/17/2013,6.867899895,6.875999928,6.863800049,6.867400169,0
3023,12/18/2013,6.867800236,6.886799812,6.865399837,6.868199825,0
3024,12/19/2013,6.875999928,6.900899887,6.871200085,6.875,0
3025,12/20/2013,6.888999939,6.896500111,6.880000114,6.889200211,0
3026,12/23/2013,6.783899784,6.905900002,6.776400089,6.78429985,0
3027,12/24/2013,6.888100147,6.904699802,6.880000114,6.888899803,0
3028,12/25/2013,6.898200035,6.906000137,6.88409996,6.898200035,0
3029,12/26/2013,6.904300213,6.904799938,6.887800217,6.90320015,0
3030,12/27/2013,6.890399933,6.929999828,6.852499962,6.889900208,0
3031,12/30/2013,6.91410017,6.938399792,6.883699894,6.913199902,0
3032,12/31/2013,6.918700218,6.937099934,6.914500237,6.919400215,0
3033,1/1/2014,6.937399864,6.937399864,6.928599834,6.937399864,0
3034,1/2/2014,6.925700188,6.947599888,6.921299934,6.925799847,0
3035,1/3/2014,6.939099789,6.946100235,6.934599876,6.939499855,0
3036,1/6/2014,6.935200214,6.945499897,6.867400169,6.936900139,0
3037,1/7/2014,6.940400124,6.945499897,6.933400154,6.940700054,0
3038,1/8/2014,6.939400196,6.948400021,6.928599834,6.939400196,0
3039,1/9/2014,6.941100121,6.953800201,6.932899952,6.940700054,0
3040,1/10/2014,6.942399979,6.963300228,6.930399895,6.941999912,0
3041,1/13/2014,6.939599991,6.945300102,6.808000088,6.939199924,0
3042,1/14/2014,6.936500072,6.957300186,6.934700012,6.936999798,0
3043,1/15/2014,6.943999767,6.965600014,6.932400227,6.943999767,0
3044,1/16/2014,6.947599888,6.957399845,6.933000088,6.947500229,0
3045,1/17/2014,6.944200039,6.949299812,6.938700199,6.944699764,0
3046,1/20/2014,6.88710022,6.952600002,6.879899979,6.887000084,0
3047,1/21/2014,6.942299843,6.957900047,6.937699795,6.942299843,0
3048,1/22/2014,6.945400238,6.951200008,6.936100006,6.946700096,0
3049,1/23/2014,6.945899963,6.952499866,6.936200142,6.941800117,0
3050,1/24/2014,6.944900036,6.951399803,6.937600136,6.945400238,0
3051,1/27/2014,6.868500233,6.951499939,6.866899967,6.868599892,0
3052,1/28/2014,6.942399979,6.9520998,6.937300205,6.942299843,0
3053,1/29/2014,6.944099903,6.954500198,6.936100006,6.944499969,0
3054,1/30/2014,6.944900036,6.960199833,6.936100006,6.945099831,0
3055,1/31/2014,6.943399906,6.953499794,6.936100006,6.943099976,0
3056,2/3/2014,6.882199764,6.950500011,6.878600121,6.882199764,0
3057,2/4/2014,6.943200111,6.950399876,6.936200142,6.943099976,0
3058,2/5/2014,6.943500042,6.950600147,6.930600166,6.943900108,0
3059,2/6/2014,6.942500114,6.949699879,6.934800148,6.942500114,0
3060,2/7/2014,6.941599846,6.949299812,6.920899868,6.94299984,0
3061,2/10/2014,6.952899933,6.952700138,6.821000099,6.952700138,0
3062,2/11/2014,6.944399834,6.950200081,6.936299801,6.943500042,0
3063,2/12/2014,6.943600178,6.950500011,6.935800076,6.943799973,0
3064,2/13/2014,6.942500114,6.95389986,6.9375,6.942699909,0
3065,2/14/2014,6.942800045,6.949500084,6.936600208,6.943999767,0
3066,2/17/2014,6.940700054,6.948200226,6.843800068,6.938700199,0
3067,2/18/2014,6.943500042,6.951300144,6.937099934,6.94299984,0
3068,2/19/2014,6.942900181,6.952300072,6.937099934,6.94299984,0
3069,2/20/2014,6.945099831,6.950300217,6.936900139,6.9447999,0
3070,2/21/2014,6.942399979,6.947100163,6.938799858,6.942800045,0
3071,2/24/2014,6.83589983,6.948500156,6.833399773,6.83589983,0
3072,2/25/2014,6.942200184,6.949699879,6.937300205,6.942299843,0
3073,2/26/2014,6.942399979,6.953299999,6.936200142,6.941500187,0
3074,2/27/2014,6.943799973,6.946199894,6.935299873,6.943500042,0
3075,2/28/2014,6.942500114,6.948900223,6.922699928,6.942699909,0
3076,3/3/2014,6.860000134,6.949699879,6.852399826,6.861400127,0
3077,3/4/2014,6.941999912,6.949100018,6.929800034,6.942299843,0
3078,3/5/2014,6.940999985,6.954599857,6.929999828,6.940599918,0
3079,3/6/2014,6.941999912,6.94960022,6.933100224,6.942200184,0
3080,3/7/2014,6.94299984,6.948599815,6.936500072,6.942800045,0
3081,3/10/2014,6.865300179,6.948800087,6.858500004,6.865300179,0
3082,3/11/2014,6.941999912,6.948200226,6.929999828,6.942800045,0
3083,3/12/2014,6.941800117,6.948599815,6.936500072,6.941699982,0
3084,3/13/2014,6.942900181,6.959899902,6.935299873,6.943200111,0
3085,3/14/2014,6.941800117,6.947999954,6.935299873,6.941999912,0
3086,3/17/2014,6.840000153,6.948400021,6.839799881,6.841700077,0
3087,3/18/2014,6.942200184,6.949500084,6.935100079,6.942599773,0
3088,3/19/2014,6.942100048,6.947100163,6.935900211,6.942399979,0
3089,3/20/2014,6.945000172,6.948699951,6.934000015,6.945400238,0
3090,3/21/2014,6.940700054,6.948800087,6.934999943,6.940700054,0
3091,3/24/2014,6.941599846,6.949200153,6.845399857,6.942299843,0
3092,3/25/2014,6.942800045,6.948999882,6.934599876,6.94299984,0
3093,3/26/2014,6.944300175,6.950799942,6.937300205,6.942900181,0
3094,3/27/2014,6.947500229,6.956200123,6.939799786,6.945300102,0
3095,3/28/2014,6.949800014,6.955900192,6.940000057,6.949399948,0
3096,3/31/2014,6.848800182,6.955999851,6.844399929,6.850900173,0
3097,4/1/2014,6.950099945,6.956299782,6.940000057,6.950500011,0
3098,4/2/2014,6.950300217,6.961400032,6.94630003,6.950900078,0
3099,4/3/2014,6.953499794,6.964099884,6.940000057,6.953299999,0
3100,4/4/2014,6.953400135,6.960400105,6.940000057,6.953700066,0
3101,4/7/2014,6.951499939,6.959899902,6.940000057,6.950500011,0
3102,4/8/2014,6.957699776,6.963200092,6.940000057,6.956699848,0
3103,4/9/2014,6.956799984,6.963099957,6.940000057,6.95720005,0
3104,4/10/2014,6.957099915,6.963600159,6.949699879,6.957300186,0
3105,4/11/2014,6.958099842,6.963699818,6.949999809,6.95690012,0
3106,4/14/2014,6.975699902,6.977900028,6.940000057,6.97660017,0
3107,4/15/2014,6.962100029,6.967999935,6.949999809,6.962299824,0
3108,4/16/2014,6.96239996,6.976099968,6.952400208,6.962600231,0
3109,4/17/2014,6.966100216,6.979199886,6.959700108,6.966100216,0
3110,4/18/2014,6.974699974,6.976099968,6.897099972,6.970200062,0
3111,4/21/2014,6.900800228,6.986400127,6.897099972,6.900700092,0
3112,4/22/2014,6.984600067,6.9854002,6.960000038,6.984200001,0
3113,4/23/2014,6.972499847,6.98390007,6.965099812,6.972400188,0
3114,4/24/2014,6.97840023,6.983799934,6.96999979,6.97840023,0
3115,4/25/2014,6.978199959,6.982299805,6.972000122,6.97879982,0
3116,4/28/2014,6.974500179,6.988399982,6.96969986,6.975500107,0
3117,4/29/2014,6.982800007,6.987199783,6.975900173,6.98210001,0
3118,4/30/2014,6.981200218,7.001399994,6.975200176,6.981200218,0
3119,5/1/2014,6.98939991,6.993999958,6.868999958,6.98939991,0
3120,5/2/2014,6.989099979,6.995299816,6.980000019,6.989200115,0
3121,5/5/2014,6.989699841,7,6.984799862,6.989900112,0
3122,5/6/2014,6.997499943,7.002999783,6.987999916,6.997000217,0
3123,5/7/2014,6.996200085,7.019999981,6.991099834,6.996900082,0
3124,5/8/2014,7.011899948,7.045199871,7.008200169,7.010200024,0
3125,5/9/2014,7.026599884,7.032599926,7.019999981,7.026599884,0
3126,5/12/2014,7.026800156,7.043700218,7.022699833,7.025000095,0
3127,5/13/2014,7.036699772,7.044000149,7.031099796,7.035099983,0
3128,5/14/2014,7.036300182,7.092999935,7.029500008,7.036399841,0
3129,5/15/2014,7.086400032,7.100399971,7.079999924,7.086800098,0
3130,5/16/2014,7.093900204,7.105000019,7.088300228,7.093400002,0
3131,5/19/2014,6.99819994,7.119999886,6.992800236,6.99819994,0
3132,5/20/2014,7.09679985,7.139999866,7.091899872,7.097400188,0
3133,5/21/2014,7.097199917,7.139999866,7.092299938,7.097700119,0
3134,5/22/2014,7.108500004,7.119999886,7.09679985,7.106800079,0
3135,5/23/2014,7.115300179,7.120900154,7.108799934,7.115099907,0
3136,5/26/2014,7.114299774,7.129199982,7.106599808,7.115200043,0
3137,5/27/2014,7.126399994,7.132599831,7.119999886,7.126399994,0
3138,5/28/2014,7.127099991,7.139999866,7.110000134,7.127299786,0
3139,5/29/2014,7.130400181,7.139400005,7.0479002,7.130599976,0
3140,5/30/2014,7.131800175,7.139999866,7.119999886,7.132199764,0
3141,6/2/2014,7.136300087,7.139100075,7.116099834,7.130400181,0
3142,6/3/2014,7.122300148,7.139999866,7.119100094,7.122099876,0
3143,6/4/2014,7.130899906,7.139999866,7.124800205,7.130899906,0
3144,6/5/2014,7.131400108,7.140500069,7.123600006,7.131499767,0
3145,6/6/2014,7.131999969,7.138800144,7.124700069,7.132999897,0
3146,6/9/2014,7.133100033,7.138899803,7.03249979,7.033599854,0
3147,6/10/2014,7.130199909,7.138400078,7.125500202,7.130099773,0
3148,6/11/2014,7.131400108,7.138100147,7.125299931,7.131499767,0
3149,6/12/2014,7.13079977,7.138599873,7.125299931,7.130599976,0
3150,6/13/2014,7.130199909,7.1395998,7.12680006,7.130199909,0
3151,6/16/2014,7.134300232,7.137700081,7.125500202,7.133999825,0
3152,6/17/2014,7.131000042,7.139999866,7.119999886,7.131000042,0
3153,6/18/2014,7.131199837,7.137000084,7.125699997,7.13049984,0
3154,6/19/2014,7.132199764,7.136099815,7.119999886,7.131899834,0
3155,6/20/2014,7.130899906,7.139200211,7.126599789,7.133100033,0
3156,6/23/2014,7.135200024,7.138400078,7.123899937,7.135799885,0
3157,6/24/2014,7.130099773,7.138400078,7.125899792,7.133100033,0
3158,6/25/2014,7.133200169,7.139999866,7.125699997,7.132900238,0
3159,6/26/2014,7.131599903,7.13740015,7.119999886,7.130099773,0
3160,6/27/2014,7.131400108,7.138700008,7.12650013,7.132500172,0
3161,6/30/2014,7.13380003,7.139999866,7.125500202,7.134200096,0
3162,7/1/2014,7.132699966,7.137899876,7.124300003,7.132699966,0
3163,7/2/2014,7.130099773,7.136899948,7.125999928,7.131999969,0
3164,7/3/2014,7.133999825,7.146699905,7.126200199,7.133399963,0
3165,7/4/2014,7.131999969,7.13740015,7.129199982,7.1322999,0
3166,7/7/2014,7.135499954,7.139999866,7.12650013,7.134900093,0
3167,7/8/2014,7.132999897,7.139999866,7.124499798,7.132900238,0
3168,7/9/2014,7.131499767,7.136799812,7.119999886,7.131499767,0
3169,7/10/2014,7.131700039,7.138400078,7.127900124,7.130899906,0
3170,7/11/2014,7.130400181,7.136000156,7.127799988,7.130899906,0
3171,7/14/2014,7.135399818,7.139999866,7.126699924,7.130099773,0
3172,7/15/2014,7.131700039,7.138899803,7.126399994,7.131199837,0
3173,7/16/2014,7.131400108,7.136899948,7.125899792,7.131700039,0
3174,7/17/2014,7.131800175,7.136899948,7.124899864,7.132400036,0
3175,7/18/2014,7.12869978,7.137000084,7.125699997,7.129499912,0
3176,7/21/2014,7.035299778,7.139999866,7.025899887,7.035299778,0
3177,7/22/2014,7.132199764,7.139999866,7.125500202,7.132999897,0
3178,7/23/2014,7.130099773,7.139999866,7.124700069,7.131700039,0
3179,7/24/2014,7.130099773,7.139999866,7.125999928,7.130099773,0
3180,7/25/2014,7.131999969,7.142399788,7.126599789,7.131100178,0
3181,7/28/2014,7.132500172,7.139999866,7.128399849,7.1322999,0
3182,7/29/2014,7.131000042,7.138400078,7.119999886,7.131599903,0
3183,7/30/2014,7.131000042,7.13710022,7.119999886,7.131000042,0
3184,7/31/2014,7.131199837,7.136400223,7.124000072,7.131100178,0
3185,8/1/2014,7.131199837,7.139999866,7.125299931,7.131100178,0
3186,8/4/2014,7.131400108,7.136899948,7.127099991,7.131400108,0
3187,8/5/2014,7.131599903,7.139999866,7.127399921,7.131599903,0
3188,8/6/2014,7.130099773,7.138199806,7.119999886,7.131899834,0
3189,8/7/2014,7.131199837,7.138000011,7.119999886,7.132500172,0
3190,8/8/2014,7.132500172,7.136499882,7.124199867,7.132500172,0
3191,8/11/2014,7.135099888,7.138299942,7.119999886,7.135099888,0
3192,8/12/2014,7.131599903,7.139999866,7.124499798,7.130099773,0
3193,8/13/2014,7.132500172,7.137899876,7.124800205,7.132500172,0
3194,8/14/2014,7.131000042,7.137800217,7.124700069,7.131499767,0
3195,8/15/2014,7.132400036,7.138100147,7.124899864,7.132500172,0
3196,8/18/2014,7.130099773,7.138199806,7.129099846,7.135300159,0
3197,8/19/2014,7.132999897,7.137499809,7.126999855,7.133200169,0
3198,8/20/2014,7.130899906,7.138299942,7.125199795,7.131400108,0
3199,8/21/2014,7.130899906,7.137000084,7.124100208,7.131000042,0
3200,8/22/2014,7.132800102,7.138899803,7.124400139,7.132500172,0
3201,8/25/2014,7.156700134,7.157000065,7.12650013,7.157000065,0
3202,8/26/2014,7.131700039,7.13710022,7.124400139,7.131700039,0
3203,8/27/2014,7.131700039,7.137800217,7.124000072,7.131100178,0
3204,8/28/2014,7.131199837,7.138000011,7.12349987,7.129300117,0
3205,8/29/2014,7.132100105,7.136700153,7.124000072,7.130099773,0
3206,9/1/2014,7.068799973,7.133999825,7.066599846,7.068900108,0
3207,9/2/2014,7.129700184,7.138000011,7.125699997,7.129199982,0
3208,9/3/2014,7.131199837,7.137000084,7.124300003,7.132100105,0
3209,9/4/2014,7.133100033,7.138400078,7.124499798,7.133200169,0
3210,9/5/2014,7.129499912,7.137199879,7.124000072,7.131400108,0
3211,9/8/2014,7.131000042,7.141900063,7.044499874,7.130899906,0
3212,9/9/2014,7.133399963,7.137700081,7.119999886,7.132900238,0
3213,9/10/2014,7.131100178,7.139999866,7.123600006,7.130099773,0
3214,9/11/2014,7.132800102,7.139999866,7.124199867,7.132999897,0
3215,9/12/2014,7.131599903,7.138299942,7.12319994,7.131700039,0
3216,9/15/2014,7.017399788,7.138700008,7.011899948,7.017300129,0
3217,9/16/2014,7.131199837,7.138000011,7.119999886,7.131700039,0
3218,9/17/2014,7.129399776,7.137700081,7.123700142,7.129099846,0
3219,9/18/2014,7.126999855,7.139999866,7.123899937,7.129600048,0
3220,9/19/2014,7.131499767,7.139999866,7.122099876,7.130300045,0
3221,9/22/2014,7.045899868,7.139999866,7.031400204,7.04640007,0
3222,9/23/2014,7.130700111,7.137800217,7.12319994,7.130199909,0
3223,9/24/2014,7.12680006,7.140299797,7.122900009,7.127799988,0
3224,9/25/2014,7.129399776,7.139999866,7.123600006,7.129399776,0
3225,9/26/2014,7.131800175,7.139999866,7.122799873,7.131199837,0
3226,9/29/2014,7.071899891,7.138000011,7.063499928,7.069699764,0
3227,9/30/2014,7.129899979,7.138899803,7.123000145,7.129899979,0
3228,10/1/2014,7.131400108,7.137199879,7.122200012,7.129300117,0
3229,10/2/2014,7.130400181,7.139999866,7.120999813,7.130599976,0
3230,10/3/2014,7.13049984,7.143300056,7.123099804,7.131199837,0
3231,10/6/2014,7.090799809,7.139999866,7.088900089,7.091100216,0
3232,10/7/2014,7.134300232,7.137599945,7.122799873,7.130400181,0
3233,10/8/2014,7.13740015,7.139999866,7.123000145,7.131000042,0
3234,10/9/2014,7.130599976,7.139999866,7.122700214,7.131599903,0
3235,10/10/2014,7.131000042,7.137499809,7.122900009,7.129499912,0
3236,10/13/2014,7.047500134,7.138199806,7.048299789,7.048299789,0
3237,10/14/2014,7.138400078,7.139999866,7.122000217,7.138000011,0
3238,10/15/2014,7.130899906,7.138999939,7.122700214,7.129199982,0
3239,10/16/2014,7.130199909,7.138100147,7.12319994,7.131000042,0
3240,10/17/2014,7.134799957,7.139999866,7.122900009,7.134900093,0
3241,10/20/2014,7.136400223,7.139999866,7.12349987,7.136199951,0
3242,10/21/2014,7.131599903,7.138299942,7.123099804,7.131499767,0
3243,10/22/2014,7.12830019,7.139500141,7.121600151,7.129099846,0
3244,10/23/2014,7.132900238,7.139999866,7.12349987,7.131400108,0
3245,10/24/2014,7.129799843,7.137000084,7.124400139,7.130099773,0
3246,10/27/2014,7.019000053,7.137000084,7.010200024,7.020599842,0
3247,10/28/2014,7.129899979,7.137599945,7.119599819,7.129300117,0
3248,10/29/2014,7.130099773,7.136899948,7.122700214,7.130300045,0
3249,10/30/2014,7.134500027,7.147900105,7.122000217,7.133399963,0
3250,10/31/2014,7.129000187,7.142199993,7.122600079,7.128799915,0
3251,11/3/2014,7.075399876,7.136899948,7.070300102,7.075500011,0
3252,11/4/2014,7.126999855,7.139999866,7.121799946,7.129099846,0
3253,11/5/2014,7.13049984,7.139999866,7.123000145,7.130099773,0
3254,11/6/2014,7.12830019,7.141799927,7.122700214,7.129899979,0
3255,11/7/2014,7.129899979,7.139999866,7.122300148,7.130899906,0
3256,11/10/2014,6.991700172,7.137000084,6.975599766,6.99090004,0
3257,11/11/2014,7.126900196,7.137199879,7.122000217,7.12830019,0
3258,11/12/2014,7.127900124,7.139999866,7.121099949,7.127600193,0
3259,11/13/2014,7.129000187,7.136799812,7.123000145,7.12869978,0
3260,11/14/2014,7.13049984,7.137599945,7.123000145,7.130700111,0
3261,11/17/2014,6.98759985,7.137199879,6.972799778,6.986700058,0
3262,11/18/2014,7.128600121,7.139999866,7.122000217,7.127200127,0
3263,11/19/2014,7.131299973,7.137899876,7.12319994,7.130400181,0
3264,11/20/2014,7.131499767,7.142300129,7.122399807,7.132599831,0
3265,11/21/2014,7.129000187,7.13710022,7.122799873,7.129600048,0
3266,11/24/2014,7.140699863,7.139999866,7.122799873,7.139999866,0
3267,11/25/2014,7.131599903,7.137300014,7.121500015,7.130400181,0
3268,11/26/2014,7.127699852,7.138000011,7.122799873,7.127900124,0
3269,11/27/2014,7.130700111,7.13710022,7.124300003,7.131000042,0
3270,11/28/2014,7.130700111,7.137899876,7.122300148,7.13079977,0
3271,12/1/2014,7.050700188,7.139999866,7.042500019,7.050799847,0
3272,12/2/2014,7.131000042,7.139999866,7.125400066,7.131000042,0
3273,12/3/2014,7.128200054,7.139999866,7.122900009,7.129199982,0
3274,12/4/2014,7.127799988,7.139999866,7.118700027,7.129300117,0
3275,12/5/2014,7.127699852,7.13740015,7.121099949,7.129499912,0
3276,12/8/2014,7.124800205,7.136300087,7.119400024,7.124700069,0
3277,12/9/2014,7.133600235,7.139999866,7.121799946,7.133100033,0
3278,12/10/2014,7.132999897,7.140999794,7.120600224,7.133500099,0
3279,12/11/2014,7.12680006,7.139999866,7.121799946,7.133500099,0
3280,12/12/2014,7.13409996,7.137000084,7.121399879,7.135099888,0
3281,12/15/2014,7.125800133,7.141799927,7.123000145,7.124700069,0
3282,12/16/2014,7.131599903,7.138199806,7.121799946,7.132199764,0
3283,12/17/2014,7.126599789,7.137700081,7.123400211,7.124800205,0
3284,12/18/2014,7.129199982,7.137199879,7.12169981,7.132100105,0
3285,12/19/2014,7.127600193,7.139999866,7.122399807,7.129199982,0
3286,12/22/2014,7.133399963,7.139999866,7.116600037,7.134600163,0
3287,12/23/2014,7.129399776,7.139999866,7.121500015,7.129000187,0
3288,12/24/2014,7.130000114,7.145800114,7.123000145,7.129399776,0
3289,12/25/2014,7.133100033,7.13710022,7.099400043,7.133100033,0
3290,12/26/2014,7.12650013,7.149300098,7.118800163,7.126200199,0
3291,12/29/2014,7.149300098,7.148600101,7.031300068,7.148600101,0
3292,12/30/2014,7.129300117,7.139999866,7.121900082,7.129600048,0
3293,12/31/2014,7.129600048,7.139999866,7.121799946,7.131599903,0
3294,1/1/2015,7.129499912,7.130099773,7.059700012,7.129499912,0
3295,1/2/2015,7.135200024,7.159900188,7.029099941,7.135300159,0
3296,1/5/2015,7.168900013,7.180399895,7.110899925,7.164299965,0
3297,1/6/2015,7.118899822,7.137599945,7.111800194,7.118999958,0
3298,1/7/2015,7.128900051,7.139999866,7.120399952,7.129600048,0
3299,1/8/2015,7.135300159,7.136899948,7.026500225,7.136000156,0
3300,1/9/2015,7.122799873,7.139999866,7.014999866,7.123600006,0
3301,1/12/2015,7.112199783,7.139999866,7.018400192,7.113399982,0
3302,1/13/2015,7.126699924,7.139999866,7.020400047,7.126399994,0
3303,1/14/2015,7.125599861,7.139999866,7.117599964,7.125699997,0
3304,1/15/2015,7.126299858,7.188700199,7.095099926,7.12650013,0
3305,1/16/2015,7.126999855,7.150000095,7.119599819,7.127299786,0
3306,1/19/2015,7.126399994,7.236199856,7.119999886,7.128200054,0
3307,1/20/2015,7.229499817,7.287099838,7.150000095,7.230000019,0
3308,1/21/2015,7.278100014,7.336800098,7.269899845,7.277500153,0
3309,1/22/2015,7.329999924,7.397600174,7.319099903,7.329100132,0
3310,1/23/2015,7.382900238,7.389999866,7.368000031,7.38049984,0
3311,1/26/2015,7.436800003,7.427299976,7.367499828,7.427299976,0
3312,1/27/2015,7.418499947,7.427400112,7.389999866,7.417200089,0
3313,1/28/2015,7.413799763,7.45720005,7.410200119,7.41410017,0
3314,1/29/2015,7.445799828,7.575699806,7.438000202,7.444900036,0
3315,1/30/2015,7.562399864,7.576900005,7.559000015,7.562799931,0
3316,2/2/2015,7.553800106,7.61590004,7.474999905,7.554900169,0
3317,2/3/2015,7.591499805,7.617800236,7.579999924,7.593100071,0
3318,2/4/2015,7.616399765,7.617300034,7.579999924,7.60890007,0
3319,2/5/2015,7.601500034,7.616499901,7.590000153,7.601799965,0
3320,2/6/2015,7.610300064,7.617300034,7.598700047,7.610799789,0
3321,2/9/2015,7.615300179,7.617300034,7.59679985,7.615399837,0
3322,2/10/2015,7.61289978,7.616300106,7.596000195,7.613800049,0
3323,2/11/2015,7.585599899,7.61590004,7.57889986,7.587299824,0
3324,2/12/2015,7.599100113,7.616899967,7.593999863,7.599100113,0
3325,2/13/2015,7.602900028,7.613299847,7.596700191,7.602799892,0
3326,2/16/2015,7.600500107,7.616799831,7.584000111,7.600599766,0
3327,2/17/2015,7.60710001,7.616700172,7.595200062,7.605999947,0
3328,2/18/2015,7.613200188,7.619100094,7.579999924,7.612800121,0
3329,2/19/2015,7.609600067,7.617499828,7.598999977,7.609899998,0
3330,2/20/2015,7.605400085,7.617099762,7.590000153,7.605500221,0
3331,2/23/2015,7.610099792,7.624100208,7.597899914,7.611700058,0
3332,2/24/2015,7.611499786,7.633500099,7.595600128,7.611499786,0
3333,2/25/2015,7.609300137,7.617300034,7.576600075,7.601099968,0
3334,2/26/2015,7.606200218,7.616700172,7.590000153,7.605700016,0
3335,2/27/2015,7.604400158,7.616799831,7.59829998,7.605100155,0
3336,3/2/2015,7.629300117,7.628200054,7.597099781,7.625800133,0
3337,3/3/2015,7.607699871,7.615300179,7.599199772,7.607500076,0
3338,3/4/2015,7.604700089,7.616499901,7.590000153,7.602499962,0
3339,3/5/2015,7.605700016,7.616600037,7.489999771,7.605199814,0
3340,3/6/2015,7.605800152,7.660900116,7.598499775,7.605199814,0
3341,3/9/2015,7.609200001,7.616499901,7.548299789,7.608500004,0
3342,3/10/2015,7.614099979,7.617400169,7.590000153,7.612299919,0
3343,3/11/2015,7.605000019,7.616799831,7.595099926,7.606500149,0
3344,3/12/2015,7.611400127,7.617099762,7.590000153,7.610300064,0
3345,3/13/2015,7.606400013,7.614299774,7.595300198,7.605800152,0
3346,3/16/2015,7.60890007,7.615499973,7.511499882,7.604300022,0
3347,3/17/2015,7.607200146,7.616300106,7.590000153,7.607699871,0
3348,3/18/2015,7.600599766,7.617099762,7.590000153,7.602600098,0
3349,3/19/2015,7.605400085,7.619800091,7.590000153,7.607600212,0
3350,3/20/2015,7.610099792,7.618199825,7.590000153,7.609799862,0
3351,3/23/2015,7.602099895,7.630099773,7.594500065,7.602099895,0
3352,3/24/2015,7.6104002,7.618599892,7.590000153,7.610799789,0
3353,3/25/2015,7.614799976,7.617099762,7.595399857,7.611299992,0
3354,3/26/2015,7.60890007,7.616799831,7.597400188,7.605100155,0
3355,3/27/2015,7.603199959,7.61619997,7.590000153,7.604000092,0
3356,3/30/2015,7.612699986,7.630400181,7.477200031,7.613800049,0
3357,3/31/2015,7.600999832,7.617099762,7.595399857,7.601399899,0
3358,4/1/2015,7.610099792,7.61619997,7.586599827,7.600900173,0
3359,4/2/2015,7.606699944,7.61590004,7.596700191,7.60739994,0
3360,4/3/2015,7.611100197,7.614500046,7.350299835,7.612100124,0
3361,4/6/2015,7.520400047,7.599999905,7.342000008,7.525000095,0
3362,4/7/2015,7.566400051,7.616300106,7.486299992,7.566500187,0
3363,4/8/2015,7.608799934,7.616799831,7.596600056,7.609499931,0
3364,4/9/2015,7.608799934,7.618400097,7.579999924,7.608099937,0
3365,4/10/2015,7.600800037,7.615699768,7.590000153,7.600399971,0
3366,4/13/2015,7.601099968,7.622000217,7.468299866,7.603199959,0
3367,4/14/2015,7.607800007,7.616499901,7.590000153,7.607800007,0
3368,4/15/2015,7.606900215,7.61590004,7.590000153,7.606999874,0
3369,4/16/2015,7.60710001,7.616700172,7.590000153,7.607500076,0
3370,4/17/2015,7.611899853,7.617300034,7.595200062,7.609200001,0
3371,4/20/2015,7.604000092,7.632999897,7.590000153,7.609600067,0
3372,4/21/2015,7.604000092,7.615600109,7.593599796,7.60379982,0
3373,4/22/2015,7.601799965,7.6177001,7.590000153,7.604199886,0
3374,4/23/2015,7.606599808,7.616300106,7.590000153,7.608200073,0
3375,4/24/2015,7.603700161,7.614500046,7.590000153,7.605100155,0
3376,4/27/2015,7.608699799,7.627500057,7.590000153,7.609099865,0
3377,4/28/2015,7.602900028,7.61590004,7.579999924,7.603499889,0
3378,4/29/2015,7.609799862,7.619100094,7.579999924,7.607600212,0
3379,4/30/2015,7.610799789,7.617899895,7.579999924,7.613100052,0
3380,5/1/2015,7.618500233,7.625599861,7.434899807,7.622300148,0
3381,5/4/2015,7.639200211,7.643899918,7.590000153,7.636600018,0
3382,5/5/2015,7.609099865,7.618199825,7.579999924,7.610599995,0
3383,5/6/2015,7.602900028,7.616899967,7.591800213,7.604300022,0
3384,5/7/2015,7.611999989,7.616600037,7.590000153,7.612199783,0
3385,5/8/2015,7.610799789,7.616700172,7.595300198,7.609499931,0
3386,5/11/2015,7.617499828,7.658599854,7.59649992,7.618000031,0
3387,5/12/2015,7.61259985,7.616499901,7.590000153,7.610000134,0
3388,5/13/2015,7.605700016,7.616000175,7.597000122,7.606699944,0
3389,5/14/2015,7.601500034,7.616700172,7.597599983,7.603000164,0
3390,5/15/2015,7.603700161,7.615099907,7.590000153,7.603899956,0
3391,5/18/2015,7.60710001,7.623000145,7.438899994,7.606999874,0
3392,5/19/2015,7.605100155,7.617800236,7.593699932,7.605800152,0
3393,5/20/2015,7.607299805,7.618100166,7.590000153,7.606500149,0
3394,5/21/2015,7.602700233,7.617099762,7.598599911,7.60340023,0
3395,5/22/2015,7.607200146,7.618299961,7.579999924,7.608200073,0
3396,5/25/2015,7.624400139,7.637000084,7.598199844,7.624800205,0
3397,5/26/2015,7.610199928,7.618800163,7.595399857,7.610099792,0
3398,5/27/2015,7.60890007,7.615200043,7.590000153,7.608399868,0
3399,5/28/2015,7.607800007,7.616099834,7.594900131,7.606599808,0
3400,5/29/2015,7.613200188,7.618899822,7.597700119,7.611199856,0
3401,6/1/2015,7.631999969,7.65019989,7.579999924,7.632199764,0
3402,6/2/2015,7.608200073,7.61619997,7.590000153,7.606500149,0
3403,6/3/2015,7.612999916,7.619999886,7.579999924,7.612999916,0
3404,6/4/2015,7.61070013,7.617499828,7.590000153,7.606999874,0
3405,6/5/2015,7.60739994,7.617199898,7.597400188,7.604199886,0
3406,6/8/2015,7.612699986,7.624700069,7.575900078,7.615399837,0
3407,6/9/2015,7.608300209,7.616799831,7.59800005,7.609700203,0
3408,6/10/2015,7.603499889,7.617599964,7.597099781,7.605800152,0
3409,6/11/2015,7.609399796,7.616300106,7.590000153,7.610099792,0
3410,6/12/2015,7.610499859,7.618599892,7.590000153,7.606900215,0
3411,6/15/2015,7.638500214,7.656700134,7.594799995,7.636600018,0
3412,6/16/2015,7.60529995,7.615399837,7.590000153,7.604300022,0
3413,6/17/2015,7.608799934,7.616000175,7.579999924,7.608399868,0
3414,6/18/2015,7.606599808,7.616399765,7.590000153,7.610099792,0
3415,6/19/2015,7.606500149,7.613900185,7.579999924,7.60529995,0
3416,6/22/2015,7.591100216,7.616399765,7.57159996,7.598999977,0
3417,6/23/2015,7.607999802,7.616399765,7.579999924,7.60890007,0
3418,6/24/2015,7.604199886,7.61619997,7.579999924,7.602399826,0
3419,6/25/2015,7.607699871,7.618199825,7.579999924,7.607200146,0
3420,6/26/2015,7.605000019,7.620800018,7.579999924,7.605000019,0
3421,6/29/2015,7.735499859,7.731800079,7.590000153,7.731800079,0
3422,6/30/2015,7.603600025,7.617199898,7.579999924,7.606999874,0
3423,7/1/2015,7.617599964,7.619299889,7.598700047,7.618500233,0
3424,7/2/2015,7.60710001,7.714099884,7.598499775,7.606999874,0
3425,7/3/2015,7.703299999,7.711800098,7.690000057,7.704299927,0
3426,7/6/2015,7.780900002,7.815199852,7.62650013,7.783299923,0
3427,7/7/2015,7.707900047,7.815999985,7.696800232,7.707099915,0
3428,7/8/2015,7.809000015,7.816800117,7.796299934,7.809800148,0
3429,7/9/2015,7.807700157,7.816100121,7.796700001,7.80670023,0
3430,7/10/2015,7.806499958,7.817299843,7.798399925,7.807099819,0
3431,7/13/2015,7.83190012,7.843800068,7.729000092,7.829800129,0
3432,7/14/2015,7.80670023,7.816500187,7.789999962,7.809400082,0
3433,7/15/2015,7.806099892,7.815000057,7.796199799,7.807899952,0
3434,7/16/2015,7.806799889,7.815700054,7.797399998,7.810100079,0
3435,7/17/2015,7.803800106,7.816699982,7.798299789,7.804500103,0
3436,7/20/2015,7.810100079,7.817399979,7.722300053,7.808899879,0
3437,7/21/2015,7.806499958,7.81580019,7.795800209,7.807499886,0
3438,7/22/2015,7.808700085,7.816299915,7.797500134,7.808499813,0
3439,7/23/2015,7.808700085,7.815899849,7.789999962,7.80919981,0
3440,7/24/2015,7.80919981,7.81829977,7.798900127,7.808199883,0
3441,7/27/2015,7.810900211,7.816100121,7.781000137,7.810900211,0
3442,7/28/2015,7.806300163,7.815999985,7.799200058,7.806499958,0
3443,7/29/2015,7.806499958,7.81580019,7.798900127,7.805699825,0
3444,7/30/2015,7.810800076,7.817500114,7.798500061,7.81400013,0
3445,7/31/2015,7.805500031,7.815899849,7.782299995,7.805399895,0
3446,8/3/2015,7.817800045,7.818600178,7.798999786,7.817800045,0
3447,8/4/2015,7.804800034,7.812799931,7.796500206,7.807600021,0
3448,8/5/2015,7.807099819,7.817100048,7.797500134,7.810200214,0
3449,8/6/2015,7.807600021,7.815000057,7.799600124,7.810100079,0
3450,8/7/2015,7.806300163,7.815499783,7.789999962,7.80880022,0
3451,8/10/2015,7.807199955,7.815700054,7.798900127,7.811100006,0
3452,8/11/2015,7.808899879,7.816899776,7.796899796,7.810100079,0
3453,8/12/2015,7.807400227,7.815999985,7.797399998,7.804599762,0
3454,8/13/2015,7.804800034,7.81619978,7.798900127,7.807300091,0
3455,8/14/2015,7.803199768,7.833499908,7.7979002,7.810100079,0
3456,8/17/2015,7.822000027,7.8270998,7.797699928,7.819399834,0
3457,8/18/2015,7.806399822,7.815999985,7.795899868,7.807099819,0
3458,8/19/2015,7.804699898,7.815999985,7.798999786,7.804399967,0
3459,8/20/2015,7.807899952,7.816699982,7.796899796,7.80700016,0
3460,8/21/2015,7.806200027,7.814599991,7.795800209,7.806900024,0
3461,8/24/2015,7.8125,7.829299927,7.601699829,7.810599804,0
3462,8/25/2015,7.810100079,7.819499969,7.798399925,7.812300205,0
3463,8/26/2015,7.805399895,7.81829977,7.798399925,7.806099892,0
3464,8/27/2015,7.804999828,7.816699982,7.798699856,7.8052001,0
3465,8/28/2015,7.810299873,7.81619978,7.799499989,7.813099861,0
3466,8/31/2015,7.790599823,7.816400051,7.757400036,7.792300224,0
3467,9/1/2015,7.808300018,7.816800117,7.796999931,7.809000015,0
3468,9/2/2015,7.8052001,7.817100048,7.796500206,7.80369997,0
3469,9/3/2015,7.807899952,7.815400124,7.797999859,7.812099934,0
3470,9/4/2015,7.805399895,7.813499928,7.795899868,7.80369997,0
3471,9/7/2015,7.803100109,7.816599846,7.786799908,7.800499916,0
3472,9/8/2015,7.809700012,7.815700054,7.799799919,7.809599876,0
3473,9/9/2015,7.808400154,7.815199852,7.797500134,7.809299946,0
3474,9/10/2015,7.808199883,7.815599918,7.789999962,7.809100151,0
3475,9/11/2015,7.805099964,7.816100121,7.799099922,7.809500217,0
3476,9/14/2015,7.80189991,7.815400124,7.636400223,7.801700115,0
3477,9/15/2015,7.808300018,7.815899849,7.79820013,7.80670023,0
3478,9/16/2015,7.808499813,7.815299988,7.789999962,7.808199883,0
3479,9/17/2015,7.808400154,7.818200111,7.799699783,7.810100079,0
3480,9/18/2015,7.803199768,7.814199924,7.797500134,7.802299976,0
3481,9/21/2015,7.816800117,7.821000099,7.795400143,7.821000099,0
3482,9/22/2015,7.807700157,7.816299915,7.797699928,7.807300091,0
3483,9/23/2015,7.81430006,7.815700054,7.798299789,7.811699867,0
3484,9/24/2015,7.807400227,7.815899849,7.798900127,7.810100079,0
3485,9/25/2015,7.809400082,7.81619978,7.799600124,7.807799816,0
3486,9/28/2015,7.803800106,7.822299957,7.794700146,7.805300236,0
3487,9/29/2015,7.807600021,7.817599773,7.799200058,7.806099892,0
3488,9/30/2015,7.808599949,7.817200184,7.789999962,7.809100151,0
3489,10/1/2015,7.808100224,7.81580019,7.798799992,7.806799889,0
3490,10/2/2015,7.805799961,7.817299843,7.799399853,7.805399895,0
3491,10/5/2015,7.804399967,7.816699982,7.789599895,7.808000088,0
3492,10/6/2015,7.806300163,7.815599918,7.789999962,7.804500103,0
3493,10/7/2015,7.810100079,7.815899849,7.789999962,7.806000233,0
3494,10/8/2015,7.806200027,7.816100121,7.798900127,7.806399822,0
3495,10/9/2015,7.809299946,7.816500187,7.798600197,7.808199883,0
3496,10/12/2015,7.802599907,7.817399979,7.79610014,7.804999828,0
3497,10/13/2015,7.808199883,7.815700054,7.789999962,7.808400154,0
3498,10/14/2015,7.808100224,7.813199997,7.789999962,7.806600094,0
3499,10/15/2015,7.805300236,7.916100025,7.800600052,7.806000233,0
3500,10/16/2015,7.909399986,7.916100025,7.899600029,7.909699917,0
3501,10/19/2015,7.906000137,8.016300201,7.893300056,7.907000065,0
3502,10/20/2015,8.007900238,8.01570034,8,8.005800247,0
3503,10/21/2015,8.008399963,8.016200066,8.001600266,8.010100365,0
3504,10/22/2015,8.008199692,8.016699791,7.999100208,8.00909996,0
3505,10/23/2015,8.008299828,8.017000198,7.997300148,8.007200241,0
3506,10/26/2015,8.002200127,8.015500069,7.981200218,8.00399971,0
3507,10/27/2015,8.001399994,8.01720047,7.999899864,8.007399559,0
3508,10/28/2015,8.005599976,8.016400337,7.999000072,8.007699966,0
3509,10/29/2015,8.008799553,8.015299797,7.998700142,8.012000084,0
3510,10/30/2015,8.007800102,8.015899658,7.998400211,8.008899689,0
3511,11/2/2015,7.996900082,8.015999794,7.983500004,7.997300148,0
3512,11/3/2015,8.008600235,8.015800476,7.989999771,8.007800102,0
3513,11/4/2015,8.009900093,8.015500069,7.99849987,8.009699821,0
3514,11/5/2015,8.004400253,8.032099724,7.997799873,8.006299973,0
3515,11/6/2015,8.005800247,8.015999794,7.99630022,8.007900238,0
3516,11/9/2015,8.01099968,8.016799927,7.966400146,8.014499664,0
3517,11/10/2015,8.008600235,8.0145998,7.998700142,8.008199692,0
3518,11/11/2015,8.007900238,8.015000343,7.795599937,8.007800102,0
3519,11/12/2015,7.809299946,7.815100193,7.795499802,7.807899952,0
3520,11/13/2015,7.806300163,7.815999985,7.796299934,7.81069994,0
3521,11/16/2015,7.861499786,7.859600067,7.796800137,7.859600067,0
3522,11/17/2015,7.806399822,7.815100193,7.798900127,7.806499958,0
3523,11/18/2015,7.805699825,7.814700127,7.797100067,7.806300163,0
3524,11/19/2015,7.807700157,7.81619978,7.797999859,7.806399822,0
3525,11/20/2015,7.805300236,7.816800117,7.797800064,7.805300236,0
3526,11/23/2015,7.719900131,7.841899872,7.718999863,7.71969986,0
3527,11/24/2015,7.804999828,7.814799786,7.797500134,7.803899765,0
3528,11/25/2015,7.804800034,7.815899849,7.798699856,7.807400227,0
3529,11/26/2015,7.806499958,7.815000057,7.800000191,7.808499813,0
3530,11/27/2015,7.805799961,7.815299988,7.798500061,7.804599762,0
3531,11/30/2015,7.816500187,7.82310009,7.679999828,7.813099861,0
3532,12/1/2015,7.807499886,7.81400013,7.796899796,7.80700016,0
3533,12/2/2015,7.807600021,7.81619978,7.797699928,7.807600021,0
3534,12/3/2015,7.805699825,7.838900089,7.789899826,7.805699825,0
3535,12/4/2015,7.808400154,7.81799984,7.796500206,7.807600021,0
3536,12/7/2015,7.802499771,7.815700054,7.700200081,7.801499844,0
3537,12/8/2015,7.807499886,7.815299988,7.79820013,7.808300018,0
3538,12/9/2015,7.8052001,7.816100121,7.797399998,7.805600166,0
3539,12/10/2015,7.808100224,7.815899849,7.799099922,7.808400154,0
3540,12/11/2015,7.803800106,7.815199852,7.797800064,7.804900169,0
3541,12/14/2015,7.685900211,7.835000038,7.684100151,7.686999798,0
3542,12/15/2015,7.807700157,7.816100121,7.799499989,7.80880022,0
3543,12/16/2015,7.806300163,7.815400124,7.798900127,7.807799816,0
3544,12/17/2015,7.806099892,7.81619978,7.799200058,7.807400227,0
3545,12/18/2015,7.805399895,7.815700054,7.797299862,7.805799961,0
3546,12/21/2015,7.808400154,7.815000057,7.789999962,7.808199883,0
3547,12/22/2015,7.809100151,7.814899921,7.798900127,7.807899952,0
3548,12/23/2015,7.807499886,7.815899849,7.799099922,7.80670023,0
3549,12/24/2015,7.804599762,7.815400124,7.798299789,7.804599762,0
3550,12/25/2015,7.678999901,7.824399948,7.67869997,7.681099892,0
3551,12/28/2015,7.680099964,7.815499783,7.673399925,7.680799961,0
3552,12/29/2015,7.805500031,7.815299988,7.798299789,7.804699898,0
3553,12/30/2015,7.805799961,7.813899994,7.798500061,7.807099819,0
3554,12/31/2015,7.805699825,7.814499855,7.797800064,7.805099964,0
3555,1/1/2016,7.71600008,7.804999828,7.71239996,7.71600008,0
3556,1/4/2016,7.720300198,7.826000214,7.717000008,7.719900131,0
3557,1/5/2016,7.809000015,7.81580019,7.799499989,7.810400009,0
3558,1/6/2016,7.807300091,7.817599773,7.7979002,7.807300091,0
3559,1/7/2016,7.807199955,7.815999985,7.797500134,7.805699825,0
3560,1/8/2016,7.807499886,7.817399979,7.796700001,7.806399822,0
3561,1/11/2016,7.646299839,7.821000099,7.645199776,7.645899773,0
3562,1/12/2016,7.805699825,7.816999912,7.799099922,7.806600094,0
3563,1/13/2016,7.809599876,7.815999985,7.798299789,7.809999943,0
3564,1/14/2016,7.805099964,7.816400051,7.799499989,7.806200027,0
3565,1/15/2016,7.806399822,7.816699982,7.7979002,7.806300163,0
3566,1/18/2016,7.679399967,7.827400208,7.676199913,7.681200027,0
3567,1/19/2016,7.808599949,7.817800045,7.789999962,7.808700085,0
3568,1/20/2016,7.805500031,7.816599846,7.798699856,7.804100037,0
3569,1/21/2016,7.807099819,7.817800045,7.798099995,7.807499886,0
3570,1/22/2016,7.812300205,7.814499855,7.796500206,7.806799889,0
3571,1/25/2016,7.807400227,7.815199852,7.700399876,7.807700157,0
3572,1/26/2016,7.804599762,7.81430006,7.798699856,7.80340004,0
3573,1/27/2016,7.80700016,7.815000057,7.798600197,7.808000088,0
3574,1/28/2016,7.806399822,7.815299988,7.797200203,7.808499813,0
3575,1/29/2016,7.810900211,7.816500187,7.798799992,7.811299801,0
3576,2/1/2016,7.755400181,7.814700127,7.735799789,7.754700184,0
3577,2/2/2016,7.808899879,7.813000202,7.799499989,7.809299946,0
3578,2/3/2016,7.80880022,7.815499783,7.798600197,7.809500217,0
3579,2/4/2016,7.804299831,7.817399979,7.797999859,7.802199841,0
3580,2/5/2016,7.810100079,7.817200184,7.798099995,7.808899879,0
3581,2/8/2016,7.818900108,7.82889986,7.789999962,7.818200111,0
3582,2/9/2016,7.807099819,7.816999912,7.7979002,7.806399822,0
3583,2/10/2016,7.806499958,7.817599773,7.798900127,7.805500031,0
3584,2/11/2016,7.808899879,7.81619978,7.798900127,7.806799889,0
3585,2/12/2016,7.806499958,7.81619978,7.799900055,7.806799889,0
3586,2/15/2016,7.73360014,7.816500187,7.723999977,7.733200073,0
3587,2/16/2016,7.804200172,7.815299988,7.799799919,7.802100182,0
3588,2/17/2016,7.808300018,7.816800117,7.798999786,7.808300018,0
3589,2/18/2016,7.811299801,7.815899849,7.799399853,7.811299801,0
3590,2/19/2016,7.805699825,7.817100048,7.798799992,7.805399895,0
3591,2/22/2016,7.681799889,7.834700108,7.679699898,7.680799961,0
3592,2/23/2016,7.806399822,7.815700054,7.799600124,7.807400227,0
3593,2/24/2016,7.80369997,7.817299843,7.799200058,7.805099964,0
3594,2/25/2016,7.809899807,7.816100121,7.79820013,7.809500217,0
3595,2/26/2016,7.804200172,7.817100048,7.798999786,7.803199768,0
3596,2/29/2016,7.763100147,7.816100121,7.747499943,7.763800144,0
3597,3/1/2016,7.806399822,7.81580019,7.797699928,7.806000233,0
3598,3/2/2016,7.804500103,7.815599918,7.798900127,7.804900169,0
3599,3/3/2016,7.806799889,7.815499783,7.7979002,7.806399822,0
3600,3/4/2016,7.807300091,7.821199894,7.785900116,7.809400082,0
3601,3/7/2016,7.687399864,7.823200226,7.684999943,7.68599987,0
3602,3/8/2016,7.809500217,7.815599918,7.798799992,7.807499886,0
3603,3/9/2016,7.803800106,7.820700169,7.798500061,7.804200172,0
3604,3/10/2016,7.809700012,7.815599918,7.793499947,7.807300091,0
3605,3/11/2016,7.808899879,7.816899776,7.797100067,7.809500217,0
3606,3/14/2016,7.652200222,8.936400414,7.653699875,7.653699875,0
3607,3/15/2016,8.927200317,8.93710041,8.918100357,8.928600311,0
3608,3/16/2016,8.925499916,8.936200142,8.85529995,8.925499916,0
3609,3/17/2016,8.853899956,8.899999619,8.848600388,8.856100082,0
3610,3/18/2016,8.857899666,8.866200447,8.848799706,8.8604002,0
3611,3/21/2016,8.852000237,8.866100311,8.8458004,8.852800369,0
3612,3/22/2016,8.859700203,8.866000175,8.847999573,8.8604002,0
3613,3/23/2016,8.858400345,8.868300438,8.747400284,8.857600212,0
3614,3/24/2016,8.858599663,8.86590004,8.752200127,8.859399796,0
3615,3/25/2016,8.874099731,8.877599716,8.727199554,8.869700432,0
3616,3/28/2016,8.874799728,8.879099846,8.693300247,8.875200272,0
3617,3/29/2016,8.840399742,8.866399765,8.840000153,8.84280014,0
3618,3/30/2016,8.856900215,8.876600266,8.749799728,8.859999657,0
3619,3/31/2016,8.857500076,8.866299629,8.848400116,8.859499931,0
3620,4/1/2016,8.857999802,8.866900444,8.849200249,8.858300209,0
3621,4/4/2016,8.860899925,8.867500305,8.758199692,8.857000351,0
3622,4/5/2016,8.85890007,8.864999771,8.845399857,8.857099533,0
3623,4/6/2016,8.860799789,8.866200447,8.838199615,8.861499786,0
3624,4/7/2016,8.854399681,8.866900444,8.848799706,8.858699799,0
3625,4/8/2016,8.859100342,8.865599632,8.849599838,8.863400459,0
3626,4/11/2016,8.855400085,8.867199898,8.751199722,8.853099823,0
3627,4/12/2016,8.858300209,8.869400024,8.848899841,8.859900475,0
3628,4/13/2016,8.857600212,8.866000175,8.850000381,8.858300209,0
3629,4/14/2016,8.855699539,8.865599632,8.757399559,8.85529995,0
3630,4/15/2016,8.855699539,8.866700172,8.849399567,8.856800079,0
3631,4/18/2016,8.851799965,8.866700172,8.757499695,8.850199699,0
3632,4/19/2016,8.85779953,8.866499901,8.848899841,8.858699799,0
3633,4/20/2016,8.854999542,8.869799614,8.755700111,8.856200218,0
3634,4/21/2016,8.855199814,8.870400429,8.836299896,8.854100227,0
3635,4/22/2016,8.857000351,8.865599632,8.848199844,8.85739994,0
3636,4/25/2016,8.854700089,8.865200043,8.841300011,8.854700089,0
3637,4/26/2016,8.85739994,8.866100311,8.755399704,8.858200073,0
3638,4/27/2016,8.860199928,8.867099762,8.848999977,8.858599663,0
3639,4/28/2016,8.854499817,8.866900444,8.849900246,8.854299545,0
3640,4/29/2016,8.856599808,8.86590004,8.849399567,8.854999542,0
3641,5/2/2016,8.853099823,8.866900444,8.682800293,8.853899956,0
3642,5/3/2016,8.856800079,8.866299629,8.84980011,8.859999657,0
3643,5/4/2016,8.856200218,8.866800308,8.761699677,8.857099533,0
3644,5/5/2016,8.859600067,8.864800453,8.848500252,8.85739994,0
3645,5/6/2016,8.857899666,8.867199898,8.848199844,8.861100197,0
3646,5/9/2016,8.870900154,8.874099731,8.757900238,8.870900154,0
3647,5/10/2016,8.857600212,8.864999771,8.747699738,8.859499931,0
3648,5/11/2016,8.855799675,8.865099907,8.84980011,8.859999657,0
3649,5/12/2016,8.85739994,8.866399765,8.850099564,8.85739994,0
3650,5/13/2016,8.856699944,8.864700317,8.850799561,8.859999657,0
3651,5/16/2016,8.850799561,8.864600182,8.753299713,8.850399971,0
3652,5/17/2016,8.858499527,8.865400314,8.848999977,8.85779953,0
3653,5/18/2016,8.857700348,8.865599632,8.850000381,8.857700348,0
3654,5/19/2016,8.855600357,8.866600037,8.848600388,8.854800224,0
3655,5/20/2016,8.855500221,8.871299744,8.749099731,8.858200073,0
3656,5/23/2016,8.858499527,8.866100311,8.840000153,8.860099792,0
3657,5/24/2016,8.855699539,8.86550045,8.849599838,8.855600357,0
3658,5/25/2016,8.856200218,8.864299774,8.847599983,8.85779953,0
3659,5/26/2016,8.853300095,8.866900444,8.849300385,8.85490036,0
3660,5/27/2016,8.856699944,8.866299629,8.848999977,8.856300354,0
3661,5/30/2016,8.865400314,8.874099731,8.746600151,8.866600037,0
3662,5/31/2016,8.854599953,8.865099907,8.850299835,8.85739994,0
3663,6/1/2016,8.855699539,8.86950016,8.849200249,8.856200218,0
3664,6/2/2016,8.855699539,8.865300179,8.850399971,8.859999657,0
3665,6/3/2016,8.856599808,8.867199898,8.844400406,8.857000351,0
3666,6/6/2016,8.877799988,8.886199951,8.849399567,8.876899719,0
3667,6/7/2016,8.852899551,8.866000175,8.847499847,8.853300095,0
3668,6/8/2016,8.858400345,8.863599777,8.849499702,8.857600212,0
3669,6/9/2016,8.856300354,8.865799904,8.84869957,8.85779953,0
3670,6/10/2016,8.857099533,8.867099762,8.847599983,8.860300064,0
3671,6/13/2016,8.868700027,8.872699738,8.84829998,8.868300438,0
3672,6/14/2016,8.860799789,8.86590004,8.800000191,8.860799789,0
3673,6/15/2016,8.856699944,8.866499901,8.849100113,8.856100082,0
3674,6/16/2016,8.858099937,8.866600037,8.846599579,8.857700348,0
3675,6/17/2016,8.853599548,8.865799904,8.848600388,8.857899666,0
3676,6/20/2016,8.684300423,8.865200043,8.654000282,8.67840004,0
3677,6/21/2016,8.855400085,8.86590004,8.849100113,8.859999657,0
3678,6/22/2016,8.85739994,8.866999626,8.848999977,8.85739994,0
3679,6/23/2016,8.860600471,8.866100311,8.841600418,8.860099792,0
3680,6/24/2016,8.858300209,8.873900414,8.826100349,8.859399796,0
3681,6/27/2016,8.75909996,8.964699745,8.751199722,8.753600121,0
3682,6/28/2016,8.858200073,8.866900444,8.758700371,8.858200073,0
3683,6/29/2016,8.757100105,8.867099762,8.750100136,8.756899834,0
3684,6/30/2016,8.857500076,8.866200447,8.847399712,8.859900475,0
3685,7/1/2016,8.862299919,8.865400314,8.737099648,8.859999657,0
3686,7/4/2016,8.741499901,8.866700172,8.737600327,8.741600037,0
3687,7/5/2016,8.857299805,8.866800308,8.848400116,8.856800079,0
3688,7/6/2016,8.855199814,8.866100311,8.847599983,8.854000092,0
3689,7/7/2016,8.854499817,8.866700172,8.84829998,8.853699684,0
3690,7/8/2016,8.855600357,8.866499901,8.846099854,8.857600212,0
3691,7/11/2016,8.865699768,8.869999886,8.751399994,8.865300179,0
3692,7/12/2016,8.857700348,8.869400024,8.746500015,8.857600212,0
3693,7/13/2016,8.861499786,8.869999886,8.848999977,8.859900475,0
3694,7/14/2016,8.857899666,8.865799904,8.849399567,8.856900215,0
3695,7/15/2016,8.858499527,8.867600441,8.840000153,8.856499672,0
3696,7/18/2016,8.842599869,8.867799759,8.754400253,8.83920002,0
3697,7/19/2016,8.856399536,8.864899635,8.850500107,8.856800079,0
3698,7/20/2016,8.857899666,8.865300179,8.829999924,8.857500076,0
3699,7/21/2016,8.85739994,8.866700172,8.747599602,8.85929966,0
3700,7/22/2016,8.856499672,8.86550045,8.829999924,8.855899811,0
3701,7/25/2016,8.85890007,8.87250042,8.840000153,8.859399796,0
3702,7/26/2016,8.858799934,8.867500305,8.840000153,8.85929966,0
3703,7/27/2016,8.854599953,8.86400032,8.757599831,8.854599953,0
3704,7/28/2016,8.854200363,8.865400314,8.840000153,8.860300064,0
3705,7/29/2016,8.858400345,8.86590004,8.829999924,8.859000206,0
3706,8/1/2016,8.866100311,8.866299629,8.691300392,8.866100311,0
3707,8/2/2016,8.856200218,8.866700172,8.829999924,8.859999657,0
3708,8/3/2016,8.857500076,8.865200043,8.755999565,8.858400345,0
3709,8/4/2016,8.855899811,8.865699768,8.829999924,8.856900215,0
3710,8/5/2016,8.854299545,8.866000175,8.84829998,8.854200363,0
3711,8/8/2016,8.854100227,8.865599632,8.758899689,8.855500221,0
3712,8/9/2016,8.858599663,8.864800453,8.848799706,8.857000351,0
3713,8/10/2016,8.857299805,8.864800453,8.840000153,8.855199814,0
3714,8/11/2016,8.859600067,8.86400032,8.75039959,8.858799934,0
3715,8/12/2016,8.855899811,8.866800308,8.840000153,8.855999947,0
3716,8/15/2016,8.878199577,8.885899544,8.753199577,8.877099991,0
3717,8/16/2016,8.87539959,8.888899803,8.840000153,8.875599861,0
3718,8/17/2016,8.877699852,8.884300232,8.850000381,8.877699852,0
3719,8/18/2016,8.876299858,8.893300056,8.850000381,8.880000114,0
3720,8/19/2016,8.854800224,8.884599686,8.850399971,8.876399994,0
3721,8/22/2016,8.898099899,8.916099548,8.754599571,8.898400307,0
3722,8/23/2016,8.876799583,8.884599686,8.850000381,8.875900269,0
3723,8/24/2016,8.877799988,8.884599686,8.85229969,8.877699852,0
3724,8/25/2016,8.878000259,8.883199692,8.75949955,8.878499985,0
3725,8/26/2016,8.857600212,8.891799927,8.846099854,8.857600212,0
3726,8/29/2016,8.820199966,8.885000229,8.754599571,8.818699837,0
3727,8/30/2016,8.875800133,8.885700226,8.753299713,8.87749958,0
3728,8/31/2016,8.876899719,8.88449955,8.753199577,8.87650013,0
3729,9/1/2016,8.876600266,8.889100075,8.850600243,8.877400398,0
3730,9/2/2016,8.873700142,8.884599686,8.852899551,8.873800278,0
3731,9/5/2016,8.857000351,8.885899544,8.842000008,8.877699852,0
3732,9/6/2016,8.875200272,8.885700226,8.755900383,8.876000404,0
3733,9/7/2016,8.876899719,8.885399818,8.756099701,8.882200241,0
3734,9/8/2016,8.877099991,8.886300087,8.850000381,8.878199577,0
3735,9/9/2016,8.87749958,8.883899689,8.850500107,8.878000259,0
3736,9/12/2016,8.894800186,8.89770031,8.755700111,8.895999908,0
3737,9/13/2016,8.876199722,8.887700081,8.850799561,8.878700256,0
3738,9/14/2016,8.874799728,8.885800362,8.752799988,8.874899864,0
3739,9/15/2016,8.877200127,8.88449955,8.848899841,8.878299713,0
3740,9/16/2016,8.854200363,8.885800362,8.854200363,8.854200363,0
3741,9/19/2016,8.87650013,8.918600082,8.786899567,8.87650013,0
3742,9/20/2016,8.876299858,8.883899689,8.853599548,8.878499985,0
3743,9/21/2016,8.87539959,8.885499954,8.850899696,8.87749958,0
3744,9/22/2016,8.879400253,8.886300087,8.851499557,8.877400398,0
3745,9/23/2016,8.876999855,8.885199547,8.853300095,8.878399849,0
3746,9/26/2016,8.735099792,8.885100365,8.731100082,8.734199524,0
3747,9/27/2016,8.87650013,8.885800362,8.852199554,8.875699997,0
3748,9/28/2016,8.877900124,8.885499954,8.850199699,8.877400398,0
3749,9/29/2016,8.876799583,8.883600235,8.853899956,8.877099991,0
3750,9/30/2016,8.857299805,8.884900093,8.852499962,8.87650013,0
3751,10/3/2016,8.883199692,8.888999939,8.690799713,8.87749958,0
3752,10/4/2016,8.861200333,8.87749958,8.84430027,8.859999657,0
3753,10/5/2016,8.857500076,8.87749958,8.849399567,8.859999657,0
3754,10/6/2016,8.860799789,8.884900093,8.84980011,8.859999657,0
3755,10/7/2016,8.876000404,8.886699677,8.851400375,8.87749958,0
3756,10/10/2016,8.859600067,8.888199806,8.85379982,8.878800392,0
3757,10/11/2016,8.879099846,8.886199951,8.851400375,8.878299713,0
3758,10/12/2016,8.877099991,8.88599968,8.850000381,8.879300117,0
3759,10/13/2016,8.878199577,8.886300087,8.850600243,8.87749958,0
3760,10/14/2016,8.882599831,8.886199951,8.853099823,8.87749958,0
3761,10/17/2016,8.779299736,8.899800301,8.761599541,8.780099869,0
3762,10/18/2016,8.872799873,8.885100365,8.849100113,8.87749958,0
3763,10/19/2016,8.879699707,8.887200356,8.850999832,8.87749958,0
3764,10/20/2016,8.874500275,8.885800362,8.850000381,8.87749958,0
3765,10/21/2016,8.875599861,8.886400223,8.850500107,8.87749958,0
3766,10/24/2016,8.877599716,8.894300461,8.751299858,8.87749958,0
3767,10/25/2016,8.879300117,8.883999825,8.850899696,8.87749958,0
3768,10/26/2016,8.876799583,8.886400223,8.849100113,8.87749958,0
3769,10/27/2016,8.876899719,8.886799812,8.851799965,8.87749958,0
3770,10/28/2016,8.857199669,8.884900093,8.851099968,8.87749958,0
3771,10/31/2016,8.878299713,8.897199631,8.853599548,8.879500389,0
3772,11/1/2016,8.875200272,8.88449955,8.848899841,8.87650013,0
3773,11/2/2016,8.87749958,8.884200096,8.851599693,8.876099586,0
3774,11/3/2016,8.878199577,14.15250015,8.848899841,8.875900269,0
3775,11/4/2016,15.24300003,15.74499989,15.22099972,15.24100018,0
3776,11/7/2016,15.37950039,16.8864994,15.23200035,15.38150024,0
3777,11/8/2016,16.86100006,18.00499916,16.70400047,16.72699928,0
3778,11/9/2016,18.00349998,18.02949905,16.99500084,17.97299957,0
3779,11/10/2016,17.0189991,17.38100052,16.35499954,17.01849937,0
3780,11/11/2016,16.85499954,16.8579998,16.18799973,16.8465004,0
3781,11/14/2016,16.35250092,16.62400055,15.26799965,16.35199928,0
3782,11/15/2016,15.47799969,15.77200031,15.17000008,15.4715004,0
3783,11/16/2016,15.42000008,15.85159969,15.34889984,15.42399979,0
3784,11/17/2016,15.71749973,16.03000069,15.44489956,15.71549988,0
3785,11/18/2016,16.04150009,16.15699959,15.45549965,16.03849983,0
3786,11/21/2016,16.23200035,17.75499916,15.63399982,16.22999954,0
3787,11/22/2016,17.37599945,17.67000008,17.31399918,17.36849976,0
3788,11/23/2016,17.62249947,17.75499916,17.32749939,17.62050056,0
3789,11/24/2016,17.44650078,17.77000046,17.39299965,17.44599915,0
3790,11/25/2016,17.59399986,17.68099976,17.42499924,17.59399986,0
3791,11/28/2016,17.63750076,17.85700035,17.29500008,17.63750076,0
3792,11/29/2016,17.71549988,18.13199997,17.6154995,17.71750069,0
3793,11/30/2016,17.97450066,18.10499954,17.71999931,17.97249985,0
3794,12/1/2016,17.83250046,18.25699997,17.63949966,17.83399963,0
3795,12/2/2016,17.82550049,17.99850082,17.63949966,17.83200073,0
3796,12/5/2016,18.09000015,18.12299919,17.5965004,17.99300003,0
3797,12/6/2016,17.92000008,18.10099983,17.51790047,17.92000008,0
3798,12/7/2016,17.89649963,18.18000031,17.79199982,17.89649963,0
3799,12/8/2016,18.08749962,18.28000069,17.8920002,18.10099983,0
3800,12/9/2016,18.09049988,18.28380013,17.94499969,18.08950043,0
3801,12/12/2016,18.07749939,18.39900017,18.01980019,18.07900047,0
3802,12/13/2016,18.1704998,18.57990074,18.05520058,18.17700005,0
3803,12/14/2016,18.40299988,18.91399956,18.21750069,18.40299988,0
3804,12/15/2016,18.47550011,18.80200005,18.20000076,18.47999954,0
3805,12/16/2016,18.40200043,18.69599915,18.2385006,18.39699936,0
3806,12/19/2016,18.25499916,19.31200027,18.21699905,18.25200081,0
3807,12/20/2016,19.19099998,19.68000031,19.00099945,19.19400024,0
3808,12/21/2016,19.60300064,19.65500069,18.86499977,19.60899925,0
3809,12/22/2016,18.99300003,19.62999916,18.60099983,18.99200058,0
3810,12/23/2016,18.97400093,19.12599945,18.71199989,18.97299957,0
3811,12/26/2016,18.89800072,18.9260006,18.875,18.90500069,0
3812,12/27/2016,18.89800072,19.50399971,18.66200066,18.89900017,0
3813,12/28/2016,19.04400063,19.44000053,18.61199951,19.03849983,0
3814,12/29/2016,18.77099991,19.18000031,17.91749954,18.77799988,0
3815,12/30/2016,18.10350037,18.48200035,18.08699989,18.09799957,0
3816,1/2/2017,18.09399986,18.85300064,17.86199951,18.09399986,0
3817,1/3/2017,18.06900024,18.73399925,17.89999962,18.06900024,0
3818,1/4/2017,18.19499969,18.62299919,17.93899918,18.19799995,0
3819,1/5/2017,18.19599915,19.00799942,17.94449997,18.19549942,0
3820,1/6/2017,18.0454998,18.20700073,17.89999962,18.05200005,0
3821,1/9/2017,17.95700073,18.70700073,17.93199921,17.95750046,0
3822,1/10/2017,18.34350014,18.95700073,18.14550018,18.34950066,0
3823,1/11/2017,18.68950081,19.00600052,18.5189991,18.68799973,0
3824,1/12/2017,18.67000008,19.12899971,18.50349998,18.6685009,0
3825,1/13/2017,18.89349937,18.9090004,18.58849907,18.89150047,0
3826,1/16/2017,18.91749954,19.07049942,18.4810009,18.9185009,0
3827,1/17/2017,18.89850044,19.11499977,18.61499977,18.90200043,0
3828,1/18/2017,18.6685009,19.09900093,18.59399986,18.66799927,0
3829,1/19/2017,18.87649918,19.10199928,18.6135006,18.87150002,0
3830,1/20/2017,18.8654995,18.88500023,18.61750031,18.87199974,0
3831,1/23/2017,18.73999977,19.01749992,18.5720005,18.63199997,0
3832,1/24/2017,18.97400093,19.00499916,18.67200089,18.96699905,0
3833,1/25/2017,18.94650078,18.96199989,18.79999924,18.95050049,0
3834,1/26/2017,18.86750031,19.00499916,18.67749977,18.8654995,0
3835,1/27/2017,18.6875,18.81999969,18.59499931,18.68650055,0
3836,1/30/2017,18.66900063,19.00499916,18.62050056,18.6609993,0
3837,1/31/2017,18.86750031,19.00499916,18.68899918,18.87199974,0
3838,2/1/2017,18.6970005,19.00300026,18.59499931,18.70350075,0
3839,2/2/2017,18.81100082,18.9260006,18.34799957,18.80800056,0
3840,2/3/2017,18.34449959,18.72100067,18.32900047,18.34250069,0
3841,2/6/2017,18.53100014,18.76099968,18.31570053,18.42099953,0
3842,2/7/2017,18.43099976,18.4829998,18.19330025,18.42449951,0
3843,2/8/2017,18.27949905,18.47100067,17.96269989,18.2859993,0
3844,2/9/2017,17.97249985,18.17000008,17.61569977,17.96999931,0
3845,2/10/2017,17.61949921,17.8920002,17.59900093,17.62350082,0
3846,2/13/2017,17.73600006,17.91699982,16.81999969,17.73500061,0
3847,2/14/2017,16.96649933,17.12800026,16.41300011,16.96549988,0
3848,2/15/2017,16.46949959,16.62030029,16.31399918,16.46850014,0
3849,2/16/2017,16.46649933,16.56999969,15.91769981,16.46800041,0
3850,2/17/2017,16.0170002,16.50399971,15.96249962,16.0114994,0
3851,2/20/2017,15.94449997,16.44400024,15.67000008,15.94950008,0
3852,2/21/2017,15.77600002,15.86999989,15.68999958,15.77799988,0
3853,2/22/2017,15.71749973,15.85999966,15.69400024,15.71650028,0
3854,2/23/2017,15.76599979,15.93000031,15.68869972,15.7670002,0
3855,2/24/2017,15.92599964,15.93200016,15.70600033,15.91849995,0
3856,2/27/2017,15.75300026,15.97000027,15.69050026,15.79399967,0
3857,2/28/2017,15.97049999,15.97999954,15.60700035,15.9715004,0
3858,3/1/2017,15.77029991,16.19949913,15.69250011,15.77169991,0
3859,3/2/2017,16.17300034,16.43400002,16.01549911,16.1779995,0
3860,3/3/2017,16.16399956,16.18099976,16.11100006,16.16500092,0
3861,3/6/2017,16.11949921,16.92499924,15.90799999,16.12599945,0
3862,3/7/2017,16.81979942,17.57999992,16.71769905,16.81699944,0
3863,3/8/2017,17.47050095,17.87800026,17.36969948,17.47699928,0
3864,3/9/2017,17.66749954,17.95999908,17.51000023,17.67350006,0
3865,3/10/2017,17.51749992,17.67700005,17.39999962,17.51749992,0
3866,3/13/2017,17.48649979,18.02199936,17.24399948,17.48900032,0
3867,3/14/2017,17.68600082,18.12999916,17.61000061,17.68600082,0
3868,3/15/2017,18.01950073,18.30200005,17.87999916,18.02599907,0
3869,3/16/2017,18.06900024,18.29199982,18,18.06949997,0
3870,3/17/2017,18.125,18.13899994,18,18.12750053,0
3871,3/20/2017,18.02350044,18.29599953,17.96100044,18.02300072,0
3872,3/21/2017,18.17499924,18.28300095,18.00799942,18.17550087,0
3873,3/22/2017,18.12100029,18.29500008,18.0170002,18.11700058,0
3874,3/23/2017,17.96850014,18.2840004,17.96199989,17.97299957,0
3875,3/24/2017,18.09000015,18.12999916,18,18.09049988,0
3876,3/27/2017,17.95000076,18.2670002,17.91200066,17.94400024,0
3877,3/28/2017,18.20369911,18.2310009,18.01799965,18.20499992,0
3878,3/29/2017,18.21199989,18.23600006,18.01469994,18.21500015,0
3879,3/30/2017,18.20700073,18.23500061,18.01749992,18.20999908,0
3880,3/31/2017,18.21050072,18.22200012,18.01429939,18.20999908,0
3881,4/3/2017,17.99449921,18.22100067,17.96500015,18.03000069,0
3882,4/4/2017,18.0965004,18.14999962,17.96570015,18.0984993,0
3883,4/5/2017,18.04000092,18.08989906,17.93099976,18.03750038,0
3884,4/6/2017,17.96899986,18.12400055,17.85300064,17.96999931,0
3885,4/7/2017,18.02050018,18.05999947,17.96050072,18.02000046,0
3886,4/10/2017,17.99200058,18.12100029,17.96500015,17.96999931,0
3887,4/11/2017,17.97800064,18.10700035,17.96199989,17.96999931,0
3888,4/12/2017,18.01749992,18.14500046,17.96829987,18.02000046,0
3889,4/13/2017,18.12599945,18.15299988,17.96629906,18.12050056,0
3890,4/14/2017,18.14100075,18.15500069,18,18.13549995,0
3891,4/17/2017,18.14550018,18.15200043,18.04450035,18.13999939,0
3892,4/18/2017,18.08650017,18.15500069,17.96629906,18.08650017,0
3893,4/19/2017,18.12649918,18.14900017,17.9640007,18.125,0
3894,4/20/2017,18.13500023,18.17499924,17.9666996,18.12999916,0
3895,4/21/2017,18.06949997,18.08300018,18.05850029,18.06999969,0
3896,4/24/2017,17.82999992,18.17499924,17.81800079,17.8220005,0
3897,4/25/2017,18.14999962,18.16399956,17.96299934,18.15999985,0
3898,4/26/2017,17.96500015,18.15800095,17.95599937,17.96999931,0
3899,4/27/2017,17.96949959,18.11499977,17.96150017,17.96999931,0
3900,4/28/2017,18.02000046,18.04999924,17.92300034,18.02000046,0
3901,5/1/2017,18.00550079,18.10849953,17.96299934,18.02000046,0
3902,5/2/2017,18.09900093,18.11750031,17.97050095,18.0909996,0
3903,5/3/2017,18.07999992,18.14100075,17.96999931,18.07999992,0
3904,5/4/2017,18.08399963,18.12999916,17.96529961,18.09300041,0
3905,5/5/2017,18.09499931,18.11100006,18.08550072,18.09499931,0
3906,5/8/2017,18.11499977,18.11599922,17.97100067,18.05999947,0
3907,5/9/2017,18.08449936,18.125,17.96800041,18.08499908,0
3908,5/10/2017,18.06999969,18.12000084,17.94300079,18.06999969,0
3909,5/11/2017,18.07999992,18.12700081,17.9666996,18.07999992,0
3910,5/12/2017,18.02799988,18.09000015,17.91500092,18.02000046,0
3911,5/15/2017,18.03800011,18.11249924,17.96199989,18.01989937,0
3912,5/16/2017,18.08799934,18.11700058,17.96299934,18.08499908,0
3913,5/17/2017,18.09199905,18.12000084,17.96769905,18.08499908,0
3914,5/18/2017,18.06949997,18.12000084,17.96750069,18.06999969,0
3915,5/19/2017,18.07900047,18.08300018,18.01300049,18.06999969,0
3916,5/22/2017,18.0284996,18.0916996,17.96730042,18.02000046,0
3917,5/23/2017,18.04400063,18.08749962,17.96649933,18.04800034,0
3918,5/24/2017,18.03300095,18.10000038,17.96529961,18.02449989,0
3919,5/25/2017,18.08699989,18.10000038,17.96299934,18.08499908,0
3920,5/26/2017,18.06349945,18.08099937,18.05649948,18.06500053,0
3921,5/29/2017,18.08049965,18.11300087,17.96529961,18.06500053,0
3922,5/30/2017,18.08550072,18.11000061,17.96299934,18.08499908,0
3923,5/31/2017,17.97200012,18.13100052,17.96150017,17.96999931,0
3924,6/1/2017,18.07550049,18.11499977,17.95949936,18.07699966,0
3925,6/2/2017,17.97260094,18.06999969,17.96050072,17.97649956,0
3926,6/5/2017,17.9734993,18.11750031,17.77199936,17.96999931,0
3927,6/6/2017,18.09399986,18.12100029,17.97069931,18.09499931,0
3928,6/7/2017,18.0965004,18.11899948,17.96800041,18.09499931,0
3929,6/8/2017,18.10350037,18.12750053,17.9442997,18.10000038,0
3930,6/9/2017,18.0984993,18.11499977,18.00200081,18.10000038,0
3931,6/12/2017,18.10400009,18.11750031,17.95400047,18.09250069,0
3932,6/13/2017,18.07999992,18.13249969,17.96500015,18.06999969,0
3933,6/14/2017,18.10549927,18.13199997,17.96529961,18.10499954,0
3934,6/15/2017,17.97699928,18.14500046,17.96050072,17.96999931,0
3935,6/16/2017,18.125,18.13100052,18.10549927,18.11499977,0
3936,6/19/2017,18.09950066,18.14999962,17.96249962,18.11499977,0
3937,6/20/2017,17.97050095,18.14049911,17.96199989,17.97050095,0
3938,6/21/2017,18.12100029,18.14999962,17.96699905,18.1135006,0
3939,6/22/2017,18.11149979,18.12999916,17.96850014,18.11149979,0
3940,6/23/2017,18.11899948,18.12599945,18.04999924,18.11199951,0
3941,6/26/2017,18.10549927,18.12899971,18.01399994,18.11199951,0
3942,6/27/2017,18.11800003,18.12800026,18.06999969,18.11199951,0
3943,6/28/2017,18.11300087,18.15099907,17.94400024,18.11400032,0
3944,6/29/2017,18.09799957,18.10499954,18.07999992,18.0890007,0
3945,6/30/2017,18.09799957,18.10400009,17.98600006,18.09000015,0
3946,7/3/2017,18.09449959,18.13800049,17.84429932,18.09000015,0
3947,7/4/2017,17.92000008,17.98999977,17.77000046,17.93000031,0
3948,7/5/2017,17.81699944,17.96999931,17.75799942,17.81999969,0
3949,7/6/2017,17.85050011,17.97999954,17.73999977,17.85000038,0
3950,7/7/2017,17.84199905,17.87000084,17.83099937,17.85000038,0
3951,7/10/2017,17.8390007,17.92000008,17.7670002,17.84499931,0
3952,7/12/2017,17.87129974,17.93400002,17.81800079,17.87000084,0
3953,7/13/2017,17.91550064,17.97500038,17.81599998,17.92499924,0
3954,7/14/2017,17.93400002,17.95000076,17.83099937,17.93499947,0
3955,7/17/2017,17.92849922,18.13299942,17.80529976,17.92849922,0
3956,7/18/2017,17.91799927,17.95299911,17.82799911,17.90950012,0
3957,7/19/2017,17.9204998,17.94499969,17.82999992,17.92900085,0
3958,7/20/2017,17.9109993,17.95000076,17.80999947,17.92000008,0
3959,7/21/2017,17.84049988,17.92000008,17.82550049,17.84000015,0
3960,7/24/2017,17.80649948,17.93000031,17.81150055,17.84499931,0
3961,7/25/2017,17.86199951,17.93499947,17.81649971,17.85499954,0
3962,7/26/2017,17.88800049,17.93099976,17.81699944,17.88999939,0
3963,7/27/2017,17.8864994,17.92499924,17.79500008,17.8845005,0
3964,7/28/2017,17.84950066,17.86800003,17.83699989,17.86000061,0
3965,7/31/2017,17.86400032,17.9204998,17.81800079,17.85000038,0
3966,8/1/2017,17.86969948,17.91970062,17.78499985,17.87000084,0
3967,8/2/2017,17.81200027,17.90999985,17.70999908,17.81999969,0
3968,8/3/2017,17.81850052,17.89900017,17.72929955,17.81999969,0
3969,8/4/2017,17.74399948,17.76099968,17.65099907,17.74399948,0
3970,8/7/2017,17.73450089,17.87999916,17.62100029,17.73450089,0
3971,8/8/2017,17.76530075,17.81949997,17.7140007,17.76499939,0
3972,8/9/2017,17.73399925,17.82900047,17.70149994,17.74500084,0
3973,8/10/2017,17.76849937,17.82999992,17.71229935,17.77000046,0
3974,8/11/2017,17.74250031,17.76099968,17.64299965,17.74500084,0
3975,8/14/2017,17.7385006,17.87000084,17.68400002,17.74500084,0
3976,8/15/2017,17.72100067,17.86000061,17.61599922,17.70849991,0
3977,8/16/2017,17.72999954,17.84900093,17.65999985,17.72450066,0
3978,8/17/2017,17.74950027,17.93000031,17.69249916,17.75250053,0
3979,8/18/2017,17.73800087,17.75499916,17.63999939,17.73999977,0
3980,8/21/2017,17.74900055,17.8390007,17.68000031,17.73999977,0
3981,8/22/2017,17.70700073,17.79999924,17.67980003,17.70499992,0
3982,8/23/2017,17.72999954,17.85000038,17.6590004,17.72999954,0
3983,8/24/2017,17.70999908,17.79999924,17.56100082,17.71150017,0
3984,8/25/2017,17.68000031,17.69099998,17.64999962,17.67300034,0
3985,8/28/2017,17.63199997,17.70999908,17.6079998,17.68129921,0
3986,8/29/2017,17.64500046,17.77899933,17.57999992,17.64999962,0
3987,8/30/2017,17.6420002,17.68000031,17.5916996,17.63500023,0
3988,8/31/2017,17.62299919,17.62999916,17.59799957,17.61000061,0
3989,9/1/2017,17.61899948,17.62999916,17.56599998,17.61000061,0
3990,9/4/2017,17.58300018,17.61599922,17.5510006,17.58099937,0
3991,9/5/2017,17.59900093,17.65699959,17.58329964,17.60129929,0
3992,9/6/2017,17.61000061,17.65999985,17.58530045,17.60250092,0
3993,9/7/2017,17.60499954,17.67379951,17.58749962,17.61000061,0
3994,9/8/2017,17.60549927,17.62999916,17.59900093,17.61000061,0
3995,9/11/2017,17.63269997,17.76000023,17.52300072,17.61330032,0
3996,9/12/2017,17.61650085,17.66629982,17.54700089,17.61499977,0
3997,9/13/2017,17.62599945,17.68129921,17.58600044,17.61599922,0
3998,9/14/2017,17.60400009,17.76000023,17.56100082,17.60899925,0
3999,9/15/2017,17.6079998,17.62999916,17.50699997,17.61249924,0
4000,9/18/2017,17.63899994,17.75900078,17.54899979,17.61249924,0
4001,9/19/2017,17.63750076,17.74900055,17.52199936,17.64999962,0
4002,9/20/2017,17.61499977,17.76000023,17.55500031,17.60499954,0
4003,9/21/2017,17.61300087,17.63999939,17.52300072,17.60549927,0
4004,9/22/2017,17.61249924,17.65500069,17.53300095,17.61400032,0
4005,9/25/2017,17.66500092,17.68000031,17.55999947,17.63999939,0
4006,9/26/2017,17.64599991,17.68000031,17.49099922,17.6487999,0
4007,9/27/2017,17.60950089,17.68000031,17.58749962,17.61000061,0
4008,9/28/2017,17.63699913,17.73049927,17.58239937,17.61249924,0
4009,9/29/2017,17.62199974,17.67499924,17.51099968,17.61000061,0
4010,10/2/2017,17.63199997,17.7310009,17.57579994,17.62400055,0
4011,10/3/2017,17.62150002,17.72999954,17.56500053,17.62000084,0
4012,10/4/2017,17.60499954,17.67399979,17.56800079,17.61000061,0
4013,10/5/2017,17.6060009,17.66300011,17.55800056,17.60499954,0
4014,10/6/2017,17.64649963,17.66200066,17.54899979,17.64500046,0
4015,10/9/2017,17.63599968,17.66799927,17.5673008,17.64500046,0
4016,10/10/2017,17.58399963,17.67000008,17.56830025,17.58499908,0
4017,10/11/2017,17.58449936,17.63999939,17.47699928,17.58600044,0
4018,10/12/2017,17.58799934,17.64800072,17.56669998,17.5890007,0
4019,10/13/2017,17.6060009,17.62400055,17.58499908,17.59490013,0
4020,10/16/2017,17.60700035,17.67000008,17.57069969,17.59499931,0
4021,10/17/2017,17.5984993,17.66749954,17.56830025,17.60000038,0
4022,10/18/2017,17.62800026,17.67000008,17.56970024,17.62000084,0
4023,10/19/2017,17.62000084,17.66500092,17.56870079,17.61499977,0
4024,10/20/2017,17.62199974,17.68099976,17.5189991,17.60950089,0
4025,10/23/2017,17.65649986,17.65800095,17.53000069,17.625,0
4026,10/24/2017,17.62100029,17.67499924,17.58139992,17.61499977,0
4027,10/25/2017,17.62599945,17.65929985,17.52499962,17.62000084,0
4028,10/26/2017,17.62800026,17.66530037,17.58370018,17.62129974,0
4029,10/27/2017,17.62350082,17.64599991,17.54599953,17.62249947,0
4030,10/30/2017,17.63050079,17.6590004,17.5795002,17.63899994,0
4031,10/31/2017,17.62249947,17.66799927,17.58270073,17.62350082,0
4032,11/1/2017,17.62249947,17.67970085,17.49200058,17.63199997,0
4033,11/2/2017,17.62100029,17.67970085,17.56999969,17.61149979,0
4034,11/3/2017,17.62050056,17.63299942,17.61149979,17.61949921,0
4035,11/6/2017,17.62000084,17.69549942,17.58300018,17.60950089,0
4036,11/7/2017,17.62249947,17.67149925,17.58320045,17.63100052,0
4037,11/8/2017,17.61750031,17.65800095,17.57850075,17.61700058,0
4038,11/9/2017,17.6135006,17.68000031,17.58469963,17.61050034,0
4039,11/10/2017,17.62299919,17.63599968,17.51199913,17.63100052,0
4040,11/13/2017,17.61949921,17.64900017,17.55649948,17.61879921,0
4041,11/14/2017,17.59749985,17.65880013,17.5734005,17.59550095,0
4042,11/15/2017,17.63050079,17.65999985,17.57309914,17.63150024,0
4043,11/17/2017,17.60499954,17.62599945,17.60000038,17.60350037,0
4044,11/20/2017,17.7064991,17.71899986,17.55800056,17.70350075,0
4045,11/21/2017,17.61849976,17.66950035,17.59499931,17.6154995,0
4046,11/22/2017,17.63100052,17.70499992,17.60070038,17.62350082,0
4047,11/23/2017,17.67000008,17.71800041,17.62150002,17.67200089,0
4048,11/24/2017,17.66200066,17.67700005,17.55800056,17.6590004,0
4049,11/27/2017,17.66699982,17.73450089,17.61930084,17.67200089,0
4050,11/28/2017,17.70299911,17.76799965,17.62999916,17.71199989,0
4051,11/29/2017,17.72130013,17.77249908,17.61000061,17.71929932,0
4052,11/30/2017,17.65200043,17.70800018,17.64089966,17.65699959,0
4053,12/1/2017,17.65299988,17.66900063,17.56699944,17.65200043,0
4054,12/4/2017,17.6989994,17.73699951,17.62400055,17.70350075,0
4055,12/5/2017,17.67900085,17.76499939,17.61400032,17.67000008,0
4056,12/6/2017,17.73250008,17.79140091,17.66670036,17.73150063,0
4057,12/7/2017,17.7614994,17.84499931,17.69799995,17.77099991,0
4058,12/8/2017,17.77099991,17.7859993,17.70630074,17.78000069,0
4059,12/11/2017,17.76499939,17.84000015,17.71010017,17.76549911,0
4060,12/12/2017,17.79599953,17.85499954,17.69499969,17.80500031,0
4061,12/13/2017,17.82649994,17.86800003,17.70499992,17.8239994,0
4062,12/14/2017,17.85099983,17.86630058,17.70529938,17.8579998,0
4063,12/15/2017,17.83449936,17.85000038,17.74200058,17.83349991,0
4064,12/18/2017,17.86199951,17.88249969,17.70599937,17.85149956,0
4065,12/19/2017,17.79299927,17.86899948,17.70549965,17.79249954,0
4066,12/20/2017,17.82799911,17.86499977,17.70700073,17.82850075,0
4067,12/21/2017,17.85499954,17.86429977,17.71199989,17.85499954,0
4068,12/22/2017,17.84700012,17.85099983,17.73900032,17.83699989,0
4069,12/25/2017,17.85000038,17.86000061,17.79999924,17.8390007,0
4070,12/26/2017,17.82299995,17.86249924,17.70910072,17.81500053,0
4071,12/27/2017,17.79999924,17.84300041,17.70800018,17.79899979,0
4072,12/28/2017,17.80800056,17.83379936,17.70700073,17.80699921,0
4073,12/29/2017,17.74200058,17.77059937,17.7329998,17.73900032,0
4074,1/1/2018,17.75099945,17.76000023,17.73130035,17.75099945,0
4075,1/2/2018,17.7310009,17.79000092,17.65200043,17.73250008,0
4076,1/3/2018,17.71199989,17.72699928,17.63509941,17.71450043,0
4077,1/4/2018,17.68199921,17.70700073,17.63120079,17.69099998,0
4078,1/5/2018,17.68149948,17.69599915,17.67000008,17.68300056,0
4079,1/8/2018,17.66950035,17.71699905,17.61450005,17.67900085,0
4080,1/9/2018,17.63599968,17.68799973,17.61020088,17.62590027,0
4081,1/10/2018,17.64900017,17.78000069,17.62010002,17.65099907,0
4082,1/11/2018,17.68499947,17.78000069,17.64929962,17.69599915,0
4083,1/12/2018,17.67499924,17.69499969,17.62999916,17.68250084,0
4084,1/15/2018,17.66749954,17.73999977,17.42700005,17.67350006,0
4085,1/16/2018,17.70050049,17.77149963,17.65670013,17.70149994,0
4086,1/17/2018,17.70050049,17.72249985,17.63529968,17.70999908,0
4087,1/18/2018,17.68899918,17.71050072,17.63479996,17.69549942,0
4088,1/19/2018,17.69549942,17.71050072,17.61300087,17.70199966,0
4089,1/22/2018,17.63549995,17.72200012,17.63949966,17.63949966,0
4090,1/23/2018,17.68149948,17.72699928,17.64900017,17.68050003,0
4091,1/24/2018,17.6970005,17.72599983,17.64299965,17.69099998,0
4092,1/25/2018,17.66150093,17.67900085,17.64940071,17.66049957,0
4093,1/26/2018,17.65950012,17.6779995,17.65099907,17.6590004,0
4094,1/29/2018,17.65200043,17.71199989,17.59469986,17.64850044,0
4095,1/30/2018,17.64699936,17.69050026,17.59499931,17.64450073,0
4096,1/31/2018,17.61400032,17.67300034,17.54299927,17.62000084,0
4097,2/1/2018,17.65299988,17.76000023,17.58600044,17.65399933,0
4098,2/2/2018,17.62400055,17.65099907,17.52599907,17.61499977,0
4099,2/5/2018,17.6439991,17.68129921,17.58530045,17.64500046,0
4100,2/6/2018,17.63800049,17.66600037,17.57719994,17.63899994,0
4101,2/7/2018,17.62100029,17.71999931,17.57900047,17.61750031,0
4102,2/8/2018,17.64500046,17.70800018,17.5883007,17.63949966,0
4103,2/9/2018,17.65649986,17.67300034,17.64500046,17.65749931,0
4104,2/12/2018,17.62999916,17.72299957,17.56900024,17.63050079,0
4105,2/13/2018,17.68650055,17.7140007,17.59670067,17.69799995,0
4106,2/14/2018,17.67700005,17.73150063,17.59950066,17.68000031,0
4107,2/15/2018,17.68400002,17.72999954,17.6067009,17.68600082,0
4108,2/16/2018,17.62100029,17.67379951,17.53300095,17.62199974,0
4109,2/19/2018,17.61300087,17.72340012,17.57999992,17.61199951,0
4110,2/20/2018,17.62299919,17.7038002,17.59799957,17.61199951,0
4111,2/21/2018,17.68499947,17.72999954,17.60280037,17.68250084,0
4112,2/22/2018,17.67000008,17.70100021,17.60029984,17.67350006,0
4113,2/23/2018,17.66049957,17.6760006,17.56999969,17.66150093,0
4114,2/26/2018,17.68099976,17.68700027,17.58869934,17.68000031,0
4115,2/27/2018,17.63050079,17.70999908,17.55999947,17.62899971,0
4116,2/28/2018,17.6135006,17.64800072,17.56900024,17.60549927,0
4117,3/1/2018,17.63150024,17.6439991,17.49200058,17.62849998,0
4118,3/2/2018,17.61199951,17.62999916,17.59560013,17.61149979,0
4119,3/5/2018,17.61700058,17.66550064,17.53890038,17.61249924,0
4120,3/6/2018,17.59900093,17.68700027,17.54999924,17.59799957,0
4121,3/7/2018,17.60400009,17.63299942,17.54999924,17.61000061,0
4122,3/8/2018,17.61199951,17.625,17.55380058,17.61100006,0
4123,3/9/2018,17.58799934,17.60199928,17.56739998,17.58499908,0
4124,3/12/2018,17.59000015,17.63299942,17.55699921,17.5814991,0
4125,3/13/2018,17.59749985,17.63899994,17.55330086,17.60000038,0
4126,3/14/2018,17.60350037,17.67079926,17.56130028,17.60400009,0
4127,3/15/2018,17.60499954,17.63159943,17.54940033,17.6079998,0
4128,3/16/2018,17.58300018,17.60099983,17.49600029,17.58449936,0
4129,3/19/2018,17.56599998,17.63800049,17.55949974,17.56749916,0
4130,3/20/2018,17.60300064,17.6439991,17.55999947,17.61599922,0
4131,3/21/2018,17.59749985,17.64900017,17.56629944,17.59950066,0
4132,3/22/2018,17.5984993,17.68000031,17.56599998,17.60250092,0
4133,3/23/2018,17.60050011,17.61199951,17.49799919,17.61000061,0
4134,3/26/2018,17.60400009,17.65500069,17.48399925,17.59499931,0
4135,3/27/2018,17.62299919,17.66799927,17.56699944,17.63800049,0
4136,3/28/2018,17.61000061,17.65999985,17.53199959,17.61000061,0
4137,3/29/2018,17.6154995,17.65099907,17.56879997,17.62000084,0
4138,3/30/2018,17.60050011,17.63899994,17.52700043,17.60000038,0
4139,4/2/2018,17.58200073,17.68499947,17.51099968,17.60000038,0
4140,4/3/2018,17.57999992,17.67399979,17.56500053,17.67300034,0
4141,4/4/2018,17.56949997,17.68799973,17.56049919,17.56999969,0
4142,4/5/2018,17.65950012,17.81900024,17.56900024,17.65999985,0
4143,4/6/2018,17.65950012,17.67300034,17.55900002,17.65500069,0
4144,4/9/2018,17.66799927,17.68199921,17.61000061,17.66699982,0
4145,4/10/2018,17.65299988,17.69499969,17.54400063,17.65500069,0
4146,4/11/2018,17.65099907,17.70129967,17.5788002,17.64999962,0
4147,4/12/2018,17.62100029,17.69000053,17.57970047,17.62000084,0
4148,4/13/2018,17.57999992,17.62999916,17.5720005,17.59000015,0
4149,4/16/2018,17.58799934,17.71380043,17.56649971,17.57850075,0
4150,4/17/2018,17.67000008,17.71050072,17.58950043,17.67000008,0
4151,4/18/2018,17.68799973,17.70999908,17.56399918,17.68000031,0
4152,4/19/2018,17.67200089,17.70499992,17.5890007,17.67000008,0
4153,4/20/2018,17.64800072,17.66600037,17.58300018,17.65999985,0
4154,4/23/2018,17.7045002,17.72200012,17.58349991,17.70400047,0
4155,4/24/2018,17.65850067,17.71699905,17.58370018,17.65999985,0
4156,4/25/2018,17.67149925,17.69199944,17.66650009,17.67499924,0
4157,4/26/2018,17.68400002,17.71299934,17.5890007,17.67499924,0
4158,4/27/2018,17.66449928,17.68099976,17.62999916,17.66550064,0
4159,4/30/2018,17.68899918,17.69750023,17.58740044,17.66500092,0
4160,5/1/2018,17.62450027,17.77700043,17.62050056,17.625,0
4161,5/2/2018,17.75600052,17.7670002,17.52300072,17.63500023,0
4162,5/3/2018,17.61899948,17.6779995,17.57819939,17.62000084,0
4163,5/4/2018,17.60099983,17.68009949,17.5909996,17.60099983,0
4164,5/7/2018,17.61100006,17.71999931,17.57999992,17.60000038,0
4165,5/8/2018,17.68000031,17.74799919,17.60400009,17.68000031,0
4166,5/9/2018,17.68000031,17.78000069,17.62999916,17.68000031,0
4167,5/10/2018,17.74500084,17.8125,17.65999985,17.74500084,0
4168,5/11/2018,17.67099953,17.69000053,17.65999985,17.67300034,0
4169,5/14/2018,17.65449905,17.85499954,17.625,17.67000008,0
4170,5/15/2018,17.80999947,17.86300087,17.73990059,17.79999924,0
4171,5/16/2018,17.80050087,17.94000053,17.74130058,17.79999924,0
4172,5/17/2018,17.84900093,17.9279995,17.77249908,17.85000038,0
4173,5/18/2018,17.77899933,17.79700089,17.77099991,17.78249931,0
4174,5/21/2018,17.79949951,17.91749954,17.78249931,17.79000092,0
4175,5/22/2018,17.875,17.9279995,17.78770065,17.87999916,0
4176,5/23/2018,17.89100075,17.93799973,17.7887001,17.88999939,0
4177,5/24/2018,17.88050079,17.94499969,17.7901001,17.87999916,0
4178,5/25/2018,17.88750076,17.90600014,17.87000084,17.88850021,0
4179,5/28/2018,17.83600044,17.9307003,17.76849937,17.88999939,0
4180,5/29/2018,17.87949944,17.94300079,17.79700089,17.87999916,0
4181,5/30/2018,17.8845005,17.91799927,17.81710052,17.88999939,0
4182,5/31/2018,17.89150047,17.9109993,17.81900024,17.88999939,0
4183,6/1/2018,17.86800003,17.88699913,17.85499954,17.87050056,0
4184,6/4/2018,17.86000061,17.92849922,17.77300072,17.87000084,0
4185,6/5/2018,17.86450005,17.89999962,17.79999924,17.87000084,0
4186,6/6/2018,17.87100029,17.88299942,17.73399925,17.87000084,0
4187,6/7/2018,17.83349991,17.92000008,17.7901001,17.83499908,0
4188,6/8/2018,17.8220005,17.85000038,17.72800064,17.82299995,0
4189,6/11/2018,17.74850082,17.92000008,17.76300049,17.82999992,0
4190,6/12/2018,17.80050087,17.85199928,17.73399925,17.80150032,0
4191,6/13/2018,17.82749939,17.86499977,17.78249931,17.83200073,0
4192,6/14/2018,17.8465004,17.90699959,17.79000092,17.84880066,0
4193,6/15/2018,17.81599998,17.83600044,17.80949974,17.81999969,0
4194,6/18/2018,17.84250069,17.87999916,17.71999931,17.82999992,0
4195,6/19/2018,17.82049942,17.87800026,17.79750061,17.82150078,0
4196,6/20/2018,17.85549927,17.90999985,17.79829979,17.85000038,0
4197,6/21/2018,17.85050011,17.89949989,17.81900024,17.85499954,0
4198,6/22/2018,17.84799957,17.87000084,17.79999924,17.84000015,0
4199,6/25/2018,17.83799934,17.89699936,17.73800087,17.84000015,0
4200,6/26/2018,17.87199974,17.88899994,17.7989006,17.86199951,0
4201,6/27/2018,17.86000061,17.90299988,17.79450035,17.86000061,0
4202,6/28/2018,17.8560009,17.90999985,17.7954998,17.86000061,0
4203,6/29/2018,17.86249924,17.87599945,17.82999992,17.86000061,0
4204,7/2/2018,17.87050056,17.93899918,17.79770088,17.87050056,0
4205,7/3/2018,17.88349915,17.92000008,17.79999924,17.88500023,0
4206,7/4/2018,17.87800026,17.9090004,17.79430008,17.87999916,0
4207,7/5/2018,17.85950089,17.89800072,17.79150009,17.86000061,0
4208,7/6/2018,17.86249924,17.875,17.75600052,17.86000061,0
4209,7/9/2018,17.84350014,17.89999962,17.79400063,17.84350014,0
4210,7/10/2018,17.88800049,17.90800095,17.79929924,17.89500046,0
4211,7/11/2018,17.87949944,17.90399933,17.75200081,17.875,0
4212,7/12/2018,17.87599945,17.89900017,17.79400063,17.86499977,0
4213,7/13/2018,17.86750031,17.88599968,17.85199928,17.86849976,0
4214,7/16/2018,17.87800026,17.90999985,17.77400017,17.87800026,0
4215,7/17/2018,17.87700081,17.89500046,17.77099991,17.87999916,0
4216,7/18/2018,17.86949921,17.94099998,17.79700089,17.86499977,0
4217,7/19/2018,17.86750031,17.90200043,17.79700089,17.86949921,0
4218,7/20/2018,17.8635006,17.88800049,17.75699997,17.87400055,0
4219,7/23/2018,17.8390007,17.89599991,17.62100029,17.87999916,0
4220,7/24/2018,17.88599968,17.89999962,17.76300049,17.87999916,0
4221,7/25/2018,17.86899948,17.89999962,17.79599953,17.86800003,0
4222,7/26/2018,17.87800026,17.89999962,17.77300072,17.86700058,0
4223,7/27/2018,17.87249947,17.88500023,17.76799965,17.86750031,0
4224,7/30/2018,17.80400085,17.89999962,17.78650093,17.79999924,0
4225,7/31/2018,17.88100052,17.89599991,17.7859993,17.87999916,0
4226,8/1/2018,17.84700012,17.90999985,17.78969955,17.84149933,0
4227,8/2/2018,17.86100006,17.87000084,17.76199913,17.85350037,0
4228,8/3/2018,17.85499954,17.87199974,17.83349991,17.84449959,0
4229,8/6/2018,17.85350037,17.87899971,17.79899979,17.84499931,0
4230,8/7/2018,17.85149956,17.89949989,17.77199936,17.86100006,0
4231,8/8/2018,17.86100006,17.87999916,17.75200081,17.85250092,0
4232,8/9/2018,17.84049988,17.87400055,17.79100037,17.84049988,0
4233,8/10/2018,17.82679939,17.86400032,17.81200027,17.83180046,0
4234,8/13/2018,17.8579998,17.9090004,17.79929924,17.84199905,0
4235,8/14/2018,17.88299942,17.9260006,17.80069923,17.89500046,0
4236,8/15/2018,17.87800026,17.91500092,17.79870033,17.86599922,0
4237,8/16/2018,17.86700058,17.92300034,17.79100037,17.86400032,0
4238,8/17/2018,17.87199974,17.88599968,17.75900078,17.87299919,0
4239,8/20/2018,17.86650085,17.91200066,17.77000046,17.86650085,0
4240,8/21/2018,17.87849998,17.89999962,17.78899956,17.88699913,0
4241,8/22/2018,17.84799957,17.8579998,17.82799911,17.83749962,0
4242,8/23/2018,17.84149933,17.8579998,17.74799919,17.84000015,0
4243,8/24/2018,17.84250069,17.85700035,17.73399925,17.84000015,0
4244,8/27/2018,17.79949951,17.91500092,17.79829979,17.80649948,0
4245,8/28/2018,17.86949921,17.92099953,17.7859993,17.86450005,0
4246,8/29/2018,17.87229919,17.92099953,17.78899956,17.87000084,0
4247,8/30/2018,17.85549927,17.91900063,17.79630089,17.86000061,0
4248,8/31/2018,17.79850006,17.81599998,17.71199989,17.79999924,0
4249,9/3/2018,17.80999947,17.92399979,17.7765007,17.80050087,0
4250,9/4/2018,17.91550064,17.93000031,17.79570007,17.91650009,0
4251,9/5/2018,17.88599968,17.93000031,17.77499962,17.87549973,0
4252,9/6/2018,17.88150024,17.93400002,17.78100014,17.87989998,0
4253,9/7/2018,17.85449982,17.87800026,17.85000038,17.86000061,0
4254,9/10/2018,17.84749985,17.93799973,17.79750061,17.85250092,0
4255,9/11/2018,17.8125,17.8239994,17.79899979,17.8125,0
4256,9/12/2018,17.80750084,17.93499947,17.79829979,17.80179977,0
4257,9/13/2018,17.88999939,17.94199944,17.76799965,17.87999916,0
4258,9/14/2018,17.88599968,17.89599991,17.87000084,17.87999916,0
4259,9/17/2018,17.89299965,17.93600082,17.78199959,17.88750076,0
4260,9/18/2018,17.88999939,17.92099953,17.77499962,17.88949966,0
4261,9/19/2018,17.87750053,17.93899918,17.78000069,17.87999916,0
4262,9/20/2018,17.86750031,17.94199944,17.79500008,17.87000084,0
4263,9/21/2018,17.88050079,17.90399933,17.78000069,17.88010025,0
4264,9/24/2018,17.8864994,17.93899918,17.78199959,17.88800049,0
4265,9/25/2018,17.88330078,17.93799973,17.78000069,17.88380051,0
4266,9/26/2018,17.88400078,17.93499947,17.79870033,17.88500023,0
4267,9/27/2018,17.87750053,17.93600082,17.79400063,17.87999916,0
4268,9/28/2018,17.88850021,17.90699959,17.78899956,17.88999939,0
4269,10/1/2018,17.80750084,17.93700027,17.7859993,17.80999947,0
4270,10/2/2018,17.87899971,17.93600082,17.78000069,17.88050079,0
4271,10/3/2018,17.88199997,17.93899918,17.79430008,17.87999916,0
4272,10/4/2018,17.88349915,17.93499947,17.77899933,17.88150024,0
4273,10/5/2018,17.86599922,17.87599945,17.84950066,17.86599922,0
4274,10/8/2018,17.85750008,17.93300056,17.84700012,17.85849953,0
4275,10/9/2018,17.88500023,17.93700027,17.77700043,17.87989998,0
4276,10/10/2018,17.88150024,17.93499947,17.78000069,17.87999916,0
4277,10/11/2018,17.87549973,17.93300056,17.79700089,17.87949944,0
4278,10/12/2018,17.88150024,17.91500092,17.79299927,17.86000061,0
4279,10/15/2018,17.91250038,17.95499992,17.79800034,17.89999962,0
4280,10/16/2018,17.90200043,17.94099998,17.79630089,17.89349937,0
4281,10/17/2018,17.88050079,17.93400002,17.78000069,17.87949944,0
4282,10/18/2018,17.88050079,17.93300056,17.78000069,17.87999916,0
4283,10/19/2018,17.8864994,17.90200043,17.78000069,17.87899971,0
4284,10/22/2018,17.89450073,17.94300079,17.78000069,17.89150047,0
4285,10/23/2018,17.87949944,17.95899963,17.79599953,17.87999916,0
4286,10/24/2018,17.89150047,17.93799973,17.79770088,17.88500023,0
4287,10/25/2018,17.87599945,17.94099998,17.78000069,17.87750053,0
4288,10/26/2018,17.88500023,17.89500046,17.79199982,17.88299942,0
4289,10/29/2018,17.88549995,17.94499969,17.6970005,17.88599968,0
4290,10/30/2018,17.88899994,17.93700027,17.78000069,17.89100075,0
4291,10/31/2018,17.88699913,17.94400024,17.79800034,17.88699913,0
4292,11/1/2018,17.88199997,17.93400002,17.78000069,17.88500023,0
4293,11/2/2018,17.87899971,17.89699936,17.77599907,17.88699913,0
4294,11/5/2018,17.86400032,17.93499947,17.80270004,17.86400032,0
4295,11/6/2018,17.88100052,17.93499947,17.7689991,17.88100052,0
4296,11/7/2018,17.90699959,17.93700027,17.78000069,17.90299988,0
4297,11/8/2018,17.87899971,17.93600082,17.79000092,17.88899994,0
4298,11/9/2018,17.87299919,17.89500046,17.78700066,17.88199997,0
4299,11/12/2018,17.82799911,17.93700027,17.77000046,17.82600021,0
4300,11/13/2018,17.88299942,17.93899918,17.80599976,17.89100075,0
4301,11/14/2018,17.88800049,17.94400024,17.79700089,17.87700081,0
4302,11/15/2018,17.88199997,17.93799973,17.79899979,17.87899971,0
4303,11/16/2018,17.88199997,17.89599991,17.86800003,17.88389969,0
4304,11/19/2018,17.64900017,17.94300079,17.64699936,17.64699936,0
4305,11/20/2018,17.87400055,17.89500046,17.86499977,17.87350082,0
4306,11/21/2018,17.87899971,17.93899918,17.79000092,17.87899971,0
4307,11/22/2018,17.92950058,17.94199944,17.79829979,17.92499924,0
4308,11/23/2018,17.87199974,17.88500023,17.84900093,17.87199974,0
4309,11/26/2018,17.87800026,17.94199944,17.82699966,17.86800003,0
4310,11/27/2018,17.9260006,17.94300079,17.80069923,17.93300056,0
4311,11/28/2018,17.90670013,17.94000053,17.78100014,17.91799927,0
4312,11/29/2018,17.88899994,17.93799973,17.80929947,17.88299942,0
4313,11/30/2018,17.87700081,17.89599991,17.78300095,17.87709999,0
4314,12/3/2018,17.85199928,17.94499969,17.78499985,17.85099983,0
4315,12/4/2018,17.88899994,17.9640007,17.78000069,17.88100052,0
4316,12/5/2018,17.88100052,17.92900085,17.78899956,17.88899994,0
4317,12/6/2018,17.90299988,17.94000053,17.78000069,17.90699959,0
4318,12/7/2018,17.88999939,17.89599991,17.77899933,17.87899971,0
4319,12/10/2018,17.85549927,17.94400024,17.79450035,17.86800003,0
4320,12/11/2018,17.88800049,17.93700027,17.80069923,17.88100052,0
4321,12/12/2018,17.87999916,17.94300079,17.78000069,17.88199997,0
4322,12/13/2018,17.88100052,17.93799973,17.78000069,17.88299942,0
4323,12/14/2018,17.88899994,17.94099998,17.88400078,17.89500046,0
4324,12/17/2018,17.93449974,17.94099998,17.81699944,17.93449974,0
4325,12/18/2018,17.88500023,17.93729973,17.79870033,17.89299965,0
4326,12/19/2018,17.88699913,17.94199944,17.78000069,17.88800049,0
4327,12/20/2018,17.88299942,17.94300079,17.79630089,17.87750053,0
4328,12/21/2018,17.87849998,17.89900017,17.77899933,17.87949944,0
4329,12/24/2018,17.88100052,17.94400024,17.8010006,17.87299919,0
4330,12/25/2018,17.87199974,17.93379974,17.84149933,17.87490082,0
4331,12/26/2018,17.86100006,17.92499924,17.84900093,17.85499954,0
4332,12/27/2018,17.94499969,17.94729996,17.8567009,17.93600082,0
4333,12/28/2018,17.86050034,17.87599945,17.75900078,17.86100006,0
4334,12/31/2018,17.86300087,17.93700027,17.79000092,17.86310005,0
4335,1/1/2019,17.85000038,17.88999939,17.75349998,17.875,0
4336,1/2/2019,17.88800049,17.93000031,17.81200027,17.88899994,0
4337,1/3/2019,17.88800049,17.94000053,17.80800056,17.89299965,0
4338,1/4/2019,17.87800026,17.89800072,17.78000069,17.88199997,0
4339,1/7/2019,17.86400032,17.90200043,17.78000069,17.85680008,0
4340,1/8/2019,17.89599991,17.93700027,17.80050087,17.88800049,0
4341,1/9/2019,17.90299988,17.94000053,17.79669952,17.89599991,0
4342,1/10/2019,17.88249969,17.94499969,17.79450035,17.88249969,0
4343,1/11/2019,17.89699936,17.91049957,17.79000092,17.89150047,0
4344,1/14/2019,17.91399956,17.96929932,17.80540085,17.91399956,0
4345,1/15/2019,17.88599968,17.93799973,17.81349945,17.875,0
4346,1/16/2019,17.87649918,17.94300079,17.80800056,17.8864994,0
4347,1/17/2019,17.89800072,17.9470005,17.78100014,17.89699936,0
4348,1/18/2019,17.85899925,17.87599945,17.75900078,17.85910034,0
4349,1/21/2019,17.86899948,17.93300056,17.83399963,17.87599945,0
4350,1/22/2019,17.89299965,17.93899918,17.79000092,17.89500046,0
4351,1/23/2019,17.88100052,17.93400002,17.79000092,17.88800049,0
4352,1/24/2019,17.85899925,17.87800026,17.75399971,17.86100006,0
4353,1/25/2019,17.85700035,17.875,17.84700012,17.8560009,0
4354,1/28/2019,17.86300087,17.87199974,17.56999969,17.87100029,0
4355,1/29/2019,17.62700081,17.68499947,17.55999947,17.62330055,0
4356,1/30/2019,17.58930016,17.65699959,17.52099991,17.59079933,0
4357,1/31/2019,17.6364994,17.71699905,17.48500061,17.6364994,0
4358,2/1/2019,17.65200043,17.66600037,17.55500031,17.65049934,0
4359,2/4/2019,17.61700058,17.68300056,17.60950089,17.61750031,0
4360,2/5/2019,17.65800095,17.68099976,17.54599953,17.65800095,0
4361,2/6/2019,17.57500076,17.62899971,17.54400063,17.56550026,0
4362,2/7/2019,17.57999992,17.63400078,17.54500008,17.57999992,0
4363,2/8/2019,17.57250023,17.58499908,17.46699905,17.57299995,0
4364,2/11/2019,17.58699989,17.62100029,17.45999908,17.58600044,0
4365,2/12/2019,17.56800079,17.62800026,17.54000092,17.57600021,0
4366,2/13/2019,17.58099937,17.62800026,17.51000023,17.57250023,0
4367,2/14/2019,17.54999924,17.60899925,17.41399956,17.5510006,0
4368,2/15/2019,17.50900078,17.52799988,17.40200043,17.51199913,0
4369,2/18/2019,17.50650024,17.61000061,17.46150017,17.51600075,0
4370,2/19/2019,17.50799942,17.63999939,17.45700073,17.5170002,0
4371,2/20/2019,17.50499916,17.57999992,17.48500061,17.51499939,0
4372,2/21/2019,17.52899933,17.62800026,17.46500015,17.52899933,0
4373,2/22/2019,17.50650024,17.53000069,17.50200081,17.50600052,0
4374,2/25/2019,17.51399994,17.57799911,17.39999962,17.50749969,0
4375,2/26/2019,17.51499939,17.56900024,17.38899994,17.51000023,0
4376,2/27/2019,17.48800087,17.59199905,17.45899963,17.48600006,0
4377,2/28/2019,17.50799942,17.54400063,17.42200089,17.5,0
4378,3/1/2019,17.47699928,17.49500084,17.37299919,17.47730064,0
4379,3/4/2019,17.48200035,17.55999947,17.43899918,17.47500038,0
4380,3/5/2019,17.48999977,17.55900002,17.31699944,17.4904995,0
4381,3/6/2019,17.43000031,17.49979973,17.39500046,17.42679977,0
4382,3/7/2019,17.43700027,17.52000046,17.29199982,17.43729973,0
4383,3/8/2019,17.38750076,17.41200066,17.37800026,17.39900017,0
4384,3/11/2019,17.4034996,17.43449974,17.27400017,17.40600014,0
4385,3/12/2019,17.40649986,17.46999931,17.35499954,17.40600014,0
4386,3/13/2019,17.375,17.44000053,17.34700012,17.38199997,0
4387,3/14/2019,17.38899994,17.42000008,17.27000046,17.39699936,0
4388,3/15/2019,17.37700081,17.38500023,17.2689991,17.37050056,0
4389,3/18/2019,17.39100075,17.3920002,17.18899918,17.3920002,0
4390,3/19/2019,17.28100014,17.32099915,17.20999908,17.27949905,0
4391,3/20/2019,17.26000023,17.35000038,17.14299965,17.26000023,0
4392,3/21/2019,17.24699974,17.37899971,17.18499947,17.24500084,0
4393,3/22/2019,17.22500038,17.24099922,17.20499992,17.22500038,0
4394,3/25/2019,17.22850037,17.35000038,17.12599945,17.12700081,0
4395,3/26/2019,17.27099991,17.31299973,17.21999931,17.28000069,0
4396,3/27/2019,17.27610016,17.32900047,17.23999977,17.28499985,0
4397,3/28/2019,17.28800011,17.3220005,17.25,17.29100037,0
4398,3/29/2019,17.29850006,17.31399918,17.19599915,17.29850006,0
4399,4/1/2019,17.30349922,17.36000061,17.24200058,17.30649948,0
4400,4/2/2019,17.30750084,17.32299995,17.23900032,17.30599976,0
4401,4/3/2019,17.29150009,17.38899994,17.26000023,17.29150009,0
4402,4/4/2019,17.30400085,17.32900047,17.24399948,17.30349922,0
4403,4/5/2019,17.28199959,17.29400063,17.27000046,17.28249931,0
4404,4/8/2019,17.29700089,17.38800049,17.24200058,17.30400085,0
4405,4/9/2019,17.30699921,17.32900047,17.2595005,17.29899979,0
4406,4/10/2019,17.30150032,17.36000061,17.23999977,17.30800056,0
4407,4/11/2019,17.29000092,17.38800049,17.25,17.29150009,0
4408,4/12/2019,17.28300095,17.29599953,17.16600037,17.28000069,0
4409,4/15/2019,17.27350044,17.33200073,17.25,17.27400017,0
4410,4/16/2019,17.3239994,17.32999992,17.23730087,17.31500053,0
4411,4/17/2019,17.28000069,17.31900024,17.18300056,17.28050041,0
4412,4/18/2019,17.22800064,17.25699997,17.11000061,17.22500038,0
4413,4/19/2019,17.18000031,17.18199921,17.15299988,17.17250061,0
4414,4/22/2019,17.15950012,17.1779995,17.11000061,17.1590004,0
4415,4/23/2019,17.13699913,17.23999977,17.07500076,17.13750076,0
4416,4/24/2019,17.13330078,17.18199921,17.09600067,17.1420002,0
4417,4/25/2019,17.15500069,17.16600037,17.04999924,17.15049934,0
4418,4/26/2019,17.1515007,17.16200066,17.0359993,17.15130043,0
4419,4/29/2019,17.13549995,17.15699959,17.03800011,17.1364994,0
4420,4/30/2019,17.14649963,17.28000069,17.09799957,17.14649963,0
4421,5/1/2019,17.14249992,17.15200043,17.08749962,17.14100075,0
4422,5/2/2019,17.16500092,17.21999931,17.10000038,17.17300034,0
4423,5/3/2019,17.15399933,17.1609993,17.13400078,17.14459991,0
4424,5/6/2019,17.17300034,17.18600082,17.07999992,17.17149925,0
4425,5/7/2019,17.11849976,17.21800041,17.0170002,17.11849976,0
4426,5/8/2019,17.12100029,17.20000076,17.07999992,17.12050056,0
4427,5/9/2019,17.12450027,17.15099907,17.03800011,17.12549973,0
4428,5/10/2019,17.09449959,17.1079998,16.99200058,17.09350014,0
4429,5/13/2019,17.08950043,17.11129951,16.98900032,17.09149933,0
4430,5/14/2019,17.05500031,17.0788002,16.99500084,17.04649925,0
4431,5/15/2019,17.04899979,17.11599922,16.98999977,17.04299927,0
4432,5/16/2019,17.04800034,17.06800079,16.97870064,17.04850006,0
4433,5/17/2019,17.02249908,17.03300095,16.91399956,17.01950073,0
4434,5/20/2019,17.00349998,17.03800011,16.88400078,17.00449944,0
4435,5/21/2019,17.00200081,17.04100037,16.94000053,16.99650002,0
4436,5/23/2019,16.91449928,16.92900085,16.71199989,16.90850067,0
4437,5/24/2019,16.83399963,16.85400009,16.7310009,16.84300041,0
4438,5/27/2019,16.82449913,16.86499977,16.74500084,16.82900047,0
4439,5/28/2019,16.80699921,16.83469963,16.7329998,16.80010033,0
4440,5/29/2019,16.81500053,16.83099937,16.73500061,16.81500053,0
4441,5/30/2019,16.78849983,16.83099937,16.70499992,16.79000092,0
4442,5/31/2019,16.75499916,16.76399994,16.64800072,16.75,0
4443,6/3/2019,16.72100067,16.78100014,16.68000031,16.71450043,0
4444,6/4/2019,16.7310009,16.74500084,16.62599945,16.73329926,0
4445,6/5/2019,16.73900032,16.76300049,16.62299919,16.7310009,0
4446,6/6/2019,16.76000023,16.76499939,16.6439991,16.75379944,0
4447,6/7/2019,16.74799919,16.76499939,16.70000076,16.75200081,0
4448,6/10/2019,16.74699974,16.78000069,16.60700035,16.74799919,0
4449,6/11/2019,16.70859909,16.74900055,16.66500092,16.70800018,0
4450,6/12/2019,16.73800087,16.74900055,16.65099907,16.70999908,0
4451,6/13/2019,16.69449997,16.75900078,16.67099953,16.69449997,0
4452,6/14/2019,16.72900009,16.74399948,16.63400078,16.72949982,0
4453,6/17/2019,16.72800064,16.80550003,16.64699936,16.72999954,0
4454,6/18/2019,16.72599983,16.77000046,16.64800072,16.72550011,0
4455,6/19/2019,16.73900032,16.76300049,16.65999985,16.73749924,0
4456,6/20/2019,16.71299934,16.72800064,16.61499977,16.71299934,0
4457,6/21/2019,16.65800095,16.69000053,16.56200027,16.66399956,0
4458,6/24/2019,16.64100075,16.70299911,16.61800003,16.64500046,0
4459,6/25/2019,16.66900063,16.70400047,16.5890007,16.66699982,0
4460,6/26/2019,16.67099953,16.70899963,16.63400078,16.67099953,0
4461,6/27/2019,16.66909981,16.70999908,16.58099937,16.67000008,0
4462,6/28/2019,16.67399979,16.68000031,16.56299973,16.66720009,0
4463,7/1/2019,16.68799973,16.74099922,16.62800026,16.67140007,0
4464,7/2/2019,16.68000031,16.70330048,16.54000092,16.68009949,0
4465,7/3/2019,16.60899925,16.62800026,16.53499985,16.61700058,0
4466,7/4/2019,16.5890007,16.62010002,16.48699951,16.58989906,0
4467,7/5/2019,16.59900093,16.61599922,16.49600029,16.60000038,0
4468,7/8/2019,16.59749985,16.61499977,16.51399994,16.60000038,0
4469,7/9/2019,16.5795002,16.61100006,16.45000076,16.57999992,0
4470,7/10/2019,16.5890007,16.62000084,16.52599907,16.58699989,0
4471,7/11/2019,16.59600067,16.62100029,16.53800011,16.59700012,0
4472,7/12/2019,16.57299995,16.60400009,16.55200005,16.55999947,0
4473,7/15/2019,16.59199905,16.60700035,16.52000046,16.59600067,0
4474,7/16/2019,16.58099937,16.6079998,16.51499939,16.58799934,0
4475,7/17/2019,16.59700012,16.61599922,16.54700089,16.59799957,0
4476,7/18/2019,16.58009911,16.62700081,16.54400063,16.58049965,0
4477,7/19/2019,16.58699989,16.6060009,16.54999924,16.58720016,0
4478,7/22/2019,16.58399963,16.62899971,16.55500031,16.5848999,0
4479,7/23/2019,16.59049988,16.60499954,16.58300018,16.59160042,0
4480,7/24/2019,16.58749962,16.63100052,16.44499969,16.59049988,0
4481,7/25/2019,16.57869911,16.59199905,16.43899918,16.57959938,0
4482,7/26/2019,16.56900024,16.57500076,16.55179977,16.56999969,0
4483,7/29/2019,16.55550003,16.59810066,16.48999977,16.56299973,0
4484,7/30/2019,16.56599998,16.5739994,16.44499969,16.55999947,0
4485,7/31/2019,16.53199959,16.56299973,16.46899986,16.53350067,0
4486,8/1/2019,16.51950073,16.57699966,16.41600037,16.51849937,0
4487,8/2/2019,16.55150032,16.56500053,16.43400002,16.54949951,0
4488,8/5/2019,16.54750061,16.56399918,16.45000076,16.54999924,0
4489,8/6/2019,16.5340004,16.57099915,16.46999931,16.53000069,0
4490,8/7/2019,16.53300095,16.56699944,16.47870064,16.52429962,0
4491,8/8/2019,16.53650093,16.57299995,16.47500038,16.53499985,0
4492,8/9/2019,16.54400063,16.55200005,16.50900078,16.5340004,0
4493,8/12/2019,16.51799965,16.57099915,16.5,16.5,0
4494,8/13/2019,16.55999947,16.57099915,16.45199966,16.55599976,0
4495,8/14/2019,16.55400085,16.6079998,16.49810028,16.56100082,0
4496,8/15/2019,16.57150078,16.60470009,16.45599937,16.56749916,0
4497,8/16/2019,16.55050087,16.56599998,16.44099998,16.54949951,0
4498,8/19/2019,16.55400085,16.6079998,16.5189991,16.5468998,0
4499,8/20/2019,16.56760025,16.61499977,16.52499962,16.56450081,0
4500,8/21/2019,16.57349968,16.61000061,16.53000069,16.57150078,0
4501,8/22/2019,16.57900047,16.61499977,16.49600029,16.57999992,0
4502,8/23/2019,16.53849983,16.55500031,16.43300056,16.52000046,0
4503,8/26/2019,16.54450035,16.58099937,16.29599953,16.54000092,0
4504,8/27/2019,16.5340004,16.56800079,16.48800087,16.53000069,0
4505,8/28/2019,16.51849937,16.60400009,16.45499992,16.52109909,0
4506,8/29/2019,16.53700066,16.57600021,16.50200081,16.53499985,0
4507,8/30/2019,16.52050018,16.5340004,16.41399956,16.52249908,0
4508,9/2/2019,16.50799942,16.57500076,16.49200058,16.50020027,0
4509,9/3/2019,16.52899933,16.57099915,16.5,16.53000069,0
4510,9/4/2019,16.5189991,16.57500076,16.44000053,16.52000046,0
4511,9/5/2019,16.5,16.53100014,16.39900017,16.49500084,0
4512,9/6/2019,16.45599937,16.47800064,16.44000053,16.45599937,0
4513,9/9/2019,16.48500061,16.55999947,16.31150055,16.31150055,0
4514,9/10/2019,16.43050003,16.46999931,16.35499954,16.43000031,0
4515,9/11/2019,16.43050003,16.45000076,16.26499939,16.43000031,0
4516,9/12/2019,16.40699959,16.45050049,16.27400017,16.37999916,0
4517,9/13/2019,16.40099907,16.40600014,16.27599907,16.39030075,0
4518,9/16/2019,16.38199997,16.44339943,16.27700043,16.38960075,0
4519,9/17/2019,16.3125,16.40999985,16.25499916,16.30999947,0
4520,9/18/2019,16.30500031,16.36190033,16.23800087,16.29999924,0
4521,9/19/2019,16.31949997,16.32999992,16.19799995,16.31999969,0
4522,9/20/2019,16.27960014,16.3010006,16.17700005,16.28000069,0
4523,9/23/2019,16.28109932,16.34000015,16.17000008,16.28800011,0
4524,9/24/2019,16.27350044,16.3220005,16.23600006,16.27199936,0
4525,9/25/2019,16.28800011,16.34199905,16.25749969,16.28149986,0
4526,9/26/2019,16.24740028,16.33600044,16.23749924,16.24749947,0
4527,9/27/2019,16.28009987,16.29400063,16.17399979,16.28000069,0
4528,9/30/2019,16.28499985,16.30400085,16.17200089,16.27899933,0
4529,10/1/2019,16.25799942,16.28800011,16.1760006,16.25900078,0
4530,10/2/2019,16.24500084,16.31699944,16.14500046,16.25200081,0
4531,10/3/2019,16.31100082,16.31699944,16.17700005,16.30369949,0
4532,10/4/2019,16.2779007,16.29599953,16.27099991,16.27949905,0
4533,10/7/2019,16.27799988,16.32099915,16.22999954,16.28000069,0
4534,10/8/2019,16.28050041,16.32900047,16.22999954,16.28000069,0
4535,10/9/2019,16.25849915,16.31999969,16.21999931,16.26000023,0
4536,10/10/2019,16.28100014,16.31699944,16.1439991,16.28100014,0
4537,10/11/2019,16.24729919,16.26499939,16.13800049,16.24600029,0
4538,10/14/2019,16.27140045,16.28397369,16.15979958,16.25,0
4539,10/15/2019,16.23290062,16.2614994,16.12549973,16.22999954,0
4540,10/16/2019,16.21139908,16.25777054,16.12999916,16.21039963,0
4541,10/17/2019,16.19860077,16.26000023,16.13999939,16.20000076,0
4542,10/18/2019,16.19879913,16.2368145,16.10989952,16.20000076,0
4543,10/21/2019,16.24189949,16.24938393,16.08242035,16.22360039,0
4544,10/22/2019,16.17687988,16.20700836,16.11000061,16.14999962,0
4545,10/23/2019,16.17169952,16.20017815,16.10000038,16.17000008,0
4546,10/24/2019,16.15990067,16.23999977,16.04249954,16.15999985,0
4547,10/25/2019,16.12030029,16.13225365,16.01641273,16.12000084,0
4548,10/28/2019,16.0991993,16.13124275,16.04500008,16.10070038,0
4549,10/29/2019,16.10989952,16.14303207,16.05249977,16.10969925,0
4550,10/30/2019,16.1026001,16.15552711,16.05500031,16.1026001,0
4551,10/31/2019,16.11129951,16.15546417,16.05999947,16.11030006,0
4552,11/1/2019,16.11090088,16.12574959,16.10070038,16.10980034,0
4553,11/4/2019,16.11925316,16.15019989,16.06749916,16.11050034,0
4554,11/5/2019,16.0919857,16.13820267,16.04000092,16.08419991,0
4555,11/6/2019,16.09980011,16.14715767,16.05529976,16.09970093,0
4556,11/7/2019,16.10930061,16.15880013,16.05999947,16.10989952,0
4557,11/8/2019,16.11070061,16.13362885,15.9945631,16.11030006,0
4558,11/11/2019,16.12232971,16.16104889,16.07999992,16.12313461,0
4559,11/12/2019,16.12613869,16.16484833,16.07819939,16.11980057,0
4560,11/13/2019,16.10079956,16.1473465,16.04450035,16.10878944,0
4561,11/14/2019,16.10820007,16.14221764,16.03499985,16.10960007,0
4562,11/15/2019,16.10029984,16.11351585,16.07999992,16.09910011,0
4563,11/18/2019,16.10489845,16.13644028,15.99493694,16.10599136,0
4564,11/19/2019,16.10020065,16.12719536,16.03000069,16.10820007,0
4565,11/20/2019,16.06949997,16.12218475,16.02630043,16.06949997,0
4566,11/21/2019,16.06669998,16.12757683,16.04000092,16.06959915,0
4567,11/22/2019,16.07690048,16.09389877,15.97545242,16.07649994,0
4568,11/25/2019,16.07649994,16.13307381,15.97603035,16.07589912,0
4569,11/26/2019,16.11100006,16.13696861,16.06739998,16.11070061,0
4570,11/27/2019,16.08889961,16.13663673,16.04999924,16.09711647,0
4571,11/28/2019,16.09149933,16.13762665,16.05850029,16.09149933,0
4572,11/29/2019,16.09771538,16.10354424,15.96218586,16.0904007,0
4573,12/2/2019,16.09772301,16.13622475,15.94855022,16.09998703,0
4574,12/3/2019,16.06900024,16.13958549,16.01877975,16.06749916,0
4575,12/4/2019,16.09259987,16.13666534,15.97785664,16.09280014,0
4576,12/5/2019,16.09000015,16.14759636,16.06879997,16.09009933,0
4577,12/6/2019,16.1093998,16.12578964,16.10140038,16.11100006,0
4578,12/9/2019,16.1197567,16.15693665,16.0389576,16.12063026,0
4579,12/10/2019,16.08849907,16.15802193,16.06999969,16.09605789,0
4580,12/11/2019,16.12929916,16.1585331,16.07749939,16.1298008,0
4581,12/12/2019,16.12330055,16.16015625,16.07999992,16.12360001,0
4582,12/13/2019,16.09070015,16.10410309,15.98169708,16.09420013,0
4583,12/16/2019,16.09090042,16.10000038,15.96500015,16.09184074,0
4584,12/17/2019,16.0095005,16.04290009,15.91523933,16.01199913,0
4585,12/18/2019,16.00656319,16.05811119,15.97000027,15.99880028,0
4586,12/19/2019,16.02499962,16.05751419,15.94999981,16.02440071,0
4587,12/20/2019,16.01819992,16.03185654,16.00989914,16.01659966,0
4588,12/23/2019,16.01682472,16.0552578,15.90523911,16.01646233,0
4589,12/24/2019,16.03840828,16.06360435,15.97879982,16.02960014,0
4590,12/25/2019,16.03047943,16.0435009,15.99919987,16.0319252,0
4591,12/26/2019,16.02325439,16.05550003,15.98999977,16.02318382,0
4592,12/27/2019,16.01430511,16.02574158,15.89945316,16.01358414,0
4593,12/30/2019,16.00751114,16.05477524,15.96170044,16.00894356,0
4594,12/31/2019,16.0265007,16.05689621,15.90046597,16.02680016,0
4595,1/1/2020,16.01229477,16.10411644,16.00740051,16.01229477,0
4596,1/2/2020,16.01029968,16.04424286,15.95129967,16.01250076,0
4597,1/3/2020,16.00909996,16.0252285,16.00049973,16.00810051,0
4598,1/6/2020,16.01049995,16.07124519,15.91329002,16.0103569,0
4599,1/7/2020,16.04439926,16.06037331,16.00989914,16.04450035,0
4600,1/8/2020,16.03879929,16.07300949,15.94800854,16.0454998,0
4601,1/9/2020,15.99969959,16.03316307,15.8007946,15.99680042,0
4602,1/10/2020,15.96269989,15.97955608,15.94999981,15.96539974,0
4603,1/13/2020,15.82640266,15.97453308,15.8125,15.82675934,0
4604,1/14/2020,15.90009975,15.91387844,15.78750038,15.90149975,0
4605,1/15/2020,15.84819984,15.88781261,15.75749969,15.85753822,0
4606,1/16/2020,15.82919979,15.85651779,15.73130035,15.8302002,0
4607,1/17/2020,15.80039978,15.81518555,15.69203091,15.80160046,0
4608,1/20/2020,15.80097771,15.81999969,15.70499992,15.80040836,0
4609,1/21/2020,15.75370026,15.79959965,15.69750023,15.75389957,0
4610,1/22/2020,15.77001095,15.81027985,15.71500015,15.77427864,0
4611,1/23/2020,15.77704716,15.82999992,15.70499992,15.77704716,0
4612,1/24/2020,15.73999977,15.78429222,15.63660908,15.74679184,0
4613,1/27/2020,15.77799225,15.79446507,15.69750023,15.77763462,0
4614,1/28/2020,15.76743221,15.80436707,15.72999954,15.76750278,0
4615,1/29/2020,15.77655697,15.81136227,15.71500015,15.76850033,0
4616,1/30/2020,15.77610016,15.81588459,15.66444492,15.78306961,0
4617,1/31/2020,15.77219963,15.78651428,15.76000023,15.7723999,0
4618,2/3/2020,15.7847271,15.81912708,15.73999977,15.78551006,0
4619,2/4/2020,15.80572128,15.81633759,15.72500038,15.80557823,0
4620,2/5/2020,15.77889442,15.80130005,15.61376858,15.77120018,0
4621,2/6/2020,15.74940014,15.77000046,15.67850018,15.75698566,0
4622,2/7/2020,15.73698807,15.74261856,15.72039986,15.7269001,0
4623,2/10/2020,15.75128174,15.75370026,15.62749958,15.7525053,0
4624,2/11/2020,15.69960022,15.71473694,15.62129974,15.70069981,0
4625,2/12/2020,15.69525242,15.71186447,15.62749958,15.6973362,0
4626,2/13/2020,15.69750023,15.72463512,15.5356884,15.69629955,0
4627,2/14/2020,15.67020035,15.68495369,15.56395435,15.67020035,0
4628,2/17/2020,15.66289043,15.67394924,15.55249977,15.66419029,0
4629,2/18/2020,15.6097002,15.65668488,15.53999996,15.60949993,0
4630,2/19/2020,15.57610035,15.62110043,15.52130032,15.57619953,0
4631,2/20/2020,15.57040024,15.61756229,15.47749996,15.57149982,0
4632,2/21/2020,15.53706837,15.54288864,15.52130032,15.5298996,0
4633,2/24/2020,15.54765129,15.58718872,15.47000027,15.54664707,0
4634,2/25/2020,15.53079987,15.59652901,15.47977066,15.53139973,0
4635,2/26/2020,15.55620003,15.62115669,15.51000023,15.56251144,0
4636,2/27/2020,15.5649004,15.63939095,15.50130177,15.56410027,0
4637,2/28/2020,15.61334896,15.61991978,15.48885059,15.61576271,0
4638,3/2/2020,15.57449722,15.66829967,15.55000019,15.57301807,0
4639,3/3/2020,15.61340046,15.67039967,15.51886845,15.60980034,0
4640,3/4/2020,15.61940002,15.66808701,15.52355385,15.61950016,0
4641,3/5/2020,15.6284647,15.64573288,15.46112728,15.62923717,0
4642,3/6/2020,15.61673069,15.62792206,15.51757813,15.61930561,0
4643,3/9/2020,15.48143387,15.73409653,15.37374592,15.47837543,0
4644,3/10/2020,15.677001,15.74429893,15.56999969,15.67590141,0
4645,3/11/2020,15.70476055,15.74335766,15.65999985,15.69901276,0
4646,3/12/2020,15.67978001,15.6931839,15.54976845,15.68033695,0
4647,3/13/2020,15.67920876,15.68721104,15.65929985,15.68131161,0
4648,3/16/2020,15.61145306,15.77338123,15.59237003,15.60452843,0
4649,3/17/2020,15.72220039,15.77282238,15.68999958,15.71930027,0
4650,3/18/2020,15.71959972,15.77304554,15.69629955,15.71459961,0
4651,3/19/2020,15.71259975,15.77406216,15.69219971,15.7244997,0
4652,3/20/2020,15.72189999,15.73574162,15.57964897,15.72039986,0
4653,3/23/2020,15.72579861,15.78068447,15.62006569,15.73293304,0
4654,3/24/2020,15.71809959,15.76952171,15.69680023,15.7191,0
4655,3/25/2020,15.72799969,15.76813698,15.68000031,15.72609997,0
4656,3/26/2020,15.71450043,15.76350021,15.69939995,15.71440029,0
4657,3/27/2020,15.72029972,15.7384901,15.71030045,15.72210026,0
4658,3/30/2020,15.53380013,15.81410027,15.44719887,15.53639984,0
4659,3/31/2020,15.74009991,15.76952839,15.67117691,15.74230003,0
4660,4/1/2020,15.7098999,15.7707243,15.68500042,15.71030045,0
4661,4/2/2020,15.71529961,15.76804543,15.6953001,15.72049999,0
4662,4/3/2020,15.72169971,15.73526478,15.70549965,15.72239971,0
4663,4/6/2020,15.72410011,15.77399731,15.65086174,15.72439957,0
4664,4/7/2020,15.71730042,15.76863861,15.69690037,15.71510029,0
4665,4/8/2020,15.75020027,15.7697649,15.61875439,15.75430012,0
4666,4/9/2020,15.72584724,15.76980877,15.69989967,15.7208004,0
4667,4/10/2020,15.76039982,15.77470207,15.7112999,15.76239967,0
4668,4/13/2020,15.7517004,15.81126022,15.45376587,15.75329971,0
4669,4/14/2020,15.76640034,15.77448463,15.47748184,15.77070045,0
4670,4/15/2020,15.75650024,15.77594185,15.68999958,15.75899982,0
4671,4/16/2020,15.75510025,15.77467442,15.69999981,15.75699997,0
4672,4/17/2020,15.72659969,15.73659325,15.7098999,15.72480011,0
4673,4/20/2020,15.74278641,15.75104713,15.55925465,15.73960018,0
4674,4/21/2020,15.71630001,15.77201653,15.64926434,15.7166996,0
4675,4/22/2020,15.72459984,15.77299786,15.68000031,15.72309971,0
4676,4/23/2020,15.72060013,15.7756567,15.69999981,15.7215004,0
4677,4/24/2020,15.75909996,15.77888012,15.74849987,15.75360012,0
4678,4/27/2020,15.76627445,15.77647877,15.69929981,15.75860023,0
4679,4/28/2020,15.72159958,15.77180862,15.68999958,15.72109985,0
4680,4/29/2020,15.71749973,15.76840019,15.68999958,15.71949959,0
4681,4/30/2020,15.72309971,15.76612377,15.612813,15.72389984,0
4682,5/1/2020,15.73484421,15.74693012,15.62660027,15.72830009,0
4683,5/4/2020,15.70639992,15.76960945,15.50070763,15.70689964,0
4684,5/5/2020,15.7191,15.77103615,15.68999958,15.72570992,0
4685,5/6/2020,15.71109962,15.76832771,15.58899975,15.70730019,0
4686,5/7/2020,15.7215004,15.7670126,15.6121254,15.7201004,0
4687,5/8/2020,15.71560001,15.73484516,15.6128397,15.71459961,0
4688,5/11/2020,15.72270012,15.76782322,15.69999981,15.72539997,0
4689,5/12/2020,15.72039986,15.77120209,15.68999958,15.71969986,0
4690,5/13/2020,15.72529984,15.76729012,15.61204624,15.72710037,0
4691,5/14/2020,15.72488594,15.77779961,15.66049194,15.71860027,0
4692,5/15/2020,15.70930004,15.72299671,15.59535789,15.71090031,0
4693,5/18/2020,15.71144676,15.81533527,15.69159985,15.70320034,0
4694,5/19/2020,15.75669956,15.80372715,15.66343117,15.75959969,0
4695,5/20/2020,15.76329994,15.84148502,15.72000027,15.76210022,0
4696,5/21/2020,15.78579998,15.87316132,15.76819992,15.79853535,0
4697,5/22/2020,15.82670021,15.84586811,15.81999969,15.83027363,0
4698,5/25/2020,15.82199955,15.85884476,15.81000042,15.82139969,0
4699,5/26/2020,15.82859993,15.84388924,15.80000019,15.82999992,0
4700,5/27/2020,15.83040047,15.84382629,15.69917011,15.83040047,0
4701,5/28/2020,15.81562996,15.82411575,15.80060005,15.81835842,0
4702,5/29/2020,15.80319977,15.8263464,15.7947998,15.80749989,0
4703,6/1/2020,15.79117775,15.95275879,15.7471981,15.79309559,0
4704,6/2/2020,15.90410042,15.99974918,15.87969971,15.90410042,0
4705,6/3/2020,15.9814043,16.10017967,15.84697723,15.97550011,0
4706,6/4/2020,16.05788612,16.22229767,16.01000023,16.05824471,0
4707,6/5/2020,16.2064991,16.22380829,16.09804726,16.22138977,0
4708,6/8/2020,16.16110039,16.23756981,16.11249924,16.16259956,0
4709,6/9/2020,16.16839981,16.19525146,16.09499931,16.16939926,0
4710,6/10/2020,16.15950012,16.18899727,16.10000038,16.15690041,0
4711,6/11/2020,16.16690063,16.19210815,16.11000061,16.1641674,0
4712,6/12/2020,16.15719986,16.16665268,16.13969994,16.15579987,0
4713,6/15/2020,16.15749931,16.19737625,16.11000061,16.1548996,0
4714,6/16/2020,16.16141129,16.19950485,16.11499977,16.16169548,0
4715,6/17/2020,16.14539909,16.20781326,16.12000084,16.14830017,0
4716,6/18/2020,16.15270042,16.19553757,16.10849953,16.15040016,0
4717,6/19/2020,16.15069962,16.16473389,16.14100075,16.15010071,0
4718,6/22/2020,16.15040016,16.19400024,16.07920647,16.14749908,0
4719,6/23/2020,16.14900017,16.18079376,16.10499954,16.15259933,0
4720,6/24/2020,16.14222145,16.1945858,16.11000061,16.14079475,0
4721,6/25/2020,16.14999962,16.19117355,16.11000061,16.15069962,0
4722,6/26/2020,16.13559914,16.15094566,16.12070084,16.1378994,0
4723,6/29/2020,16.12509918,16.18172264,16.07410049,16.12220001,0
4724,6/30/2020,16.13030052,16.16568375,16.06500053,16.13209915,0
4725,7/1/2020,16.12170029,16.15697479,15.95377636,16.12199974,0
4726,7/2/2020,16.09620094,16.11084747,15.99193192,16.09799957,0
4727,7/3/2020,16.08729935,16.10527229,16.08110046,16.08989906,0
4728,7/6/2020,16.09309959,16.09528542,15.93841743,16.0904007,0
4729,7/7/2020,16.03019905,16.10490036,15.94050026,16.03000069,0
4730,7/8/2020,16.00250053,16.03849792,15.93000031,16.00699997,0
4731,7/9/2020,15.98890018,16.01965523,15.89500046,15.99129963,0
4732,7/10/2020,15.96150017,15.97614288,15.84788322,15.9612999,0
4733,7/13/2020,15.94680023,15.96837425,15.84549999,15.94719982,0
4734,7/14/2020,15.94719982,15.97669983,15.86509991,15.94639969,0
4735,7/15/2020,15.93000031,16.00049973,15.85892487,15.92850018,0
4736,7/16/2020,15.94888401,15.98399258,15.89999962,15.9495821,0
4737,7/17/2020,15.92459965,15.93920898,15.8259201,15.92660046,0
4738,7/20/2020,15.90450001,15.97409821,15.88720036,15.9059,0
4739,7/21/2020,15.93929958,15.98581123,15.85172081,15.93770027,0
4740,7/22/2020,15.95479965,16.00528336,15.92000008,15.95259953,0
4741,7/23/2020,15.97423363,15.97636509,15.93999958,15.97305965,0
4742,7/24/2020,15.96640015,15.97622395,15.95090008,15.96660042,0
4743,7/27/2020,15.96539974,15.99863338,15.87310028,15.96790028,0
4744,7/28/2020,15.9545002,15.9853487,15.89999962,15.95759964,0
4745,7/29/2020,15.96194077,15.99108315,15.89500046,15.95339966,0
4746,7/30/2020,15.94480038,15.95632172,15.92269993,15.94349957,0
4747,7/31/2020,15.94935989,15.95759487,15.9296999,15.94050026,0
4748,8/3/2020,15.95489979,16.00499916,15.83050346,15.95440006,0
4749,8/4/2020,15.9385004,15.99199677,15.85835648,15.93840027,0
4750,8/5/2020,15.96049976,16.00510216,15.92000008,15.95909977,0
4751,8/6/2020,15.96730042,15.99008846,15.89369965,15.96800041,0
4752,8/7/2020,15.9385004,15.95641994,15.93109989,15.94040012,0
4753,8/10/2020,15.9932003,15.99779034,15.88017082,15.9932003,0
4754,8/11/2020,15.96010017,15.99032402,15.92809963,15.96128464,0
4755,8/12/2020,15.95559978,15.98658371,15.89000034,15.95510006,0
4756,8/13/2020,15.93710041,15.95881844,15.79886723,15.9343996,0
4757,8/14/2020,15.90530014,15.91928482,15.80231762,15.90610027,0
4758,8/17/2020,15.88630009,15.93387794,15.85000038,15.88799953,0
4759,8/18/2020,15.89690018,15.95750046,15.80319977,15.89700031,0
4760,8/19/2020,15.90289974,15.93541336,15.83199978,15.91110039,0
4761,8/20/2020,15.89890003,15.91803646,15.80435753,15.89920044,0
4762,8/21/2020,15.90450001,15.91870022,15.81033039,15.91208744,0
4763,8/24/2020,15.89890003,15.92147732,15.80500031,15.89920044,0
4764,8/25/2020,15.85999966,15.89883423,15.80749989,15.86100006,0
4765,8/26/2020,15.87539959,15.89000034,15.79080009,15.87769985,0
4766,8/27/2020,15.83920002,15.87064171,15.69700336,15.83870029,0
4767,8/28/2020,15.84220028,15.85865307,15.74286175,15.84150028,0
4768,8/31/2020,15.8178997,15.85590363,15.702178,15.82050037,0
4769,9/1/2020,15.84189987,15.86161709,15.71819973,15.84130001,0
4770,9/2/2020,15.84937286,15.86427021,15.75500011,15.84039974,0
4771,9/3/2020,15.83580017,15.85999966,15.73550034,15.83780003,0
4772,9/4/2020,15.79127407,15.81000042,15.76939964,15.77970028,0
4773,9/7/2020,15.78719997,15.80587196,15.71000004,15.78590012,0
4774,9/8/2020,15.7677002,15.78829002,15.67703247,15.77720547,0
4775,9/9/2020,15.77699375,15.78571033,15.69629955,15.76760006,0
4776,9/10/2020,15.76060009,15.81070042,15.67500019,15.76159954,0
4777,9/11/2020,15.73040009,15.74493694,15.63138866,15.72879982,0
4778,9/14/2020,15.73910046,15.7651186,15.67249966,15.74281311,0
4779,9/15/2020,15.73970032,15.76343918,15.67000008,15.73869991,0
4780,9/16/2020,15.73560047,15.81999969,15.67380047,15.73159981,0
4781,9/17/2020,15.7361002,15.7498188,15.66090012,15.7354002,0
4782,9/18/2020,15.73659992,15.74579334,15.63026142,15.72649956,0
4783,9/21/2020,15.7198,15.73674583,15.62611103,15.7208004,0
4784,9/22/2020,15.70009995,15.77418518,15.67780018,15.70349979,0
4785,9/23/2020,15.71940041,15.76622486,15.66054916,15.7201004,0
4786,9/24/2020,15.72468853,15.77138805,15.69379997,15.7130003,0
4787,9/25/2020,15.73579979,15.76227093,15.73379993,15.73719978,0
4788,9/28/2020,15.74030018,15.7708559,15.61920357,15.73849964,0
4789,9/29/2020,15.7262001,15.76856041,15.65065861,15.72879982,0
4790,9/30/2020,15.72990036,15.76852417,15.68999958,15.73050022,0
4791,10/1/2020,15.73519993,15.76249695,15.62045002,15.7347002,0
4792,10/2/2020,15.72159958,15.73571014,15.70769978,15.7208004,0
4793,10/5/2020,15.72177601,15.72877789,15.64700031,15.71249962,0
4794,10/6/2020,15.69950008,15.72099495,15.60718727,15.69979954,0
4795,10/7/2020,15.68540001,15.71196747,15.61999989,15.68620014,0
4796,10/8/2020,15.68229961,15.69479275,15.64999962,15.68159962,0
4797,10/9/2020,15.67809963,15.69646263,15.66989994,15.67739964,0
4798,10/12/2020,15.69299984,15.70436478,15.60499954,15.69779968,0
4799,10/13/2020,15.66899967,15.68233395,15.5948,15.66769981,0
4800,10/14/2020,15.65919971,15.68320179,15.5948,15.65999985,0
4801,10/15/2020,15.67129993,15.69305801,15.58500004,15.66989994,0
4802,10/16/2020,15.6704998,15.68500519,15.66129971,15.66969967,0
4803,10/19/2020,15.67029953,15.69909,15.60999966,15.68481827,0
4804,10/20/2020,15.67300034,15.7105999,15.59009361,15.67230034,0
4805,10/21/2020,15.66730022,15.71774769,15.57315063,15.67059994,0
4806,10/22/2020,15.67300034,15.71622276,15.5699501,15.67319965,0
4807,10/23/2020,15.68089962,15.69536304,15.57916832,15.67920017,0
4808,10/26/2020,15.70757484,15.72768784,15.63000011,15.70571899,0
4809,10/27/2020,15.67129993,15.72025776,15.63879967,15.67129993,0
4810,10/28/2020,15.67590046,15.72348022,15.62051582,15.67840004,0
4811,10/29/2020,15.67059994,15.68439865,15.65810013,15.67230034,0
4812,10/30/2020,15.66590023,15.68765354,15.56831837,15.67109966,0
4813,11/2/2020,15.68863297,15.73814106,15.64999962,15.68856525,0
4814,11/3/2020,15.70470047,15.74246407,15.64999962,15.70460033,0
4815,11/4/2020,15.68120003,15.73573875,15.66380024,15.67759991,0
4816,11/5/2020,15.69330025,15.72317886,15.55352402,15.69709969,0
4817,11/6/2020,15.65810013,15.67650604,15.6505003,15.66320038,0
4818,11/9/2020,15.64385319,15.66126728,15.56879997,15.6441164,0
4819,11/10/2020,15.65140247,15.65429306,15.50707531,15.64379978,0
4820,11/11/2020,15.61849976,15.65196705,15.57999992,15.61750031,0
4821,11/12/2020,15.62020016,15.64050293,15.53880024,15.62170029,0
4822,11/13/2020,15.61260033,15.62515926,15.60000038,15.61159992,0
4823,11/16/2020,15.60378933,15.64470005,15.56999969,15.60411835,0
4824,11/17/2020,15.61900043,15.64428043,15.53499985,15.6182003,0
4825,11/18/2020,15.59899998,15.63049984,15.52750015,15.59799957,0
4826,11/19/2020,15.59329987,15.62104893,15.52250004,15.59549999,0
4827,11/20/2020,15.57240009,15.59000015,15.47970963,15.57139969,0
4828,11/23/2020,15.56529427,15.65228367,15.53969955,15.5660162,0
4829,11/24/2020,15.61557961,15.67115498,15.58500004,15.6079998,0
4830,11/25/2020,15.61929989,15.67406845,15.59000015,15.62119961,0
4831,11/26/2020,15.62989998,15.67762756,15.59000015,15.62849998,0
4832,11/27/2020,15.6086998,15.62720203,15.51812935,15.60949993,0
4833,11/30/2020,15.60978127,15.67312622,15.4558897,15.61030197,0
4834,12/1/2020,15.62030029,15.66539955,15.59000015,15.62479973,0
4835,12/2/2020,15.63059998,15.67772388,15.57508278,15.6303997,0
4836,12/3/2020,15.6303997,15.69509983,15.54816246,15.63049984,0
4837,12/4/2020,15.63990021,15.65427685,15.62010002,15.64350033,0
4838,12/7/2020,15.65110493,15.69175434,15.60449982,15.65123367,0
4839,12/8/2020,15.65100002,15.69550896,15.61499977,15.65499973,0
4840,12/9/2020,15.64750004,15.71020222,15.61950016,15.64490032,0
4841,12/10/2020,15.65769958,15.72894287,15.6395998,15.66833591,0
4842,12/11/2020,15.67710018,15.69563961,15.67000008,15.6796999,0
4843,12/14/2020,15.6636343,15.73885632,15.57284641,15.66318226,0
4844,12/15/2020,15.70969963,15.74646282,15.64890003,15.70979977,0
4845,12/16/2020,15.67940044,15.71716309,15.61499977,15.67850018,0
4846,12/17/2020,15.6651001,15.72305489,15.63070011,15.66079998,0
4847,12/18/2020,15.6796999,15.69755554,15.58381557,15.68109989,0
4848,12/21/2020,15.74311256,15.78271389,15.57250023,15.75007629,0
4849,12/22/2020,15.63560009,15.70734882,15.59500027,15.64591885,0
4850,12/23/2020,15.64947701,15.72206974,15.61999989,15.65063286,0
4851,12/24/2020,15.66919994,15.7288723,15.63000011,15.66580009,0
4852,12/25/2020,15.66926479,15.69502735,15.62580013,15.66926479,0
4853,12/28/2020,15.64390945,15.73607826,15.57578564,15.6451273,0
4854,12/29/2020,15.68999958,15.73890018,15.58930397,15.69040012,0
4855,12/30/2020,15.69939995,15.75892258,15.61008644,15.70100021,0
4856,12/31/2020,15.70932579,15.74405384,15.6034174,15.70938969,0
4857,1/1/2021,15.71773624,15.82526302,15.70950031,15.71773624,0
4858,1/4/2021,15.67321301,15.74170017,15.62333107,15.67315006,0
4859,1/5/2021,15.71795845,15.72417259,15.59879971,15.70960045,0
4860,1/6/2021,15.66950035,15.68999958,15.58129978,15.67059994,0
4861,1/7/2021,15.66889954,15.68740463,15.57759285,15.67912292,0
4862,1/8/2021,15.6722002,15.68691444,15.57789516,15.68128777,0
4863,1/11/2021,15.66163254,15.74649811,15.55000019,15.65880585,0
4864,1/12/2021,15.62160015,15.68814564,15.52052116,15.62119961,0
4865,1/13/2021,15.63449955,15.68939972,15.57396317,15.63510036,0
4866,1/14/2021,15.62849998,15.69546223,15.56277084,15.62790012,0
4867,1/15/2021,15.63875675,15.64641571,15.53759098,15.63099957,0
4868,1/18/2021,15.60775948,15.71918488,15.58864212,15.60956955,0
4869,1/19/2021,15.66899967,15.72412109,15.5845232,15.6697998,0
4870,1/20/2021,15.68747044,15.74737644,15.64000034,15.68050003,0
4871,1/21/2021,15.71420002,15.74820709,15.59254074,15.71430016,0
4872,1/22/2021,15.69970036,15.71619892,15.69050026,15.7020998,0
4873,1/25/2021,15.70781708,15.73944473,15.65999985,15.70975399,0
4874,1/26/2021,15.67980003,15.74691677,15.65849972,15.68169975,0
4875,1/27/2021,15.70944118,15.74720192,15.60118198,15.69939995,0
4876,1/28/2021,15.68169975,15.69551182,15.67000008,15.67910004,0
4877,1/29/2021,15.68750381,15.70179844,15.56961441,15.68504524,0
4878,2/1/2021,15.69540024,15.75034904,15.65999985,15.69729996,0
4879,2/2/2021,15.69400024,15.74797344,15.65880013,15.70156193,0
4880,2/3/2021,15.70419979,15.7338562,15.63000011,15.70680046,0
4881,2/4/2021,15.6899004,15.70994473,15.59000015,15.6864996,0
4882,2/5/2021,15.66160011,15.68239975,15.61999989,15.66259956,0
4883,2/8/2021,15.66277599,15.68555737,15.55749989,15.66316605,0
4884,2/9/2021,15.62989998,15.65159798,15.4939642,15.62940025,0
4885,2/10/2021,15.63000011,15.64888,15.51913643,15.63169956,0
4886,2/11/2021,15.62959957,15.65084743,15.51580048,15.62959957,0
4887,2/12/2021,15.59710026,15.614645,15.57999992,15.59790039,0
4888,2/15/2021,15.55819988,15.61644745,15.50908279,15.55819988,0
4889,2/16/2021,15.58969975,15.627491,15.53750038,15.58870029,0
4890,2/17/2021,15.59500027,15.65830708,15.56000042,15.60000038,0
4891,2/18/2021,15.60691738,15.67483521,15.56000042,15.60665798,0
4892,2/19/2021,15.63290024,15.64637566,15.53751183,15.63169956,0
4893,2/22/2021,15.61025906,15.68924713,15.55577564,15.61116028,0
4894,2/23/2021,15.64830017,15.70026207,15.63000011,15.65149975,0
4895,2/24/2021,15.65721798,15.69448757,15.54277897,15.65170002,0
4896,2/25/2021,15.65859699,15.71608734,15.61989975,15.66033363,0
4897,2/26/2021,15.6809206,15.68708134,15.5706749,15.68350124,0
4898,3/1/2021,15.66217232,15.74341583,15.63799953,15.65880394,0
4899,3/2/2021,15.69960022,15.74344826,15.59500027,15.69960022,0
4900,3/3/2021,15.64999962,15.68019962,15.57499981,15.65110016,0
4901,3/4/2021,15.64280033,15.69419193,15.55290699,15.64770031,0
4902,3/5/2021,15.66469955,15.69449997,15.65600014,15.66189957,0
4903,3/8/2021,15.66424179,15.74106121,15.64000034,15.66351891,0
4904,3/9/2021,15.70009995,15.73630047,15.61294079,15.69960022,0
4905,3/10/2021,15.70918274,15.7507,15.65999985,15.70059967,0
4906,3/11/2021,15.70199966,15.7489996,15.62749958,15.70240021,0
4907,3/12/2021,15.67199993,15.68540287,15.60999966,15.67310047,0
4908,3/15/2021,15.68517494,15.72751999,15.55756664,15.6842556,0
4909,3/16/2021,15.68019962,15.73010063,15.64900017,15.67879963,0
4910,3/17/2021,15.65960026,15.71691322,15.64000034,15.6590004,0
4911,3/18/2021,15.68737125,15.72658253,15.60404491,15.68029976,0
4912,3/19/2021,15.65801144,15.67000008,15.63000011,15.64929962,0
4913,3/22/2021,15.68686867,15.74927425,15.6388998,15.68449306,0
4914,3/23/2021,15.69869995,15.78193474,15.6308651,15.69810009,0
4915,3/24/2021,15.73190022,15.78145981,15.63270473,15.72850037,0
4916,3/25/2021,15.73130035,15.77935505,15.66499996,15.73139954,0
4917,3/26/2021,15.67380047,15.69021893,15.65499973,15.67389965,0
4918,3/29/2021,15.69099998,15.73034668,15.62249279,15.69050026,0
4919,3/30/2021,15.68970013,15.72347069,15.64000034,15.68980026,0
4920,3/31/2021,15.68840027,15.71362209,15.64000034,15.68910027,0
4921,4/1/2021,15.68939972,15.7183857,15.61999989,15.68739986,0
4922,4/2/2021,15.68754005,15.72077656,15.66679955,15.67800045,0
4923,4/5/2021,15.69190025,15.70754528,15.52147102,15.6942997,0
4924,4/6/2021,15.59526253,15.72891235,15.58059978,15.59302044,0
4925,4/7/2021,15.68145275,15.72748089,15.63879967,15.67973614,0
4926,4/8/2021,15.67029953,15.72289753,15.64500046,15.66749954,0
4927,4/9/2021,15.68150043,15.69650078,15.57255077,15.68159962,0
4928,4/12/2021,15.67739964,15.70635319,15.54971504,15.67959976,0
4929,4/13/2021,15.66310024,15.70465755,15.625,15.66479969,0
4930,4/14/2021,15.67154503,15.71860027,15.63300037,15.6619997,0
4931,4/15/2021,15.63990021,15.68979836,15.60499954,15.64239979,0
4932,4/16/2021,15.66027546,15.66759872,15.55368423,15.65831184,0
4933,4/19/2021,15.66989994,15.71020031,15.49230671,15.67070007,0
4934,4/20/2021,15.66310024,15.70782661,15.625,15.67186546,0
4935,4/21/2021,15.67669964,15.69473457,15.5553894,15.67770004,0
4936,4/22/2021,15.65069962,15.69678307,15.625,15.64920044,0
4937,4/23/2021,15.67070007,15.68764114,15.66119957,15.66899967,0
4938,4/26/2021,15.69302177,15.70115185,15.62880039,15.68109989,0
4939,4/27/2021,15.66139984,15.6967001,15.55107689,15.66390038,0
4940,4/28/2021,15.64480019,15.69553471,15.60999966,15.64649963,0
4941,4/29/2021,15.62979984,15.64732456,15.62110043,15.62899971,0
4942,4/30/2021,15.63724232,15.64532089,15.52914143,15.62870026,0
4943,5/3/2021,15.62937832,15.71469975,15.53936958,15.62269974,0
4944,5/4/2021,15.64005756,15.68239975,15.5994997,15.62870026,0
4945,5/5/2021,15.63759995,15.67474937,15.54186916,15.63780022,0
4946,5/6/2021,15.63640022,15.68054485,15.60000038,15.63770008,0
4947,5/7/2021,15.63689995,15.65581417,15.54284668,15.64039993,0
4948,5/10/2021,15.63099957,15.68616199,15.42943096,15.63430023,0
4949,5/11/2021,15.64933777,15.69915104,15.56513882,15.64804935,0
4950,5/12/2021,15.65629959,15.70880032,15.55761719,15.65600014,0
4951,5/13/2021,15.6473999,15.6648016,15.62310028,15.64960003,0
4952,5/14/2021,15.62759972,15.64457226,15.53315163,15.63020039,0
4953,5/17/2021,15.62893486,15.70051861,15.60999966,15.61940002,0
4954,5/18/2021,15.65979958,15.70004368,15.61999989,15.66189957,0
4955,5/19/2021,15.65060043,15.69881725,15.59891129,15.64900017,0
4956,5/20/2021,15.65750027,15.70111084,15.61999989,15.65629959,0
4957,5/21/2021,15.65942764,15.6656847,15.55683804,15.65270042,0
4958,5/24/2021,15.62479973,15.68596935,15.58342075,15.625,0
4959,5/25/2021,15.63949966,15.68488312,15.60499954,15.64150047,0
4960,5/26/2021,15.6402998,15.6932373,15.60499954,15.64220047,0
4961,5/27/2021,15.64929962,15.69445229,15.59097958,15.65060043,0
4962,5/28/2021,15.64920044,15.6662178,15.6218996,15.64890003,0
4963,5/31/2021,15.62790012,15.69812965,15.55297565,15.64133072,0
4964,6/1/2021,15.66499996,15.69798756,15.55978298,15.6637001,0
4965,6/2/2021,15.64850044,15.70226192,15.62940025,15.64840031,0
4966,6/3/2021,15.66129971,15.70345116,15.61979961,15.6619997,0
4967,6/4/2021,15.66079998,15.67688465,15.56408787,15.65979958,0
4968,6/7/2021,15.65960026,15.71045685,15.63500023,15.66040039,0
4969,6/8/2021,15.65919971,15.704566,15.61330032,15.66040039,0
4970,6/9/2021,15.62110043,15.68039036,15.61190033,15.61830044,0
4971,6/10/2021,15.64750004,15.69027328,15.53406525,15.65130043,0
4972,6/11/2021,15.64239979,15.65672874,15.60219955,15.63969994,0
4973,6/14/2021,15.60690022,15.66559219,15.58880043,15.60789967,0
4974,6/15/2021,15.62969971,15.67119503,15.5251627,15.64162922,0
4975,6/16/2021,15.6413002,15.67142582,15.53726864,15.64080048,0
4976,6/17/2021,15.61839962,15.67231655,15.52011108,15.62953472,0
4977,6/18/2021,15.63339996,15.65124512,15.60999966,15.63329983,0
4978,6/21/2021,15.60620022,15.67613029,15.59000015,15.62080002,0
4979,6/22/2021,15.63259983,15.67584419,15.60000038,15.6335001,0
4980,6/23/2021,15.65530014,15.67618179,15.59000015,15.65509987,0
4981,6/24/2021,15.62699986,15.6869154,15.60999966,15.62539959,0
4982,6/25/2021,15.64169979,15.65641308,15.54615116,15.65278625,0
4983,6/28/2021,15.63140011,15.68589973,15.55959606,15.64000034,0
4984,6/29/2021,15.64070034,15.68553162,15.61130047,15.64881325,0
4985,6/30/2021,15.6281004,15.69648075,15.54924488,15.62889957,0
4986,7/1/2021,15.66170025,15.68184853,15.65550041,15.66479969,0
4987,7/2/2021,15.67384434,15.67928696,15.54900932,15.67391014,0
4988,7/5/2021,15.65089989,15.69602776,15.5082407,15.65976524,0
4989,7/6/2021,15.65799999,15.70575905,15.55999279,15.65450001,0
4990,7/7/2021,15.66049957,15.70705891,15.59762573,15.66250038,0
4991,7/8/2021,15.64360046,15.70838165,15.57302475,15.64299965,0
4992,7/9/2021,15.66289997,15.67651939,15.55638027,15.66170025,0
4993,7/12/2021,15.64000034,15.70843697,15.53869629,15.63689995,0
4994,7/13/2021,15.64820004,15.70915794,15.57007122,15.64710045,0
4995,7/14/2021,15.66250038,15.70776463,15.60999966,15.66219997,0
4996,7/15/2021,15.67090034,15.7119751,15.56174183,15.67059994,0
4997,7/16/2021,15.67469978,15.69112778,15.66699982,15.67329979,0
4998,7/19/2021,15.66600037,15.6919241,15.53922653,15.66779995,0
4999,7/20/2021,15.6402998,15.6570549,15.53951836,15.64039993,0
5000,7/21/2021,15.6395998,15.65565491,15.54234982,15.63969994,0
5001,7/22/2021,15.64140034,15.65795517,15.54429436,15.6413002,0
5002,7/23/2021,15.64299965,15.65779209,15.53710556,15.65173054,0
5003,7/26/2021,15.63910007,15.71323681,15.56130314,15.64911556,0
5004,7/27/2021,15.66719246,15.70155811,15.63980007,15.66020012,0
5005,7/28/2021,15.66854191,15.72336102,15.64000034,15.65909958,0
5006,7/29/2021,15.67806435,15.71885777,15.61312103,15.66940022,0
5007,7/30/2021,15.67920017,15.68947411,15.58080292,15.67790031,0
5008,8/2/2021,15.6814003,15.71958447,15.60282993,15.68319988,0
5009,8/3/2021,15.67420006,15.71167564,15.64000034,15.67319965,0
5010,8/4/2021,15.66860008,15.72234535,15.64000034,15.6775198,0
5011,8/5/2021,15.67010021,15.71551609,15.63000011,15.67070007,0
5012,8/6/2021,15.68561172,15.69344902,15.57557297,15.68514824,0
5013,8/9/2021,15.69817448,15.74600029,15.6004076,15.68799973,0
5014,8/10/2021,15.67129993,15.71495628,15.59610271,15.66880035,0
5015,8/11/2021,15.67010021,15.71443176,15.64000034,15.67000008,0
5016,8/12/2021,15.6711998,15.6854887,15.66180038,15.67249966,0
5017,8/13/2021,15.66889954,15.68493843,15.66040039,15.67778683,0
5018,8/16/2021,15.66800022,15.71598339,15.56925964,15.66530037,0
5019,8/17/2021,15.66970921,15.71503925,15.64890003,15.65960026,0
5020,8/18/2021,15.67930031,15.71670055,15.64000034,15.68029976,0
5021,8/19/2021,15.67310047,15.71338844,15.63000011,15.67300034,0
5022,8/20/2021,15.66899967,15.6856699,15.65999985,15.66870022,0
5023,8/23/2021,15.67129993,15.71808147,15.63300037,15.66880035,0
5024,8/24/2021,15.6704998,15.72184753,15.59621334,15.68016338,0
5025,8/25/2021,15.67129993,15.71625233,15.57316971,15.66959953,0
5026,8/26/2021,15.67891312,15.71531677,15.63000011,15.6722002,0
5027,8/27/2021,15.67420006,15.69086838,15.5714674,15.67539978,0
5028,8/30/2021,15.67269802,15.71343803,15.56977558,15.65989971,0
5029,8/31/2021,15.67789841,15.71621323,15.64000034,15.67039967,0
5030,9/1/2021,15.66779995,15.7140379,15.56262398,15.66870022,0
5031,9/2/2021,15.68437004,15.71067429,15.64000034,15.67450047,0
5032,9/3/2021,15.67430019,15.68964291,15.66670036,15.67339993,0
5033,9/6/2021,15.67150021,15.71865082,15.58605194,15.67020035,0
5034,9/7/2021,15.67469978,15.72628784,15.64990044,15.68605995,0
5035,9/8/2021,15.69437122,15.72057247,15.64999962,15.68459988,0
5036,9/9/2021,15.69480038,15.72546387,15.61412525,15.69540024,0
5037,9/10/2021,15.68595886,15.69653606,15.58101273,15.68099976,0
5038,9/13/2021,15.68309975,15.72173119,15.58154011,15.69185162,0
5039,9/14/2021,15.68910027,15.72572803,15.61554623,15.69019985,0
5040,9/15/2021,15.6857996,15.72175121,15.64000034,15.6843996,0
5041,9/16/2021,15.68340015,15.72068691,15.60040283,15.68710041,0
5042,9/17/2021,15.69322395,15.70257092,15.67739964,15.69389057,0
5043,9/20/2021,15.68169975,15.72154903,15.64000034,15.68200016,0
5044,9/21/2021,15.70240879,15.72731018,15.65970039,15.69579983,0
5045,9/22/2021,15.67080021,15.72876644,15.65939999,15.66790009,0
5046,9/23/2021,15.68179989,15.73360538,15.6157608,15.68249989,0
5047,9/24/2021,15.66899967,15.68550587,15.57078934,15.66940022,0
5048,9/27/2021,15.65999985,15.72488117,15.64999962,15.65989971,0
5049,9/28/2021,15.67770004,15.72239971,15.65999985,15.68625832,0
5050,9/29/2021,15.68010044,15.7184,15.57797718,15.6789999,0
5051,9/30/2021,15.67860031,15.72598553,15.59331703,15.67840004,0
5052,10/1/2021,15.6885004,15.70593834,15.58341885,15.69898033,0
5053,10/4/2021,15.67539978,15.72897243,15.59000301,15.68384171,0
5054,10/5/2021,15.68130016,15.72809887,15.65999985,15.6899538,0
5055,10/6/2021,15.68109989,15.72649288,15.5777607,15.68220043,0
5056,10/7/2021,15.66909981,15.68562984,15.66069984,15.66849995,0
5057,10/8/2021,15.66699982,15.68564701,15.57221985,15.67550278,0
5058,10/11/2021,15.67450047,15.72915077,15.64000034,15.67409992,0
5059,10/12/2021,15.68770027,15.72955894,15.65130043,15.68869972,0
5060,10/13/2021,15.67879963,15.72312641,15.5745306,15.67980003,0
5061,10/14/2021,15.68459988,15.72555637,15.6548996,15.68420029,0
5062,10/15/2021,15.69159985,15.70519924,15.59218407,15.69079971,0
5063,10/18/2021,15.69579983,15.73049164,15.61082077,15.69859982,0
5064,10/19/2021,15.70899963,15.72867107,15.64000034,15.70940018,0
5065,10/20/2021,15.69050026,15.72694588,15.6590004,15.6892004,0
5066,10/21/2021,15.67300034,15.68587017,15.66279984,15.67370033,0
5067,10/22/2021,15.66959953,15.68576908,15.5626564,15.66829967,0
5068,10/25/2021,15.68340015,15.73128414,15.59716225,15.68200016,0
5069,10/26/2021,15.69939995,15.73303604,15.60834599,15.69769955,0
5070,10/27/2021,15.68340015,15.73254776,15.65970039,15.68319988,0
5071,10/28/2021,15.67889977,15.7312088,15.58447361,15.68120003,0
5072,10/29/2021,15.68190002,15.69698334,15.58600998,15.68239975,0
5073,11/1/2021,15.69760895,15.71381092,15.65999985,15.69292355,0
5074,11/2/2021,15.70470047,15.72039986,15.65909958,15.70409966,0
5075,11/3/2021,15.66829967,15.71949959,15.57872868,15.66829967,0
5076,11/4/2021,15.69740009,15.73557091,15.65130043,15.6967001,0
5077,11/5/2021,15.66679955,15.68528843,15.66110039,15.66819954,0
5078,11/8/2021,15.67691898,15.72711372,15.57771301,15.67807007,0
5079,11/9/2021,15.69719982,15.72729397,15.64000034,15.69999981,0
5080,11/10/2021,15.67920017,15.7287159,15.61598206,15.68823624,0
5081,11/11/2021,15.66989994,15.73253441,15.62229443,15.67843819,0
5082,11/12/2021,15.68970013,15.70971107,15.67819977,15.69802475,0
5083,11/15/2021,15.71324921,15.7321043,15.61940002,15.71242523,0
5084,11/16/2021,15.71399975,15.72983265,15.64000034,15.71000004,0
5085,11/17/2021,15.67490005,15.73218441,15.65769958,15.67459965,0
5086,11/18/2021,15.69820023,15.73158646,15.64000034,15.70614529,0
5087,11/19/2021,15.67520046,15.68400002,15.66020012,15.67570019,0
5088,11/22/2021,15.69602966,15.72916222,15.61589241,15.69728279,0
5089,11/23/2021,15.69019985,15.72276211,15.65979958,15.69079971,0
5090,11/24/2021,15.68900013,15.73477745,15.65750027,15.69019985,0
5091,11/25/2021,15.69009972,15.73012733,15.57022667,15.6899004,0
5092,11/26/2021,15.69638538,15.70599174,15.5848217,15.68939972,0
5093,11/29/2021,15.73475456,15.75463581,15.65999985,15.73259544,0
5094,11/30/2021,15.69460011,15.73338604,15.57728195,15.6935997,0
5095,12/1/2021,15.72749996,15.73304367,15.65950012,15.7198,0
5096,12/2/2021,15.68150043,15.72630596,15.65250015,15.68050003,0
5097,12/3/2021,15.67870045,15.69560242,15.66810036,15.68655205,0
5098,12/6/2021,15.70329094,15.73837566,15.65999985,15.70655632,0
5099,12/7/2021,15.69270039,15.73189545,15.65999985,15.69200039,0
5100,12/8/2021,15.68120003,15.73073483,15.64999962,15.67860031,0
5101,12/9/2021,15.69110012,15.73238182,15.64999962,15.69932461,0
5102,12/10/2021,15.68169975,15.69685078,15.56641483,15.67889977,0
5103,12/13/2021,15.69036484,15.73013783,15.52799225,15.69099045,0
5104,12/14/2021,15.68523216,15.72879314,15.64999962,15.6796999,0
5105,12/15/2021,15.7052002,15.73045731,15.65149975,15.70590019,0
5106,12/16/2021,15.71510029,15.73048592,15.60144997,15.71280003,0
5107,12/17/2021,15.70790005,15.72583103,15.70119953,15.70610046,0
5108,12/20/2021,15.71480656,15.81280041,15.65999985,15.71648407,0
5109,12/21/2021,15.68474388,15.73129177,15.57063293,15.68474388,0
5110,12/22/2021,15.68500042,15.73027706,15.57144833,15.68360043,0
5111,12/23/2021,15.67980003,15.73262024,15.57730293,15.68010044,0
5112,12/24/2021,15.69087982,15.69557571,15.57231331,15.67980003,0
5113,12/27/2021,15.68120098,15.72019958,15.65880013,15.68161583,0
5114,12/28/2021,15.68980026,15.72939491,15.64000034,15.69139957,0
5115,12/29/2021,15.70100021,15.72910023,15.65869999,15.70219994,0
5116,12/30/2021,15.67800045,15.72856903,15.60760593,15.6789999,0
5117,12/31/2021,15.67739964,15.69528103,15.57944965,15.67770004,0
5118,1/3/2022,15.68377495,15.7345171,15.67599964,15.68329239,0
5119,1/4/2022,15.71199989,15.73233509,15.57273579,15.71080017,0
5120,1/5/2022,15.70189953,15.73145103,15.57740593,15.70100021,0
5121,1/6/2022,15.68669987,15.7016964,15.581954,15.68789959,0
5122,1/7/2022,15.68659973,15.69981194,15.58358002,15.68430042,0
5123,1/10/2022,15.70318222,15.72210026,15.52466011,15.7035284,0
5124,1/11/2022,15.70009995,15.72958374,15.65999985,15.70804501,0
5125,1/12/2022,15.6807003,15.7249279,15.64000034,15.67739964,0
5126,1/13/2022,15.69130039,15.73278713,15.63529968,15.69089985,0
5127,1/14/2022,15.67037487,15.67640686,15.55762196,15.66259956,0
5128,1/17/2022,15.67714882,15.72941208,15.65130043,15.67460823,0
5129,1/18/2022,15.6807003,15.72719193,15.64000034,15.68859386,0
5130,1/19/2022,15.70960045,15.73073292,15.57388687,15.70940018,0
5131,1/20/2022,15.68039989,15.72726822,15.64000034,15.68039989,0
5132,1/21/2022,15.70870018,15.72570896,15.5867691,15.70670033,0
5133,1/24/2022,15.69438267,15.73264027,15.58929539,15.69500637,0
5134,1/25/2022,15.68546104,15.72866917,15.59134388,15.67889977,0
5135,1/26/2022,15.71848774,15.7277956,15.65750027,15.71813965,0
5136,1/27/2022,15.71769238,15.72716904,15.59858131,15.71685314,0
5137,1/28/2022,15.7196703,15.72646809,15.59927082,15.71512508,0
5138,1/31/2022,15.70876408,15.72697544,15.57792187,15.70890522,0
5139,2/1/2022,15.69559956,15.72995758,15.57932281,15.70481968,0
5140,2/2/2022,15.67720032,15.72938061,15.64000034,15.67920017,0
5141,2/3/2022,15.68360043,15.72565556,15.65499973,15.68270016,0
5142,2/4/2022,15.70470047,15.72080231,15.68500042,15.70670033,0
5143,2/7/2022,15.70469379,15.74386883,15.66380024,15.70380306,0
5144,2/8/2022,15.67770004,15.7222538,15.65229988,15.67730045,0
5145,2/9/2022,15.68949986,15.72721958,15.64999962,15.69069958,0
5146,2/10/2022,15.70790005,15.7243433,15.65450001,15.70839977,0
5147,2/11/2022,15.6901226,15.69703102,15.6711998,15.68430042,0
5148,2/14/2022,15.66600513,15.75179958,15.62949562,15.66821098,0
5149,2/15/2022,15.68879986,15.72261429,15.65970039,15.68889999,0
5150,2/16/2022,15.69439983,15.71921921,15.64999962,15.69719982,0
5151,2/17/2022,15.6814003,15.72928905,15.65929985,15.68109989,0
5152,2/18/2022,15.70730019,15.71757317,15.69620037,15.70800018,0
5153,2/21/2022,15.72231483,15.72584629,15.64220047,15.72134209,0
5154,2/22/2022,15.67700005,15.72476768,15.65999985,15.6850996,0
5155,2/23/2022,15.6933527,15.72927666,15.65380001,15.68449974,0
5156,2/24/2022,15.6899004,15.72367287,15.65680027,15.6906004,0
5157,2/25/2022,15.71269989,15.73145962,15.68500042,15.71560001,0
5158,2/28/2022,15.61686134,15.89999485,15.60081482,15.6165123,0
5159,3/1/2022,15.68500042,15.73502254,15.61673355,15.69256783,0
5160,3/2/2022,15.67409992,15.72724819,15.57134819,15.67529964,0
5161,3/3/2022,15.69659996,15.72863674,15.65989971,15.69499969,0
5162,3/4/2022,15.70069981,15.71965122,15.5673399,15.70569992,0
5163,3/7/2022,15.74609756,15.80609989,15.66499996,15.74464989,0
5164,3/8/2022,15.70479965,15.7284174,15.65620041,15.70499992,0
5165,3/9/2022,15.70960045,15.7225914,15.57522583,15.70790005,0
5166,3/10/2022,15.70629978,15.73487663,15.57040215,15.70670033,0
5167,3/11/2022,15.6899004,15.7078743,15.52891827,15.69180012,0
5168,3/14/2022,15.63601875,15.72601891,15.62170029,15.63644791,0
5169,3/15/2022,15.71259975,15.72974396,15.65999985,15.71090031,0
5170,3/16/2022,15.67889977,15.72249985,15.65880013,15.68190002,0
5171,3/17/2022,15.69149971,15.72210026,15.64000034,15.69209957,0
5172,3/18/2022,15.69029999,15.70410061,15.67490005,15.69069958,0
5173,3/21/2022,15.71807575,18.22509956,15.64519978,15.71921539,0
5174,3/22/2022,18.19440079,18.51875305,18.15999985,18.19470024,0
5175,3/23/2022,18.50880051,18.52228165,18.22814178,18.50959969,0
5176,3/24/2022,18.34329987,18.44459915,18.2168541,18.34390068,0
5177,3/25/2022,18.30150032,18.4869976,18.28000069,18.2996006,0
5178,3/28/2022,18.42245293,18.54146194,18.23380089,18.42404556,0
5179,3/29/2022,18.27059937,18.33169937,18.25,18.27169991,0
5180,3/30/2022,18.29220009,18.3225174,18.19529915,18.29649925,0
5181,3/31/2022,18.23550034,18.29089928,18.08332253,18.23660088,0
5182,4/1/2022,18.24790001,18.26609993,18.15650177,18.24950027,0
5183,4/4/2022,18.24559975,18.2723465,18.09375381,18.24349976,0
5184,4/5/2022,18.20549965,18.27000046,18.19000053,18.20879936,0
5185,4/6/2022,18.2112999,18.31715012,18.20100021,18.21389961,0
5186,4/7/2022,18.28000069,18.35324097,18.23402023,18.27949905,0
5187,4/8/2022,18.30629921,18.32649422,18.2989006,18.30620003,0
5188,4/11/2022,18.29570007,18.43472672,18.26000023,18.29829979,0
5189,4/12/2022,18.40950012,18.53586769,18.38290024,18.40559959,0
5190,4/13/2022,18.46890068,18.50699425,18.26876259,18.46780014,0
5191,4/14/2022,18.37890053,18.47229958,18.26573753,18.38010025,0
5192,4/15/2022,18.38129997,18.42458534,18.34000015,18.38636589,0
5193,4/18/2022,18.39170074,18.58239937,18.32999992,18.40107346,0
5194,4/19/2022,18.58670044,18.5977993,18.33040047,18.58810043,0
5195,4/20/2022,18.43440056,18.49248695,18.40629959,18.43309975,0
5196,4/21/2022,18.45899963,18.57195282,18.43499947,18.45949936,0
5197,4/22/2022,18.55730057,18.56554222,18.53730011,18.54969978,0
5198,4/25/2022,18.52389908,18.59446144,18.52029991,18.52269936,0
5199,4/26/2022,18.53293419,18.56672668,18.45000076,18.52890015,0
5200,4/27/2022,18.48730087,18.52109909,18.43000031,18.49539375,0
5201,4/28/2022,18.47179985,18.50515175,18.36343193,18.47579956,0
5202,4/29/2022,18.45540047,18.47854424,18.44440079,18.45280075,0
5203,5/2/2022,18.46660042,18.51416779,18.34403992,18.46999931,0
5204,5/3/2022,18.4510994,18.49233627,18.3424511,18.4477005,0
5205,5/4/2022,18.44409943,18.47999954,18.33244705,18.45179939,0
5206,5/5/2022,18.45299911,18.48110008,18.43829918,18.45269966,0
5207,5/6/2022,18.45549965,18.46598244,18.3455677,18.45730019,0
5208,5/9/2022,18.48769951,18.53972435,18.37259865,18.48489952,0
5209,5/10/2022,18.45336914,18.50503731,18.43000031,18.45089912,0
5210,5/11/2022,18.45089912,18.50170517,18.31999969,18.45280075,0
5211,5/12/2022,18.35960007,18.38295364,18.26000023,18.35989952,0
5212,5/13/2022,18.29150009,18.29981613,18.26959991,18.29220009,0
5213,5/16/2022,18.30489922,18.32623672,18.15484428,18.31029129,0
5214,5/17/2022,18.24790001,18.2833004,18.20750046,18.25235748,0
5215,5/18/2022,18.25130081,18.27949715,18.20999908,18.24860001,0
5216,5/19/2022,18.23089981,18.28259659,18.20999908,18.23319626,0
5217,5/20/2022,18.25370026,18.26950073,18.15135384,18.24810028,0
5218,5/23/2022,18.23740005,18.40722275,18.18139076,18.23670006,0
5219,5/24/2022,18.37865639,18.51495743,18.32999992,18.37470055,0
5220,5/25/2022,18.49090004,18.60126686,18.44309998,18.49189949,0
5221,5/26/2022,18.57430077,18.6000309,18.53000069,18.57209969,0
5222,5/27/2022,18.57600021,18.59101486,18.44217873,18.57449913,0
5223,5/30/2022,18.57040024,18.60285759,18.45635414,18.57708549,0
5224,5/31/2022,18.57150078,18.60380363,18.53000069,18.5760994,0
5225,6/1/2022,18.58327103,18.62672043,18.4818325,18.58647346,0
5226,6/2/2022,18.60129929,18.65139008,18.5342617,18.60479927,0
5227,6/3/2022,18.61969948,18.63096237,18.49100304,18.62080002,0
5228,6/6/2022,18.59110069,18.64182091,18.57279968,18.5904007,0
5229,6/7/2022,18.62050056,18.68298912,18.56500053,18.63082123,0
5230,6/8/2022,18.65769958,18.69983482,18.61000061,18.65889931,0
5231,6/9/2022,18.66020012,18.70083237,18.63879967,18.6616993,0
5232,6/10/2022,18.67749977,18.71373367,18.56687164,18.68578911,0
5233,6/13/2022,18.73537254,18.77519226,18.61054802,18.72520065,0
5234,6/14/2022,18.69109917,18.74712753,18.60210991,18.69269943,0
5235,6/15/2022,18.71050072,18.76299858,18.69619942,18.71703529,0
5236,6/16/2022,18.73509979,18.76138115,18.69000053,18.72669983,0
5237,6/17/2022,18.70919991,18.72680283,18.69440079,18.71489906,0
5238,6/20/2022,18.72380066,18.77825737,18.65740013,18.72489929,0
5239,6/21/2022,18.74029922,18.76274681,18.70000076,18.74270058,0
5240,6/22/2022,18.72139931,18.76083374,18.70739937,18.72993851,0
5241,6/23/2022,18.7112999,18.76312637,18.60108185,18.70800018,0
5242,6/24/2022,18.75510979,18.75944138,18.63883972,18.74939919,0
5243,6/27/2022,18.72660065,18.76101875,18.63018227,18.72862244,0
5244,6/28/2022,18.75053215,18.77884674,18.69000053,18.74530029,0
5245,6/29/2022,18.76619911,18.80794525,18.70999908,18.76790047,0
5246,6/30/2022,18.76889992,18.78899956,18.75830078,18.77070045,0
5247,7/1/2022,18.77210045,18.78668594,18.74839973,18.77794456,0
5248,7/4/2022,18.7621994,18.86413383,18.74259949,18.76668167,0
5249,7/5/2022,18.84057999,18.88641739,18.79000092,18.84039879,0
5250,7/6/2022,18.82959938,18.88117027,18.80999947,18.82760048,0
5251,7/7/2022,18.85899925,18.88392639,18.80999947,18.8635006,0
5252,7/8/2022,18.85300064,18.86590004,18.81369972,18.85199928,0
5253,7/11/2022,18.86370087,18.88820076,18.68459129,18.8628006,0
5254,7/12/2022,18.84410095,18.86440086,18.8321991,18.84670067,0
5255,7/13/2022,18.85560036,18.89010048,18.8302002,18.85680008,0
5256,7/14/2022,18.84289932,18.86389923,18.83110046,18.83819962,0
5257,7/15/2022,18.84790039,18.87630081,18.80920029,18.8451004,0
5258,7/18/2022,18.83300018,18.90569305,18.63139725,18.83270073,0
5259,7/19/2022,18.89349937,18.93227005,18.82999992,18.88800049,0
5260,7/20/2022,18.87739944,18.92967033,18.86000061,18.87669945,0
5261,7/21/2022,18.92070007,18.93840027,18.86000061,18.92569923,0
5262,7/22/2022,18.88879967,18.91049957,18.87770081,18.89039993,0
5263,7/25/2022,18.9116993,18.94671631,18.69984436,18.91662788,0
5264,7/26/2022,18.92989922,18.94547653,18.77099228,18.93082619,0
5265,7/27/2022,18.93059921,18.94710922,18.78352928,18.93699646,0
5266,7/28/2022,18.9095993,18.94804955,18.87000084,18.90769958,0
5267,7/29/2022,18.89511871,18.91760063,18.87330055,18.88990021,0
5268,8/1/2022,18.91290092,18.95712471,18.8519001,18.9083004,0
5269,8/2/2022,18.94790077,19.03019905,18.90379906,18.94379997,0
5270,8/3/2022,19.01580048,19.10157585,18.89255524,19.01250076,0
5271,8/4/2022,19.05520058,19.13377953,19.03000069,19.05500031,0
5272,8/5/2022,19.10514832,19.11484718,18.98405647,19.09939957,0
5273,8/8/2022,19.10379982,19.1528244,18.99085045,19.10233307,0
5274,8/9/2022,19.14310074,19.15105438,19.09589958,19.14240074,0
5275,8/10/2022,19.13723373,19.14942551,19.07999992,19.13100052,0
5276,8/11/2022,19.10320091,19.15054321,19.07999992,19.10470009,0
5277,8/12/2022,19.1135006,19.13777924,18.99334717,19.11490059,0
5278,8/15/2022,19.13059998,19.16196251,19.02145004,19.13459015,0
5279,8/16/2022,19.12070084,19.14491272,19.07999992,19.12269974,0
5280,8/17/2022,19.1313839,19.1469593,19.03666115,19.12730026,0
5281,8/18/2022,19.10009956,19.16139984,19.00063896,19.0991993,0
5282,8/19/2022,19.12260056,19.13482666,19.00860977,19.1215992,0
5283,8/22/2022,19.12339973,19.15379715,19.09729958,19.12867546,0
5284,8/23/2022,19.13739967,19.16379929,18.99393654,19.13780022,0
5285,8/24/2022,19.13819885,19.18465233,19.09989929,19.13529968,0
5286,8/25/2022,19.18076134,19.1913662,19.11000061,19.17639923,0
5287,8/26/2022,19.16530037,19.18050003,19.14929962,19.1651001,0
5288,8/29/2022,19.21360016,19.23901558,19.12000084,19.21786118,0
5289,8/30/2022,19.17849922,19.22750092,19.06148911,19.17900085,0
5290,8/31/2022,19.20865059,19.24050522,19.07683754,19.20389938,0
5291,9/1/2022,19.1989994,19.23094177,19.06778717,19.19890022,0
5292,9/2/2022,19.20269966,19.21389961,19.18000031,19.20569992,0
5293,9/5/2022,19.28450012,19.33513069,19.0950985,19.28519249,0
5294,9/6/2022,19.20910263,19.24184036,19.09340668,19.20229912,0
5295,9/7/2022,19.22880745,19.26511765,19.17000008,19.22968102,0
5296,9/8/2022,19.23480034,19.30899239,19.13614464,19.23390007,0
5297,9/9/2022,19.29908752,19.31340027,19.27560043,19.29500008,0
5298,9/12/2022,19.23920059,19.36260033,19.13904953,19.23629951,0
5299,9/13/2022,19.32869911,19.35667419,19.20375061,19.33069992,0
5300,9/14/2022,19.32565117,19.38977432,19.2668457,19.32419968,0
5301,9/15/2022,19.33939934,19.42012978,19.32500076,19.3383007,0
5302,9/16/2022,19.39590073,19.41031075,19.2809124,19.40096092,0
5303,9/19/2022,19.21846962,19.41500092,18.88783455,19.21962166,0
5304,9/20/2022,19.38699913,19.4440136,19.26929283,19.38190079,0
5305,9/21/2022,19.4155674,19.4817009,19.27810097,19.40950012,0
5306,9/22/2022,19.44960022,19.48794174,19.40940094,19.44980049,0
5307,9/23/2022,19.45910072,19.48364067,19.44300079,19.45960045,0
5308,9/26/2022,19.58499908,19.6921978,19.30365753,19.5904007,0
5309,9/27/2022,19.5326004,19.53639984,19.3745594,19.53580093,0
5310,9/28/2022,19.46109962,19.52441216,19.44370079,19.46450043,0
5311,9/29/2022,19.50729942,19.56451416,19.47590065,19.50279999,0
5312,9/30/2022,19.52230072,19.56369972,19.4951992,19.51400757,0
5313,10/3/2022,19.52879906,19.62373734,19.40920067,19.52610016,0
5314,10/4/2022,19.59269905,19.66604805,19.57839966,19.58740044,0
5315,10/5/2022,19.62590027,19.66267776,19.5139904,19.62619972,0
5316,10/6/2022,19.62680054,19.65369987,19.59869957,19.625,0
5317,10/7/2022,19.60969925,19.64221764,19.59790039,19.60441971,0
5318,10/10/2022,19.73530006,19.75230026,19.5098114,19.73180008,0
5319,10/11/2022,19.63559914,19.68506432,19.60537338,19.63430023,0
5320,10/12/2022,19.65259933,19.68229485,19.54133415,19.65399933,0
5321,10/13/2022,19.65189934,19.68007278,19.53058243,19.65649986,0
5322,10/14/2022,19.62999916,19.67090034,19.60589981,19.63952065,0
5323,10/17/2022,19.59199905,19.68180084,19.56760025,19.59070015,0
5324,10/18/2022,19.64559937,19.68022728,19.61000061,19.64963341,0
5325,10/19/2022,19.63660049,19.67468643,19.61000061,19.63699913,0
5326,10/20/2022,19.64170074,19.68564796,19.50468063,19.65049934,0
5327,10/21/2022,19.58550072,19.59856415,19.55949974,19.58480072,0
5328,10/24/2022,19.59029961,19.67809296,19.26462936,19.58539963,0
5329,10/25/2022,19.63676071,19.69813728,19.61899948,19.63579941,0
5330,10/26/2022,19.67259979,19.72453499,19.64550018,19.67300034,0
5331,10/27/2022,19.6739006,23.13963509,19.64999962,19.67149925,0
5332,10/28/2022,23.13152313,23.13973999,23.01173782,23.13210487,0
5333,10/31/2022,23.14898109,24.22552872,23.12145615,23.14130974,0
5334,11/1/2022,24.15307045,24.22789955,23.96611786,24.15477943,0
5335,11/2/2022,24.16970062,24.23262787,24.01869011,24.16600037,0
5336,11/3/2022,24.05690002,24.27836418,24.02456856,24.05999947,0
5337,11/4/2022,24.2208004,24.23686218,24.09088135,24.22400093,0
5338,11/7/2022,23.77811432,24.35232162,23.72399139,23.77128983,0
5339,11/8/2022,24.29850006,24.38167763,24.21689987,24.29599953,0
5340,11/9/2022,24.3182373,24.40475273,24.29380035,24.31710052,0
5341,11/10/2022,24.35700035,24.42949295,24.31800079,24.36529922,0
5342,11/11/2022,24.36700058,24.37999916,24.34700012,24.36310005,0
5343,11/14/2022,24.42597389,24.44502449,24.14676857,24.42550087,0
5344,11/15/2022,24.42329979,24.45959663,24.35000038,24.43082428,0
5345,11/16/2022,24.4272995,24.49622154,24.37439919,24.4239006,0
5346,11/17/2022,24.45229912,24.50755501,24.36807823,24.45210075,0
5347,11/18/2022,24.48730087,24.50039291,24.45809937,24.49452209,0
5348,11/21/2022,24.45459747,24.60625267,24.40999985,24.45376968,0
5349,11/22/2022,24.48950005,24.54429626,24.37959862,24.49349976,0
5350,11/23/2022,24.47930527,24.55939674,24.45499992,24.46579933,0
5351,11/24/2022,24.52219963,24.56830788,24.47540092,24.5196991,0
5352,11/25/2022,24.54560089,24.56157112,24.53170013,24.5529747,0
5353,11/28/2022,24.62224007,24.67679977,24.4673481,24.62485313,0
5354,11/29/2022,24.53630066,24.58301163,24.5,24.54080009,0
5355,11/30/2022,24.5177002,24.58555794,24.49360085,24.52029991,0
5356,12/1/2022,24.5237999,24.60951042,24.4911232,24.52099991,0
5357,12/2/2022,24.52969933,24.55450058,24.51799965,24.54078674,0
5358,12/5/2022,24.53009987,24.59662437,24.43219948,24.52269936,0
5359,12/6/2022,24.53009987,24.62915993,24.50169945,24.53079987,0
5360,12/7/2022,24.56839943,24.6359005,24.5291996,24.57139969,0
5361,12/8/2022,24.61339951,24.6343441,24.51499939,24.6154995,0
5362,12/9/2022,24.57019997,24.58764648,24.4499073,24.57320023,0
5363,12/12/2022,24.60374451,24.66552162,24.52718353,24.60070419,0
5364,12/13/2022,24.62459946,24.6649704,24.53166962,24.62170029,0
5365,12/14/2022,24.63287354,24.70009995,24.56349945,24.63059998,0
5366,12/15/2022,24.68020058,24.70730782,24.59844208,24.6840992,0
5367,12/16/2022,24.61849976,24.67269516,24.56019974,24.61389923,0
5368,12/19/2022,24.66070557,24.72913551,24.5732193,24.65837479,0
5369,12/20/2022,24.70269966,24.73655319,24.63999939,24.69659996,0
5370,12/21/2022,24.66909981,24.73306656,24.63249969,24.66959953,0
5371,12/22/2022,24.70820045,24.72980309,24.63489914,24.70750046,0
5372,12/23/2022,24.72220039,24.73469925,24.6029644,24.7215004,0
5373,12/26/2022,24.71751404,24.74570084,24.65309906,24.70588112,0
5374,12/27/2022,24.66460037,24.73968506,24.60687637,24.66399956,0
5375,12/28/2022,24.66900063,24.76210022,24.63500023,24.67219925,0
5376,12/29/2022,24.71292877,24.75671005,24.67510033,24.71080017,0
5377,12/30/2022,24.73880005,24.79264259,24.61091805,24.73649979,0
5378,1/2/2023,24.72956657,24.76079178,24.67000008,24.72956657,0
5379,1/3/2023,24.68560028,24.78960037,24.65550041,24.68479919,0
5380,1/4/2023,24.75193405,26.50674057,24.67499924,24.74810028,0
5381,1/5/2023,26.4246006,27.22457695,26.2432003,26.42329979,0
5382,1/6/2023,27.16860008,27.19470024,27.15539932,27.1697998,0
5383,1/9/2023,27.14958,27.63652229,27.04050064,27.13532066,0
5384,1/10/2023,27.57439995,27.70884514,27.41959953,27.58379936,0
5385,1/11/2023,27.6432991,32.125,27.52070045,27.6499157,0
5386,1/12/2023,29.67507553,30.67340851,29.35000038,29.67411041,0
5387,1/13/2023,29.51729965,29.54590034,29.50279999,29.51790047,0
5388,1/16/2023,29.54155922,29.65880013,29.39459991,29.5461998,0
5389,1/17/2023,29.61569977,29.74430084,29.44440079,29.61809921,0
5390,1/18/2023,29.55240059,29.71821594,29.43959999,29.5503006,0
5391,1/19/2023,29.6182003,29.86902618,29.51759911,29.62150002,0
5392,1/20/2023,29.8118,29.82520103,29.79879951,29.81677246,0
5393,1/23/2023,29.79005432,29.90135384,29.67900085,29.79128838,0
5394,1/24/2023,29.84410095,29.92700005,29.73889923,29.84129906,0
5395,1/25/2023,29.8178997,29.92380333,29.7567997,29.81069946,0
5396,1/26/2023,29.86059952,29.89489937,29.84000015,29.86310005,0
5397,1/27/2023,29.86735153,29.87590027,29.75240707,29.85350037,0
5398,1/30/2023,29.85986137,30.07602501,29.81999969,29.85876465,0
5399,1/31/2023,30.05209923,30.20957947,29.91819954,30.05080032,0
5400,2/1/2023,30.1515007,30.23285675,30.03000069,30.14909935,0
5401,2/2/2023,30.1739006,30.31198692,30.06649971,30.16880035,0
5402,2/3/2023,30.25180054,30.26707077,30.1363945,30.25309944,0
5403,2/6/2023,30.25593376,30.55170631,30.21999931,30.25803566,0
5404,2/7/2023,30.16340065,30.33430862,30.14999962,30.16842079,0
5405,2/8/2023,30.26309967,30.40365982,30.16830063,30.26510048,0
5406,2/9/2023,30.33749962,30.53630257,30.21999931,30.33860016,0
5407,2/10/2023,30.46579933,30.48570061,30.45560074,30.46689987,0
5408,2/13/2023,30.47615433,30.57209969,30.37999916,30.47843742,0
5409,2/14/2023,30.49609947,30.60200119,30.41550064,30.49139977,0
5410,2/15/2023,30.5676899,30.6029129,30.42000008,30.56500053,0
5411,2/16/2023,30.51399994,30.60698318,30.4375,30.5109005,0
5412,2/17/2023,30.53779984,30.55461693,30.42497444,30.54640007,0
5413,2/20/2023,30.56258965,30.61035347,30.22097588,30.5630188,0
5414,2/21/2023,30.53280067,30.63248253,30.44790077,30.53730011,0
5415,2/22/2023,30.57080078,30.66304588,30.46750069,30.57139969,0
5416,2/23/2023,30.60169983,30.66635132,30.49729919,30.59939957,0
5417,2/24/2023,30.60169983,30.64078331,30.58690071,30.60289955,0
5418,2/27/2023,30.58833694,30.66473389,30.49370003,30.58949471,0
5419,2/28/2023,30.59970093,30.66365242,30.47999954,30.60421371,0
5420,3/1/2023,30.60359955,30.66399956,30.47999954,30.60379982,0
5421,3/2/2023,30.60020065,30.7575531,30.49970055,30.60250092,0
5422,3/3/2023,30.73810005,30.75575256,30.63309097,30.7439003,0
5423,3/6/2023,30.7692318,30.81367493,30.59000015,30.7702446,0
5424,3/7/2023,30.79000092,30.85000038,30.62999916,30.80010033,0
5425,3/8/2023,30.70724678,30.90501976,30.69109917,30.69860077,0
5426,3/9/2023,30.85149956,30.93023491,30.73999977,30.85160065,0
5427,3/10/2023,30.87190056,30.89846611,30.82909966,30.86590004,0
5428,3/13/2023,30.4884758,30.93634415,30.44729233,30.49389839,0
5429,3/14/2023,30.87339973,30.93427467,30.75,30.87120056,0
5430,3/15/2023,30.87150002,30.93379021,30.76779938,30.87339973,0
5431,3/16/2023,30.87750053,30.93424225,30.76300049,30.87479973,0
5432,3/17/2023,30.77300072,30.78899956,30.65756035,30.7689991,0
5433,3/20/2023,30.74603462,30.93579865,30.71382141,30.73941422,0
5434,3/21/2023,30.86809921,30.93285751,30.77197838,30.86720085,0
5435,3/22/2023,30.86883354,30.93391228,30.75,30.86420059,0
5436,3/23/2023,30.87290001,30.93507195,30.85740089,30.87579918,0
5437,3/24/2023,30.91950035,30.93805122,30.85020065,30.92510033,0
5438,3/27/2023,30.82299995,30.93216324,30.75,30.82600021,0
5439,3/28/2023,30.87050056,30.93967056,30.75,30.87050056,0
5440,3/29/2023,30.87611198,30.93401909,30.77000046,30.85790062,0
5441,3/30/2023,30.77389908,30.9369297,30.75810051,30.77470016,0
5442,3/31/2023,30.86599922,30.88166428,30.70870018,30.86179924,0
5443,4/3/2023,30.88209915,30.93708611,30.75,30.87100029,0
5444,4/4/2023,30.86980057,30.93595505,30.76230049,30.87299919,0
5445,4/5/2023,30.86849976,30.93379974,30.76729965,30.8708992,0
5446,4/6/2023,30.87199974,30.92860031,30.742939,30.87150002,0
5447,4/7/2023,30.87140083,30.93429947,30.7160511,30.87549973,0
5448,4/10/2023,30.84090042,31.13324738,30.73040581,30.8383007,0
5449,4/11/2023,31.01639938,31.0322628,30.75,31.0236969,0
5450,4/12/2023,30.76749992,30.93388176,30.75839996,30.77817917,0
5451,4/13/2023,30.87590027,30.92992973,30.65892029,30.87730026,0
5452,4/14/2023,30.86339951,30.9185009,30.8593998,30.8689003,0
5453,4/17/2023,30.91819954,30.97929955,30.77794838,30.91819954,0
5454,4/18/2023,30.86829948,30.93570518,30.76619911,30.87310028,0
5455,4/19/2023,30.87310028,30.93352127,30.75,30.86860085,0
5456,4/20/2023,30.86809921,30.88894653,30.85700035,30.8701992,0
5457,4/21/2023,30.87450218,30.88645363,30.84970093,30.86980057,0
5458,4/24/2023,30.86867332,30.90469933,30.85320091,30.85460091,0
5459,4/25/2023,30.87129974,30.8861351,30.85709953,30.87129974,0
5460,4/26/2023,30.87199974,30.93588829,30.75,30.86700058,0
5461,4/27/2023,30.9239006,30.93524551,30.75,30.9315033,0
5462,4/28/2023,30.88414574,30.89030075,30.84589958,30.87910652,0
5463,5/1/2023,30.90229988,31.02992439,30.83769989,30.90229988,0
5464,5/2/2023,31.02794456,31.01790047,30.72457695,31.01790047,0
5465,5/3/2023,30.88199997,30.93405724,30.65813828,30.87960052,0
5466,5/4/2023,30.92239952,30.95223045,30.89780045,30.92350006,0
5467,5/5/2023,30.92029953,30.93613052,30.90369987,30.92169952,0
5468,5/8/2023,30.77459908,30.92942429,30.69659996,30.77230072,0
5469,5/9/2023,30.87409973,30.93542862,30.76720238,30.8774395,0
5470,5/10/2023,30.87150002,30.93505287,30.75,30.8726902,0
5471,5/11/2023,30.86440086,30.93619347,30.76869965,30.87961578,0
5472,5/12/2023,30.8701992,30.89900017,30.79903221,30.86916924,0
5473,5/15/2023,30.85770035,30.9342041,30.76650047,30.85950089,0
5474,5/16/2023,30.87229919,30.93558884,30.75,30.86750031,0
5475,5/17/2023,30.86619949,30.93263245,30.7688694,30.87124252,0
5476,5/18/2023,30.86940002,30.93458557,30.66626549,30.87682915,0
5477,5/19/2023,30.86689949,30.88601494,30.76103592,30.86070061,0
5478,5/22/2023,30.78720093,30.93802071,30.68187523,30.79129982,0
5479,5/23/2023,30.87219048,30.93373108,30.76079941,30.86490059,0
5480,5/24/2023,30.76889992,30.93260002,30.75,30.7689991,0
5481,5/25/2023,30.86650085,30.9340744,30.77524948,30.87608337,0
5482,5/26/2023,30.86849976,30.88575554,30.75792694,30.86680031,0
5483,5/29/2023,30.88077545,30.93490601,30.77079964,30.88754463,0
5484,5/30/2023,30.87179947,30.93367386,30.75,30.87030029,0
5485,5/31/2023,30.77140045,30.93382072,30.74198723,30.77020073,0
5486,6/1/2023,30.86940002,30.93283081,30.76919937,30.86790085,0
5487,6/2/2023,30.87269974,30.88592529,30.76854515,30.86750031,0
5488,6/5/2023,30.90019989,30.97891808,30.77000046,30.90940094,0
5489,6/6/2023,30.77219963,30.93600655,30.76129913,30.77079964,0
5490,6/7/2023,30.8635006,30.93842697,30.76819992,30.86787224,0
5491,6/8/2023,30.91570091,30.93721962,30.76264191,30.92089272,0
5492,6/9/2023,30.9239006,30.93654442,30.79466438,30.92670059,0
5493,6/12/2023,30.91940689,30.97068024,30.85740089,30.91559982,0
5494,6/13/2023,30.8743,30.93202591,30.7728672,30.8757,0
5495,6/14/2023,30.8696003,30.93690681,30.76519966,30.86490059,0
5496,6/15/2023,30.86910057,30.93808365,30.76880074,30.86700058,0
5497,6/16/2023,30.86739922,30.88682747,30.85950089,30.87260056,0
5498,6/19/2023,30.85720062,30.93484306,30.81640053,30.84869957,0
5499,6/20/2023,30.87408066,30.93470573,30.75,30.86700058,0
5500,6/21/2023,30.86700058,30.93213081,30.76880074,30.86840057,0
5501,6/22/2023,30.86989975,30.9340229,30.76650047,30.8701992,0
5502,6/23/2023,30.87660027,30.90217781,30.85910034,30.89597893,0
5503,6/26/2023,30.82309914,30.93053627,30.76577568,30.8227005,0
5504,6/27/2023,30.86400032,30.89139938,30.78158951,30.87732506,0
5505,6/28/2023,30.86700058,30.89119911,30.84000015,30.86560059,0
5506,6/29/2023,30.87179947,30.88554573,30.76022148,30.88466263,0
5507,6/30/2023,30.86829948,30.88593674,30.85680008,30.86590004,0
5508,7/3/2023,30.88279915,30.90264511,30.57585144,30.88579941,0
5509,7/4/2023,30.87792587,30.93678284,30.76510048,30.87229919,0
5510,7/5/2023,30.86529922,30.9333725,30.75888062,30.8701992,0
5511,7/6/2023,30.86300087,30.93867874,30.76659966,30.86840057,0
5512,7/7/2023,30.87190056,30.89064026,30.76396179,30.87190056,0
5513,7/10/2023,30.86840057,30.93319893,30.54354858,30.87409973,0
5514,7/11/2023,30.86829948,30.93132019,30.77621078,30.87140083,0
5515,7/12/2023,30.8927002,30.93412781,30.76580048,30.8939991,0
5516,7/13/2023,30.89049911,30.93167877,30.75,30.89229965,0
5517,7/14/2023,30.87290001,30.88700485,30.74622536,30.86809921,0
5518,7/17/2023,30.87179947,30.93627548,30.76479912,30.87630081,0
5519,7/18/2023,30.88402748,30.93657684,30.77000046,30.87820053,0
5520,7/19/2023,30.86540031,30.93466759,30.7670002,30.86569977,0
5521,7/20/2023,30.77437973,30.78774071,30.66766548,30.77149582,0
5522,7/21/2023,30.77440071,30.78609848,30.75760078,30.77549934,0
5523,7/24/2023,30.76860046,30.93465996,30.74869919,30.77420044,0
5524,7/25/2023,30.86840057,30.93063164,30.75,30.86700058,0
5525,7/26/2023,30.87392807,30.93546867,30.76530075,30.86380005,0
5526,7/27/2023,30.87260056,30.93689919,30.76738739,30.87803268,0
5527,7/28/2023,30.87649918,30.88870049,30.82740021,30.87360001,0
5528,7/31/2023,30.78429985,30.93261909,30.67133331,30.78630066,0
5529,8/1/2023,30.87939835,30.9325676,30.75,30.87389946,0
5530,8/2/2023,30.87299919,30.93106651,30.75,30.87080002,0
5531,8/3/2023,30.87129974,30.93689156,30.76600075,30.88353539,0
5532,8/4/2023,30.9267807,30.93730736,30.81742477,30.9204998,0
5533,8/7/2023,30.75709915,30.93600464,30.62627029,30.75589943,0
5534,8/8/2023,30.87369919,30.93318176,30.75,30.87140083,0
5535,8/9/2023,30.86879921,30.93440628,30.75,30.86540031,0
5536,8/10/2023,30.87000084,30.9272747,30.75,30.87735558,0
5537,8/11/2023,30.87010002,30.89032936,30.76270294,30.87579918,0
5538,8/14/2023,31.01119995,31.05150032,30.75,31.0114994,0
5539,8/15/2023,30.86440086,30.92978859,30.7635479,30.86230087,0
5540,8/16/2023,30.86969948,30.93361282,30.76869965,30.87380028,0
5541,8/17/2023,30.8743,30.92713356,30.76392937,30.87389946,0
5542,8/18/2023,30.85980034,30.94667435,30.80500031,30.86170006,0
5543,8/21/2023,30.72771645,30.93074226,30.70329666,30.83600044,0
5544,8/22/2023,30.87709999,30.93507576,30.75,30.87560081,0
5545,8/23/2023,30.87319946,30.93121338,30.76059914,30.86750031,0
5546,8/24/2023,30.86790085,30.93816185,30.75,30.86829948,0
5547,8/25/2023,30.87059975,30.88597488,30.7524662,30.86770058,0
5548,8/28/2023,30.88629913,30.93020058,30.73142052,30.88629913,0
5549,8/29/2023,30.86969376,30.93280029,30.77505875,30.86170006,0
5550,8/30/2023,30.92160034,30.93541336,30.77581787,30.91679955,0
5551,8/31/2023,30.87560081,30.92994308,30.75,30.88155937,0
5552,9/1/2023,30.86490059,30.88553238,30.76322365,30.86919975,0
5553,9/4/2023,30.88180733,30.96292496,30.76889992,30.87459946,0
5554,9/5/2023,30.88399506,30.92923737,30.76910019,30.87789917,0
5555,9/6/2023,30.90229988,30.93502617,30.74163628,30.90229988,0
5556,9/7/2023,30.86380005,30.93371964,30.75100708,30.86590004,0
5557,9/8/2023,30.86910057,30.88637161,30.75627708,30.86700058,0
5558,9/11/2023,30.82089996,30.92879677,30.65102196,30.82239914,0
5559,9/12/2023,30.89660072,30.92992401,30.7682991,30.89570045,0
5560,9/13/2023,30.8743,30.92255402,30.76924515,30.8682003,0
5561,9/14/2023,30.87140083,30.93675995,30.76539993,30.87140083,0
5562,9/15/2023,30.92040062,30.93564606,30.90740013,30.92879486,0
5563,9/18/2023,30.88800049,30.92998123,30.75,30.8852005,0
5564,9/19/2023,30.8701992,30.92379951,30.75857735,30.86759949,0
5565,9/20/2023,30.87645912,30.92625237,30.76880074,30.87190056,0
5566,9/21/2023,30.86930084,30.92099953,30.77754974,30.88010216,0
5567,9/22/2023,30.87210083,30.88529968,30.75130463,30.86630058,0
5568,9/25/2023,30.83300018,30.92904854,30.7038269,30.83530045,0
5569,9/26/2023,30.8980999,30.93296051,30.77120018,30.89570045,0
5570,9/27/2023,30.90001678,30.91519356,30.86090088,30.89500046,0
5571,9/28/2023,30.86800003,30.88409996,30.75327873,30.86680031,0
5572,9/29/2023,30.87963867,30.90679932,30.85490036,30.86940002,0
5573,10/2/2023,31.00209999,31.0067997,30.76930046,31.00090027,0
5574,10/3/2023,30.90099907,30.91028976,30.77000046,30.90500069,0
5575,10/4/2023,30.89159966,30.93245316,30.75,30.90304565,0
5576,10/5/2023,30.77149963,30.78779984,30.75530052,30.76609993,0
5577,10/6/2023,30.77260017,30.78682518,30.6586132,30.77210045,0
5578,10/9/2023,30.73419952,30.93509483,30.60800934,30.73810005,0
5579,10/10/2023,30.86770058,30.92603874,30.76828575,30.87120056,0
5580,10/11/2023,30.87730026,30.93029594,30.76720047,30.87479973,0
5581,10/12/2023,30.89150047,30.92720413,30.75,30.89179993,0
5582,10/13/2023,30.86770058,30.88474846,30.75663757,30.87545776,0
5583,10/16/2023,30.83437538,30.93478012,30.7325325,30.82500076,0
5584,10/17/2023,30.89369965,30.93342209,30.71329689,30.88899994,0
5585,10/18/2023,30.87220001,30.93028259,30.76656342,30.87676239,0
5586,10/19/2023,30.89249992,30.93515968,30.74840164,30.89189911,0
5587,10/20/2023,30.86980057,30.8849678,30.85750008,30.87161446,0
5588,10/23/2023,30.87210083,30.92959976,30.7453537,30.87669945,0
5589,10/24/2023,30.86779976,30.9351902,30.7746315,30.85779953,0
5590,10/25/2023,30.8927002,30.92900085,30.79614067,30.89722443,0
5591,10/26/2023,30.86109924,30.93060112,30.76015663,30.87350082,0
5592,10/27/2023,30.87030029,30.89410019,30.78191948,30.8743,0
5593,10/30/2023,30.73966217,30.93000793,30.73020744,30.742136,0
5594,10/31/2023,30.86989975,30.93543625,30.76989937,30.87170029,0
5595,11/1/2023,30.89380074,30.93154144,30.76919937,30.89609909,0
5596,11/2/2023,30.87015724,30.93239975,30.70783806,30.86910057,0
5597,11/3/2023,30.87100029,30.8913002,30.7364254,30.87109947,0
5598,11/6/2023,30.51504135,30.93115616,30.49131775,30.52229309,0
5599,11/7/2023,30.86700058,30.93182373,30.72928047,30.86989975,0
5600,11/8/2023,30.77249908,30.92627907,30.75799942,30.76790047,0
5601,11/9/2023,30.86840057,30.93009186,30.76067352,30.86569977,0
5602,11/10/2023,30.87451553,30.8850193,30.85750008,30.8696003,0
5603,11/13/2023,30.72279549,30.93366051,30.72020912,30.72020912,0
5604,11/14/2023,30.87120056,30.93100357,30.74648666,30.86660004,0
5605,11/15/2023,30.87859917,30.93068886,30.75,30.87969971,0
5606,11/16/2023,30.88929939,30.9192009,30.85000038,30.88960075,0
5607,11/17/2023,30.89769936,30.9109993,30.88089943,30.89649963,0
5608,11/20/2023,30.67321968,30.93131065,30.60713005,30.67560959,0
5609,11/21/2023,30.90320015,30.92320061,30.75099945,30.90239906,0
5610,11/22/2023,30.87229919,30.9246006,30.75,30.86989975,0
5611,11/23/2023,30.8764782,30.93568993,30.77000046,30.86779976,0
5612,11/24/2023,30.8743,30.88525772,30.73634529,30.87459946,0
5613,11/27/2023,30.69026756,30.92762756,30.65076447,30.69054985,0
5614,11/28/2023,30.86969948,30.92902184,30.74757004,30.86639977,0
5615,11/29/2023,30.88890076,30.93450737,30.76029778,30.88080025,0
5616,11/30/2023,30.91930008,30.95201111,30.85499954,30.92350388,0
5617,12/1/2023,30.87369919,30.88670158,30.8593998,30.87400055,0
5618,12/4/2023,30.789217,30.95619965,30.75,30.79473305,0
5619,12/5/2023,30.90238762,30.93224716,30.76250076,30.89660072,0
5620,12/6/2023,30.76639938,30.93202591,30.76029968,30.76679993,0
5621,12/7/2023,30.9246273,30.93386841,30.78318214,30.91539955,0
5622,12/8/2023,30.87490082,30.88621521,30.75575638,30.87140083,0
5623,12/11/2023,30.81161118,30.93090057,30.76627922,30.80460167,0
5624,12/12/2023,30.89170074,30.93272209,30.76840019,30.8913002,0
5625,12/13/2023,30.89550018,30.92666817,30.76186943,30.89620018,0
5626,12/14/2023,30.87100029,30.93634415,30.7594986,30.87240028,0
5627,12/15/2023,30.90130043,30.92090034,30.81297874,30.90099907,0
5628,12/18/2023,30.90104675,30.9955349,30.76325226,30.89707756,0
5629,12/19/2023,30.87634277,30.93523979,30.75907707,30.86910057,0
5630,12/20/2023,30.89179993,30.92526627,30.77098656,30.89489937,0
5631,12/21/2023,30.87490082,30.938797,30.75497055,30.86949921,0
5632,12/22/2023,30.87610054,30.88580704,30.85740089,30.87409973,0
5633,12/25/2023,30.8588295,30.90512276,30.76804733,30.8588295,0
5634,12/26/2023,30.84468842,30.87620735,30.79703903,30.84832764,0
5635,12/27/2023,30.77610016,30.92856789,30.75,30.77490044,0
5636,12/28/2023,30.77020073,30.93213081,30.76119995,30.76619911,0
5637,12/29/2023,30.89030075,30.91088104,30.88240051,30.89030075,0
5638,1/1/2024,30.89425659,30.99500084,30.85553932,30.89425659,0
5639,1/2/2024,31.0048008,31.05890083,30.76600075,31.00239944,0
5640,1/3/2024,30.89520073,30.92009926,30.7682991,30.89550018,0
5641,1/4/2024,30.89859962,30.9357357,30.75863075,30.90483093,0
5642,1/5/2024,30.7614994,30.78948593,30.6534462,30.77079964,0
5643,1/8/2024,30.58564949,30.92559242,30.55270004,30.58760643,0
5644,1/9/2024,30.87727547,30.92621422,30.85790062,30.86529922,0
5645,1/10/2024,30.87309074,30.93192863,30.76930046,30.86160088,0
5646,1/11/2024,30.86429977,30.92488289,30.76550293,30.86709976,0
5647,1/12/2024,30.87563705,30.89229965,30.78083611,30.86459923,0
5648,1/15/2024,30.89313507,30.92766571,30.77464867,30.89285278,0
5649,1/16/2024,30.91320038,30.92887688,30.75,30.91480064,0
5650,1/17/2024,30.87155151,30.91990089,30.76448631,30.86400032,0
5651,1/18/2024,30.86599922,30.92070007,30.76209641,30.86540031,0
5652,1/19/2024,30.86240005,30.88920021,30.77270889,30.86669922,0
5653,1/22/2024,30.74939919,30.93394852,30.70204544,30.7455883,0
5654,1/23/2024,30.87739944,30.93462372,30.77020073,30.87549973,0
5655,1/24/2024,30.87450027,30.93324852,30.76085663,30.87070084,0
5656,1/25/2024,30.87220001,30.89167213,30.85829926,30.88404846,0
5657,1/26/2024,30.87140083,30.88577843,30.76403809,30.88029861,0
5658,1/29/2024,30.85113907,30.96949959,30.83578491,30.85341644,0
5659,1/30/2024,30.87689972,30.92829132,30.76021957,30.87030029,0
5660,1/31/2024,30.91300011,30.92547226,30.75,30.91905975,0
5661,2/1/2024,30.87199974,30.9323864,30.75342751,30.87260056,0
5662,2/2/2024,30.86420059,30.88419724,30.76643181,30.87010002,0
5663,2/5/2024,31.05897522,31.09257889,30.75914574,31.07483101,0
5664,2/6/2024,30.87100029,30.92650032,30.85880089,30.87070084,0
5665,2/7/2024,30.87520981,30.92090034,30.76519966,30.86849976,0
5666,2/8/2024,30.86590004,30.92705917,30.76659966,30.86310005,0
5667,2/9/2024,30.86750031,30.88624001,30.84000015,30.8654995,0
5668,2/12/2024,30.68422508,30.93031311,30.67811775,30.68507767,0
5669,2/13/2024,30.86709976,30.92790031,30.7761631,30.86809921,0
5670,2/14/2024,30.87827492,30.92665291,30.76309967,30.87170029,0
5671,2/15/2024,30.87080002,30.92194366,30.75,30.86770058,0
5672,2/16/2024,30.87170029,30.8867588,30.79999924,30.86910057,0
5673,2/19/2024,30.74133492,30.91040039,30.72737312,30.74218941,0
5674,2/20/2024,30.87360001,30.93090057,30.77173042,30.87190056,0
5675,2/21/2024,30.90920067,30.92531776,30.75,30.9102993,0
5676,2/22/2024,30.87914467,30.9211998,30.76519966,30.86680031,0
5677,2/23/2024,30.87709618,30.88630104,30.85779953,30.86989975,0
5678,2/26/2024,30.87175179,30.92495537,30.76768112,30.87274933,0
5679,2/27/2024,30.91180038,30.9314518,30.78022003,30.91230011,0
5680,2/28/2024,30.87269974,30.92717743,30.76165009,30.87199974,0
5681,2/29/2024,30.9076004,30.92944145,30.76720047,30.90819931,0
5682,3/1/2024,30.8654995,30.88613319,30.74625587,30.86260033,0
5683,3/4/2024,30.85876656,30.93174934,30.68247414,30.86132813,0
5684,3/5/2024,30.87809944,30.92900085,30.77140045,30.87750053,0
5685,3/6/2024,30.87220001,50.77911758,49.41490173,50.77911758,0
5686,3/7/2024,49.53020477,49.63565826,49.25,49.52140045,0
5687,3/8/2024,49.31930161,49.39379883,49.30670166,49.3166008,0
5688,3/11/2024,49.22520065,49.27693939,48.95000076,49.22362518,0
5689,3/12/2024,49.0155983,49.12710571,48.66469955,49.01699829,0
5690,3/13/2024,48.77280045,48.8766861,48.29301834,48.77249908,0
5691,3/14/2024,48.41970062,48.52803421,47.70000076,48.41719818,0
5692,3/15/2024,47.77000046,47.79499817,47.75650024,47.77180099,0
5693,3/18/2024,47.71331024,47.71966553,47.01436996,47.70717239,0
5694,3/19/2024,47.08668518,47.25109863,46.94934845,47.08668518,0
5695,3/20/2024,47.01800156,47.17284012,46.81375885,47.02429962,0
5696,3/21/2024,46.86920166,47.05532837,46.56570053,46.86830139,0
5697,3/22/2024,46.6216011,46.77999878,46.60430145,46.6216011,0
5698,3/25/2024,46.64948654,47.5,46.46358109,46.64905548,0
5699,3/26/2024,47.37009811,47.92010117,47.31610107,47.37409973,0
5700,3/27/2024,47.79000092,47.87654495,47.15000153,47.79845047,0
5701,3/28/2024,47.21849823,47.4768219,47.02500153,47.22460175,0
5702,3/29/2024,47.36529922,47.47100449,47.24311447,47.36809921,0
5703,4/1/2024,47.28754425,47.63888168,47.06000137,47.2842598,0
5704,4/2/2024,47.60827255,47.64687347,47.06000137,47.6133728,0
5705,4/3/2024,47.12540054,47.65510178,47.06756592,47.12409973,0
5706,4/4/2024,47.32704544,47.48668671,47.25999832,47.32268143,0
5707,4/5/2024,47.32600021,47.37436295,47.25104523,47.33332825,0
5708,4/8/2024,47.26958847,47.77050018,47.21509552,47.27002335,0
5709,4/9/2024,47.52460098,47.55500031,47.50669861,47.52259827,0
5710,4/10/2024,47.52180099,47.53699875,47.50279999,47.52090073,0
5711,4/11/2024,47.51660156,47.53769302,47.50510025,47.51620102,0
5712,4/12/2024,47.51929855,47.55853653,47.49039841,47.52059937,0
5713,4/15/2024,47.51279831,48.71244049,47.37608337,47.52259827,0
5714,4/16/2024,48.22650146,48.73841858,48.20000076,48.22029877,0
5715,4/17/2024,48.4761467,48.81880188,48.41690063,48.47660446,0
5716,4/18/2024,48.47689819,48.57573318,48.18000031,48.47689819,0
5717,4/19/2024,48.31214523,48.56345749,48.28279877,48.3091011,0
5718,4/22/2024,48.25130081,48.44886398,48.04999924,48.25130081,0
5719,4/23/2024,48.14321136,48.23908997,47.96149826,48.15179825,0
5720,4/24/2024,48.01990128,48.12799835,47.76530075,48.01689911,0
5721,4/25/2024,47.86975098,47.88949966,47.75639725,47.85850143,0
5722,4/26/2024,47.8821373,47.8878479,47.73468399,47.86989975,0
5723,4/29/2024,47.81514359,47.99039841,47.51860046,47.81514359,0
5724,4/30/2024,47.82569885,47.97776413,47.7643013,47.823246,0
5725,5/1/2024,47.83779907,47.91199875,47.667202,47.83919907,0
5726,5/2/2024,47.64089966,48.09999847,47.55084991,47.64110184,0
5727,5/3/2024,47.91970062,47.95080185,47.79367828,47.92010117,0
5728,5/6/2024,47.93429947,47.94409943,47.86880112,47.93270111,0
5729,5/7/2024,47.92380142,48.02000046,47.63949966,47.92440033,0
5730,5/8/2024,47.6896019,47.792099,47.43720245,47.69545746,0
5731,5/9/2024,47.52940369,47.62817764,47.23500061,47.52050018,0
5732,5/10/2024,47.36899948,47.38546371,47.25942612,47.37210083,0
5733,5/13/2024,47.37519836,47.3925209,46.95000076,47.37755966,0
5734,5/14/2024,47.0387001,47.14673615,46.78472519,47.04259872,0
5735,5/15/2024,46.82944489,46.96931076,46.72499847,46.81330109,0
5736,5/16/2024,46.80220032,47.50749969,46.74700165,46.80369949,0
5737,5/17/2024,46.87860107,46.89712906,46.76285172,46.87612152,0
5738,5/20/2024,46.88460159,46.93412399,46.5447998,46.89310837,0
5739,5/21/2024,46.60689926,46.71741104,46.49000168,46.60639954,0
5740,5/22/2024,46.70690155,46.86000061,46.5,46.70289993,0
5741,5/23/2024,46.76070023,47.26810074,46.66481781,46.75849915,0
5742,5/24/2024,47.12654114,47.14369965,47.03606415,47.1208992,0
5743,5/27/2024,47.12747574,47.24000168,46.79999924,47.13225555,0
5744,5/28/2024,47.13759995,47.62784958,47.07699203,47.1391983,0
5745,5/29/2024,47.57170105,47.58989334,47.25,47.57400131,0
5746,5/30/2024,47.37009811,47.38453293,47.09999847,47.37714386,0
5747,5/31/2024,47.22109985,47.25714874,47.20000076,47.22330093,0
5748,6/3/2024,47.1595993,47.40628052,46.95640945,47.15570068,0
5749,6/4/2024,47.06679916,47.45000076,47.01800156,47.06930161,0
5750,6/5/2024,47.41590118,47.6532135,47.29901886,47.4070015,0
5751,6/6/2024,47.57022858,47.69692993,47.41999817,47.57569504,0
5752,6/7/2024,47.48210144,47.54499817,47.46459961,47.48279953,0
5753,6/10/2024,47.67219925,47.81158447,47.47999954,47.67917633,0
5754,6/11/2024,47.67779922,47.76890182,47.49700165,47.67735672,0
5755,6/12/2024,47.53538132,47.72858047,47.51449966,47.52880096,0
5756,6/13/2024,47.66199875,47.77859879,47.58679962,47.67057419,0
5757,6/14/2024,47.68648911,47.69570541,47.66540146,47.68799973,0
5758,6/17/2024,47.70287323,47.71099854,47.65999985,47.69850159,0
5759,6/18/2024,47.67290115,47.70019913,47.65209961,47.67770004,0
5760,6/19/2024,47.68370056,47.69472122,47.58080673,47.6772995,0
5761,6/20/2024,47.68209839,47.69705963,47.56866837,47.69193649,0
5762,6/21/2024,47.66579819,47.6977005,47.65230179,47.67760086,0
5763,6/24/2024,47.7078476,48.56980133,47.65010834,47.69914246,0
5764,6/25/2024,48.29636002,48.41999817,48.14979935,48.29816055,0
5765,6/26/2024,48.3504982,48.72499847,47.95999908,48.35935593,0
5766,6/27/2024,48.02199936,48.13980103,47.89009857,48.0223999,0
5767,6/28/2024,48.00239944,48.01647186,47.89662552,48.01169205,0
5768,7/1/2024,47.87490082,48.28455734,47.76290131,47.88359833,0
5769,7/2/2024,48.27000046,48.28318787,48.04999924,48.26710129,0
5770,7/3/2024,48.1283989,48.18067551,48.08000183,48.1283989,0
5771,7/4/2024,48.11050034,48.15769196,47.85499954,48.10839844,0
5772,7/5/2024,47.96355438,47.97748566,47.8614006,47.95629883,0
5773,7/8/2024,48.02669907,48.05556107,47.85879898,48.03358841,0
5774,7/9/2024,47.90090179,48.12308121,47.86999893,47.89910126,0
5775,7/10/2024,48.04937744,48.20470047,47.87663651,48.04109955,0
5776,7/11/2024,47.96699905,47.99475861,47.8565712,47.97957993,0
5777,7/12/2024,47.96709824,47.98597717,47.95550156,47.96969986,0
5778,7/15/2024,48.09524155,48.10165024,47.79899979,48.09436035,0
5779,7/16/2024,47.91400146,48.08069992,47.89659882,47.91490173,0
5780,7/17/2024,48.00780106,48.23914719,47.95000076,48.00849915,0
5781,7/18/2024,48.16949844,48.29999924,48.15810013,48.167099,0
5782,7/19/2024,48.21960068,48.23654938,48.09340286,48.2201004,0
5783,7/22/2024,48.15420151,48.44250107,48.1556015,48.1556015,0
5784,7/23/2024,48.38370132,48.44070053,48.30130005,48.38629913,0
5785,7/24/2024,48.33950043,48.39199829,48.28490067,48.33250046,0
5786,7/25/2024,48.30559921,48.32808685,48.20381546,48.31010056,0
5787,7/26/2024,48.30450058,48.33440018,48.29069901,48.30250168,0
5788,7/29/2024,48.31919861,48.39680481,48.21683121,48.32139969,0
5789,7/30/2024,48.29290009,48.43000793,48.27000046,48.28369904,0
5790,7/31/2024,48.41579819,48.62990189,48.29999924,48.40589905,0
5791,8/1/2024,48.53749847,48.72000122,48.51580048,48.53590012,0
5792,8/2/2024,48.67317963,48.67615509,48.6230011,48.66030121,0
5793,8/5/2024,48.6446991,49.54449844,48.0366745,48.64559937,0
5794,8/6/2024,49.21709824,49.25500107,49.15000153,49.22449875,0
5795,8/7/2024,49.16870117,49.29000092,49.05415726,49.16870117,0
5796,8/8/2024,49.21559906,49.28290939,49.13777542,49.22029877,0
5797,8/9/2024,49.21900177,49.2419014,49.1281929,49.22040176,0
5798,8/12/2024,49.23557663,49.34000015,49.17132187,49.23828125,0
5799,8/13/2024,49.28950119,49.40494537,49.19543076,49.29661942,0
5800,8/14/2024,49.33850098,49.49000168,49.04999924,49.34669876,0
5801,8/15/2024,49.06370163,49.10499954,48.86360168,49.06529999,0
5802,8/16/2024,48.89179993,48.91853714,48.76914215,48.88980103,0
5803,8/19/2024,48.87480164,48.88679123,48.72999954,48.87639999,0
5804,8/20/2024,48.75049973,48.88570786,48.72999954,48.75270081,0
5805,8/21/2024,48.87770081,48.89722061,48.74000168,48.86830139,0
5806,8/22/2024,48.75260162,48.80807114,48.6921196,48.76599884,0
5807,8/23/2024,48.74750137,48.77220535,48.7364006,48.74959946,0
5808,8/26/2024,48.78212357,48.81669998,48.67250061,48.76139832,0
5809,8/27/2024,48.70019913,48.75987625,48.61100006,48.69779968,0
5810,8/28/2024,48.66839981,48.70257187,48.58499908,48.6692009,0
5811,8/29/2024,48.62990189,48.68170547,48.55080032,48.63275909,0
5812,8/30/2024,48.58760071,48.60800171,48.5760994,48.58539963,0
5813,9/2/2024,48.61119843,48.61999893,48.43629837,48.6187706,0
5814,9/3/2024,48.50419998,48.54727936,48.41450119,48.51203918,0
5815,9/4/2024,48.47489929,48.54000092,48.43000031,48.47520065,0
5816,9/5/2024,48.457901,48.54000092,48.36000061,48.45019913,0
5817,9/6/2024,48.41180038,48.4294014,48.39149857,48.41230011,0
5818,9/9/2024,48.40430069,48.46651459,48.25500107,48.4029007,0
5819,9/10/2024,48.32040024,48.37678528,48.25759888,48.32229996,0
5820,9/11/2024,48.33280182,48.42010117,48.29959869,48.33190155,0
5821,9/12/2024,48.34759903,48.45280457,48.31890106,48.35565948,0
5822,9/13/2024,48.38759995,48.40623856,48.36500168,48.38669968,0
5823,9/16/2024,48.32170105,48.4518013,48.25019836,48.3246994,0
5824,9/17/2024,48.39379883,48.44852066,48.32500076,48.39250183,0
5825,9/18/2024,48.37149811,48.58570099,48.35749817,48.37149811,0
5826,9/19/2024,48.50260162,48.57500076,48.41970062,48.5,0
5827,9/20/2024,48.50643539,48.51540375,48.48300171,48.48600006,0
5828,9/23/2024,48.47909927,48.70000076,48.46160126,48.4966011,0
5829,9/24/2024,48.62409973,48.72999954,48.57404709,48.62599945,0
5830,9/25/2024,48.66249847,48.74356461,48.47140121,48.6692009,0
5831,9/26/2024,48.51940155,48.63000107,48.29999924,48.52550125,0
5832,9/27/2024,48.33959961,48.36410141,48.2321167,48.33810043,0
5833,9/30/2024,48.28710175,48.42782593,48.20500183,48.28730011,0
5834,10/1/2024,48.26062775,48.33412552,48.15000153,48.25180054,0
5835,10/2/2024,48.20690155,48.40819931,48.18769836,48.19779968,0
5836,10/3/2024,48.3457489,48.38389587,48.22796631,48.34500122,0
5837,10/4/2024,48.31949997,48.33600616,48.19598007,48.32260132,0
5838,10/7/2024,48.32500076,48.44250107,48.28499985,48.32640076,0
5839,10/8/2024,48.37269974,48.59045029,48.34999847,48.37440109,0
5840,10/9/2024,48.5760994,48.59500122,48.45000076,48.56940079,0
5841,10/10/2024,48.46709824,48.58980179,48.45000076,48.46929932,0
5842,10/11/2024,48.55948639,48.56863022,48.52000046,48.54970169,0
5843,10/14/2024,48.60279846,48.64104843,48.50618744,48.60210037,0
5844,10/15/2024,48.56650162,48.61196518,48.47380066,48.56850052,0
5845,10/16/2024,48.51839828,48.63029861,48.5,48.52330017,0
5846,10/17/2024,48.56248474,48.68254471,48.52000046,48.5564003,0
5847,10/18/2024,48.60489655,48.61452866,48.58440018,48.59579849,0
5848,10/21/2024,48.5965004,48.65539932,48.54999924,48.59429932,0
5849,10/22/2024,48.64142609,48.69961929,48.56248474,48.63909912,0
5850,10/23/2024,48.67459869,48.74959564,48.58346176,48.68519974,0
5851,10/24/2024,48.69820023,48.79403687,48.64476776,48.69710159,0
5852,10/25/2024,48.75230026,48.76650238,48.73460007,48.75,0
5853,10/28/2024,48.75579453,48.81185913,48.5294342,48.75173187,0
5854,10/29/2024,48.66600037,48.77000046,48.56306458,48.6637001,0
5855,10/30/2024,48.67380142,48.77560043,48.65000153,48.67610168,0
5856,10/31/2024,48.71099854,48.96379852,48.66970062,48.71360016,0
5857,11/1/2024,48.92962265,48.9378891,48.90520096,48.92549896,0
5858,11/4/2024,48.73228455,49.10164642,48.58399963,48.73340607,0
5859,11/5/2024,49.03680038,49.15793991,49.01660156,49.03540039,0
5860,11/6/2024,49.11729813,49.2405014,49.08190155,49.12080002,0
5861,11/7/2024,49.20890045,49.30714798,49.13299179,49.20529938,0
5862,11/8/2024,49.27399826,49.29259872,49.24959946,49.26990128,0
5863,11/11/2024,49.29278564,49.32132339,49.15000153,49.29830551,0
5864,11/12/2024,49.19839859,49.22561264,49.13750076,49.18930054,0
5865,11/13/2024,49.18710709,49.3271904,49.16260147,49.17950058,0
5866,11/14/2024,49.29650116,49.39720154,49.19374466,49.29158783,0
5867,11/15/2024,49.57640076,49.60615158,49.24401855,49.57540131,0
5868,11/18/2024,49.32811356,49.43289948,49.25030136,49.31921768,0
5869,11/19/2024,49.41650009,49.54999924,49.29999924,49.42110062,0
5870,11/20/2024,49.52156448,49.7389183,49.47380066,49.51169968,0
5871,11/21/2024,49.69049835,49.86883545,49.59999847,49.68740082,0
5872,11/22/2024,49.63999939,49.74039841,49.62149811,49.63809967,0
5873,11/25/2024,49.34204865,49.67888641,49.29924011,49.34204865,0
5874,11/26/2024,49.59479904,49.63605881,49.51319885,49.58509827,0
5875,11/27/2024,49.59109879,49.68527603,49.52000046,49.59120178,0
5876,11/28/2024,49.64637756,49.70000076,49.45068741,49.64289856,0
5877,11/29/2024,49.56309891,49.6067009,49.54389954,49.57268906,0
5878,12/2/2024,49.73300552,49.85829926,49.52999878,49.72640228,0
5879,12/3/2024,49.69290161,49.75201797,49.62711716,49.69049835,0
5880,12/4/2024,49.71360016,49.85810089,49.66999817,49.707901,0
5881,12/5/2024,49.78450012,49.99480057,49.75999832,49.78549957,0
5882,12/6/2024,49.95040131,49.97100067,49.9054985,49.94400024,0
5883,12/9/2024,49.96876526,50.72999954,49.96687317,49.96687317,0
5884,12/10/2024,50.47259903,50.52774048,50.34500122,50.47689819,0
5885,12/11/2024,50.42359924,50.65890121,50.40000153,50.41849899,0
5886,12/12/2024,50.6072998,50.83649826,50.59489822,50.61394882,0
5887,12/13/2024,50.78779984,50.80763626,50.76279831,50.78590012,0
5888,12/16/2024,50.76740265,50.87778854,50.69839859,50.76643372,0
5889,12/17/2024,50.77030182,50.90909958,50.640522,50.76490021,0
5890,12/18/2024,50.7507019,50.90420151,50.72999954,50.75669861,0
5891,12/19/2024,50.84199905,50.93837357,50.80630112,50.84289932,0
5892,12/20/2024,50.88959885,50.90579987,50.86640167,50.88710022,0
5893,12/23/2024,50.86266327,51.07419968,50.79629898,50.85778809,0
5894,12/24/2024,51.0503006,51.15096283,50.84949875,51.0522995,0
5895,12/25/2024,50.84923172,50.89595413,50.71274567,50.8590126,0
5896,12/26/2024,50.86289978,50.90470123,50.75049973,50.86399841,0
5897,12/27/2024,50.75299835,50.86999893,50.74369812,50.75419998,0
5898,12/30/2024,50.82272339,50.86072922,50.77999878,50.81346512,0
5899,12/31/2024,50.80659866,50.83860016,50.77370071,50.80459976,0
5900,1/2/2025,50.7989006,50.83003998,50.68880081,50.80160141,0
5901,1/3/2025,50.7567482,50.78267288,50.646698,50.74919891,0
5902,1/6/2025,50.77051544,50.81538773,50.54679871,50.77051544,0
5903,1/7/2025,50.62200165,50.63800049,50.59590149,50.62888718,0
5904,1/8/2025,50.62409973,50.65766525,50.53580093,50.62319946,0
5905,1/9/2025,50.58317184,50.61597061,50.50999832,50.57849884,0
5906,1/10/2025,50.52700043,50.55591965,50.5094986,50.53239822,0
5907,1/13/2025,50.54178238,50.71853256,50.44499969,50.54424667,0
5908,1/14/2025,50.47409821,50.52349854,50.38629913,50.48550034,0
5909,1/15/2025,50.4178009,50.49539948,50.36999893,50.41930008,0
5910,1/16/2025,50.3871994,50.43263626,50.29999924,50.39550018,0
5911,1/17/2025,50.37323761,50.3885994,50.27025223,50.36780167,0
5912,1/20/2025,50.34204483,50.34999847,50.18690109,50.32881927,0
5913,1/21/2025,50.29050064,50.31845856,50.21500015,50.27939987,0
5914,1/22/2025,50.26509857,50.33729935,50.18829346,50.27560043,0
5915,1/23/2025,50.29069901,50.33184433,50.20999908,50.29190063,0
5916,1/24/2025,50.26859283,50.27880096,50.15939331,50.26139832,0
5917,1/27/2025,50.40700912,50.44966888,50.16999817,50.40219116,0
5918,1/28/2025,50.21900177,50.25159836,50.10129929,50.22719955,0
5919,1/29/2025,50.1882019,50.24000168,50.1446991,50.18429947,0
5920,1/30/2025,50.19039917,50.23829269,50.16999817,50.19039917,0
5921,1/31/2025,50.19540024,50.22790146,50.18000031,50.19990158,0
5922,2/3/2025,50.77222443,50.94026566,50.16999817,50.76974869,0
5923,2/4/2025,50.33919907,50.35458755,50.19762421,50.32369995,0
5924,2/5/2025,50.24739838,50.32379913,50.22249985,50.24499893,0
5925,2/6/2025,50.29661942,50.31481171,50.20000076,50.28960037,0
5926,2/7/2025,50.2621994,50.31029892,50.18914795,50.26850128,0
5927,2/10/2025,50.35032272,50.41143036,50.22000122,50.3586235,0
5928,2/11/2025,50.24909973,50.46372223,50.22999954,50.25540161,0
5929,2/12/2025,50.4059639,50.70533752,50.38259888,50.4113121,0
5930,2/13/2025,50.58263016,50.68999863,50.56999969,50.58679962,0
5931,2/14/2025,50.59090042,50.61766815,50.58000183,50.60020065,0
5932,2/17/2025,50.61922455,50.63660431,50.50249863,50.62043381,0
5933,2/18/2025,50.57590103,50.65999985,50.54785919,50.57040024,0
5934,2/19/2025,50.60839844,50.76279831,50.52000046,50.60720062,0
5935,2/20/2025,50.60580063,50.61496735,50.49250031,50.59899902,0
5936,2/21/2025,50.55379868,50.5766983,50.5320015,50.53789902,0
5937,2/24/2025,50.48307419,50.64636612,50.22320175,50.48982239,0
5938,2/25/2025,50.5737915,50.63114548,50.30659866,50.57524109,0
5939,2/26/2025,50.54940033,50.61190414,50.45520782,50.54959869,0
5940,2/27/2025,50.5605011,50.6603775,50.50920486,50.56100082,0
5941,2/28/2025,50.63422775,50.6428299,50.48496246,50.63270187,0
5942,3/3/2025,50.44125366,50.65823364,50.39070129,50.44779587,0
5943,3/4/2025,50.60739899,50.66077042,50.56499863,50.59970093,0
5944,3/5/2025,50.59529877,50.71638489,50.58000183,50.59690094,0
5945,3/6/2025,50.64199829,50.73490143,50.61000061,50.64379883,0
5946,3/7/2025,50.65119934,50.68099976,50.62919998,50.65069962,0
5947,3/10/2025,50.55651474,50.69097137,50.49089813,50.54720306,0
5948,3/11/2025,50.56949997,50.61999893,50.54000092,50.5719986,0
5949,3/12/2025,50.57540131,50.7019043,50.52500153,50.56219864,0
5950,3/13/2025,50.62820053,50.67630005,50.58000183,50.6189003,0
5951,3/14/2025,50.61673737,50.64360046,50.58560181,50.61240005,0
5952,3/17/2025,50.63594818,50.66950989,50.42499924,50.64362717,0
5953,3/18/2025,50.47990036,50.60557556,50.38999939,50.48059845,0
5954,3/19/2025,50.47079849,50.67282104,50.38999939,50.47259903,0
5955,3/20/2025,50.59999847,50.65742493,50.49000168,50.60540009,0
5956,3/21/2025,50.53419876,50.56004715,50.52000046,50.54040146,0
5957,3/24/2025,50.44461441,50.66596603,50.42259979,50.44065857,0
5958,3/25/2025,50.57667923,50.65264511,50.48630142,50.5727005,0
5959,3/26/2025,50.54811478,50.62379837,50.49000168,50.53480148,0
5960,3/27/2025,50.51784897,50.59469223,50.47999954,50.51330185,0
5961,3/28/2025,50.5387001,50.55474091,50.51869965,50.54079819,0
5962,3/31/2025,50.57419968,50.57519913,50.47330093,50.57099915,0
5963,4/1/2025,50.54560089,50.56470108,50.5265007,50.54219818,0
5964,4/2/2025,50.55324554,50.55755234,50.51950073,50.53979874,0
5965,4/3/2025,50.54259872,50.61999893,50.51539993,50.53250122,0
5966,4/4/2025,50.56790161,50.58449936,50.34880066,50.55670166,0
5967,4/7/2025,50.76100159,51.665802,50.59022903,50.78139877,0
5968,4/8/2025,51.3667984,51.51112366,51.20999908,51.36029816,0
5969,4/9/2025,51.24119949,51.69668961,51.20000076,51.24610138,0
5970,4/10/2025,51.63180161,51.68776703,51.13999939,51.63010025,0
5971,4/11/2025,51.29029846,51.33330154,51.16131973,51.28969955,0
5972,4/14/2025,51.33499908,51.33039856,50.90000153,51.33039856,0
5973,4/15/2025,50.97302628,51.00323486,50.84000015,50.96860123,0
5974,4/16/2025,50.94380188,51.10419846,50.90999985,50.9455986,0
5975,4/17/2025,51.06729889,51.14379883,51.01029968,51.07529831,0
5976,4/22/2025,50.46379852,51.12812042,50.32630157,50.46659851,0
5977,4/23/2025,51.01784515,51.08499908,50.83797455,51.01919556,0
5978,4/24/2025,50.93529892,50.9517746,50.78754044,50.93190002,0
5979,4/25/2025,50.93360138,50.94635773,50.91230011,50.91939926,0
5980,4/28/2025,51.00159836,51.00049973,50.72000122,50.99129868,0
5981,4/29/2025,50.80830002,50.85089493,50.70000076,50.81809998,0
5982,4/30/2025,50.77190018,50.92563248,50.71440125,50.76839828,0
5983,5/1/2025,50.81399918,51.07440186,50.74140167,50.81800079,0
5984,5/2/2025,50.94369888,51.04412842,50.66386414,50.94279861,0
5985,5/5/2025,50.63000107,50.74912643,50.52099991,50.6332016,0
5986,5/6/2025,50.64089966,50.68428421,50.56779861,50.64379883,0
5987,5/7/2025,50.6271019,50.7154007,50.56650162,50.63779831,0
5988,5/8/2025,50.60779953,50.68130112,50.54629898,50.62139893,0
5989,5/9/2025,50.59579849,50.60725784,50.45889282,50.58499908,0
5990,5/12/2025,50.66880035,50.70420074,50.40060043,50.68230057,0
5991,5/13/2025,50.46829987,50.50999832,50.32310104,50.46879959,0
5992,5/14/2025,50.43299866,50.46258163,50.29999924,50.42480087,0
5993,5/15/2025,50.36190033,50.40380096,50.03408813,50.35589981,0
5994,5/16/2025,50.11700058,50.13594437,50.08480072,50.11569977,0
5995,5/19/2025,49.97787476,50.12566376,49.92186356,49.96760178,0
5996,5/20/2025,50.02550125,50.04467773,49.81000137,50.01919937,0
5997,5/21/2025,49.86949921,49.90999985,49.76150131,49.8764267,0
5998,5/22/2025,49.9068985,49.97499847,49.72628403,49.90250015,0
5999,5/23/2025,49.86149979,49.9292984,49.84199905,49.86970139,0
6000,5/26/2025,49.83603668,49.90745544,49.6391983,49.82960129,0
6001,5/27/2025,49.78244019,49.83996201,49.68629837,49.77090073,0
6002,5/28/2025,49.76869965,49.83580017,49.70000076,49.76850128,0
6003,5/29/2025,49.75659943,49.80911255,49.6554985,49.76029968,0
6004,5/30/2025,49.73490143,49.75299835,49.66889954,49.73009872,0
6005,6/2/2025,49.50468826,49.72679901,49.3759346,49.48703384,0
6006,6/3/2025,49.65420151,49.69166565,49.60499954,49.64920044,0
6007,6/4/2025,49.63589859,49.68735886,49.50671768,49.6385994,0
6008,6/5/2025,49.63529968,49.66003036,49.61909866,49.63660049,0
6009,6/6/2025,49.62099838,49.63271713,49.57429886,49.61769867,0
6010,6/9/2025,49.39055252,49.62574768,49.317276,49.39574814,0
6011,6/10/2025,49.61009979,49.6446991,49.41439819,49.61209869,0
6012,6/11/2025,49.49919891,49.53622818,49.37379837,49.49700165,0
6013,6/12/2025,49.47880173,49.91161346,49.41999817,49.48020172,0
6014,6/13/2025,49.73820114,49.77241516,49.69789886,49.7439003,0
6015,6/16/2025,49.68629837,50.69499969,49.65943527,49.76446152,0
6016,6/17/2025,50.23630142,50.28916168,50.06529999,50.23040009,0
6017,6/18/2025,50.1216011,50.60010147,50.07830048,50.11980057,0
6018,6/19/2025,50.48559952,50.68000031,50.47769928,50.49829865,0
6019,6/20/2025,50.63959885,50.66759872,50.58000183,50.6352005,0
6020,6/23/2025,50.73310089,50.8284874,50.46879959,50.73770142,0
6021,6/24/2025,50.64170074,50.68491364,49.91199875,50.65230179,0
6022,6/25/2025,50.02299881,50.04389954,49.81750107,50.02470016,0
6023,6/26/2025,49.86240005,49.93050003,49.85409927,49.87888718,0
6024,6/27/2025,49.87419891,49.89039993,49.83110046,49.871521,0
6025,6/30/2025,49.63869858,49.71035767,49.51409912,49.64319992,0
6026,7/1/2025,49.56879044,49.65090179,49.37250137,49.55989838,0
6027,7/2/2025,49.40930176,49.45410156,49.26440048,49.41189957,0
6028,7/3/2025,49.31959915,49.35309982,49.28379822,49.32460022,0
6029,7/4/2025,49.33117676,49.34552765,49.29000092,49.31919861,0
6030,7/7/2025,49.21590042,49.6639595,49.17990112,49.22280121,0
6031,7/8/2025,49.64220047,49.79305267,49.61000061,49.64451218,0
6032,7/9/2025,49.64199829,49.69240189,49.50999832,49.65090561,0
6033,7/10/2025,49.57569885,49.63351822,49.41659927,49.57619858,0
6034,7/11/2025,49.47750092,49.49785233,49.44279861,49.47309875,0
6035,7/14/2025,49.52009964,49.59322739,49.3669014,49.5080986,0
6036,7/15/2025,49.43259811,49.46892166,49.30860138,49.43429947,0
6037,7/16/2025,49.3783989,49.50131226,49.3158989,49.37670135,0
6038,7/17/2025,49.38809967,49.46039963,49.3158989,49.38339996,0
6039,7/18/2025,49.36000061,49.36000061,49.36000061,49.36000061,0
