,price,close,high,low,open,volume
0,2006-05-16,1.3035999536514282,1.3145999908447266,1.3004000186920166,1.3108999729156494,0
1,2006-05-17,1.3167999982833862,1.3200000524520874,1.2942999601364136,1.3040000200271606,0
2,2006-05-18,1.308899998664856,1.3179999589920044,1.3028000593185425,1.3167999982833862,0
3,2006-05-19,1.3207000494003296,1.3279999494552612,1.3075000047683716,1.3091000318527222,0
4,2006-05-22,1.327299952507019,1.3385000228881836,1.3212000131607056,1.3212000131607056,0
5,2006-05-23,1.3315999507904053,1.3342000246047974,1.3166999816894531,1.32860004901886,0
6,2006-05-24,1.3278000354766846,1.3335000276565552,1.3229000568389893,1.3309999704360962,0
7,2006-05-25,1.3142000436782837,1.3307000398635864,1.312199950218201,1.3277000188827517,0
8,2006-05-26,1.319100022315979,1.3223999738693235,1.3141000270843506,1.3143999576568604,0
9,2006-05-29,1.3174999952316284,1.3202999830245972,1.3163000345230105,1.320099949836731,0
10,2006-05-30,1.3127000331878662,1.3205000162124634,1.3079999685287476,1.317199945449829,0
11,2006-05-31,1.3284000158309937,1.3305000066757202,1.3077000379562378,1.3125,0
12,2006-06-01,1.3371000289916992,1.3428000211715698,1.3278000354766846,1.32860004901886,0
13,2006-06-02,1.3314000368118286,1.341599941253662,1.3288999795913696,1.337499976158142,0
14,2006-06-05,1.336400032043457,1.3380999565124512,1.325600028038025,1.3322999477386477,0
15,2006-06-06,1.3487999439239502,1.3519999980926514,1.335800051689148,1.33650004863739,0
16,2006-06-07,1.347000002861023,1.352300047874451,1.3454999923706057,1.3489999771118164,0
17,2006-06-08,1.34660005569458,1.3499000072479248,1.339400053024292,1.347000002861023,0
18,2006-06-09,1.3323999643325806,1.348099946975708,1.3323999643325806,1.3467999696731567,0
19,2006-06-12,1.347000002861023,1.347000002861023,1.3335000276565552,1.33650004863739,0
20,2006-06-13,1.3557000160217283,1.3566999435424805,1.3423000574111938,1.346400022506714,0
21,2006-06-14,1.3553999662399292,1.360700011253357,1.3496999740600586,1.3560999631881714,0
22,2006-06-15,1.34660005569458,1.3573999404907229,1.345900058746338,1.356899976730347,0
23,2006-06-16,1.3523999452590942,1.3553999662399292,1.3431999683380127,1.3468999862670898,0
24,2006-06-19,1.357800006866455,1.358299970626831,1.3533999919891355,1.3559000492095947,0
25,2006-06-20,1.3557000160217283,1.3580000400543213,1.3502999544143677,1.3575999736785889,0
26,2006-06-21,1.3538999557495115,1.3615000247955322,1.3503999710083008,1.3557000160217283,0
27,2006-06-22,1.3631000518798828,1.3650000095367432,1.3479000329971311,1.3530000448226929,0
28,2006-06-23,1.3660999536514282,1.368299961090088,1.3600000143051147,1.3628000020980835,0
29,2006-06-26,1.364400029182434,1.3705999851226809,1.3632999658584597,1.367400050163269,0
30,2006-06-27,1.3665000200271606,1.3667000532150269,1.3600000143051147,1.364300012588501,0
31,2006-06-28,1.3716000318527222,1.3741999864578247,1.364300012588501,1.3662999868392944,0
32,2006-06-29,1.3523999452590942,1.3741999864578247,1.35099995136261,1.3717000484466553,0
33,2006-06-30,1.3463000059127808,1.3535000085830688,1.3418999910354614,1.3525999784469604,0
34,2006-07-03,1.3463000059127808,1.3487999439239502,1.340499997138977,1.3457000255584717,0
35,2006-07-04,1.3444000482559204,1.3467999696731567,1.3385000228881836,1.3460999727249146,0
36,2006-07-05,1.3479000329971311,1.3508000373840332,1.3380000591278076,1.3438999652862549,0
37,2006-07-06,1.340999960899353,1.3492000102996826,1.3382999897003174,1.3479000329971311,0
38,2006-07-07,1.329800009727478,1.3414000272750854,1.3281999826431274,1.3407000303268433,0
39,2006-07-10,1.3380000591278076,1.339900016784668,1.3284000158309937,1.3307000398635864,0
40,2006-07-11,1.32860004901886,1.3387000560760498,1.3271000385284424,1.3380999565124512,0
41,2006-07-12,1.3284000158309937,1.3308000564575195,1.3235000371932983,1.3289999961853027,0
42,2006-07-13,1.3270000219345093,1.3300000429153442,1.3217999935150146,1.32860004901886,0
43,2006-07-14,1.3253999948501587,1.335800051689148,1.3249000310897827,1.3271000385284424,0
44,2006-07-17,1.3371000289916992,1.3382999897003174,1.326799988746643,1.3270000219345093,0
45,2006-07-18,1.3387000560760498,1.3427000045776367,1.3278000354766846,1.3371000289916992,0
46,2006-07-19,1.3322999477386477,1.3496999740600586,1.3308000564575195,1.3388999700546265,0
47,2006-07-20,1.3322999477386477,1.3345999717712402,1.3278000354766846,1.3325999975204468,0
48,2006-07-21,1.325899958610535,1.3344999551773071,1.3244999647140503,1.3319000005722046,0
49,2006-07-24,1.3270000219345093,1.3322999477386477,1.3242000341415403,1.3295999765396118,0
50,2006-07-25,1.3271000385284424,1.329800009727478,1.3216999769210815,1.3271000385284424,0
51,2006-07-26,1.3143999576568604,1.3281999826431274,1.312000036239624,1.3271000385284424,0
52,2006-07-27,1.3107999563217163,1.314900040626526,1.305299997329712,1.3148000240325928,0
53,2006-07-28,1.3042999505996704,1.3158999681472778,1.3006000518798828,1.3106000423431396,0
54,2006-07-31,1.3056999444961548,1.3075000047683716,1.3034000396728516,1.3046000003814695,0
55,2006-08-01,1.3071999549865725,1.315400004386902,1.3046000003814695,1.3056999444961548,0
56,2006-08-02,1.3078999519348145,1.309399962425232,1.301699995994568,1.3070000410079956,0
57,2006-08-03,1.3136999607086182,1.3167999982833862,1.3068000078201294,1.3077000379562378,0
58,2006-08-04,1.3062000274658203,1.3170000314712524,1.3034000396728516,1.3136999607086182,0
59,2006-08-07,1.3099000453948977,1.312199950218201,1.3041000366210938,1.3049999475479126,0
60,2006-08-08,1.3193999528884888,1.3205000162124634,1.3086999654769895,1.310099959373474,0
61,2006-08-09,1.3056999444961548,1.3214000463485718,1.3040000200271606,1.3198000192642212,0
62,2006-08-10,1.301200032234192,1.3056999444961548,1.2964999675750732,1.305500030517578,0
63,2006-08-11,1.3040000200271606,1.30649995803833,1.298699975013733,1.3006999492645264,0
64,2006-08-14,1.3157999515533447,1.3170000314712524,1.301900029182434,1.304800033569336,0
65,2006-08-15,1.3068000078201294,1.3177000284194946,1.305999994277954,1.315999984741211,0
66,2006-08-16,1.3006999492645264,1.3105000257492063,1.2984000444412231,1.3071999549865725,0
67,2006-08-17,1.3127000331878662,1.3150999546051023,1.3006999492645264,1.3008999824523926,0
68,2006-08-18,1.314900040626526,1.321499943733215,1.312000036239624,1.3127000331878662,0
69,2006-08-21,1.3115999698638916,1.31850004196167,1.3078999519348145,1.3177000284194946,0
70,2006-08-22,1.3114999532699585,1.3135000467300415,1.3092000484466553,1.312199950218201,0
71,2006-08-23,1.3118000030517578,1.3122999668121338,1.3037999868392944,1.3114999532699585,0
72,2006-08-24,1.3135000467300415,1.315400004386902,1.3077000379562378,1.3115999698638916,0
73,2006-08-25,1.3193999528884888,1.323799967765808,1.3128999471664429,1.3134000301361084,0
74,2006-08-28,1.316499948501587,1.321499943733215,1.3157999515533447,1.3205000162124634,0
75,2006-08-29,1.3092000484466553,1.317199945449829,1.3078999519348145,1.3167999982833862,0
76,2006-08-30,1.3086999654769895,1.3128999471664429,1.30649995803833,1.3091000318527222,0
77,2006-08-31,1.310099959373474,1.3134000301361084,1.3071999549865725,1.3092000484466553,0
78,2006-09-01,1.3033000230789185,1.3106000423431396,1.3030999898910522,1.3102999925613403,0
79,2006-09-04,1.2971999645233154,1.302299976348877,1.295300006866455,1.301200032234192,0
80,2006-09-05,1.2984000444412231,1.3006000518798828,1.295300006866455,1.2971999645233154,0
81,2006-09-06,1.3034000396728516,1.3068000078201294,1.2968000173568726,1.2984999418258667,0
82,2006-09-07,1.3184000253677368,1.3188999891281128,1.30239999294281,1.3034000396728516,0
83,2006-09-08,1.325899958610535,1.3274999856948853,1.3170000314712524,1.3184000253677368,0
84,2006-09-11,1.3322999477386477,1.3325999975204468,1.3249000310897827,1.3264000415802002,0
85,2006-09-12,1.3301000595092771,1.3325999975204468,1.325899958610535,1.3322999477386477,0
86,2006-09-13,1.3274999856948853,1.3355000019073486,1.3251999616622925,1.330299973487854,0
87,2006-09-14,1.325700044631958,1.3308000564575195,1.3207999467849731,1.3271000385284424,0
88,2006-09-15,1.329300045967102,1.3317999839782717,1.3219000101089478,1.325700044631958,0
89,2006-09-18,1.3235000371932983,1.3309999704360962,1.3228000402450562,1.3278000354766846,0
90,2006-09-19,1.3300000429153442,1.3315999507904053,1.3200000524520874,1.323300004005432,0
91,2006-09-20,1.32860004901886,1.3308000564575195,1.3249000310897827,1.3300000429153442,0
92,2006-09-21,1.3205000162124634,1.3286999464035034,1.319100022315979,1.3284000158309937,0
93,2006-09-22,1.3300000429153442,1.3336999416351318,1.3198000192642212,1.3207999467849731,0
94,2006-09-25,1.327299952507019,1.3344000577926636,1.325899958610535,1.3316999673843384,0
95,2006-09-26,1.3307000398635864,1.3323999643325806,1.323099970817566,1.3271000385284424,0
96,2006-09-27,1.3314000368118286,1.337299942970276,1.3286999464035034,1.3308000564575195,0
97,2006-09-28,1.3355000019073486,1.3378000259399414,1.3305000066757202,1.3316999673843384,0
98,2006-09-29,1.3395999670028689,1.344099998474121,1.3349000215530396,1.3356000185012815,0
99,2006-10-02,1.336400032043457,1.3444000482559204,1.3342000246047974,1.3414000272750854,0
100,2006-10-03,1.3457000255584717,1.3463000059127808,1.335800051689148,1.33650004863739,0
101,2006-10-04,1.340999960899353,1.3476999998092651,1.3395999670028689,1.3454999923706057,0
102,2006-10-05,1.3407000303268433,1.343500018119812,1.337399959564209,1.3408000469207764,0
103,2006-10-06,1.3443000316619873,1.348099946975708,1.3382999897003174,1.3408000469207764,0
104,2006-10-09,1.343500018119812,1.3476999998092651,1.3416999578475952,1.3457000255584717,0
105,2006-10-10,1.344599962234497,1.345900058746338,1.3407000303268433,1.343500018119812,0
106,2006-10-11,1.3472000360488892,1.347499966621399,1.339900016784668,1.344599962234497,0
107,2006-10-12,1.3308000564575195,1.3476999998092651,1.3291000127792358,1.3472000360488892,0
108,2006-10-13,1.3315999507904053,1.3345999717712402,1.3286999464035034,1.3301000595092771,0
109,2006-10-16,1.327299952507019,1.3339999914169312,1.3244999647140503,1.3323999643325806,0
110,2006-10-17,1.3271000385284424,1.3285000324249268,1.3235000371932983,1.327299952507019,0
111,2006-10-18,1.3246999979019165,1.3285000324249268,1.323099970817566,1.3271000385284424,0
112,2006-10-19,1.3179999589920044,1.3249000310897827,1.315600037574768,1.3242000341415403,0
113,2006-10-20,1.3186999559402466,1.3198000192642212,1.3145999908447266,1.3178999423980713,0
114,2006-10-23,1.3209999799728394,1.3214000463485718,1.3134000301361084,1.3179999589920044,0
115,2006-10-24,1.3170000314712524,1.3223999738693235,1.3167999982833862,1.3212000131607056,0
116,2006-10-25,1.3128999471664429,1.3178999423980713,1.3115999698638916,1.3170000314712524,0
117,2006-10-26,1.3079999685287476,1.3134000301361084,1.3077000379562378,1.3131999969482422,0
118,2006-10-27,1.3000999689102173,1.3113000392913818,1.2992000579833984,1.3082000017166138,0
119,2006-10-30,1.3000999689102173,1.3026000261306765,1.2979999780654907,1.3006000518798828,0
120,2006-10-31,1.2903000116348269,1.302899956703186,1.2894999980926514,1.3000999689102173,0
121,2006-11-01,1.291700005531311,1.2929999828338623,1.2869999408721924,1.2903000116348269,0
122,2006-11-02,1.2913000583648682,1.2971999645233154,1.2899999618530271,1.291800022125244,0
123,2006-11-03,1.2979999780654907,1.3006999492645264,1.2899999618530271,1.2914999723434448,0
124,2006-11-06,1.2970000505447388,1.3028000593185425,1.295199990272522,1.2984000444412231,0
125,2006-11-07,1.2936999797821045,1.2975000143051147,1.2882000207901,1.2971999645233154,0
126,2006-11-08,1.2973999977111816,1.3015999794006348,1.2929999828338623,1.294100046157837,0
127,2006-11-09,1.2994999885559082,1.3071999549865725,1.2971999645233154,1.2975000143051147,0
128,2006-11-10,1.302299976348877,1.3049999475479126,1.2992000579833984,1.2997000217437744,0
129,2006-11-13,1.3086999654769895,1.3127000331878662,1.3020999431610107,1.3046000003814695,0
130,2006-11-14,1.3050999641418457,1.309399962425232,1.302899956703186,1.308899998664856,0
131,2006-11-15,1.3071999549865725,1.3099000453948977,1.304800033569336,1.305299997329712,0
132,2006-11-16,1.3046000003814695,1.3078999519348145,1.2992000579833984,1.3073999881744385,0
133,2006-11-17,1.3004000186920166,1.3078999519348145,1.2992000579833984,1.3046000003814695,0
134,2006-11-20,1.2984999418258667,1.3020999431610107,1.2973999977111816,1.299399971961975,0
135,2006-11-21,1.2973999977111816,1.301200032234192,1.2960000038146973,1.298200011253357,0
136,2006-11-22,1.2906999588012695,1.2973999977111816,1.287700057029724,1.2973999977111816,0
137,2006-11-23,1.2903000116348269,1.2973999977111816,1.2894999980926514,1.2973999977111816,0
138,2006-11-24,1.2843999862670898,1.2907999753952026,1.283400058746338,1.2901999950408936,0
139,2006-11-27,1.2847000360488892,1.2869999408721924,1.2805999517440796,1.2812000513076782,0
140,2006-11-28,1.2756999731063845,1.2851999998092651,1.2747000455856323,1.2848999500274658,0
141,2006-11-29,1.2770999670028689,1.27839994430542,1.273900032043457,1.2756999731063845,0
142,2006-11-30,1.268100023269653,1.2770999670028689,1.2653000354766846,1.2770999670028689,0
143,2006-12-01,1.2632999420166016,1.2694000005722046,1.2615000009536743,1.2676000595092771,0
144,2006-12-04,1.267699956893921,1.2736999988555908,1.2653000354766846,1.2662999629974363,0
145,2006-12-05,1.2711000442504885,1.274500012397766,1.2668999433517456,1.267699956893921,0
146,2006-12-06,1.274500012397766,1.2755000591278076,1.267899990081787,1.271299958229065,0
147,2006-12-07,1.268100023269653,1.274500012397766,1.2635999917984009,1.274500012397766,0
148,2006-12-08,1.2710000276565552,1.2732000350952148,1.2610000371932983,1.268100023269653,0
149,2006-12-11,1.2728999853134155,1.2793999910354614,1.2718000411987305,1.2736999988555908,0
150,2006-12-12,1.269700050354004,1.2757999897003174,1.2695000171661377,1.2731000185012815,0
151,2006-12-13,1.271299958229065,1.2741999626159668,1.266800045967102,1.269700050354004,0
152,2006-12-14,1.2760000228881836,1.279099941253662,1.2699999809265137,1.2714999914169312,0
153,2006-12-15,1.2768000364303589,1.284999966621399,1.274500012397766,1.2762000560760498,0
154,2006-12-18,1.2798000574111938,1.284500002861023,1.2762000560760498,1.2802000045776367,0
155,2006-12-19,1.2735999822616575,1.281599998474121,1.2732000350952148,1.2800999879837036,0
156,2006-12-20,1.2724000215530396,1.2777999639511108,1.2690000534057615,1.2735999822616575,0
157,2006-12-21,1.274899959564209,1.277500033378601,1.2705999612808228,1.2725000381469729,0
158,2006-12-22,1.2762999534606934,1.277500033378601,1.2691999673843384,1.274899959564209,0
159,2006-12-25,0.2188200056552887,1.2767000198364258,0.2176200002431869,1.2755000591278076,0
160,2006-12-26,1.2777999639511108,1.2800999879837036,0.2188200056552887,0.2188200056552887,0
161,2006-12-27,1.2736999988555908,1.2777999639511108,1.2718000411987305,1.277500033378601,0
162,2006-12-28,1.2654999494552612,1.274399995803833,1.2628999948501587,1.273900032043457,0
163,2006-12-29,1.267699956893921,1.2716000080108645,1.2618000507354736,1.2652000188827517,0
164,2007-01-01,1.26419997215271,1.2685999870300293,1.2275999784469604,1.2685999870300293,0
165,2007-01-02,1.25600004196167,1.2647000551223757,1.2545000314712524,1.2647000551223757,0
166,2007-01-03,1.2623000144958496,1.2645000219345093,1.2527999877929688,1.25600004196167,0
167,2007-01-04,1.2764999866485596,1.2770999670028689,1.2625000476837158,1.2635999917984009,0
168,2007-01-05,1.281599998474121,1.2843999862670898,1.2733999490737915,1.2764999866485596,0
169,2007-01-08,1.2793999910354614,1.2843999862670898,1.27839994430542,1.2829999923706057,0
170,2007-01-09,1.2806999683380127,1.2836999893188477,1.2762000560760498,1.2793999910354614,0
171,2007-01-10,1.2868000268936155,1.287999987602234,1.2800999879837036,1.2812000513076782,0
172,2007-01-11,1.282099962234497,1.2868000268936155,1.2755000591278076,1.2868000268936155,0
173,2007-01-12,1.2768000364303589,1.2843999862670898,1.2752000093460083,1.2821999788284302,0
174,2007-01-15,1.2753000259399414,1.2767000198364258,1.2723000049591064,1.2741999626159668,0
175,2007-01-16,1.277999997138977,1.2793999910354614,1.2732000350952148,1.2752000093460083,0
176,2007-01-17,1.2699999809265137,1.277999997138977,1.269700050354004,1.2777999639511108,0
177,2007-01-18,1.2662999629974363,1.2716000080108645,1.2649999856948853,1.2699999809265137,0
178,2007-01-19,1.2662999629974363,1.2710000276565552,1.2647000551223757,1.2664999961853027,0
179,2007-01-22,1.2690000534057615,1.2697999477386477,1.2647000551223757,1.267300009727478,0
180,2007-01-23,1.2619999647140503,1.2690000534057615,1.2597999572753906,1.2690000534057615,0
181,2007-01-24,1.2806999683380127,1.2825000286102295,1.2615000009536743,1.2619999647140503,0
182,2007-01-25,1.2929999828338623,1.2936999797821045,1.2802000045776367,1.2821999788284302,0
183,2007-01-26,1.2941999435424805,1.294800043106079,1.2899999618530271,1.2927000522613523,0
184,2007-01-29,1.2941999435424805,1.2967000007629397,1.291200041770935,1.2913000583648682,0
185,2007-01-30,1.2955000400543213,1.2978999614715576,1.2920000553131104,1.2940000295639038,0
186,2007-01-31,1.289199948310852,1.298200011253357,1.2867000102996826,1.2955000400543213,0
187,2007-02-01,1.291800022125244,1.2925000190734863,1.2877999544143677,1.288699984550476,0
188,2007-02-02,1.2903000116348269,1.295699954032898,1.287700057029724,1.291800022125244,0
189,2007-02-05,1.28849995136261,1.2936999797821045,1.2869999408721924,1.2913000583648682,0
190,2007-02-06,1.2862000465393066,1.2910000085830688,1.284999966621399,1.28849995136261,0
191,2007-02-07,1.2829999923706057,1.2883000373840332,1.2824000120162964,1.2860000133514404,0
192,2007-02-08,1.2798000574111938,1.2843999862670898,1.2788000106811523,1.2829999923706057,0
193,2007-02-09,1.2871999740600586,1.2892999649047852,1.2788000106811523,1.2793999910354614,0
194,2007-02-12,1.2949999570846558,1.2963000535964966,1.2856999635696411,1.2856999635696411,0
195,2007-02-13,1.2836999893188477,1.2967000007629397,1.282099962234497,1.295300006866455,0
196,2007-02-14,1.2764999866485596,1.284000039100647,1.273900032043457,1.2836999893188477,0
197,2007-02-15,1.2762000560760498,1.2773000001907349,1.2716000080108645,1.2762000560760498,0
198,2007-02-16,1.270300030708313,1.2762000560760498,1.2699999809265137,1.2760000228881836,0
199,2007-02-19,1.2718000411987305,1.27400004863739,1.267899990081787,1.2699999809265137,0
200,2007-02-20,1.2690000534057615,1.2735999822616575,1.2690000534057615,1.2718000411987305,0
201,2007-02-21,1.2644000053405762,1.271299958229065,1.2625000476837158,1.2690000534057615,0
202,2007-02-22,1.266800045967102,1.2695000171661377,1.263100028038025,1.26419997215271,0
203,2007-02-23,1.2627999782562256,1.268399953842163,1.2617000341415403,1.266800045967102,0
204,2007-02-26,1.2594000101089478,1.2635999917984009,1.258800029754639,1.2619999647140503,0
205,2007-02-27,1.2723000049591064,1.2726000547409058,1.2582999467849731,1.2594000101089478,0
206,2007-02-28,1.2704999446868896,1.2719000577926636,1.266800045967102,1.2718000411987305,0
207,2007-03-01,1.273900032043457,1.2753000259399414,1.268399953842163,1.27020001411438,0
208,2007-03-02,1.2753000259399414,1.2802000045776367,1.2719000577926636,1.2735999822616575,0
209,2007-03-05,1.2992000579833984,1.301200032234192,1.2826999425888062,1.2826999425888062,0
210,2007-03-06,1.2906999588012695,1.2992000579833984,1.2892999649047852,1.2992000579833984,0
211,2007-03-07,1.288699984550476,1.2907999753952026,1.2828999757766724,1.2906999588012695,0
212,2007-03-08,1.2847000360488892,1.2897000312805176,1.2834999561309814,1.289199948310852,0
213,2007-03-09,1.2798999547958374,1.2847000360488892,1.2798999547958374,1.2847000360488892,0
214,2007-03-12,1.2723000049591064,1.2813999652862549,1.2695000171661377,1.2792999744415283,0
215,2007-03-13,1.2792999744415283,1.2813999652862549,1.268399953842163,1.2724000215530396,0
216,2007-03-14,1.2704999446868896,1.2806999683380127,1.269700050354004,1.2792999744415283,0
217,2007-03-15,1.267300009727478,1.2735999822616575,1.26610004901886,1.2704999446868896,0
218,2007-03-16,1.2556999921798706,1.2685999870300293,1.2538000345230105,1.2674000263214111,0
219,2007-03-19,1.2477999925613403,1.258800029754639,1.2454999685287476,1.2562999725341797,0
220,2007-03-20,1.243499994277954,1.254899978637695,1.243499994277954,1.2473000288009644,0
221,2007-03-21,1.236899971961975,1.2491999864578247,1.236199975013733,1.2440999746322632,0
222,2007-03-22,1.2395000457763672,1.2416000366210938,1.23580002784729,1.236799955368042,0
223,2007-03-23,1.23989999294281,1.242900013923645,1.2379000186920166,1.239799976348877,0
224,2007-03-26,1.2338000535964966,1.2450000047683716,1.233299970626831,1.2417999505996704,0
225,2007-03-27,1.2373000383377075,1.239199995994568,1.233299970626831,1.2343000173568726,0
226,2007-03-28,1.241000056266785,1.243899941444397,1.2352999448776243,1.2373000383377075,0
227,2007-03-29,1.2384999990463257,1.2416000366210938,1.2344000339508057,1.241000056266785,0
228,2007-03-30,1.2355999946594238,1.2402000427246094,1.2310999631881714,1.2388999462127686,0
229,2007-04-02,1.2243000268936155,1.236600041389465,1.2223000526428225,1.2352999448776243,0
230,2007-04-03,1.2315000295639038,1.2317999601364136,1.2240999937057495,1.2240999937057495,0
231,2007-04-04,1.220900058746338,1.239199995994568,1.2202999591827393,1.2314000129699707,0
232,2007-04-05,1.2201000452041626,1.2243000268936155,1.218500018119812,1.220900058746338,0
233,2007-04-06,1.2196999788284302,1.226199984550476,1.2196999788284302,1.2201000452041626,0
234,2007-04-09,1.225200057029724,1.2264000177383425,1.223099946975708,1.2243000268936155,0
235,2007-04-10,1.2101000547409058,1.225000023841858,1.2093000411987305,1.225000023841858,0
236,2007-04-11,1.2111999988555908,1.2138999700546265,1.2098000049591064,1.2101000547409058,0
237,2007-04-12,1.2029000520706177,1.2132999897003174,1.2029000520706177,1.2111999988555908,0
238,2007-04-13,1.200600028038025,1.2036999464035034,1.1969000101089478,1.2026000022888184,0
239,2007-04-16,1.2015999555587769,1.2024999856948853,1.196499943733215,1.1970000267028809,0
240,2007-04-17,1.1956000328063965,1.2022000551223757,1.1924999952316284,1.201300024986267,0
241,2007-04-18,1.192199945449829,1.2022000551223757,1.19159996509552,1.1956000328063965,0
242,2007-04-19,1.196499943733215,1.2066999673843384,1.1919000148773191,1.192199945449829,0
243,2007-04-20,1.195199966430664,1.1986000537872314,1.1933000087738037,1.1962000131607056,0
244,2007-04-23,1.2001999616622925,1.2019000053405762,1.193600058555603,1.1938999891281128,0
245,2007-04-24,1.2073999643325806,1.2138999700546265,1.1993000507354736,1.2002999782562256,0
246,2007-04-25,1.1993000507354736,1.20770001411438,1.1962000131607056,1.20770001411438,0
247,2007-04-26,1.2101000547409058,1.2116999626159668,1.1979000568389893,1.1988999843597412,0
248,2007-04-27,1.202399969100952,1.2130000591278076,1.1993000507354736,1.2101000547409058,0
249,2007-04-30,1.2050000429153442,1.2106000185012815,1.2002999782562256,1.208299994468689,0
250,2007-05-01,1.2092000246047974,1.2094999551773071,1.2007999420166016,1.204800009727478,0
251,2007-05-02,1.212399959564209,1.215999960899353,1.2073999643325806,1.208899974822998,0
252,2007-05-03,1.2144999504089355,1.2157000303268433,1.2105000019073486,1.212399959564209,0
253,2007-05-04,1.217900037765503,1.2231999635696411,1.2138999700546265,1.2142000198364258,0
254,2007-05-07,1.212399959564209,1.2182999849319458,1.2095999717712402,1.2177000045776367,0
255,2007-05-08,1.20770001411438,1.2130000591278076,1.2034000158309937,1.212299942970276,0
256,2007-05-09,1.207900047302246,1.2092000246047974,1.2038999795913696,1.2085000276565552,0
257,2007-05-10,1.2111999988555908,1.2130000591278076,1.1995999813079834,1.20770001411438,0
258,2007-05-11,1.2001999616622925,1.21150004863739,1.2001999616622925,1.211400032043457,0
259,2007-05-14,1.2010999917984009,1.2019000053405762,1.197700023651123,1.2000000476837158,0
260,2007-05-15,1.1993000507354736,1.2038999795913696,1.1971999406814575,1.2010999917984009,0
261,2007-05-16,1.21150004863739,1.2138999700546265,1.1988999843597412,1.1995999813079834,0
262,2007-05-17,1.2143000364303589,1.2186000347137451,1.2089999914169312,1.21150004863739,0
263,2007-05-18,1.2134000062942505,1.218000054359436,1.2110999822616575,1.2144999504089355,0
264,2007-05-21,1.2171000242233276,1.2218999862670898,1.2127000093460083,1.2130000591278076,0
265,2007-05-22,1.2192000150680542,1.220900058746338,1.2151999473571775,1.2170000076293943,0
266,2007-05-23,1.2151000499725342,1.2202999591827393,1.2094999551773071,1.219499945640564,0
267,2007-05-24,1.2216999530792236,1.222499966621399,1.2142000198364258,1.2148000001907349,0
268,2007-05-25,1.2201000452041626,1.2228000164031982,1.2166999578475952,1.2222000360488892,0
269,2007-05-28,1.2206000089645386,1.222000002861023,1.2194000482559204,1.2213000059127808,0
270,2007-05-29,1.22160005569458,1.2245999574661257,1.2175999879837036,1.2207000255584717,0
271,2007-05-30,1.2151000499725342,1.223099946975708,1.2136000394821167,1.22160005569458,0
272,2007-05-31,1.2071000337600708,1.2161999940872192,1.2059999704360962,1.2151999473571775,0
273,2007-06-01,1.2022000551223757,1.2073999643325806,1.1998000144958496,1.2064000368118286,0
274,2007-06-04,1.1985000371932983,1.2030999660491943,1.197700023651123,1.201300024986267,0
275,2007-06-05,1.194599986076355,1.198799967765808,1.1892999410629272,1.198799967765808,0
276,2007-06-06,1.1887999773025513,1.194599986076355,1.1847000122070312,1.194599986076355,0
277,2007-06-07,1.1885000467300415,1.19159996509552,1.1797000169754028,1.1885000467300415,0
278,2007-06-08,1.1857000589370728,1.194499969482422,1.1825000047683716,1.1885000467300415,0
279,2007-06-11,1.1862000226974487,1.1902999877929688,1.1841000318527222,1.1854000091552734,0
280,2007-06-12,1.1901999711990356,1.1913000345230105,1.1836999654769895,1.1859999895095823,0
281,2007-06-13,1.1902999877929688,1.1952999830245972,1.1866999864578247,1.1901999711990356,0
282,2007-06-14,1.1962000131607056,1.1992000341415403,1.1892999410629272,1.189900040626526,0
283,2007-06-15,1.1898000240325928,1.1966999769210815,1.186900019645691,1.1958999633789062,0
284,2007-06-18,1.1862000226974487,1.1895999908447266,1.1828999519348145,1.186900019645691,0
285,2007-06-19,1.1820000410079956,1.1871000528335571,1.180500030517578,1.1861000061035156,0
286,2007-06-20,1.1854000091552734,1.1859999895095823,1.1793999671936035,1.1820000410079956,0
287,2007-06-21,1.180799961090088,1.1857000589370728,1.179800033569336,1.1857000589370728,0
288,2007-06-22,1.1784000396728516,1.1819000244140625,1.1771999597549438,1.1801999807357788,0
289,2007-06-25,1.1806000471115112,1.18149995803833,1.1765999794006348,1.1792000532150269,0
290,2007-06-26,1.1818000078201294,1.182600021362305,1.1750999689102173,1.1806000471115112,0
291,2007-06-27,1.1912000179290771,1.1965999603271484,1.1818000078201294,1.1818000078201294,0
292,2007-06-28,1.180899977684021,1.19159996509552,1.180400013923645,1.1908999681472778,0
293,2007-06-29,1.1790000200271606,1.1812000274658203,1.1735999584197998,1.180899977684021,0
294,2007-07-02,1.16349995136261,1.176699995994568,1.1628999710083008,1.174100041389465,0
295,2007-07-03,1.1685999631881714,1.170699954032898,1.163599967956543,1.163599967956543,0
296,2007-07-04,1.1657999753952026,1.1700999736785889,1.1643999814987185,1.1684999465942385,0
297,2007-07-05,1.1677000522613523,1.1685999631881714,1.1618000268936155,1.1657999753952026,0
298,2007-07-06,1.1791000366210938,1.1806000471115112,1.1641000509262085,1.1677000522613523,0
299,2007-07-09,1.162500023841858,1.1663000583648682,1.160599946975708,1.1654000282287598,0
300,2007-07-10,1.1640000343322754,1.1669000387191772,1.1578999757766724,1.1628999710083008,0
301,2007-07-11,1.158900022506714,1.1647000312805176,1.156999945640564,1.1639000177383425,0
302,2007-07-12,1.1531000137329102,1.1619999408721924,1.1531000137329102,1.1591999530792236,0
303,2007-07-13,1.1504000425338743,1.1549999713897705,1.1442999839782717,1.152899980545044,0
304,2007-07-16,1.1471999883651731,1.149399995803833,1.1413999795913696,1.1492999792099,0
305,2007-07-17,1.145699977874756,1.1477999687194824,1.1425000429153442,1.1473000049591064,0
306,2007-07-18,1.1395000219345093,1.145699977874756,1.1376999616622925,1.145699977874756,0
307,2007-07-19,1.1363999843597412,1.1410000324249268,1.13510000705719,1.1395000219345093,0
308,2007-07-20,1.1360000371932983,1.141800045967102,1.132200002670288,1.1363999843597412,0
309,2007-07-23,1.1325000524520874,1.1366000175476074,1.1305999755859375,1.1366000175476074,0
310,2007-07-24,1.1325000524520874,1.13510000705719,1.1282000541687012,1.1324000358581543,0
311,2007-07-25,1.129899978637695,1.1366000175476074,1.1270999908447266,1.1327999830245972,0
312,2007-07-26,1.1468000411987305,1.1526000499725342,1.1282000541687012,1.1297999620437622,0
313,2007-07-27,1.1735999584197998,1.1744999885559082,1.1404999494552612,1.1470999717712402,0
314,2007-07-30,1.1643999814987185,1.180899977684021,1.162500023841858,1.1721999645233154,0
315,2007-07-31,1.173699975013733,1.1764999628067017,1.160899996757507,1.1649999618530271,0
316,2007-08-01,1.1698999404907229,1.1825000047683716,1.167099952697754,1.174399971961975,0
317,2007-08-02,1.164800047874451,1.176699995994568,1.1622999906539917,1.1698999404907229,0
318,2007-08-03,1.1655999422073364,1.1700999736785889,1.162700057029724,1.1655000448226929,0
319,2007-08-06,1.1649999618530271,1.1718000173568726,1.1640000343322754,1.1718000173568726,0
320,2007-08-07,1.1694999933242798,1.173799991607666,1.163699984550476,1.164800047874451,0
321,2007-08-08,1.1584999561309814,1.1694999933242798,1.1577999591827393,1.1694999933242798,0
322,2007-08-09,1.1755000352859497,1.177299976348877,1.1545000076293943,1.1586999893188477,0
323,2007-08-10,1.1822999715805054,1.1898000240325928,1.1749999523162842,1.1751999855041504,0
324,2007-08-13,1.1878999471664429,1.1891000270843506,1.1764999628067017,1.1822999715805054,0
325,2007-08-14,1.198199987411499,1.1994999647140503,1.187399983406067,1.187399983406067,0
326,2007-08-15,1.22160005569458,1.222499966621399,1.1979000568389893,1.1985000371932983,0
327,2007-08-16,1.2556999921798706,1.2773000001907349,1.219499945640564,1.220900058746338,0
328,2007-08-17,1.2526999711990356,1.3004000186920166,1.2518999576568604,1.254899978637695,0
329,2007-08-20,1.240399956703186,1.26610004901886,1.2352999448776243,1.254899978637695,0
330,2007-08-21,1.2509000301361084,1.2549999952316284,1.240399956703186,1.240399956703186,0
331,2007-08-22,1.23580002784729,1.253100037574768,1.235200047492981,1.2509000301361084,0
332,2007-08-23,1.223399996757507,1.2364000082015991,1.2171000242233276,1.2360999584197998,0
333,2007-08-24,1.212399959564209,1.2245999574661257,1.2071000337600708,1.2231999635696411,0
334,2007-08-27,1.2107000350952148,1.2111999988555908,1.2001999616622925,1.2057000398635864,0
335,2007-08-28,1.229699969291687,1.2302000522613523,1.208199977874756,1.2099000215530396,0
336,2007-08-29,1.2209999561309814,1.2408000230789185,1.2143000364303589,1.2283999919891355,0
337,2007-08-30,1.2240999937057495,1.229599952697754,1.2182999849319458,1.2213000059127808,0
338,2007-08-31,1.2246999740600586,1.2316999435424805,1.212399959564209,1.2239999771118164,0
339,2007-09-03,1.2173999547958374,1.221400022506714,1.2134000062942505,1.220900058746338,0
340,2007-09-04,1.210800051689148,1.2192000150680542,1.208899974822998,1.2177000045776367,0
341,2007-09-05,1.2151000499725342,1.221400022506714,1.2071000337600708,1.212000012397766,0
342,2007-09-06,1.2057000398635864,1.2202999591827393,1.2051000595092771,1.2151000499725342,0
343,2007-09-07,1.2101000547409058,1.2136000394821167,1.2010999917984009,1.2057000398635864,0
344,2007-09-11,1.1990000009536743,1.2136000394821167,1.1974999904632568,1.2117999792099,0
345,2007-09-12,1.1871000528335571,1.200600028038025,1.1854000091552734,1.1993000507354736,0
346,2007-09-13,1.1974999904632568,1.197700023651123,1.1854000091552734,1.187399983406067,0
347,2007-09-14,1.187600016593933,1.19760000705719,1.1862000226974487,1.19760000705719,0
348,2007-09-17,1.1995999813079834,1.201799988746643,1.1825000047683716,1.1887999773025513,0
349,2007-09-18,1.1758999824523926,1.2070000171661377,1.1721999645233154,1.1994999647140503,0
350,2007-09-19,1.1684000492095947,1.1776000261306765,1.1664999723434448,1.176200032234192,0
351,2007-09-20,1.155500054359436,1.1684999465942385,1.1547000408172607,1.1684999465942385,0
352,2007-09-21,1.1561000347137451,1.1613999605178833,1.1485999822616575,1.1553000211715698,0
353,2007-09-24,1.1531000137329102,1.1547000408172607,1.1496000289916992,1.1523000001907349,0
354,2007-09-25,1.1438000202178955,1.160899996757507,1.143399953842163,1.1531000137329102,0
355,2007-09-26,1.1426000595092771,1.1473000049591064,1.1401000022888184,1.1441999673843384,0
356,2007-09-27,1.1368000507354736,1.1426000595092771,1.1325000524520874,1.142300009727478,0
357,2007-09-28,1.1288000345230105,1.1375000476837158,1.1253999471664429,1.1368000507354736,0
358,2007-10-01,1.1181000471115112,1.1283999681472778,1.117300033569336,1.1259000301361084,0
359,2007-10-02,1.131500005722046,1.1347999572753906,1.1175999641418457,1.117799997329712,0
360,2007-10-03,1.1327999830245972,1.1344000101089478,1.122099995613098,1.1312999725341797,0
361,2007-10-04,1.125,1.1361000537872314,1.1238000392913818,1.1324000358581543,0
362,2007-10-05,1.1105999946594238,1.127500057220459,1.1105999946594238,1.125,0
363,2007-10-08,1.1190999746322632,1.1208000183105469,1.106899976730347,1.111199975013733,0
364,2007-10-09,1.1114000082015991,1.121500015258789,1.1095000505447388,1.1188000440597534,0
365,2007-10-10,1.1140999794006348,1.117799997329712,1.110100030899048,1.1114000082015991,0
366,2007-10-11,1.1098999977111816,1.1145999431610107,1.1038000583648682,1.1139999628067017,0
367,2007-10-12,1.1055999994277954,1.1162999868392944,1.104699969291687,1.1100000143051147,0
368,2007-10-15,1.1109000444412231,1.1155999898910522,1.1016000509262085,1.1054999828338623,0
369,2007-10-16,1.1237000226974487,1.1324000358581543,1.1095999479293823,1.1109999418258667,0
370,2007-10-17,1.1227999925613403,1.1333999633789062,1.1152000427246094,1.1236000061035156,0
371,2007-10-18,1.1157000064849854,1.1253999471664429,1.114300012588501,1.1223000288009644,0
372,2007-10-19,1.1188000440597534,1.1232999563217163,1.111899971961975,1.115399956703186,0
373,2007-10-22,1.1259000301361084,1.1416000127792358,1.122099995613098,1.1266000270843506,0
374,2007-10-23,1.1128000020980835,1.1287000179290771,1.1123000383377075,1.1260000467300415,0
375,2007-10-24,1.1060999631881714,1.1175999641418457,1.1059000492095947,1.1128000020980835,0
376,2007-10-25,1.1008000373840332,1.1095000505447388,1.0996999740600586,1.1060999631881714,0
377,2007-10-26,1.0906000137329102,1.1013000011444092,1.0882999897003174,1.1008000373840332,0
378,2007-10-29,1.083899974822998,1.0880999565124512,1.0785000324249268,1.085800051689148,0
379,2007-10-30,1.086400032043457,1.0923999547958374,1.083400011062622,1.083899974822998,0
380,2007-10-31,1.073199987411499,1.0861999988555908,1.0705000162124634,1.0861999988555908,0
381,2007-11-01,1.0927000045776367,1.0972000360488892,1.0712000131607056,1.0734000205993652,0
382,2007-11-02,1.0829999446868896,1.0930999517440796,1.0819000005722046,1.0922000408172607,0
383,2007-11-05,1.0853999853134155,1.0917999744415283,1.083899974822998,1.0877000093460083,0
384,2007-11-06,1.0729999542236328,1.0855000019073486,1.0729999542236328,1.0852999687194824,0
385,2007-11-07,1.0815000534057615,1.0871000289916992,1.0641000270843506,1.072700023651123,0
386,2007-11-08,1.0782999992370603,1.0839999914169312,1.0721999406814575,1.0815000534057615,0
387,2007-11-09,1.0930999517440796,1.0979000329971311,1.0729999542236328,1.0786999464035034,0
388,2007-11-12,1.1363999843597412,1.1412999629974363,1.1016000509262085,1.1016000509262085,0
389,2007-11-13,1.1103999614715576,1.1377999782562256,1.1094000339508057,1.1360000371932983,0
390,2007-11-14,1.1158000230789185,1.1186000108718872,1.1024999618530271,1.111600041389465,0
391,2007-11-15,1.1266000270843506,1.13100004196167,1.1089999675750732,1.1155999898910522,0
392,2007-11-16,1.122099995613098,1.1327999830245972,1.118299961090088,1.126099944114685,0
393,2007-11-19,1.1332999467849731,1.135200023651123,1.1114000082015991,1.1146999597549438,0
394,2007-11-20,1.1222000122070312,1.1404999494552612,1.1167999505996704,1.1330000162124634,0
395,2007-11-21,1.1505000591278076,1.151900053024292,1.1223000288009644,1.1223000288009644,0
396,2007-11-22,1.146299958229065,1.1509000062942505,1.1385999917984009,1.1505000591278076,0
397,2007-11-23,1.139899969100952,1.1502000093460083,1.1380000114440918,1.1460000276565552,0
398,2007-11-27,1.1395000219345093,1.1473000049591064,1.13510000705719,1.1468000411987305,0
399,2007-11-28,1.1283999681472778,1.145699977874756,1.1212999820709229,1.13919997215271,0
400,2007-11-29,1.132200002670288,1.1390999555587769,1.127900004386902,1.128000020980835,0
401,2007-11-30,1.1292999982833862,1.13510000705719,1.1246000528335571,1.132200002670288,0
402,2007-12-03,1.1347999572753906,1.1376999616622925,1.131100058555603,1.131700038909912,0
403,2007-12-04,1.146299958229065,1.148900032043457,1.1347999572753906,1.1347999572753906,0
404,2007-12-05,1.1481000185012815,1.15339994430542,1.1447999477386477,1.146299958229065,0
405,2007-12-06,1.1366000175476074,1.1502000093460083,1.1366000175476074,1.1476000547409058,0
406,2007-12-07,1.1396000385284424,1.143399953842163,1.1333999633789062,1.1368999481201172,0
407,2007-12-10,1.1291999816894531,1.1434999704360962,1.1275999546051023,1.1410000324249268,0
408,2007-12-11,1.1399999856948853,1.1477999687194824,1.124899983406067,1.1288000345230105,0
409,2007-12-12,1.1303000450134275,1.142300009727478,1.1232999563217163,1.1401000022888184,0
410,2007-12-13,1.138399958610535,1.1441999673843384,1.129899978637695,1.129899978637695,0
411,2007-12-14,1.1593999862670898,1.1620999574661257,1.1369999647140503,1.1385999917984009,0
412,2007-12-17,1.1650999784469604,1.1682000160217283,1.1561000347137451,1.159000039100647,0
413,2007-12-19,1.1647000312805176,1.1677000522613523,1.1578999757766724,1.1604000329971311,0
414,2007-12-20,1.1641000509262085,1.1663000583648682,1.1619999408721924,1.1647000312805176,0
415,2007-12-21,1.1548999547958374,1.1641000509262085,1.1502000093460083,1.1641000509262085,0
416,2007-12-24,1.1469000577926636,1.1523000001907349,1.1468000411987305,1.1512999534606934,0
417,2007-12-25,1.1485999822616575,1.1502000093460083,1.1469000577926636,1.1469000577926636,0
418,2007-12-26,1.1432000398635864,1.148800015449524,1.143100023269653,1.1485999822616575,0
419,2007-12-27,1.1395000219345093,1.1471999883651731,1.1374000310897827,1.143399953842163,0
420,2007-12-28,1.1438000202178955,1.1461000442504885,1.1376999616622925,1.1395000219345093,0
421,2007-12-31,1.1438000202178955,1.1438000202178955,1.1327999830245972,1.1395000219345093,0
422,2008-01-01,1.1401000022888184,1.1438000202178955,1.1395000219345093,1.1438000202178955,0
423,2008-01-02,1.1311999559402466,1.1407999992370603,1.1301000118255615,1.1403000354766846,0
424,2008-01-03,1.1342999935150146,1.1376999616622925,1.1304999589920044,1.1312999725341797,0
425,2008-01-04,1.1407999992370603,1.14900004863739,1.1327999830245972,1.133800029754639,0
426,2008-01-07,1.1469000577926636,1.1512999534606934,1.142899990081787,1.1454999446868896,0
427,2008-01-08,1.1368999481201172,1.1470999717712402,1.1312999725341797,1.1470999717712402,0
428,2008-01-09,1.1324000358581543,1.1378999948501587,1.1291999816894531,1.1370999813079834,0
429,2008-01-10,1.117799997329712,1.1346999406814575,1.1140999794006348,1.131600022315979,0
430,2008-01-11,1.1197999715805054,1.1227999925613403,1.114799976348877,1.117799997329712,0
431,2008-01-14,1.1131000518798828,1.1198999881744385,1.1105999946594238,1.1198999881744385,0
432,2008-01-15,1.131500005722046,1.1378999948501587,1.1088000535964966,1.1131000518798828,0
433,2008-01-16,1.1376999616622925,1.1426000595092771,1.1275999546051023,1.1311999559402466,0
434,2008-01-17,1.1449999809265137,1.14520001411438,1.126099944114685,1.1369999647140503,0
435,2008-01-18,1.135800004005432,1.148900032043457,1.129899978637695,1.1454999446868896,0
436,2008-01-21,1.1664999723434448,1.1664999723434448,1.1346999406814575,1.1346999406814575,0
437,2008-01-22,1.146299958229065,1.1740000247955322,1.146299958229065,1.1657999753952026,0
438,2008-01-23,1.145699977874756,1.160599946975708,1.143100023269653,1.1468000411987305,0
439,2008-01-24,1.132599949836731,1.149399995803833,1.131999969482422,1.145300030708313,0
440,2008-01-25,1.1337000131607056,1.1390000581741333,1.1292999982833862,1.1328999996185305,0
441,2008-01-28,1.125499963760376,1.1397000551223757,1.1238000392913818,1.135599970817566,0
442,2008-01-29,1.1253999471664429,1.1282999515533447,1.1227999925613403,1.125599980354309,0
443,2008-01-30,1.1303000450134275,1.131999969482422,1.1145000457763672,1.1260000467300415,0
444,2008-01-31,1.1167999505996704,1.129899978637695,1.1131999492645264,1.129899978637695,0
445,2008-02-01,1.1054999828338623,1.1175999641418457,1.1052000522613523,1.1160999536514282,0
446,2008-02-04,1.1016000509262085,1.1073999404907229,1.0987999439239502,1.1073999404907229,0
447,2008-02-05,1.1160999536514282,1.117400050163269,1.0999000072479248,1.1014000177383425,0
448,2008-02-06,1.1205999851226809,1.1216000318527222,1.1114000082015991,1.1160999536514282,0
449,2008-02-07,1.1175999641418457,1.125,1.114300012588501,1.1207000017166138,0
450,2008-02-08,1.1175999641418457,1.1208000183105469,1.1131999492645264,1.1175999641418457,0
451,2008-02-11,1.1060999631881714,1.1146999597549438,1.1038999557495115,1.1146999597549438,0
452,2008-02-12,1.106600046157837,1.108199954032898,1.10099995136261,1.1061999797821045,0
453,2008-02-13,1.114799976348877,1.1198999881744385,1.1052000522613523,1.107100009918213,0
454,2008-02-14,1.1086000204086304,1.1146999597549438,1.1033999919891355,1.1146999597549438,0
455,2008-02-15,1.1018999814987185,1.1095000505447388,1.0990999937057495,1.1086000204086304,0
456,2008-02-18,1.091099977493286,1.0999000072479248,1.091099977493286,1.0995999574661257,0
457,2008-02-19,1.0853999853134155,1.090999960899353,1.0825999975204468,1.0906000137329102,0
458,2008-02-20,1.0872000455856323,1.0966999530792236,1.0855000019073486,1.0855000019073486,0
459,2008-02-21,1.0877000093460083,1.090399980545044,1.0859999656677246,1.0872000455856323,0
460,2008-02-22,1.0858999490737915,1.0898000001907349,1.0809999704360962,1.0877000093460083,0
461,2008-02-25,1.0776000022888184,1.0842000246047974,1.0771000385284424,1.0841000080108645,0
462,2008-02-26,1.0707000494003296,1.080299973487854,1.069499969482422,1.0776000022888184,0
463,2008-02-27,1.0618000030517578,1.0724999904632568,1.0601999759674072,1.0709999799728394,0
464,2008-02-28,1.057800054550171,1.0669000148773191,1.0527000427246094,1.0615999698638916,0
465,2008-02-29,1.075600028038025,1.0764000415802002,1.0543999671936035,1.0579999685287476,0
466,2008-03-03,1.0643999576568604,1.076200008392334,1.061900019645691,1.072700023651123,0
467,2008-03-04,1.0789999961853027,1.0842000246047974,1.0642999410629272,1.0644999742507937,0
468,2008-03-05,1.0702999830245972,1.0830999612808228,1.0684000253677368,1.0786999464035034,0
469,2008-03-06,1.0759999752044678,1.0810999870300293,1.065600037574768,1.070199966430664,0
470,2008-03-07,1.0778000354766846,1.079300045967102,1.0670000314712524,1.0759999752044678,0
471,2008-03-10,1.0911999940872192,1.0923000574111938,1.0738999843597412,1.0755000114440918,0
472,2008-03-11,1.07669997215271,1.0924999713897705,1.0742000341415403,1.0921000242233276,0
473,2008-03-12,1.0684000253677368,1.077399969100952,1.0674999952316284,1.077399969100952,0
474,2008-03-13,1.057800054550171,1.0714000463485718,1.055899977684021,1.0684000253677368,0
475,2008-03-14,1.065000057220459,1.06850004196167,1.0575000047683716,1.057800054550171,0
476,2008-03-17,1.0861999988555908,1.0949000120162964,1.059499979019165,1.0597000122070312,0
477,2008-03-18,1.0751999616622925,1.0898000001907349,1.0720000267028809,1.0861999988555908,0
478,2008-03-19,1.0943000316619873,1.096500039100647,1.0687999725341797,1.0752999782562256,0
479,2008-03-20,1.110200047492981,1.1162999868392944,1.090999960899353,1.093500018119812,0
480,2008-03-21,1.114300012588501,1.114300012588501,1.107100009918213,1.1103999614715576,0
481,2008-03-24,1.0989999771118164,1.1132999658584597,1.0981999635696411,1.1109999418258667,0
482,2008-03-25,1.091099977493286,1.100100040435791,1.086400032043457,1.0990999937057495,0
483,2008-03-26,1.0872000455856323,1.0958000421524048,1.0824999809265137,1.0911999940872192,0
484,2008-03-27,1.0861999988555908,1.0898000001907349,1.0812000036239624,1.087399959564209,0
485,2008-03-28,1.090399980545044,1.0923999547958374,1.0817999839782717,1.0858999490737915,0
486,2008-03-31,1.0943000316619873,1.0976999998092651,1.0892000198364258,1.0915000438690186,0
487,2008-04-02,1.0938999652862549,1.1038000583648682,1.0918999910354614,1.102300047874451,0
488,2008-04-03,1.0922000408172607,1.0994999408721924,1.0898000001907349,1.093999981880188,0
489,2008-04-04,1.0845999717712402,1.0982999801635742,1.0829999446868896,1.0921000242233276,0
490,2008-04-07,1.0808000564575195,1.0892000198364258,1.0771000385284424,1.0836999416351318,0
491,2008-04-08,1.0741000175476074,1.0815000534057615,1.07260000705719,1.0808000564575195,0
492,2008-04-09,1.0755000114440918,1.079200029373169,1.072700023651123,1.0738999843597412,0
493,2008-04-10,1.072700023651123,1.0759999752044678,1.0699000358581543,1.0755000114440918,0
494,2008-04-11,1.0760999917984009,1.0777000188827517,1.0703999996185305,1.0728000402450562,0
495,2008-04-14,1.079800009727478,1.0858999490737915,1.0782999992370603,1.0800000429153442,0
496,2008-04-15,1.080299973487854,1.0825999975204468,1.0743000507354736,1.0789999961853027,0
497,2008-04-16,1.0642999410629272,1.080600023269653,1.0635000467300415,1.080399990081787,0
498,2008-04-17,1.0667999982833862,1.070099949836731,1.0642999410629272,1.0642999410629272,0
499,2008-04-18,1.0707999467849731,1.0780999660491943,1.0644999742507937,1.0664000511169434,0
500,2008-04-21,1.0599000453948977,1.071499943733215,1.0587999820709229,1.0709999799728394,0
501,2008-04-22,1.0571999549865725,1.063599944114685,1.055500030517578,1.0598000288009644,0
502,2008-04-23,1.055400013923645,1.057800054550171,1.0484000444412231,1.0571000576019287,0
503,2008-04-24,1.065500020980835,1.0658999681472778,1.0542999505996704,1.055400013923645,0
504,2008-04-25,1.071499943733215,1.0752999782562256,1.0615999698638916,1.0652999877929688,0
505,2008-04-28,1.065400004386902,1.0707999467849731,1.063599944114685,1.0707999467849731,0
506,2008-04-29,1.0721999406814575,1.075700044631958,1.065400004386902,1.065600037574768,0
507,2008-04-30,1.059599995613098,1.0734000205993652,1.055899977684021,1.0719000101089478,0
508,2008-05-02,1.0669000148773191,1.0774999856948853,1.0657999515533447,1.0714000463485718,0
509,2008-05-05,1.0571000576019287,1.0700000524520874,1.055999994277954,1.0700000524520874,0
510,2008-05-06,1.05239999294281,1.059499979019165,1.051699995994568,1.0571000576019287,0
511,2008-05-07,1.0637999773025513,1.062600016593933,1.05239999294281,1.05239999294281,0
512,2008-05-08,1.059499979019165,1.069000005722046,1.057800054550171,1.0631999969482422,0
513,2008-05-09,1.0606000423431396,1.0652999877929688,1.057800054550171,1.0599000453948977,0
514,2008-05-12,1.0566999912261963,1.0681999921798706,1.0547000169754028,1.0644999742507937,0
515,2008-05-13,1.062199950218201,1.065000057220459,1.0550999641418457,1.0569000244140625,0
516,2008-05-14,1.0740000009536743,1.0743000507354736,1.0607000589370728,1.062199950218201,0
517,2008-05-15,1.062999963760376,1.076200008392334,1.0615999698638916,1.0741000175476074,0
518,2008-05-16,1.0460000038146973,1.0634000301361084,1.0458999872207642,1.0631999969482422,0
519,2008-05-19,1.0489000082015991,1.0508999824523926,1.0456000566482544,1.047600030899048,0
520,2008-05-20,1.044100046157837,1.0504000186920166,1.0398999452590942,1.048699975013733,0
521,2008-05-21,1.0393999814987185,1.045799970626831,1.035899996757507,1.044100046157837,0
522,2008-05-22,1.044700026512146,1.047600030899048,1.0362999439239502,1.0394999980926514,0
523,2008-05-23,1.0405999422073364,1.0461000204086304,1.037999987602234,1.044600009918213,0
524,2008-05-26,1.0406999588012695,1.0430999994277954,1.0392999649047852,1.0425000190734863,0
525,2008-05-27,1.0429999828338623,1.0434000492095947,1.0378999710083008,1.0405999422073364,0
526,2008-05-28,1.0389000177383425,1.0454000234603882,1.0383000373840332,1.0429999828338623,0
527,2008-05-29,1.0456000566482544,1.048200011253357,1.037600040435791,1.0391000509262085,0
528,2008-05-30,1.0455000400543213,1.0507999658584597,1.0437999963760376,1.0456000566482544,0
529,2008-06-02,1.047700047492981,1.051699995994568,1.0449999570846558,1.0472999811172483,0
530,2008-06-03,1.0509999990463257,1.051699995994568,1.0407999753952026,1.047700047492981,0
531,2008-06-04,1.045300006866455,1.0533000230789185,1.038599967956543,1.0509999990463257,0
532,2008-06-05,1.0429999828338623,1.0506000518798828,1.04229998588562,1.045199990272522,0
533,2008-06-06,1.0383000373840332,1.045199990272522,1.0370999574661257,1.0428999662399292,0
534,2008-06-09,1.0511000156402588,1.0542999505996704,1.0364999771118164,1.0388000011444092,0
535,2008-06-10,1.0571000576019287,1.0585999488830566,1.0494999885559082,1.0514999628067017,0
536,2008-06-11,1.055500030517578,1.059399962425232,1.053699970245361,1.0570000410079956,0
537,2008-06-12,1.0670000314712524,1.0715999603271484,1.0550999641418457,1.0556999444961548,0
538,2008-06-13,1.0641000270843506,1.0703999996185305,1.0627000331878662,1.0669000148773191,0
539,2008-06-16,1.062199950218201,1.0666999816894531,1.0611000061035156,1.064900040626526,0
540,2008-06-17,1.0585999488830566,1.0644999742507937,1.0579999685287476,1.0621000528335571,0
541,2008-06-18,1.0569000244140625,1.0631999969482422,1.055500030517578,1.0587999820709229,0
542,2008-06-19,1.0528000593185425,1.0580999851226809,1.0503000020980835,1.0569000244140625,0
543,2008-06-20,1.0478999614715576,1.0533000230789185,1.0454000234603882,1.0527000427246094,0
544,2008-06-23,1.0506000518798828,1.0529999732971191,1.0458999872207642,1.0490000247955322,0
545,2008-06-24,1.044600009918213,1.052299976348877,1.0434000492095947,1.0503000020980835,0
546,2008-06-25,1.042799949645996,1.048699975013733,1.0413000583648682,1.044700026512146,0
547,2008-06-26,1.0461000204086304,1.0472999811172483,1.0405999422073364,1.042799949645996,0
548,2008-06-27,1.039800047874451,1.0475000143051147,1.0382000207901,1.0467000007629397,0
549,2008-06-30,1.0437999963760376,1.0462000370025637,1.0342999696731567,1.039800047874451,0
550,2008-07-02,1.0391000509262085,1.0484999418258667,1.0362999439239502,1.0475000143051147,0
551,2008-07-03,1.041599988937378,1.0430999994277954,1.037999987602234,1.0390000343322754,0
552,2008-07-04,1.037500023841858,1.042199969291687,1.0370999574661257,1.041599988937378,0
553,2008-07-07,1.0462000370025637,1.0501999855041504,1.037999987602234,1.0384000539779663,0
554,2008-07-08,1.048699975013733,1.0515999794006348,1.0456000566482544,1.0464999675750732,0
555,2008-07-09,1.0465999841690063,1.0542000532150269,1.0428999662399292,1.048799991607666,0
556,2008-07-10,1.0399999618530271,1.0471999645233154,1.037500023841858,1.0467000007629397,0
557,2008-07-11,1.0335999727249146,1.041700005531311,1.0292999744415283,1.0400999784469604,0
558,2008-07-14,1.0298000574111938,1.0342999696731567,1.027400016784668,1.0331000089645386,0
559,2008-07-15,1.0214999914169312,1.0297000408172607,1.0159000158309937,1.0297000408172607,0
560,2008-07-16,1.0262999534606934,1.027500033378601,1.0185999870300293,1.0214999914169312,0
561,2008-07-17,1.027899980545044,1.0331000089645386,1.0214999914169312,1.0262999534606934,0
562,2008-07-18,1.027899980545044,1.030500054359436,1.0267000198364258,1.0276999473571775,0
563,2008-07-21,1.02400004863739,1.0298999547958374,1.0231000185012815,1.0298999547958374,0
564,2008-07-22,1.0290000438690186,1.031999945640564,1.0211999416351318,1.02400004863739,0
565,2008-07-23,1.0404000282287598,1.0413999557495115,1.027999997138977,1.0290000438690186,0
566,2008-07-24,1.0420000553131104,1.0479999780654907,1.037999987602234,1.0404000282287598,0
567,2008-07-25,1.0456000566482544,1.0469000339508057,1.0413000583648682,1.0424000024795532,0
568,2008-07-28,1.0448999404907229,1.049299955368042,1.04229998588562,1.0470000505447388,0
569,2008-07-29,1.0499999523162842,1.05239999294281,1.0432000160217283,1.0448999404907229,0
570,2008-07-30,1.059999942779541,1.062000036239624,1.0494999885559082,1.0499999523162842,0
571,2008-07-31,1.0631999969482422,1.0635000467300415,1.055299997329712,1.059599995613098,0
572,2008-08-01,1.072700023651123,1.0765000581741333,1.0638999938964844,1.0642999410629272,0
573,2008-08-04,1.0769000053405762,1.0769000053405762,1.0700000524520874,1.0745999813079834,0
574,2008-08-05,1.0906000137329102,1.0943000316619873,1.0757999420166016,1.0771000385284424,0
575,2008-08-06,1.0973000526428225,1.1023999452590942,1.0866999626159668,1.0902999639511108,0
576,2008-08-07,1.1038999557495115,1.1051000356674194,1.0952999591827393,1.0972000360488892,0
577,2008-08-08,1.121500015258789,1.1269999742507937,1.103600025177002,1.103600025177002,0
578,2008-08-11,1.131500005722046,1.1348999738693235,1.1171000003814695,1.129699945449829,0
579,2008-08-12,1.1502000093460083,1.1512999534606934,1.1304999589920044,1.1304999589920044,0
580,2008-08-13,1.14900004863739,1.163100004196167,1.1399999856948853,1.1506999731063845,0
581,2008-08-14,1.1542999744415283,1.1555999517440796,1.1368999481201172,1.1503000259399414,0
582,2008-08-15,1.1517000198364258,1.1612000465393066,1.1505000591278076,1.1541999578475952,0
583,2008-08-18,1.1513999700546265,1.1536999940872192,1.1425000429153442,1.15339994430542,0
584,2008-08-19,1.1445000171661377,1.1584999561309814,1.143399953842163,1.1513999700546265,0
585,2008-08-20,1.145799994468689,1.1523000001907349,1.1434999704360962,1.144700050354004,0
586,2008-08-21,1.1382999420166016,1.1553000211715698,1.1304999589920044,1.145699977874756,0
587,2008-08-22,1.1505999565124512,1.155500054359436,1.13510000705719,1.138200044631958,0
588,2008-08-25,1.1624000072479248,1.166700005531311,1.1505000591278076,1.1518000364303589,0
589,2008-08-26,1.1690000295639038,1.1757999658584597,1.1658999919891355,1.1700999736785889,0
590,2008-08-27,1.1651999950408936,1.1712000370025637,1.1581000089645386,1.1690000295639038,0
591,2008-08-28,1.1578999757766724,1.1655000448226929,1.1505000591278076,1.1649999618530271,0
592,2008-08-29,1.1675000190734863,1.1680999994277954,1.1547000408172607,1.1578999757766724,0
593,2008-09-01,1.178699970245361,1.179900050163269,1.1654000282287598,1.1674000024795532,0
594,2008-09-02,1.1950000524520874,1.207800030708313,1.1722999811172483,1.1784000396728516,0
595,2008-09-03,1.1979000568389893,1.2132999897003174,1.190600037574768,1.1956000328063965,0
596,2008-09-04,1.2235000133514404,1.232699990272522,1.191499948501587,1.198300004005432,0
597,2008-09-05,1.2325999736785889,1.2395999431610107,1.2196999788284302,1.221400022506714,0
598,2008-09-08,1.2243000268936155,1.2367000579833984,1.1972999572753906,1.2065999507904053,0
599,2008-09-09,1.2419999837875366,1.2517000436782837,1.223399996757507,1.2237000465393066,0
600,2008-09-10,1.2517000436782837,1.257200002670288,1.2316999435424805,1.2422000169754028,0
601,2008-09-11,1.2460999488830566,1.2649999856948853,1.235200047492981,1.2519999742507937,0
602,2008-09-12,1.2070000171661377,1.2476999759674072,1.2055000066757202,1.2467999458312988,0
603,2008-09-15,1.2533999681472778,1.2544000148773191,1.2107000350952148,1.2204999923706057,0
604,2008-09-16,1.2568999528884888,1.2725000381469729,1.2438000440597534,1.2549999952316284,0
605,2008-09-17,1.264899969100952,1.2805999517440796,1.2389999628067017,1.256999969482422,0
606,2008-09-18,1.2466000318527222,1.2697999477386477,1.23580002784729,1.2657999992370603,0
607,2008-09-19,1.1995999813079834,1.2467000484466553,1.1962000131607056,1.246399998664856,0
608,2008-09-22,1.1832000017166138,1.2065000534057615,1.173699975013733,1.2057000398635864,0
609,2008-09-23,1.192199945449829,1.2066999673843384,1.1806000471115112,1.1828999519348145,0
610,2008-09-24,1.1994999647140503,1.2019000053405762,1.1871000528335571,1.1913000345230105,0
611,2008-09-25,1.1950000524520874,1.2001999616622925,1.1878999471664429,1.1994999647140503,0
612,2008-09-26,1.205299973487854,1.212399959564209,1.1933000087738037,1.1950000524520874,0
613,2008-09-29,1.2526999711990356,1.2581000328063965,1.2003999948501587,1.2051000595092771,0
614,2008-09-30,1.2617000341415403,1.2691999673843384,1.23580002784729,1.2527999877929688,0
615,2008-10-01,1.2623000144958496,1.2718000411987305,1.246999979019165,1.2613999843597412,0
616,2008-10-02,1.29229998588562,1.2973999977111816,1.26010000705719,1.2623000144958496,0
617,2008-10-03,1.2855000495910645,1.295199990272522,1.2796000242233276,1.2929999828338623,0
618,2008-10-06,1.386199951171875,1.4250999689102173,1.298200011253357,1.298200011253357,0
619,2008-10-07,1.405500054359436,1.4176000356674194,1.3617000579833984,1.385800004005432,0
620,2008-10-08,1.4924999475479126,1.5369999408721924,1.4011000394821167,1.4076999425888062,0
621,2008-10-09,1.4642000198364258,1.5003999471664429,1.4039000272750854,1.4940999746322632,0
622,2008-10-10,1.5533000230789185,1.5776000022888184,1.4635000228881836,1.464100003242493,0
623,2008-10-13,1.419600009918213,1.5220999717712402,1.4192999601364136,1.4699000120162964,0
624,2008-10-14,1.4255000352859497,1.4371000528335571,1.381600022315979,1.419399976730347,0
625,2008-10-15,1.5225000381469729,1.5362999439239502,1.413599967956543,1.4256999492645264,0
626,2008-10-16,1.4601000547409058,1.5298000574111938,1.4420000314712524,1.5234999656677246,0
627,2008-10-17,1.4478000402450562,1.483199954032898,1.426699995994568,1.4586000442504885,0
628,2008-10-20,1.4230999946594238,1.4502999782562256,1.416599988937378,1.4496999979019165,0
629,2008-10-21,1.4742000102996826,1.4901000261306765,1.422700047492981,1.424399971961975,0
630,2008-10-22,1.4976999759674072,1.5055999755859375,1.4656000137329102,1.4753999710083008,0
631,2008-10-23,1.4908000230789185,1.5295000076293943,1.4809999465942385,1.499500036239624,0
632,2008-10-24,1.6110999584197998,1.6484999656677246,1.4859000444412231,1.4904999732971191,0
633,2008-10-27,1.6519999504089355,1.662600040435791,1.6024999618530271,1.6089999675750732,0
634,2008-10-28,1.5372999906539917,1.6578999757766724,1.5341999530792236,1.6506999731063845,0
635,2008-10-29,1.48989999294281,1.5752999782562256,1.472499966621399,1.5371999740600586,0
636,2008-10-30,1.493000030517578,1.503100037574768,1.4529000520706177,1.4896999597549438,0
637,2008-10-31,1.4947999715805054,1.5247000455856323,1.4816999435424805,1.4921000003814695,0
638,2008-11-03,1.4801000356674194,1.503600001335144,1.457900047302246,1.489400029182434,0
639,2008-11-04,1.4318000078201294,1.513100028038025,1.4264999628067017,1.4803999662399292,0
640,2008-11-05,1.4730000495910645,1.476199984550476,1.4276000261306765,1.4325000047683716,0
641,2008-11-06,1.502400040626526,1.5081000328063965,1.451200008392334,1.4701999425888062,0
642,2008-11-07,1.4850000143051147,1.5211000442504885,1.4771000146865845,1.5017000436782837,0
643,2008-11-10,1.4889999628067017,1.5019999742507937,1.433899998664856,1.4535000324249268,0
644,2008-11-11,1.5232000350952148,1.5425000190734863,1.4814000129699707,1.4889999628067017,0
645,2008-11-12,1.5680999755859375,1.573799967765808,1.5017000436782837,1.5236999988555908,0
646,2008-11-13,1.5012999773025513,1.5750999450683594,1.4943000078201294,1.5678999423980713,0
647,2008-11-14,1.5454000234603882,1.5454000234603882,1.5015000104904177,1.5015000104904177,0
648,2008-11-17,1.5420000553131104,1.5658999681472778,1.5166000127792358,1.5658999681472778,0
649,2008-11-18,1.537500023841858,1.5580999851226809,1.521299958229065,1.5425000190734863,0
650,2008-11-19,1.5669000148773191,1.5707999467849731,1.5192999839782717,1.5382000207901,0
651,2008-11-20,1.639299988746643,1.644700050354004,1.5592999458312988,1.5648000240325928,0
652,2008-11-21,1.5829999446868896,1.6404000520706177,1.5794999599456787,1.6404000520706177,0
653,2008-11-24,1.53849995136261,1.6032999753952026,1.5264999866485596,1.5780999660491943,0
654,2008-11-25,1.5413000583648682,1.5759999752044678,1.518399953842163,1.538699984550476,0
655,2008-11-26,1.530500054359436,1.5529999732971191,1.5267000198364258,1.541100025177002,0
656,2008-11-27,1.523900032043457,1.54229998588562,1.5140000581741333,1.5291999578475952,0
657,2008-11-28,1.5288000106811523,1.5389000177383425,1.51610004901886,1.5246000289916992,0
658,2008-12-01,1.5743000507354736,1.5750999450683594,1.5338000059127808,1.5351999998092651,0
659,2008-12-02,1.554800033569336,1.5752999782562256,1.541800022125244,1.573799967765808,0
660,2008-12-03,1.5427000522613523,1.5625,1.5351999998092651,1.5547000169754028,0
661,2008-12-04,1.5539000034332275,1.5601999759674072,1.530500054359436,1.5454000234603882,0
662,2008-12-05,1.5425000190734863,1.587000012397766,1.5407999753952026,1.5542000532150269,0
663,2008-12-08,1.5082999467849731,1.544600009918213,1.4957000017166138,1.544600009918213,0
664,2008-12-09,1.520699977874756,1.537700057029724,1.5074000358581543,1.5082999467849731,0
665,2008-12-10,1.5242999792099,1.5299999713897705,1.50600004196167,1.520699977874756,0
666,2008-12-11,1.4931999444961548,1.5253000259399414,1.4706000089645386,1.523900032043457,0
667,2008-12-12,1.5044000148773191,1.537500023841858,1.4859000444412231,1.4940999746322632,0
668,2008-12-15,1.4952000379562378,1.507200002670288,1.482800006866455,1.5017000436782837,0
669,2008-12-16,1.4407000541687012,1.4983999729156494,1.4318000078201294,1.4940999746322632,0
670,2008-12-17,1.417799949645996,1.455600023269653,1.412999987602234,1.4400999546051023,0
671,2008-12-18,1.444700002670288,1.4744999408721924,1.4048999547958374,1.4187999963760376,0
672,2008-12-19,1.4538999795913696,1.476699948310852,1.4434000253677368,1.444000005722046,0
673,2008-12-22,1.4615999460220337,1.4696999788284302,1.4509999752044678,1.466099977493286,0
674,2008-12-23,1.471500039100647,1.4744999408721924,1.4594000577926636,1.461300015449524,0
675,2008-12-24,1.4622000455856323,1.4780000448226929,1.461300015449524,1.471500039100647,0
676,2008-12-25,1.4668999910354614,1.4816999435424805,1.4594000577926636,1.4622000455856323,0
677,2008-12-26,1.468400001525879,1.4696999788284302,1.4538999795913696,1.466599941253662,0
678,2008-12-29,1.4486000537872314,1.4602999687194824,1.4351999759674072,1.4602999687194824,0
679,2008-12-30,1.4470000267028809,1.4536999464035034,1.4408999681472778,1.4491000175476074,0
680,2008-12-31,1.4174000024795532,1.4585000276565552,1.4050999879837036,1.4471999406814575,0
681,2009-01-01,1.4184000492095947,1.4452999830245972,1.4010000228881836,1.4174000024795532,0
682,2009-01-02,1.4098000526428225,1.444000005722046,1.4045000076293943,1.4184000492095947,0
683,2009-01-05,1.399999976158142,1.4150999784469604,1.3899999856948853,1.3974000215530396,0
684,2009-01-06,1.388200044631958,1.4205000400543213,1.3767000436782837,1.4005999565124512,0
685,2009-01-07,1.4078999757766724,1.4086999893188477,1.377400040626526,1.3889000415802002,0
686,2009-01-08,1.4045000076293943,1.4349000453948977,1.4017000198364258,1.4077999591827393,0
687,2009-01-09,1.414800047874451,1.4244999885559082,1.4045000076293943,1.4045000076293943,0
688,2009-01-12,1.47160005569458,1.473399996757507,1.4293999671936035,1.4306000471115112,0
689,2009-01-13,1.4979000091552734,1.5164999961853027,1.472100019454956,1.4723999500274658,0
690,2009-01-14,1.5044000148773191,1.5185999870300293,1.4687999486923218,1.4976999759674072,0
691,2009-01-15,1.5002000331878662,1.5276999473571775,1.4940999746322632,1.5044000148773191,0
692,2009-01-16,1.4903000593185425,1.503100037574768,1.4723000526428225,1.497499942779541,0
693,2009-01-19,1.4983999729156494,1.5015000104904177,1.4622000455856323,1.470900058746338,0
694,2009-01-20,1.541100025177002,1.5480999946594238,1.4972000122070312,1.4983999729156494,0
695,2009-01-21,1.5190999507904053,1.5468000173568726,1.5023000240325928,1.5393999814987185,0
696,2009-01-22,1.5276999473571775,1.538699984550476,1.5117000341415403,1.5195000171661377,0
697,2009-01-23,1.5329999923706057,1.5569000244140625,1.517899990081787,1.5267000198364258,0
698,2009-01-26,1.5109000205993652,1.538699984550476,1.5077999830245972,1.5329999923706057,0
699,2009-01-27,1.5047999620437622,1.5192999839782717,1.4904999732971191,1.510800004005432,0
700,2009-01-28,1.5032999515533447,1.51419997215271,1.4876999855041504,1.503999948501587,0
701,2009-01-29,1.537999987602234,1.5404000282287598,1.5015000104904177,1.5032999515533447,0
702,2009-01-30,1.5662000179290771,1.5748000144958496,1.537500023841858,1.537999987602234,0
703,2009-02-02,1.5859999656677246,1.5992000102996826,1.5717999935150146,1.57260000705719,0
704,2009-02-03,1.5405000448226929,1.5859999656677246,1.52839994430542,1.5859999656677246,0
705,2009-02-04,1.555899977684021,1.5717999935150146,1.5313999652862549,1.5404000282287598,0
706,2009-02-05,1.5342999696731567,1.55840003490448,1.5204999446868896,1.5549999475479126,0
707,2009-02-06,1.4799000024795532,1.5405999422073364,1.4706000089645386,1.5343999862670898,0
708,2009-02-09,1.481899976730347,1.507200002670288,1.4602999687194824,1.4847999811172483,0
709,2009-02-10,1.5216000080108645,1.5398999452590942,1.4816999435424805,1.4816999435424805,0
710,2009-02-11,1.5288000106811523,1.5398999452590942,1.5162999629974363,1.5199999809265137,0
711,2009-02-12,1.5225000381469729,1.5533000230789185,1.5128999948501587,1.530500054359436,0
712,2009-02-13,1.5162999629974363,1.529099941253662,1.5058000087738037,1.5211000442504885,0
713,2009-02-16,1.5317000150680542,1.5433000326156616,1.5292999744415283,1.532099962234497,0
714,2009-02-17,1.569100022315979,1.576799988746643,1.5313999652862549,1.5313999652862549,0
715,2009-02-18,1.5642000436782837,1.5755000114440918,1.5556999444961548,1.5693999528884888,0
716,2009-02-19,1.5520999431610107,1.5647000074386597,1.534000039100647,1.5644999742507937,0
717,2009-02-20,1.5475000143051147,1.5722999572753906,1.5401999950408936,1.5504000186920166,0
718,2009-02-23,1.5608999729156494,1.5608999729156494,1.5271999835968018,1.5508999824523926,0
719,2009-02-24,1.5327999591827393,1.5638999938964844,1.5293999910354614,1.5607999563217163,0
720,2009-02-25,1.5456000566482544,1.5484999418258667,1.5255999565124512,1.5341999530792236,0
721,2009-02-26,1.545799970626831,1.5470000505447388,1.527400016784668,1.5461000204086304,0
722,2009-02-27,1.5571000576019287,1.5753999948501587,1.5436999797821045,1.5456000566482544,0
723,2009-03-02,1.5886000394821167,1.5913000106811523,1.5672999620437622,1.576300024986267,0
724,2009-03-03,1.5676000118255615,1.5880999565124512,1.5472999811172483,1.5880999565124512,0
725,2009-03-04,1.5456000566482544,1.5887999534606934,1.5322999954223633,1.5678000450134275,0
726,2009-03-05,1.564900040626526,1.5717999935150146,1.54229998588562,1.5460000038146973,0
727,2009-03-06,1.557600021362305,1.5688999891281128,1.547700047492981,1.564900040626526,0
728,2009-03-09,1.5752999782562256,1.5848000049591064,1.5499000549316406,1.5549999475479126,0
729,2009-03-10,1.5429999828338623,1.5757999420166016,1.5413999557495115,1.5752999782562256,0
730,2009-03-11,1.5427000522613523,1.5605000257492063,1.5327999591827393,1.5427000522613523,0
731,2009-03-12,1.5286999940872192,1.5579999685287476,1.5214999914169312,1.5425000190734863,0
732,2009-03-13,1.5188000202178955,1.5327999591827393,1.514899969100952,1.528599977493286,0
733,2009-03-16,1.51610004901886,1.5264999866485596,1.50600004196167,1.522699952125549,0
734,2009-03-17,1.5082999467849731,1.520699977874756,1.5081000328063965,1.5162999629974363,0
735,2009-03-18,1.4740999937057495,1.5199999809265137,1.4675999879837036,1.5081000328063965,0
736,2009-03-19,1.4532999992370603,1.486799955368042,1.4408999681472778,1.4739999771118164,0
737,2009-03-20,1.4559999704360962,1.458799958229065,1.4434000253677368,1.4530999660491943,0
738,2009-03-23,1.4200999736785889,1.44760000705719,1.4163999557495115,1.4467999935150146,0
739,2009-03-24,1.4306000471115112,1.4407000541687012,1.4098000526428225,1.4205000400543213,0
740,2009-03-25,1.4306000471115112,1.4471999406814575,1.4205000400543213,1.4299999475479126,0
741,2009-03-26,1.4234999418258667,1.4318000078201294,1.4200999736785889,1.430299997329712,0
742,2009-03-27,1.4355000257492063,1.454300045967102,1.4222999811172483,1.4244999885559082,0
743,2009-03-30,1.4706000089645386,1.47599995136261,1.444499969482422,1.4465999603271484,0
744,2009-03-31,1.4455000162124634,1.4708000421524048,1.435099959373474,1.4706000089645386,0
745,2009-04-01,1.4306000471115112,1.4559999704360962,1.4285999536514282,1.4459999799728394,0
746,2009-04-02,1.3947999477386477,1.4330999851226809,1.389299988746643,1.430400013923645,0
747,2009-04-03,1.3985999822616575,1.4143999814987185,1.3834999799728394,1.394700050354004,0
748,2009-04-06,1.4048999547958374,1.4113999605178833,1.3875000476837158,1.3945000171661377,0
749,2009-04-07,1.4045000076293943,1.4151999950408936,1.3945000171661377,1.4048999547958374,0
750,2009-04-08,1.4121999740600586,1.4211000204086304,1.4027999639511108,1.404099941253662,0
751,2009-04-09,1.39110004901886,1.414800047874451,1.3882999420166016,1.4124000072479248,0
752,2009-04-10,1.3913999795913696,1.3933000564575195,1.3866000175476074,1.3910000324249268,0
753,2009-04-13,1.368899941444397,1.388700008392334,1.365399956703186,1.385200023651123,0
754,2009-04-14,1.3828999996185305,1.3876999616622925,1.3659000396728516,1.3687000274658203,0
755,2009-04-15,1.3731000423431396,1.3985999822616575,1.3707000017166138,1.381999969482422,0
756,2009-04-16,1.3876999616622925,1.399399995803833,1.3668999671936035,1.3738000392913818,0
757,2009-04-17,1.3834999799728394,1.3939000368118286,1.3834999799728394,1.3869999647140503,0
758,2009-04-20,1.4285999536514282,1.437199950218201,1.3808000087738037,1.3808000087738037,0
759,2009-04-21,1.4106999635696411,1.433500051498413,1.402500033378601,1.4283000230789185,0
760,2009-04-22,1.412999987602234,1.4261000156402588,1.4049999713897705,1.4104000329971311,0
761,2009-04-23,1.4012999534606934,1.4213000535964966,1.3974000215530396,1.4119999408721924,0
762,2009-04-24,1.3847999572753906,1.4056999683380127,1.3805999755859375,1.401600003242493,0
763,2009-04-27,1.4143999814987185,1.4143999814987185,1.3910000324249268,1.393100023269653,0
764,2009-04-28,1.4154000282287598,1.4297000169754028,1.409000039100647,1.4132000207901,0
765,2009-04-29,1.3795000314712524,1.416800022125244,1.3708000183105469,1.4157999753952026,0
766,2009-04-30,1.376099944114685,1.3818000555038452,1.3550000190734863,1.3795000314712524,0
767,2009-05-01,1.3645999431610107,1.3783999681472778,1.3614000082015991,1.3752000331878662,0
768,2009-05-04,1.3493000268936155,1.3667999505996704,1.3479000329971311,1.3619999885559082,0
769,2009-05-05,1.3499000072479248,1.354699969291687,1.337299942970276,1.3497999906539917,0
770,2009-05-06,1.3353999853134155,1.3622000217437744,1.3325999975204468,1.3499000072479248,0
771,2009-05-07,1.3243999481201172,1.339900016784668,1.3131999969482422,1.3345999717712402,0
772,2009-05-08,1.3020999431610107,1.3315999507904053,1.2975000143051147,1.3236000537872314,0
773,2009-05-11,1.3158999681472778,1.3207000494003296,1.298699975013733,1.301699995994568,0
774,2009-05-12,1.305299997329712,1.3219000101089478,1.3020999431610107,1.3157999515533447,0
775,2009-05-13,1.326799988746643,1.3314000368118286,1.2978999614715576,1.3051999807357788,0
776,2009-05-14,1.3150999546051023,1.3387000560760498,1.3125,1.3270000219345093,0
777,2009-05-15,1.3355000019073486,1.3367999792099,1.3145999908447266,1.3150999546051023,0
778,2009-05-18,1.305500030517578,1.3418999910354614,1.3041000366210938,1.333899974822998,0
779,2009-05-19,1.2910000085830688,1.310099959373474,1.2847000360488892,1.3044999837875366,0
780,2009-05-20,1.2899999618530271,1.3006999492645264,1.2802000045776367,1.2906999588012695,0
781,2009-05-21,1.2847000360488892,1.3030999898910522,1.2817000150680542,1.289800047874451,0
782,2009-05-22,1.2741999626159668,1.2862000465393066,1.2711000442504885,1.2847000360488892,0
783,2009-05-25,1.2806999683380127,1.2857999801635742,1.2762000560760498,1.2769999504089355,0
784,2009-05-26,1.2690000534057615,1.2973999977111816,1.268399953842163,1.2824000120162964,0
785,2009-05-27,1.285599946975708,1.2905000448226929,1.2670999765396118,1.2688000202178955,0
786,2009-05-28,1.2752000093460083,1.2882000207901,1.2705999612808228,1.2855000495910645,0
787,2009-05-29,1.2483999729156494,1.2768000364303589,1.2472000122070312,1.274999976158142,0
788,2009-06-01,1.23389995098114,1.2509000301361084,1.226199984550476,1.2482999563217163,0
789,2009-06-02,1.218500018119812,1.2416000366210938,1.2148000001907349,1.2340999841690063,0
790,2009-06-03,1.246000051498413,1.2597999572753906,1.2099000215530396,1.218500018119812,0
791,2009-06-04,1.2480000257492063,1.263399958610535,1.2367000579833984,1.2455999851226809,0
792,2009-06-05,1.258800029754639,1.2618000507354736,1.2315000295639038,1.2481000423431396,0
793,2009-06-08,1.2654000520706177,1.2767000198364258,1.2516000270843506,1.2597999572753906,0
794,2009-06-09,1.246899962425232,1.2727999687194824,1.2431999444961548,1.2654999494552612,0
795,2009-06-10,1.2462999820709229,1.2544000148773191,1.2299000024795532,1.246999979019165,0
796,2009-06-11,1.2186000347137451,1.246399998664856,1.2139999866485596,1.2462999820709229,0
797,2009-06-12,1.229300022125244,1.239300012588501,1.2173999547958374,1.2186000347137451,0
798,2009-06-15,1.2594000101089478,1.2645000219345093,1.2344000339508057,1.2347999811172483,0
799,2009-06-16,1.2619999647140503,1.2705999612808228,1.241199970245361,1.259600043296814,0
800,2009-06-17,1.261299967765808,1.2731000185012815,1.2503999471664429,1.261299967765808,0
801,2009-06-18,1.2490999698638916,1.263100028038025,1.2416000366210938,1.261299967765808,0
802,2009-06-19,1.2412999868392944,1.2518999576568604,1.2317999601364136,1.2490999698638916,0
803,2009-06-22,1.2705999612808228,1.274500012397766,1.2455999851226809,1.2455999851226809,0
804,2009-06-23,1.2587000131607056,1.283400058746338,1.253100037574768,1.2705999612808228,0
805,2009-06-24,1.253600001335144,1.2623000144958496,1.2410999536514282,1.26010000705719,0
806,2009-06-25,1.2444000244140625,1.2598999738693235,1.2431999444961548,1.2537000179290771,0
807,2009-06-26,1.2416000366210938,1.2452000379562378,1.2360999584197998,1.2446000576019287,0
808,2009-06-29,1.2344000339508057,1.2518999576568604,1.2344000339508057,1.240399956703186,0
809,2009-06-30,1.240399956703186,1.243499994277954,1.22599995136261,1.2330000400543213,0
810,2009-07-01,1.2360999584197998,1.2458000183105469,1.233199954032898,1.2405999898910522,0
811,2009-07-02,1.2615000009536743,1.2645000219345093,1.2352999448776243,1.2364000082015991,0
812,2009-07-03,1.259600043296814,1.2620999813079834,1.2489999532699585,1.261199951171875,0
813,2009-07-06,1.256100058555603,1.2685999870300293,1.2527999877929688,1.258800029754639,0
814,2009-07-07,1.2680000066757202,1.2694000005722046,1.243899941444397,1.25600004196167,0
815,2009-07-08,1.2869999408721924,1.2941999435424805,1.267199993133545,1.2682000398635864,0
816,2009-07-09,1.27400004863739,1.2888000011444092,1.2718000411987305,1.2860000133514404,0
817,2009-07-10,1.282099962234497,1.291800022125244,1.273900032043457,1.274399995803833,0
818,2009-07-13,1.2752000093460083,1.2979999780654907,1.2746000289916992,1.2811000347137451,0
819,2009-07-14,1.2594000101089478,1.2793999910354614,1.2578999996185305,1.2752000093460083,0
820,2009-07-15,1.2458000183105469,1.2613999843597412,1.2415000200271606,1.2595000267028809,0
821,2009-07-16,1.2436000108718872,1.2558000087738037,1.238700032234192,1.2458000183105469,0
822,2009-07-17,1.2450000047683716,1.2539000511169434,1.2431999444961548,1.2438000440597534,0
823,2009-07-20,1.2285000085830688,1.228700041770935,1.2264000177383425,1.2275999784469604,0
824,2009-07-21,1.2265000343322754,1.2269999980926514,1.2246999740600586,1.225600004196167,0
825,2009-07-22,1.2263000011444092,1.2266000509262085,1.2257000207901,1.226199984550476,0
826,2009-07-23,1.2271000146865845,1.2276999950408936,1.226699948310852,1.226699948310852,0
827,2009-07-24,1.2223000526428225,1.2223000526428225,1.2223000526428225,1.2223000526428225,0
828,2009-07-27,1.2165000438690186,1.2171000242233276,1.215000033378601,1.215000033378601,0
829,2009-07-28,1.2136000394821167,1.2145999670028689,1.211400032043457,1.2129000425338743,0
830,2009-07-29,1.2264000177383425,1.2275999784469604,1.2249000072479248,1.226099967956543,0
831,2009-07-30,1.2121000289916992,1.2129000425338743,1.2107000350952148,1.2117999792099,0
832,2009-07-31,1.1966999769210815,1.1966999769210815,1.1966999769210815,1.1966999769210815,0
833,2009-08-03,1.1862000226974487,1.1881999969482422,1.185099959373474,1.1875,0
834,2009-08-04,1.1836999654769895,1.184999942779541,1.182800054550171,1.184999942779541,0
835,2009-08-05,1.1891000270843506,1.1895999908447266,1.1878999471664429,1.1885000467300415,0
836,2009-08-06,1.1892999410629272,1.190500020980835,1.1884000301361084,1.1895999908447266,0
837,2009-08-07,1.194200038909912,1.194200038909912,1.194200038909912,1.194200038909912,0
838,2009-08-10,1.1952999830245972,1.1966999769210815,1.195199966430664,1.195199966430664,0
839,2009-08-11,1.205399990081787,1.205399990081787,1.204200029373169,1.2051000595092771,0
840,2009-08-12,1.1985000371932983,1.1996999979019165,1.1985000371932983,1.1993000507354736,0
841,2009-08-13,1.1862000226974487,1.1878999471664429,1.1837999820709229,1.187800049781799,0
842,2009-08-14,1.2001999616622925,1.2001999616622925,1.2001999616622925,1.2001999616622925,0
843,2009-08-17,1.2148000001907349,1.2173999547958374,1.2142000198364258,1.2173999547958374,0
844,2009-08-18,1.204699993133545,1.2094999551773071,1.204200029373169,1.2094999551773071,0
845,2009-08-19,1.204200029373169,1.2066999673843384,1.2036999464035034,1.2065999507904053,0
846,2009-08-20,1.201300024986267,1.202399969100952,1.2007999420166016,1.2022000551223757,0
847,2009-08-21,1.198799967765808,1.198799967765808,1.198799967765808,1.198799967765808,0
848,2009-08-24,1.194200038909912,1.195099949836731,1.194000005722046,1.195099949836731,0
849,2009-08-25,1.1999000310897827,1.2000000476837158,1.19760000705719,1.1979999542236328,0
850,2009-08-26,1.208899974822998,1.2089999914169312,1.2069000005722046,1.2073999643325806,0
851,2009-08-27,1.1893999576568604,1.1920000314712524,1.1892000436782837,1.19159996509552,0
852,2009-08-28,1.1862000226974487,1.188099980354309,1.1862000226974487,1.188099980354309,0
853,2009-08-31,1.186400055885315,1.186400055885315,1.1841000318527222,1.185099959373474,0
854,2009-09-01,1.2108999490737915,1.2111999988555908,1.2079999446868896,1.2086000442504885,0
855,2009-09-02,1.1979000568389893,1.1979000568389893,1.1966999769210815,1.1979000568389893,0
856,2009-09-03,1.1913000345230105,1.1913000345230105,1.189900040626526,1.189900040626526,0
857,2009-09-04,1.1740000247955322,1.1740000247955322,1.1740000247955322,1.1740000247955322,0
858,2009-09-07,1.1690000295639038,1.1690000295639038,1.1679999828338623,1.1683000326156616,0
859,2009-09-08,1.1576999425888062,1.1576999425888062,1.1562999486923218,1.157099962234497,0
860,2009-09-09,1.160099983215332,1.160899996757507,1.1592999696731567,1.1598000526428225,0
861,2009-09-10,1.159600019454956,1.1598000526428225,1.1586999893188477,1.15910005569458,0
862,2009-09-11,1.1586999893188477,1.1586999893188477,1.1586999893188477,1.1586999893188477,0
863,2009-09-14,1.1593999862670898,1.160899996757507,1.1593999862670898,1.1603000164031982,0
864,2009-09-15,1.1569000482559204,1.1585999727249146,1.1562999486923218,1.1581000089645386,0
865,2009-09-16,1.14520001411438,1.1464999914169312,1.1437000036239624,1.1461000442504885,0
866,2009-09-17,1.1482000350952148,1.1485999822616575,1.1470999717712402,1.1473000049591064,0
867,2009-09-18,1.1520999670028689,1.1520999670028689,1.1520999670028689,1.1520999670028689,0
868,2009-09-21,1.1569000482559204,1.1582000255584717,1.1555999517440796,1.1582000255584717,0
869,2009-09-22,1.1403000354766846,1.142300009727478,1.1378999948501587,1.141800045967102,0
870,2009-09-23,1.1505000591278076,1.1539000272750854,1.1505000591278076,1.1523000001907349,0
871,2009-09-24,1.1584999561309814,1.1612999439239502,1.1562999486923218,1.1572999954223633,0
872,2009-09-25,1.1546000242233276,1.1546000242233276,1.1546000242233276,1.1546000242233276,0
873,2009-09-28,1.1455999612808228,1.145699977874756,1.1446000337600708,1.1447999477386477,0
874,2009-09-29,1.1444000005722046,1.1460000276565552,1.1440000534057615,1.145699977874756,0
875,2009-09-30,1.131500005722046,1.131700038909912,1.1306999921798706,1.1308000087738037,0
876,2009-10-01,1.1514999866485596,1.152500033378601,1.1491999626159668,1.1491999626159668,0
877,2009-10-02,1.1548999547958374,1.1548999547958374,1.1541999578475952,1.1541999578475952,0
878,2009-10-05,1.1397000551223757,1.1399999856948853,1.1395000219345093,1.1399999856948853,0
879,2009-10-06,1.1227999925613403,1.1238000392913818,1.122099995613098,1.1236000061035156,0
880,2009-10-07,1.1197999715805054,1.1227999925613403,1.1190999746322632,1.1227999925613403,0
881,2009-10-08,1.1057000160217283,1.107200026512146,1.1050000190734863,1.1050000190734863,0
882,2009-10-09,1.1062999963760376,1.1062999963760376,1.1062999963760376,1.1062999963760376,0
883,2009-10-12,1.1009000539779663,1.1019999980926514,1.0994000434875488,1.1019999980926514,0
884,2009-10-13,1.1032999753952026,1.104200005531311,1.1019999980926514,1.1025999784469604,0
885,2009-10-14,1.0918999910354614,1.0927000045776367,1.0915000438690186,1.0927000045776367,0
886,2009-10-15,1.082200050354004,1.0860999822616575,1.0815000534057615,1.0857000350952148,0
887,2009-10-16,1.0911999940872192,1.0911999940872192,1.0911999940872192,1.0911999940872192,0
888,2009-10-19,1.0771000385284424,1.0780999660491943,1.0759999752044678,1.0778000354766846,0
889,2009-10-20,1.0817999839782717,1.083899974822998,1.0810999870300293,1.083199977874756,0
890,2009-10-21,1.0785000324249268,1.0786999464035034,1.0778000354766846,1.0782999992370603,0
891,2009-10-22,1.07669997215271,1.0779000520706177,1.0760999917984009,1.0778000354766846,0
892,2009-10-23,1.0842000246047974,1.0842000246047974,1.0842000246047974,1.0842000246047974,0
893,2009-10-26,1.0916999578475952,1.0957000255584717,1.0777000188827517,1.085199952125549,0
894,2009-10-27,1.090000033378601,1.0959999561309814,1.0850000381469729,1.0917999744415283,0
895,2009-10-28,1.1124999523162842,1.1154999732971191,1.087000012397766,1.0887000560760498,0
896,2009-10-29,1.0931999683380127,1.1175999641418457,1.089100003242493,1.1125999689102173,0
897,2009-10-30,1.1098999977111816,1.1134999990463257,1.0898000001907349,1.0932999849319458,0
898,2009-11-02,1.104599952697754,1.1145999431610107,1.096500039100647,1.1145999431610107,0
899,2009-11-03,1.1058000326156616,1.1211999654769895,1.0997999906539917,1.1045000553131104,0
900,2009-11-04,1.0990999937057495,1.1131000518798828,1.0938999652862549,1.1059000492095947,0
901,2009-11-05,1.098399996757507,1.1073999404907229,1.0960999727249146,1.1003999710083008,0
902,2009-11-06,1.0887000560760498,1.0989999771118164,1.087000012397766,1.0988999605178833,0
903,2009-11-09,1.0734000205993652,1.087000012397766,1.0729999542236328,1.086400032043457,0
904,2009-11-10,1.0745999813079834,1.0801000595092771,1.0728000402450562,1.0735000371932983,0
905,2009-11-11,1.0748000144958496,1.0782999992370603,1.070199966430664,1.0743000507354736,0
906,2009-11-12,1.0809999704360962,1.0852999687194824,1.0672999620437622,1.0752999782562256,0
907,2009-11-13,1.0707999467849731,1.0821000337600708,1.070099949836731,1.0808000564575195,0
908,2009-11-16,1.0676000118255615,1.073199987411499,1.062999963760376,1.069100022315979,0
909,2009-11-17,1.073799967765808,1.0820000171661377,1.0664000511169434,1.0677000284194946,0
910,2009-11-18,1.0772000551223757,1.0789999961853027,1.0707000494003296,1.0745999813079834,0
911,2009-11-19,1.0875999927520752,1.0946999788284302,1.0771000385284424,1.077399969100952,0
912,2009-11-20,1.0928000211715698,1.1030999422073364,1.0851000547409058,1.0879000425338743,0
913,2009-11-23,1.0825999975204468,1.0922000408172607,1.0777000188827517,1.0916999578475952,0
914,2009-11-24,1.0853999853134155,1.094599962234497,1.0829999446868896,1.0829999446868896,0
915,2009-11-25,1.075700044631958,1.0852999687194824,1.0724999904632568,1.0852999687194824,0
916,2009-11-26,1.1057000160217283,1.1095999479293823,1.075700044631958,1.0757999420166016,0
917,2009-11-27,1.1017999649047852,1.117400050163269,1.0988999605178833,1.1045000553131104,0
918,2009-11-30,1.0898000001907349,1.0978000164031982,1.087399959564209,1.0960999727249146,0
919,2009-12-01,1.080399990081787,1.097599983215332,1.0785000324249268,1.0895999670028689,0
920,2009-12-02,1.0778000354766846,1.0829999446868896,1.0757999420166016,1.0801000595092771,0
921,2009-12-03,1.0817999839782717,1.0829999446868896,1.0728000402450562,1.0778000354766846,0
922,2009-12-04,1.0924999713897705,1.097599983215332,1.0765000581741333,1.0817999839782717,0
923,2009-12-07,1.0927000045776367,1.104200005531311,1.0880999565124512,1.0932999849319458,0
924,2009-12-08,1.108199954032898,1.1085000038146973,1.090999960899353,1.0930999517440796,0
925,2009-12-09,1.0994000434875488,1.1080000400543213,1.0972000360488892,1.1075999736785889,0
926,2009-12-10,1.0911999940872192,1.0994999408721924,1.0885000228881836,1.0994000434875488,0
927,2009-12-11,1.0952999591827393,1.0996999740600586,1.0880999565124512,1.090999960899353,0
928,2009-12-14,1.0922000408172607,1.104099988937378,1.089900016784668,1.097100019454956,0
929,2009-12-15,1.103600025177002,1.1062999963760376,1.09089994430542,1.0922000408172607,0
930,2009-12-16,1.111799955368042,1.1160999536514282,1.1029000282287598,1.103600025177002,0
931,2009-12-17,1.12909996509552,1.1346999406814575,1.1104999780654907,1.1121000051498413,0
932,2009-12-18,1.122499942779541,1.131999969482422,1.121500015258789,1.1296000480651855,0
933,2009-12-21,1.135599970817566,1.138200044631958,1.1227999925613403,1.1241999864578247,0
934,2009-12-22,1.1409000158309937,1.1434999704360962,1.132200002670288,1.1353000402450562,0
935,2009-12-23,1.1366000175476074,1.1442999839782717,1.133999943733215,1.1404999494552612,0
936,2009-12-24,1.1304999589920044,1.1365000009536743,1.1275999546051023,1.1363999843597412,0
937,2009-12-25,1.129899978637695,1.1327999830245972,1.1282000541687012,1.1304999589920044,0
938,2009-12-28,1.1275999546051023,1.1325000524520874,1.124500036239624,1.1305999755859375,0
939,2009-12-29,1.118899941444397,1.1282000541687012,1.111899971961975,1.1275999546051023,0
940,2009-12-30,1.1181000471115112,1.1231000423431396,1.1160999536514282,1.1190999746322632,0
941,2009-12-31,1.1131999492645264,1.1196000576019287,1.1097999811172483,1.117799997329712,0
942,2010-01-01,1.1130000352859497,1.113800048828125,1.1130000352859497,1.1131999492645264,0
943,2010-01-04,1.095900058746338,1.118299961090088,1.0942000150680542,1.114300012588501,0
944,2010-01-05,1.0966999530792236,1.0994999408721924,1.0901000499725342,1.0954999923706057,0
945,2010-01-06,1.086400032043457,1.098399996757507,1.0846999883651731,1.0966999530792236,0
946,2010-01-07,1.0895999670028689,1.0911999940872192,1.079699993133545,1.0865999460220337,0
947,2010-01-08,1.0809999704360962,1.0952999591827393,1.080600023269653,1.0893000364303589,0
948,2010-01-11,1.075600028038025,1.0769000053405762,1.0722999572753906,1.0744999647140503,0
949,2010-01-12,1.086400032043457,1.0902999639511108,1.0743999481201172,1.076200008392334,0
950,2010-01-13,1.0820000171661377,1.0879000425338743,1.0789999961853027,1.0860999822616575,0
951,2010-01-14,1.073699951171875,1.0819000005722046,1.0720000267028809,1.0817999839782717,0
952,2010-01-15,1.083799958229065,1.0848000049591064,1.0736000537872314,1.0738999843597412,0
953,2010-01-18,1.0782999992370603,1.0893000364303589,1.0777000188827517,1.0842000246047974,0
954,2010-01-19,1.083899974822998,1.0893000364303589,1.0780999660491943,1.0786999464035034,0
955,2010-01-20,1.097100019454956,1.1018999814987185,1.0822999477386477,1.083899974822998,0
956,2010-01-21,1.1054999828338623,1.1115000247955322,1.0931999683380127,1.097100019454956,0
957,2010-01-22,1.1095999479293823,1.1125999689102173,1.0996999740600586,1.1059000492095947,0
958,2010-01-25,1.1050000190734863,1.108299970626831,1.0996999740600586,1.1062999963760376,0
959,2010-01-26,1.1109000444412231,1.118299961090088,1.10099995136261,1.1051000356674194,0
960,2010-01-27,1.1157000064849854,1.121500015258789,1.105299949645996,1.1114000082015991,0
961,2010-01-28,1.1190999746322632,1.121500015258789,1.1052000522613523,1.1162999868392944,0
962,2010-01-29,1.1308000087738037,1.131600022315979,1.116000056266785,1.1188000440597534,0
963,2010-02-01,1.1210999488830566,1.1374000310897827,1.1203999519348145,1.1289000511169434,0
964,2010-02-02,1.1269999742507937,1.1385999917984009,1.120100021362305,1.1216000318527222,0
965,2010-02-03,1.1334999799728394,1.1353000402450562,1.1216000318527222,1.1268999576568604,0
966,2010-02-04,1.1507999897003174,1.159000039100647,1.1331000328063965,1.1334999799728394,0
967,2010-02-05,1.1512999534606934,1.1649999618530271,1.1469999551773071,1.1513999700546265,0
968,2010-02-08,1.1581000089645386,1.1604000329971311,1.1482000350952148,1.1548000574111938,0
969,2010-02-09,1.1396000385284424,1.1579999923706057,1.1367000341415403,1.1578999757766724,0
970,2010-02-10,1.1404999494552612,1.1477999687194824,1.1373000144958496,1.139799952507019,0
971,2010-02-11,1.1232999563217163,1.1404999494552612,1.1210999488830566,1.139899969100952,0
972,2010-02-12,1.124500036239624,1.1376999616622925,1.1217999458312988,1.1230000257492063,0
973,2010-02-15,1.124500036239624,1.1296000480651855,1.1223000288009644,1.1259000301361084,0
974,2010-02-16,1.1095000505447388,1.126099944114685,1.107800006866455,1.125100016593933,0
975,2010-02-17,1.1126999855041504,1.11489999294281,1.1062999963760376,1.1093000173568726,0
976,2010-02-18,1.1239999532699585,1.124500036239624,1.107800006866455,1.1124000549316406,0
977,2010-02-19,1.1110999584197998,1.126099944114685,1.1110999584197998,1.1236000061035156,0
978,2010-02-22,1.1109000444412231,1.1140999794006348,1.1079000234603882,1.110100030899048,0
979,2010-02-23,1.120100021362305,1.125599980354309,1.1022000312805176,1.1102999448776243,0
980,2010-02-24,1.1181000471115112,1.1287000179290771,1.1167999505996704,1.1197999715805054,0
981,2010-02-25,1.128000020980835,1.135800004005432,1.1171000003814695,1.117400050163269,0
982,2010-02-26,1.116199970245361,1.127500057220459,1.113800048828125,1.127500057220459,0
983,2010-03-01,1.1104999780654907,1.1187000274658203,1.1089999675750732,1.1123000383377075,0
984,2010-03-02,1.1050000190734863,1.1151000261306765,1.1038000583648682,1.1109000444412231,0
985,2010-03-03,1.104699969291687,1.1100000143051147,1.1007000207901,1.1053999662399292,0
986,2010-03-04,1.1114000082015991,1.1133999824523926,1.1045000553131104,1.1045000553131104,0
987,2010-03-05,1.1014000177383425,1.111600041389465,1.0996999740600586,1.111299991607666,0
988,2010-03-08,1.1009000539779663,1.1016000509262085,1.0947999954223633,1.0987000465393066,0
989,2010-03-09,1.0923999547958374,1.1039999723434448,1.0911999940872192,1.100600004196167,0
990,2010-03-10,1.0942000150680542,1.0954999923706057,1.0878000259399414,1.0922000408172607,0
991,2010-03-11,1.0922000408172607,1.097000002861023,1.090499997138977,1.094099998474121,0
992,2010-03-12,1.093000054359436,1.0938999652862549,1.0875999927520752,1.0920000076293943,0
993,2010-03-15,1.094499945640564,1.0988999605178833,1.0895999670028689,1.0896999835968018,0
994,2010-03-16,1.0880999565124512,1.0961999893188477,1.0855000019073486,1.0947999954223633,0
995,2010-03-17,1.082800030708313,1.0896999835968018,1.080899953842163,1.0880999565124512,0
996,2010-03-18,1.0855000019073486,1.089100003242493,1.0825999975204468,1.0830999612808228,0
997,2010-03-19,1.0915000438690186,1.0951000452041626,1.0839999914169312,1.0855000019073486,0
998,2010-03-22,1.0887000560760498,1.100200057029724,1.0884000062942505,1.0937999486923218,0
999,2010-03-23,1.089400053024292,1.094099998474121,1.087299942970276,1.0884000062942505,0
1000,2010-03-24,1.09660005569458,1.1028000116348269,1.0884000062942505,1.089100003242493,0
1001,2010-03-25,1.100600004196167,1.1030999422073364,1.094099998474121,1.0966999530792236,0
1002,2010-03-26,1.1057000160217283,1.1105999946594238,1.097000002861023,1.1002999544143677,0
1003,2010-03-29,1.0908000469207764,1.1064000129699707,1.0893000364303589,1.1062999963760376,0
1004,2010-03-30,1.0886000394821167,1.0915000438690186,1.085199952125549,1.090999960899353,0
1005,2010-03-31,1.0922000408172607,1.094499945640564,1.0860999822616575,1.0887999534606934,0
1006,2010-04-01,1.0861999988555908,1.0920000076293943,1.0850000381469729,1.0918999910354614,0
1007,2010-04-02,1.087399959564209,1.0887000560760498,1.085199952125549,1.0861999988555908,0
1008,2010-04-05,1.0858999490737915,1.0877000093460083,1.0844000577926636,1.08650004863739,0
1009,2010-04-06,1.0778000354766846,1.0907000303268433,1.0765000581741333,1.085800051689148,0
1010,2010-04-07,1.0785000324249268,1.080899953842163,1.0753999948501587,1.0778000354766846,0
1011,2010-04-08,1.0764000415802002,1.083899974822998,1.075899958610535,1.0785000324249268,0
1012,2010-04-09,1.0712000131607056,1.0789999961853027,1.0700000524520874,1.0765999555587769,0
1013,2010-04-12,1.079200029373169,1.0819000005722046,1.065500020980835,1.067199945449829,0
1014,2010-04-13,1.0776000022888184,1.083899974822998,1.0757999420166016,1.079300045967102,0
1015,2010-04-14,1.0684000253677368,1.0776000022888184,1.0680999755859375,1.0774999856948853,0
1016,2010-04-15,1.0707000494003296,1.0738999843597412,1.0674999952316284,1.0684000253677368,0
1017,2010-04-16,1.0819000005722046,1.082800030708313,1.0705000162124634,1.0707000494003296,0
1018,2010-04-19,1.080600023269653,1.0916999578475952,1.0795999765396118,1.0846999883651731,0
1019,2010-04-20,1.073699951171875,1.0815000534057615,1.0722999572753906,1.080600023269653,0
1020,2010-04-21,1.0780999660491943,1.0801000595092771,1.0708999633789062,1.073699951171875,0
1021,2010-04-22,1.080199956893921,1.083400011062622,1.0750000476837158,1.0778000354766846,0
1022,2010-04-23,1.0777000188827517,1.089900016784668,1.0774999856948853,1.079800009727478,0
1023,2010-04-26,1.0778000354766846,1.0799000263214111,1.073799967765808,1.079200029373169,0
1024,2010-04-27,1.090999960899353,1.094099998474121,1.07669997215271,1.0776000022888184,0
1025,2010-04-28,1.0815000534057615,1.0916999578475952,1.0789999961853027,1.090999960899353,0
1026,2010-04-29,1.0743000507354736,1.0839999914169312,1.0741000175476074,1.0815000534057615,0
1027,2010-04-30,1.0813000202178955,1.0822999477386477,1.0722999572753906,1.0743000507354736,0
1028,2010-05-03,1.0788999795913696,1.083299994468689,1.0781999826431274,1.0816999673843384,0
1029,2010-05-04,1.0994000434875488,1.1019999980926514,1.0784000158309937,1.0785000324249268,0
1030,2010-05-05,1.1028000116348269,1.107800006866455,1.09660005569458,1.0994000434875488,0
1031,2010-05-06,1.127900004386902,1.1411999464035034,1.0995999574661257,1.1033999919891355,0
1032,2010-05-07,1.126099944114685,1.1347999572753906,1.1186000108718872,1.1275999546051023,0
1033,2010-05-10,1.1080000400543213,1.1202000379562378,1.1016000509262085,1.1169999837875366,0
1034,2010-05-11,1.117799997329712,1.1190999746322632,1.1073999404907229,1.1085000038146973,0
1035,2010-05-12,1.1171000003814695,1.1246000528335571,1.113700032234192,1.117300033569336,0
1036,2010-05-13,1.1167000532150269,1.1190999746322632,1.107699990272522,1.1174999475479126,0
1037,2010-05-14,1.128499984741211,1.1295000314712524,1.114199995994568,1.116199970245361,0
1038,2010-05-17,1.1396000385284424,1.1509000062942505,1.128999948501587,1.12909996509552,0
1039,2010-05-18,1.1604000329971311,1.1621999740600586,1.1378999948501587,1.1397000551223757,0
1040,2010-05-19,1.1797000169754028,1.1957000494003296,1.1578999757766724,1.159600019454956,0
1041,2010-05-20,1.2294000387191772,1.2376999855041504,1.1784000396728516,1.1800999641418457,0
1042,2010-05-21,1.2007999420166016,1.2348999977111816,1.1962000131607056,1.22979998588562,0
1043,2010-05-24,1.212399959564209,1.220900058746338,1.196499943733215,1.2069000005722046,0
1044,2010-05-25,1.207800030708313,1.2388999462127686,1.204699993133545,1.2121000289916992,0
1045,2010-05-26,1.2108999490737915,1.2192000150680542,1.1928000450134275,1.2079999446868896,0
1046,2010-05-27,1.1806000471115112,1.2165000438690186,1.1723999977111816,1.212399959564209,0
1047,2010-05-28,1.1800999641418457,1.1861000061035156,1.1694999933242798,1.1806000471115112,0
1048,2010-05-31,1.1812000274658203,1.1917999982833862,1.174299955368042,1.1847000122070312,0
1049,2010-06-01,1.2001999616622925,1.2071000337600708,1.1812000274658203,1.1812000274658203,0
1050,2010-06-02,1.1878999471664429,1.2079999446868896,1.1864999532699585,1.200600028038025,0
1051,2010-06-03,1.1857000589370728,1.1950000524520874,1.1735999584197998,1.1878999471664429,0
1052,2010-06-04,1.2132999897003174,1.2170000076293943,1.1793999671936035,1.1855000257492063,0
1053,2010-06-07,1.232300043106079,1.236899971961975,1.2172000408172607,1.2243000268936155,0
1054,2010-06-08,1.2103999853134155,1.233299970626831,1.2069000005722046,1.232100009918213,0
1055,2010-06-09,1.205299973487854,1.2197999954223633,1.196300029754639,1.2105000019073486,0
1056,2010-06-10,1.179800033569336,1.2080999612808228,1.1750999689102173,1.205399990081787,0
1057,2010-06-11,1.1755000352859497,1.1863000392913818,1.1751999855041504,1.1797000169754028,0
1058,2010-06-14,1.164800047874451,1.1720999479293823,1.1536999940872192,1.1711000204086304,0
1059,2010-06-15,1.157099962234497,1.1750999689102173,1.1547000408172607,1.1646000146865845,0
1060,2010-06-16,1.1581000089645386,1.1649999618530271,1.152999997138977,1.1574000120162964,0
1061,2010-06-17,1.1526000499725342,1.1644999980926514,1.1511000394821167,1.1578999757766724,0
1062,2010-06-18,1.1467000246047974,1.1548000574111938,1.14520001411438,1.1526000499725342,0
1063,2010-06-21,1.1405999660491943,1.1420999765396118,1.1288000345230105,1.1368999481201172,0
1064,2010-06-22,1.145699977874756,1.1486999988555908,1.133800029754639,1.1405999660491943,0
1065,2010-06-23,1.1430000066757202,1.1536999940872192,1.1390000581741333,1.145699977874756,0
1066,2010-06-24,1.1526000499725342,1.156499981880188,1.1403000354766846,1.1430000066757202,0
1067,2010-06-25,1.1435999870300293,1.1628999710083008,1.1416000127792358,1.152999997138977,0
1068,2010-06-28,1.149999976158142,1.149999976158142,1.1397000551223757,1.146299958229065,0
1069,2010-06-29,1.1765999794006348,1.180899977684021,1.1464999914169312,1.149999976158142,0
1070,2010-06-30,1.188599944114685,1.1912000179290771,1.1675000190734863,1.1756999492645264,0
1071,2010-07-01,1.1806000471115112,1.1995999813079834,1.1859999895095823,1.1884000301361084,0
1072,2010-07-02,1.1875,1.1897000074386597,1.1749000549316406,1.180500030517578,0
1073,2010-07-05,1.194000005722046,1.194100022315979,1.180799961090088,1.187600016593933,0
1074,2010-07-06,1.1751999855041504,1.2019000053405762,1.1682000160217283,1.1936999559402466,0
1075,2010-07-07,1.1579999923706057,1.1832000017166138,1.154099941253662,1.1754000186920166,0
1076,2010-07-08,1.1397000551223757,1.1588000059127808,1.1375000476837158,1.1578999757766724,0
1077,2010-07-09,1.138700008392334,1.14520001411438,1.1378999948501587,1.1397000551223757,0
1078,2010-07-12,1.1413999795913696,1.1486999988555908,1.1394000053405762,1.1404999494552612,0
1079,2010-07-13,1.131500005722046,1.1512999534606934,1.13100004196167,1.1416000127792358,0
1080,2010-07-14,1.1341999769210815,1.1376999616622925,1.1273000240325928,1.1311999559402466,0
1081,2010-07-15,1.131500005722046,1.1450999975204468,1.1302000284194946,1.1339000463485718,0
1082,2010-07-16,1.149799942970276,1.1513999700546265,1.131700038909912,1.1318999528884888,0
1083,2010-07-19,1.152400016784668,1.1579999923706057,1.1467000246047974,1.1555999517440796,0
1084,2010-07-20,1.1332000494003296,1.153499960899353,1.1302000284194946,1.152899980545044,0
1085,2010-07-21,1.1410000324249268,1.14110004901886,1.1288000345230105,1.1328999996185305,0
1086,2010-07-22,1.1181000471115112,1.1441999673843384,1.1171000003814695,1.1410000324249268,0
1087,2010-07-23,1.116199970245361,1.1232000589370728,1.1145000457763672,1.1181000471115112,0
1088,2010-07-26,1.1086000204086304,1.1181000471115112,1.106600046157837,1.117900013923645,0
1089,2010-07-27,1.1095000505447388,1.1109000444412231,1.1024999618530271,1.10889995098114,0
1090,2010-07-28,1.120300054550171,1.122599959373474,1.1080000400543213,1.10889995098114,0
1091,2010-07-29,1.1087000370025637,1.120300054550171,1.1057000160217283,1.1198999881744385,0
1092,2010-07-30,1.1057000160217283,1.1151000261306765,1.1030000448226929,1.1088000535964966,0
1093,2010-08-02,1.0954999923706057,1.1045000553131104,1.0932999849319458,1.1044000387191772,0
1094,2010-08-03,1.0951000452041626,1.1021000146865845,1.092900037765503,1.0954999923706057,0
1095,2010-08-04,1.0953999757766724,1.0993000268936155,1.0889999866485596,1.0953999757766724,0
1096,2010-08-05,1.090999960899353,1.096500039100647,1.090000033378601,1.090999960899353,0
1097,2010-08-06,1.0927000045776367,1.0944000482559204,1.0841000080108645,1.0927000045776367,0
1098,2010-08-09,1.089100003242493,1.0922000408172607,1.0861999988555908,1.0888999700546265,0
1099,2010-08-10,1.0916999578475952,1.103600025177002,1.090999960899353,1.0918999910354614,0
1100,2010-08-11,1.0947999954223633,1.1131000518798828,1.0946999788284302,1.0947999954223633,0
1101,2010-08-12,1.118299961090088,1.1211999654769895,1.110100030899048,1.1174999475479126,0
1102,2010-08-13,1.1140999794006348,1.1174999475479126,1.1064000129699707,1.114199995994568,0
1103,2010-08-16,1.1187000274658203,1.1282000541687012,1.1138999462127686,1.1181000471115112,0
1104,2010-08-17,1.1160999536514282,1.1175999641418457,1.1014000177383425,1.1162999868392944,0
1105,2010-08-18,1.1045000553131104,1.1140999794006348,1.104300022125244,1.104699969291687,0
1106,2010-08-19,1.1131000518798828,1.1210999488830566,1.1088000535964966,1.1130000352859497,0
1107,2010-08-20,1.1217999458312988,1.1305999755859375,1.120300054550171,1.1217000484466553,0
1108,2010-08-23,1.126099944114685,1.1265000104904177,1.1131999492645264,1.125599980354309,0
1109,2010-08-24,1.1234999895095823,1.1353000402450562,1.1227999925613403,1.1227999925613403,0
1110,2010-08-25,1.1318000555038452,1.1395000219345093,1.1243000030517578,1.132200002670288,0
1111,2010-08-26,1.1303000450134275,1.131600022315979,1.1217000484466553,1.1305999755859375,0
1112,2010-08-27,1.1301000118255615,1.1304999589920044,1.1128000020980835,1.1302000284194946,0
1113,2010-08-30,1.107800006866455,1.1193000078201294,1.107200026512146,1.107200026512146,0
1114,2010-08-31,1.1212999820709229,1.1282000541687012,1.1171000003814695,1.1216000318527222,0
1115,2010-09-01,1.1195000410079956,1.1217000484466553,1.0988999605178833,1.1196000576019287,0
1116,2010-09-02,1.0990999937057495,1.104200005531311,1.0973999500274658,1.0987000465393066,0
1117,2010-09-03,1.0988999605178833,1.1028000116348269,1.089900016784668,1.0988999605178833,0
1118,2010-09-06,1.0920000076293943,1.093400001525879,1.089100003242493,1.0923000574111938,0
1119,2010-09-07,1.0908000469207764,1.0995999574661257,1.0902999639511108,1.0908000469207764,0
1120,2010-09-08,1.0981999635696411,1.098099946975708,1.0875999927520752,1.098099946975708,0
1121,2010-09-09,1.0889999866485596,1.0902999639511108,1.0779999494552612,1.0892000198364258,0
1122,2010-09-10,1.083400011062622,1.0859999656677246,1.0791000127792358,1.083400011062622,0
1123,2010-09-13,1.076200008392334,1.0764000415802002,1.0681999921798706,1.076200008392334,0
1124,2010-09-14,1.0708999633789062,1.0734000205993652,1.0592999458312988,1.070199966430664,0
1125,2010-09-15,1.0637999773025513,1.0700000524520874,1.0607000589370728,1.0642999410629272,0
1126,2010-09-16,1.065000057220459,1.071499943733215,1.0644999742507937,1.0651999711990356,0
1127,2010-09-17,1.0681999921798706,1.069100022315979,1.0556000471115112,1.0683000087738037,0
1128,2010-09-20,1.066499948501587,1.0679999589920044,1.0535999536514282,1.0667999982833862,0
1129,2010-09-21,1.0565999746322632,1.059000015258789,1.05239999294281,1.056399941444397,0
1130,2010-09-22,1.048699975013733,1.049299955368042,1.0420000553131104,1.04830002784729,0
1131,2010-09-23,1.049299955368042,1.055999994277954,1.0442999601364136,1.0489000082015991,0
1132,2010-09-24,1.0528000593185425,1.056399941444397,1.0403000116348269,1.0529999732971191,0
1133,2010-09-27,1.0406999588012695,1.0441999435424805,1.0382000207901,1.0407999753952026,0
1134,2010-09-28,1.041700005531311,1.0456000566482544,1.0329999923706057,1.041800022125244,0
1135,2010-09-29,1.034000039100647,1.0351999998092651,1.027899980545044,1.03410005569458,0
1136,2010-09-30,1.031599998474121,1.0382000207901,1.027400016784668,1.031599998474121,0
1137,2010-10-01,1.0369000434875488,1.037600040435791,1.0262999534606934,1.0364999771118164,0
1138,2010-10-04,1.029099941253662,1.0357999801635742,1.028599977493286,1.0291999578475952,0
1139,2010-10-05,1.03410005569458,1.047700047492981,1.030500054359436,1.0338000059127808,0
1140,2010-10-06,1.0290000438690186,1.0312999486923218,1.0221999883651731,1.0291999578475952,0
1141,2010-10-07,1.0240999460220337,1.024799942970276,1.0082999467849731,1.02400004863739,0
1142,2010-10-08,1.017799973487854,1.0292999744415283,1.013200044631958,1.017699956893921,0
1143,2010-10-11,1.010599970817566,1.017899990081787,1.0091999769210815,1.0104999542236328,0
1144,2010-10-12,1.0160000324249268,1.0233999490737915,1.0145000219345093,1.0161999464035034,0
1145,2010-10-13,1.0134999752044678,1.0164999961853027,1.0073000192642212,1.0134999752044678,0
1146,2010-10-14,1.0087000131607056,1.0084999799728394,1.000599980354309,1.0084999799728394,0
1147,2010-10-15,1.006700038909912,1.0124000310897827,1.0010000467300415,1.0063999891281128,0
1148,2010-10-18,1.0111000537872314,1.0198999643325806,1.0082000494003296,1.0110000371932983,0
1149,2010-10-19,1.0104999542236328,1.0302000045776367,1.004899978637695,1.010699987411499,0
1150,2010-10-20,1.0300999879837036,1.034500002861023,1.0126999616622925,1.0299999713897705,0
1151,2010-10-21,1.0144000053405762,1.0196000337600708,1.010800004005432,1.0145000219345093,0
1152,2010-10-22,1.0216000080108645,1.0242999792099,1.014899969100952,1.0214999914169312,0
1153,2010-10-25,1.0166000127792358,1.0175000429153442,1.0025999546051023,1.0170999765396118,0
1154,2010-10-26,1.0099999904632568,1.016800045967102,1.007200002670288,1.011299967765808,0
1155,2010-10-27,1.013800024986267,1.033900022506714,1.0135999917984009,1.013700008392334,0
1156,2010-10-28,1.027999997138977,1.0282000303268433,1.0187000036239624,1.0281000137329102,0
1157,2010-10-29,1.027999997138977,1.0326000452041626,1.0190000534057615,1.0281000137329102,0
1158,2010-11-01,1.0134999752044678,1.017300009727478,1.008800029754639,1.0149999856948853,0
1159,2010-11-02,1.0115000009536743,1.013399958610535,0.9979000091552734,1.0115000009536743,0
1160,2010-11-03,1.0010000467300415,1.0053999423980713,0.9994699954986572,1.0012999773025513,0
1161,2010-11-04,0.9960799813270568,0.9977099895477296,0.9853500127792358,0.9961199760437012,0
1162,2010-11-05,0.9845399856567384,0.9912800192832948,0.9822199940681458,0.9847800135612488,0
1163,2010-11-08,0.983839988708496,0.9918699860572816,0.9836699962615968,0.9838600158691406,0
1164,2010-11-09,0.989709973335266,0.9924499988555908,0.9828000068664552,0.9901999831199646,0
1165,2010-11-10,0.9952099919319152,1.0017000436782837,0.9927499890327454,0.9952600002288818,0
1166,2010-11-11,0.995419979095459,1.003100037574768,0.9934099912643432,0.9956200122833252,0
1167,2010-11-12,1.003600001335144,1.017199993133545,0.9995999932289124,1.003600001335144,0
1168,2010-11-15,1.0111000537872314,1.0188000202178955,1.01010000705719,1.0111000537872314,0
1169,2010-11-16,1.016700029373169,1.0242999792099,1.010699987411499,1.016700029373169,0
1170,2010-11-17,1.0246000289916992,1.0276999473571775,1.0170999765396118,1.0247000455856323,0
1171,2010-11-18,1.0185999870300293,1.0194000005722046,1.0099999904632568,1.0187000036239624,0
1172,2010-11-19,1.0095000267028809,1.0184999704360962,1.008999943733215,1.0092999935150146,0
1173,2010-11-22,1.0098999738693235,1.013700008392334,1.0045000314712524,1.0097999572753906,0
1174,2010-11-23,1.0135999917984009,1.024899959564209,1.0118999481201172,1.013800024986267,0
1175,2010-11-24,1.0260000228881836,1.0264999866485596,1.0154000520706177,1.0260000228881836,0
1176,2010-11-25,1.0152000188827517,1.0241999626159668,1.0155999660491943,1.0155999660491943,0
1177,2010-11-26,1.0232000350952148,1.039800047874451,1.0226000547409058,1.0231000185012815,0
1178,2010-11-29,1.0351999998092651,1.044800043106079,1.0311000347137451,1.03410005569458,0
1179,2010-11-30,1.0408999919891355,1.047600030899048,1.0353000164031982,1.0403000116348269,0
1180,2010-12-01,1.0419000387191772,1.0477999448776243,1.035099983215332,1.042199969291687,0
1181,2010-12-02,1.034999966621399,1.037999987602234,1.0262999534606934,1.0354000329971311,0
1182,2010-12-03,1.0235999822616575,1.0263999700546265,1.0116000175476074,1.023300051689148,0
1183,2010-12-06,1.0081000328063965,1.014899969100952,1.007699966430664,1.007699966430664,0
1184,2010-12-07,1.0115000009536743,1.0124000310897827,1.0032999515533447,1.011299967765808,0
1185,2010-12-08,1.017300009727478,1.024999976158142,1.0147000551223757,1.0170999765396118,0
1186,2010-12-09,1.0211999416351318,1.0223000049591064,1.0117000341415403,1.0214999914169312,0
1187,2010-12-10,1.0159000158309937,1.017300009727478,1.0104000568389893,1.0156999826431274,0
1188,2010-12-13,1.01610004901886,1.01610004901886,1.0047999620437622,1.0160000324249268,0
1189,2010-12-14,1.0049999952316284,1.0055999755859375,0.9980999827384948,1.0047999620437622,0
1190,2010-12-15,1.0025999546051023,1.0104999542236328,1.0026999711990356,1.0027999877929688,0
1191,2010-12-16,1.0130000114440918,1.016800045967102,1.0095000267028809,1.0132999420166016,0
1192,2010-12-17,1.010699987411499,1.0157999992370603,1.0075000524520874,1.010800004005432,0
1193,2010-12-20,1.0119999647140503,1.0135999917984009,1.0058000087738037,1.0119999647140503,0
1194,2010-12-21,1.007200002670288,1.0080000162124634,0.9975000023841858,1.006999969482422,0
1195,2010-12-22,1.0033999681472778,1.004699945449829,0.9990000128746032,1.0033999681472778,0
1196,2010-12-23,1.000599980354309,1.001099944114685,0.9949300289154052,1.0006999969482422,0
1197,2010-12-24,0.9957200288772584,0.9973099827766418,0.9948700070381165,0.9962000250816344,0
1198,2010-12-27,0.9996700286865234,1.0023000240325928,0.9942100048065186,0.9995999932289124,0
1199,2010-12-28,0.9942299723625184,0.99413001537323,0.9848600029945374,0.9938799738883972,0
1200,2010-12-29,0.9905099868774414,0.9907000064849854,0.9849299788475036,0.9907000064849854,0
1201,2010-12-30,0.9829000234603882,0.9879900217056274,0.980459988117218,0.9827600121498108,0
1202,2010-12-31,0.984470009803772,0.9847400188446044,0.9768499732017516,0.984529972076416,0
1203,2011-01-03,0.9790099859237672,0.9827600121498108,0.9783700108528136,0.9783700108528136,0
1204,2011-01-04,0.983370006084442,0.9947999715805054,0.983169972896576,0.983389973640442,0
1205,2011-01-05,0.9928500056266784,1.003600001335144,0.9923499822616576,0.9924200177192688,0
1206,2011-01-06,1.000100016593933,1.006100058555603,0.9984999895095824,0.9998999834060668,0
1207,2011-01-07,1.006999969482422,1.0089000463485718,1.000599980354309,1.0068999528884888,0
1208,2011-01-10,1.0047999620437622,1.0115000009536743,1.0017000436782837,1.0046000480651855,0
1209,2011-01-11,1.0053000450134275,1.0180000066757202,1.0051000118255615,1.0051000118255615,0
1210,2011-01-12,1.018100023269653,1.0180000066757202,1.0068999528884888,1.0176000595092771,0
1211,2011-01-13,1.0041999816894531,1.0073000192642212,0.9980499744415284,1.0041999816894531,0
1212,2011-01-14,1.0017999410629272,1.0140000581741333,1.0012999773025513,1.0020999908447266,0
1213,2011-01-17,1.0091999769210815,1.0135999917984009,1.0038000345230105,1.0091999769210815,0
1214,2011-01-18,1.007099986076355,1.0099999904632568,0.9980999827384948,1.007099986076355,0
1215,2011-01-19,1.0023000240325928,1.002400040626526,0.9924799799919128,1.002400040626526,0
1216,2011-01-20,1.003100037574768,1.0166000127792358,1.0017999410629272,1.0026999711990356,0
1217,2011-01-21,1.014299988746643,1.0160000324249268,1.0082999467849731,1.0145000219345093,0
1218,2011-01-24,1.0104999542236328,1.0134999752044678,1.0017000436782837,1.010200023651123,0
1219,2011-01-25,1.002400040626526,1.0104999542236328,1.000599980354309,1.0022000074386597,0
1220,2011-01-26,1.0047999620437622,1.0053999423980713,1.0002000331878662,1.0045000314712524,0
1221,2011-01-27,1.0006999969482422,1.0119999647140503,0.9998000264167786,1.0003999471664429,0
1222,2011-01-28,1.0099999904632568,1.0113999843597412,1.0009000301361084,1.010200023651123,0
1223,2011-01-31,1.0127999782562256,1.013399958610535,1.0023000240325928,1.013399958610535,0
1224,2011-02-01,1.0025999546051023,1.003100037574768,0.9884099960327148,1.002500057220459,0
1225,2011-02-02,0.9890400171279908,0.9933099746704102,0.9867200255393982,0.988730013370514,0
1226,2011-02-03,0.9885299801826476,0.9914900064468384,0.9857100248336792,0.9886800050735474,0
1227,2011-02-04,0.9855999946594238,0.98580002784729,0.9803900122642516,0.985419988632202,0
1228,2011-02-07,0.987559974193573,0.988759994506836,0.984059989452362,0.9870700240135192,0
1229,2011-02-08,0.9867799878120422,0.9884700179100036,0.9812600016593932,0.9867900013923644,0
1230,2011-02-09,0.985419988632202,0.9906799793243408,0.985040009021759,0.9853299856185912,0
1231,2011-02-10,0.9893199801445008,0.9985499978065492,0.9861900210380554,0.9893199801445008,0
1232,2011-02-11,0.9986000061035156,1.0033999681472778,0.9968299865722656,0.9984300136566162,0
1233,2011-02-14,0.9984099864959716,0.9994999766349792,0.9927099943161012,0.99822998046875,0
1234,2011-02-15,0.9979000091552734,1.0019999742507937,0.99413001537323,0.9976699948310852,0
1235,2011-02-16,1.0026999711990356,1.0032999515533447,0.9982699751853944,1.003000020980835,0
1236,2011-02-17,0.9969800114631652,0.9975200295448304,0.9910799860954284,0.9967100024223328,0
1237,2011-02-18,0.9879500269889832,0.9906299710273744,0.9863600134849548,0.9882299900054932,0
1238,2011-02-21,0.9857100248336792,0.9913600087165833,0.9860000014305116,0.9860000014305116,0
1239,2011-02-22,0.991349995136261,1.0011999607086182,0.991569995880127,0.9916599988937378,0
1240,2011-02-23,0.9995999932289124,1.0008000135421753,0.9941099882125854,0.9998300075531006,0
1241,2011-02-24,0.9972299933433532,0.9995399713516236,0.9877899885177612,0.9972100257873536,0
1242,2011-02-25,0.9893100261688232,0.9907900094985962,0.9840400218963624,0.98922997713089,0
1243,2011-02-28,0.9857100248336792,0.9877499938011168,0.9810500144958496,0.9860000014305116,0
1244,2011-03-01,0.9815499782562256,0.9850599765777588,0.9803000092506408,0.9814199805259703,0
1245,2011-03-02,0.9865800142288208,0.9913399815559388,0.9820299744606018,0.9866300225257874,0
1246,2011-03-03,0.9841600060462952,0.9868699908256532,0.9816399812698364,0.983959972858429,0
1247,2011-03-04,0.9873600006103516,0.9919599890708924,0.985610008239746,0.987190008163452,0
1248,2011-03-07,0.985509991645813,0.9882400035858154,0.9818400144577026,0.9856200218200684,0
1249,2011-03-08,0.9879000186920166,0.994350016117096,0.9866799712181092,0.9880099892616272,0
1250,2011-03-09,0.990880012512207,0.9937400221824646,0.987030029296875,0.9910899996757508,0
1251,2011-03-10,0.9904299974441528,1.000599980354309,0.9885299801826476,0.9904900193214417,0
1252,2011-03-11,0.9980999827384948,1.002500057220459,0.9928900003433228,0.9980700016021729,0
1253,2011-03-14,0.9900000095367432,0.9949300289154052,0.9888299703598022,0.9906899929046632,0
1254,2011-03-15,0.9911900162696838,1.0184999704360962,0.9904999732971193,0.991219997406006,0
1255,2011-03-16,1.00600004196167,1.0154000520706177,1.003600001335144,1.006600022315979,0
1256,2011-03-17,1.020699977874756,1.0241999626159668,1.0128999948501587,1.020300030708313,0
1257,2011-03-18,1.01610004901886,1.0168999433517456,1.0049999952316284,1.0168999433517456,0
1258,2011-03-21,1.0025999546051023,1.0045000314712524,0.9929500222206116,1.0023000240325928,0
1259,2011-03-22,0.9941499829292296,0.9960299730300904,0.9872599840164183,0.9941099882125854,0
1260,2011-03-23,0.99098002910614,0.9931300282478333,0.9879500269889832,0.99098002910614,0
1261,2011-03-24,0.9868800044059752,0.9885299801826476,0.9784700274467468,0.9869099855422974,0
1262,2011-03-25,0.9801999926567078,0.981090009212494,0.9713500142097472,0.9801999926567078,0
1263,2011-03-28,0.9763399958610536,0.9763699769973756,0.969730019569397,0.9763699769973756,0
1264,2011-03-29,0.976360023021698,0.979610025882721,0.9734899997711182,0.9762700200080872,0
1265,2011-03-30,0.9716299772262572,0.9734299778938292,0.967710018157959,0.9715800285339355,0
1266,2011-03-31,0.9690700173377992,0.9697399735450744,0.9650599956512452,0.9691799879074096,0
1267,2011-04-01,0.9676799774169922,0.9693099856376648,0.9627400040626526,0.967490017414093,0
1268,2011-04-04,0.962000012397766,0.9671199917793274,0.9600600004196168,0.9618200063705444,0
1269,2011-04-05,0.9648799896240234,0.9717299938201904,0.9643200039863586,0.964680016040802,0
1270,2011-04-06,0.9690799713134766,0.9689900279045104,0.9568399786949158,0.968779981136322,0
1271,2011-04-07,0.9582800269126892,0.9598900079727172,0.9518399834632874,0.9582800269126892,0
1272,2011-04-08,0.95592999458313,0.9564800262451172,0.9482300281524658,0.9561100006103516,0
1273,2011-04-11,0.9464300274848938,0.9498500227928162,0.9450899958610536,0.94651997089386,0
1274,2011-04-12,0.9519299864768982,0.9622300267219543,0.950659990310669,0.9520999789237976,0
1275,2011-04-13,0.9568399786949158,0.958679974079132,0.9490500092506408,0.956849992275238,0
1276,2011-04-14,0.952560007572174,0.9560199975967408,0.9482300281524658,0.9526500105857848,0
1277,2011-04-18,0.9467899799346924,0.9561100006103516,0.945770025253296,0.9464399814605712,0
1278,2011-04-19,0.9535599946975708,0.9573699831962584,0.9498500227928162,0.9539300203323364,0
1279,2011-04-20,0.9491299986839294,0.9490900039672852,0.935289978981018,0.9490900039672852,0
1280,2011-04-21,0.9362199902534484,0.936240017414093,0.9281899929046632,0.936240017414093,0
1281,2011-04-22,0.9303200244903564,0.932569980621338,0.9296299815177916,0.9303200244903564,0
1282,2011-04-25,0.9293799996376038,0.9357699751853944,0.9279900193214417,0.9295899868011476,0
1283,2011-04-26,0.9323099851608276,0.9362199902534484,0.9281200170516968,0.931689977645874,0
1284,2011-04-27,0.9264199733734132,0.9272300004959106,0.9216600060462952,0.9261800050735474,0
1285,2011-04-28,0.9212200045585632,0.921060025691986,0.9134899973869324,0.921060025691986,0
1286,2011-04-29,0.9141600131988524,0.9185299873352052,0.9119899868965148,0.9142699837684632,0
1287,2011-05-02,0.9123799800872804,0.9153299927711488,0.9080100059509276,0.9123799800872804,0
1288,2011-05-03,0.9132400155067444,0.9216799736022948,0.9131600260734558,0.913320004940033,0
1289,2011-05-04,0.9213200211524964,0.9307399988174438,0.9193500280380248,0.921180009841919,0
1290,2011-05-05,0.9302300214767456,0.9422399997711182,0.9283599853515624,0.930490016937256,0
1291,2011-05-06,0.9428600072860718,0.943310022354126,0.9258999824523926,0.9426000118255616,0
1292,2011-05-09,0.9331899881362916,0.9335200190544128,0.9270300269126892,0.9332200288772584,0
1293,2011-05-10,0.9258400201797484,0.9312400221824646,0.9243900179862976,0.926010012626648,0
1294,2011-05-11,0.9218299984931946,0.9304100275039672,0.9183300137519836,0.9214000105857848,0
1295,2011-05-12,0.9334499835968018,0.9461100101470948,0.9333099722862244,0.9333099722862244,0
1296,2011-05-13,0.9375100135803224,0.9465799927711488,0.9331600069999696,0.9379799962043762,0
1297,2011-05-16,0.9472200274467468,0.9507399797439576,0.9395700097084044,0.9466099739074708,0
1298,2011-05-17,0.9457299709320068,0.9516599774360656,0.9416199922561646,0.9456599950790404,0
1299,2011-05-18,0.9401999711990356,0.9459099769592284,0.9375600218772888,0.9400799870491028,0
1300,2011-05-19,0.9407299757003784,0.9435700178146362,0.936240017414093,0.9408000111579896,0
1301,2011-05-20,0.9372100234031676,0.9422799944877625,0.9342300295829772,0.9371799826622008,0
1302,2011-05-23,0.940880000591278,0.9538999795913696,0.9396799802780152,0.9410300254821776,0
1303,2011-05-24,0.9518799781799316,0.9538400173187256,0.9449700117111206,0.9517999887466432,0
1304,2011-05-25,0.9470599889755248,0.9574900269508362,0.9467700123786926,0.9470599889755248,0
1305,2011-05-26,0.9490399956703186,0.9511899948120116,0.9412199854850768,0.9491299986839294,0
1306,2011-05-27,0.9411100149154664,0.9423400163650512,0.9330999851226808,0.9407299757003784,0
1307,2011-05-30,0.9339699745178224,0.936360001564026,0.9334499835968018,0.933709979057312,0
1308,2011-05-31,0.9343199729919434,0.9392600059509276,0.92944997549057,0.9341400265693665,0
1309,2011-06-01,0.9361500144004822,0.937030017375946,0.9299299716949464,0.9359800219535828,0
1310,2011-06-02,0.9403700232505798,0.9442899823188782,0.9364200234413148,0.9404500126838684,0
1311,2011-06-03,0.9371200203895568,0.943310022354126,0.933239996433258,0.9369199872016908,0
1312,2011-06-06,0.9302300214767456,0.932550013065338,0.928749978542328,0.930050015449524,0
1313,2011-06-07,0.9319700002670288,0.936680018901825,0.9301499724388124,0.9319000244140624,0
1314,2011-06-08,0.9327499866485596,0.9441900253295898,0.9329800009727478,0.9330400228500366,0
1315,2011-06-09,0.939490020275116,0.9464300274848938,0.9378499984741212,0.9394099712371826,0
1316,2011-06-10,0.9409999847412108,0.9490600228309632,0.9386799931526184,0.9411799907684326,0
1317,2011-06-13,0.9488599896430968,0.9495700001716614,0.94472998380661,0.9491299986839294,0
1318,2011-06-14,0.9427700042724608,0.9458900094032288,0.9340599775314332,0.9429200291633606,0
1319,2011-06-15,0.9350900053977966,0.9421300292015076,0.9334499835968018,0.9353899955749512,0
1320,2011-06-16,0.9455400109291076,0.9537400007247924,0.9442899823188782,0.9454500079154968,0
1321,2011-06-17,0.9467899799346924,0.9515699744224548,0.9404799938201904,0.946969985961914,0
1322,2011-06-20,0.9430599808692932,0.9521999955177308,0.9421600103378296,0.9425699710845948,0
1323,2011-06-21,0.9438400268554688,0.9491400122642516,0.9415299892425536,0.9436600208282472,0
1324,2011-06-22,0.9436600208282472,0.9460099935531616,0.9391599893569946,0.9435200095176696,0
1325,2011-06-23,0.94760000705719,0.9562100172042848,0.9463499784469604,0.947629988193512,0
1326,2011-06-24,0.9491299986839294,0.9517800211906432,0.9434000253677368,0.948769986629486,0
1327,2011-06-27,0.9548500180244446,0.9619100093841552,0.9540200233459472,0.954639971256256,0
1328,2011-06-28,0.9560199975967408,0.957949995994568,0.9495800137519836,0.9560199975967408,0
1329,2011-06-29,0.9490399956703186,0.9503800272941588,0.9364200234413148,0.948930025100708,0
1330,2011-06-30,0.9352200031280518,0.9356600046157836,0.9301699995994568,0.9356600046157836,0
1331,2011-07-01,0.9330099821090698,0.9365000128746032,0.9295600056648254,0.9331799745559692,0
1332,2011-07-04,0.9278200268745422,0.9333099722862244,0.9271299839019777,0.9277899861335754,0
1333,2011-07-05,0.9306700229644777,0.9375399947166444,0.9304800033569336,0.9304800033569336,0
1334,2011-07-06,0.9353100061416626,0.9383500218391418,0.9315900206565856,0.9351900219917296,0
1335,2011-07-07,0.9349300265312196,0.9354100227355956,0.9279900193214417,0.9348300099372864,0
1336,2011-07-08,0.928250014781952,0.9337900280952454,0.926800012588501,0.9285100102424622,0
1337,2011-07-11,0.9326599836349488,0.9403799772262572,0.9321699738502502,0.9328799843788148,0
1338,2011-07-12,0.9396700263023376,0.9497600197792052,0.9392300248146056,0.9396100044250488,0
1339,2011-07-13,0.9444699883461,0.9444900155067444,0.9277300238609314,0.944379985332489,0
1340,2011-07-14,0.9278200268745422,0.9331799745559692,0.926959991455078,0.9280499815940856,0
1341,2011-07-15,0.93231999874115,0.940559983253479,0.9305400252342224,0.9323099851608276,0
1342,2011-07-18,0.9391400218009948,0.946720004081726,0.9385300278663636,0.9391400218009948,0
1343,2011-07-19,0.942229986190796,0.9424700140953064,0.9330099821090698,0.9422699809074402,0
1344,2011-07-20,0.9307600259780884,0.9334499835968018,0.929229974746704,0.9307600259780884,0
1345,2011-07-21,0.9284899830818176,0.9349300265312196,0.9211699962615968,0.9284600019454956,0
1346,2011-07-22,0.9226999878883362,0.9239799976348876,0.9194700121879578,0.922689974308014,0
1347,2011-07-25,0.921999990940094,0.9260900020599364,0.9204699993133544,0.922510027885437,0
1348,2011-07-26,0.9219099879264832,0.9239599704742432,0.9119099974632264,0.92194002866745,0
1349,2011-07-27,0.9124100208282472,0.913259983062744,0.9024800062179564,0.9124699831008912,0
1350,2011-07-28,0.9062100052833556,0.9086400270462036,0.9028499722480774,0.9062100052833556,0
1351,2011-07-29,0.909089982509613,0.9160900115966796,0.9085100293159484,0.9090099930763244,0
1352,2011-08-01,0.9076600074768066,0.9149699807167052,0.903689980506897,0.9077000021934508,0
1353,2011-08-02,0.9109100103378296,0.9235299825668336,0.9083499908447266,0.9109100103378296,0
1354,2011-08-03,0.930329978466034,0.9362300038337708,0.9270300269126892,0.9313600063323976,0
1355,2011-08-04,0.9292899966239928,0.951669991016388,0.9285699725151062,0.9292600154876708,0
1356,2011-08-05,0.9588599801063538,0.9634699821472168,0.9502500295639038,0.9589200019836426,0
1357,2011-08-08,0.9631100296974182,0.9702600240707396,0.9580399990081788,0.963100016117096,0
1358,2011-08-09,0.9872400164604188,1.006600022315979,0.9750400185585022,0.986959993839264,0
1359,2011-08-10,0.9630299806594848,0.9829699993133544,0.9629899859428406,0.9629899859428406,0
1360,2011-08-11,0.9871699810028076,0.988349974155426,0.970960021018982,0.9868999719619752,0
1361,2011-08-12,0.9672799706459044,0.975820004940033,0.9655299782752992,0.967490017414093,0
1362,2011-08-15,0.9631100296974182,0.9635099768638612,0.9532899856567384,0.9632099866867064,0
1363,2011-08-16,0.9535300135612488,0.9607099890708924,0.9519500136375428,0.9536499977111816,0
1364,2011-08-17,0.9545599818229676,0.9582200050354004,0.943310022354126,0.9545900225639344,0
1365,2011-08-18,0.9488099813461304,0.9653099775314332,0.9470400214195251,0.9488599896430968,0
1366,2011-08-19,0.9634600281715392,0.9690899848937988,0.9540200233459472,0.963670015335083,0
1367,2011-08-22,0.9629300236701964,0.9644100069999696,0.9548500180244446,0.9629300236701964,0
1368,2011-08-23,0.9617199897766112,0.9625599980354308,0.95033997297287,0.9619500041007996,0
1369,2011-08-24,0.9502099752426147,0.956629991531372,0.950119972229004,0.9503899812698364,0
1370,2011-08-25,0.9557200074195862,0.9586700201034546,0.9511100053787231,0.9554700255393982,0
1371,2011-08-26,0.9576900005340576,0.9578499794006348,0.9449700117111206,0.9578499794006348,0
1372,2011-08-29,0.9452099800109864,0.9466599822044371,0.9395300149917604,0.9454500079154968,0
1373,2011-08-30,0.936370015144348,0.9412699937820436,0.9353600144386292,0.936330020427704,0
1374,2011-08-31,0.936680018901825,0.938610017299652,0.932789981365204,0.936680018901825,0
1375,2011-09-01,0.9355300068855286,0.9367899894714355,0.9300600290298462,0.93545001745224,0
1376,2011-09-02,0.932569980621338,0.9397199749946594,0.9314500093460084,0.9324700236320496,0
1377,2011-09-05,0.942520022392273,0.9510200023651124,0.9423099756240844,0.9425100088119508,0
1378,2011-09-06,0.95100998878479,0.9530199766159058,0.9417999982833862,0.9509599804878236,0
1379,2011-09-07,0.9531099796295166,0.9530100226402284,0.940559983253479,0.9530100226402284,0
1380,2011-09-08,0.9388999938964844,0.9457200169563292,0.9379799962043762,0.9390900135040284,0
1381,2011-09-09,0.9427400231361388,0.9588800072669984,0.9401100277900696,0.9428600072860718,0
1382,2011-09-12,0.9576699733734132,0.9729499816894532,0.9576399922370912,0.9581300020217896,0
1383,2011-09-13,0.9660300016403198,0.9739900231361388,0.9637500047683716,0.9660900235176086,0
1384,2011-09-14,0.9690600037574768,0.9822199940681458,0.9642800092697144,0.9692699909210204,0
1385,2011-09-15,0.9730499982833862,0.9818400144577026,0.9668400287628174,0.9729599952697754,0
1386,2011-09-16,0.9684299826622008,0.9711599946022034,0.9615399837493896,0.9681500196456908,0
1387,2011-09-19,0.9696499705314636,0.9832800030708312,0.9695299863815308,0.9699299931526184,0
1388,2011-09-20,0.9851199984550476,0.9848899841308594,0.9697399735450744,0.9848300218582152,0
1389,2011-09-21,0.9754199981689452,0.9816399812698364,0.9715200066566468,0.9756100177764891,0
1390,2011-09-22,0.9938399791717528,1.0262999534606934,0.9926699995994568,0.9938399791717528,0
1391,2011-09-23,1.02400004863739,1.0329999923706057,1.013399958610535,1.0241999626159668,0
1392,2011-09-26,1.017699956893921,1.0389000177383425,1.0163999795913696,1.0176000595092771,0
1393,2011-09-27,1.0182000398635864,1.0226000547409058,1.002400040626526,1.0182000398635864,0
1394,2011-09-28,1.009600043296814,1.0154000520706177,1.0045000314712524,1.0095000267028809,0
1395,2011-09-29,1.0259000062942505,1.030500054359436,1.0125999450683594,1.0257999897003174,0
1396,2011-09-30,1.0240999460220337,1.0326000452041626,1.0192999839782717,1.02400004863739,0
1397,2011-10-03,1.033400058746338,1.0436999797821045,1.0307999849319458,1.033400058746338,0
1398,2011-10-04,1.0499000549316406,1.0636999607086182,1.0479999780654907,1.0499999523162842,0
1399,2011-10-05,1.04639995098114,1.053699970245361,1.038699984550476,1.0463000535964966,0
1400,2011-10-06,1.0372999906539917,1.0391000509262085,1.0260000228881836,1.0372999906539917,0
1401,2011-10-07,1.0264999866485596,1.027400016784668,1.0124000310897827,1.0267000198364258,0
1402,2011-10-10,1.023800015449524,1.0250999927520752,1.000100016593933,1.02400004863739,0
1403,2011-10-11,1.0016000270843506,1.0092999935150146,0.9994999766349792,1.0015000104904177,0
1404,2011-10-12,1.0044000148773191,1.0132999420166016,0.981599986553192,1.0039000511169434,0
1405,2011-10-13,0.9842900037765504,0.989459991455078,0.9761800169944764,0.9841600060462952,0
1406,2011-10-14,0.9848300218582152,0.985419988632202,0.9683200120925904,0.9846400022506714,0
1407,2011-10-17,0.966920018196106,0.9778000116348268,0.9641299843788148,0.9671199917793274,0
1408,2011-10-18,0.9832800030708312,0.9881200194358826,0.9779000282287598,0.9832599759101868,0
1409,2011-10-19,0.9753199815750122,0.9770399928092957,0.965810000896454,0.9752299785614014,0
1410,2011-10-20,0.9767000079154968,0.9852200150489808,0.9716299772262572,0.9768499732017516,0
1411,2011-10-21,0.9774699807167052,0.9798200130462646,0.9648799896240234,0.9771400094032288,0
1412,2011-10-24,0.968999981880188,0.9689900279045104,0.9552500247955322,0.9689000248908995,0
1413,2011-10-25,0.9553599953651428,0.960889995098114,0.9525499939918518,0.9553099870681764,0
1414,2011-10-26,0.9588900208473206,0.9681400060653688,0.958109974861145,0.9587699770927428,0
1415,2011-10-27,0.9616299867630004,0.962369978427887,0.9347500205039978,0.9618200063705444,0
1416,2011-10-28,0.9348400235176086,0.9382500052452089,0.9321100115776062,0.934939980506897,0
1417,2011-10-31,0.9368600249290466,0.951479971408844,0.9347500205039978,0.9371200203895568,0
1418,2011-11-01,0.9483100175857544,0.9732400178909302,0.9464300274848938,0.9483500123023988,0
1419,2011-11-02,0.9702100157737732,0.9724699854850768,0.95906001329422,0.9702100157737732,0
1420,2011-11-03,0.9753199815750122,0.9797199964523317,0.9571499824523926,0.9756199717521667,0
1421,2011-11-04,0.9598299860954284,0.9692699909210204,0.9578700065612792,0.959879994392395,0
1422,2011-11-07,0.9619100093841552,0.9728299975395204,0.9605200290679932,0.9612799882888794,0
1423,2011-11-08,0.9650499820709229,0.9721999764442444,0.9643300175666808,0.9649699926376344,0
1424,2011-11-09,0.9635099768638612,0.9841899871826172,0.961740016937256,0.9635800123214722,0
1425,2011-11-10,0.9862899780273438,0.9942200183868408,0.9797199964523317,0.9861400127410888,0
1426,2011-11-11,0.984939992427826,0.9891200065612792,0.9744399785995485,0.9847099781036376,0
1427,2011-11-14,0.967769980430603,0.9800999760627748,0.967419981956482,0.967419981956482,0
1428,2011-11-15,0.9798399806022644,0.9884099960327148,0.9778599739074708,0.9799100160598756,0
1429,2011-11-16,0.9857100248336792,0.9938399791717528,0.9821299910545348,0.985509991645813,0
1430,2011-11-17,0.9947299957275392,0.9974300265312196,0.9882400035858154,0.99481999874115,0
1431,2011-11-18,1.0016000270843506,1.0032000541687012,0.9893199801445008,1.0017000436782837,0
1432,2011-11-21,1.0002000331878662,1.018100023269653,1.0002000331878662,1.0002000331878662,0
1433,2011-11-22,1.0149999856948853,1.0182000398635864,1.010200023651123,1.014899969100952,0
1434,2011-11-23,1.0153000354766846,1.0334999561309814,1.0144000053405762,1.0154000520706177,0
1435,2011-11-24,1.031000018119812,1.031000018119812,1.0219999551773071,1.030900001525879,0
1436,2011-11-25,1.0299999713897705,1.03410005569458,1.0231000185012815,1.0303000211715698,0
1437,2011-11-28,1.0175000429153442,1.0197999477386477,1.002400040626526,1.017699956893921,0
1438,2011-11-29,1.0092999935150146,1.013700008392334,0.992550015449524,1.0104000568389893,0
1439,2011-11-30,0.998199999332428,1.0053999423980713,0.9703999757766724,0.9982600212097168,0
1440,2011-12-01,0.9751499891281128,0.9849299788475036,0.9739900231361388,0.9751499891281128,0
1441,2011-12-02,0.978190004825592,0.9794700145721436,0.9685199856758118,0.978190004825592,0
1442,2011-12-05,0.9765599966049194,0.9799699783325196,0.9705299735069276,0.9764400124549866,0
1443,2011-12-06,0.9749799966812134,0.9843500256538392,0.973900020122528,0.9751399755477904,0
1444,2011-12-07,0.9757000207901,0.9768099784851074,0.9707800149917604,0.9756699800491332,0
1445,2011-12-08,0.9730899930000304,0.9794300198554992,0.9633899927139282,0.9728900194168092,0
1446,2011-12-09,0.9824900031089784,0.9947500228881836,0.9800400137901306,0.9824100136756896,0
1447,2011-12-12,0.9797199964523317,0.99413001537323,0.9796000123023988,0.9796900153160096,0
1448,2011-12-13,0.9958599805831908,0.9966599941253662,0.983959972858429,0.9959200024604796,0
1449,2011-12-14,1.001099944114685,1.010800004005432,0.995639979839325,1.0011999607086182,0
1450,2011-12-15,1.0097999572753906,1.0135999917984009,1.001099944114685,1.0097999572753906,0
1451,2011-12-16,1.0061999559402466,1.006100058555603,0.9973099827766418,1.0059000253677368,0
1452,2011-12-19,1.003600001335144,1.0097999572753906,1.003000020980835,1.003600001335144,0
1453,2011-12-20,1.0082999467849731,1.0084999799728394,0.9905400276184082,1.0082999467849731,0
1454,2011-12-21,0.9921600222587584,0.99440997838974,0.9787700176239014,0.9920600056648254,0
1455,2011-12-22,0.9926400184631348,0.9936800003051758,0.985419988632202,0.9929500222206116,0
1456,2011-12-23,0.9867799878120422,0.9867799878120422,0.9821299910545348,0.9866600036621094,0
1457,2011-12-26,0.9844499826431274,0.9850299954414368,0.9829000234603882,0.9845399856567384,0
1458,2011-12-27,0.984250009059906,0.9857100248336792,0.9830899834632874,0.984059989452362,0
1459,2011-12-28,0.985419988632202,0.9903799891471864,0.9799100160598756,0.9854400157928468,0
1460,2011-12-29,0.992169976234436,0.9950199723243712,0.987559974193573,0.9921299815177916,0
1461,2011-12-30,0.9861000180244446,0.9862899780273438,0.9767500162124634,0.9862899780273438,0
1462,2012-01-02,0.9796199798583984,0.9796199798583984,0.9769399762153624,0.9774799942970276,0
1463,2012-01-03,0.9752299785614014,0.9753999710083008,0.962719976902008,0.9753999710083008,0
1464,2012-01-04,0.9643200039863586,0.9701200127601624,0.963919997215271,0.9643200039863586,0
1465,2012-01-05,0.9670000076293944,0.9769399762153624,0.9666900038719176,0.9670199751853944,0
1466,2012-01-06,0.9749400019645692,0.9798700213432312,0.973710000514984,0.9754199981689452,0
1467,2012-01-09,0.9805799722671508,0.9854699969291688,0.9762799739837646,0.9802200198173524,0
1468,2012-01-10,0.9752299785614014,0.9752900004386902,0.9660000205039978,0.9752900004386902,0
1469,2012-01-11,0.9710599780082704,0.974179983139038,0.96833997964859,0.9709699749946594,0
1470,2012-01-12,0.96943998336792,0.9719499945640564,0.9636099934577942,0.9692500233650208,0
1471,2012-01-13,0.9674299955368042,0.9770399928092957,0.9644100069999696,0.9675099849700928,0
1472,2012-01-16,0.9726499915122986,0.975000023841858,0.9679800271987916,0.9726099967956544,0
1473,2012-01-17,0.9689900279045104,0.9688799977302552,0.9573400020599364,0.9688000082969666,0
1474,2012-01-18,0.9634100198745728,0.9650599956512452,0.9589599967002868,0.9629300236701964,0
1475,2012-01-19,0.9597899913787842,0.963890016078949,0.9585000276565552,0.9597899913787842,0
1476,2012-01-20,0.960070013999939,0.9628400206565856,0.9540200233459472,0.9601500034332277,0
1477,2012-01-23,0.9552900195121764,0.95592999458313,0.9457200169563292,0.9550700187683104,0
1478,2012-01-24,0.9497600197792052,0.9585899710655212,0.949400007724762,0.9496399760246276,0
1479,2012-01-25,0.954200029373169,0.9573100209236144,0.9485899806022644,0.9540200233459472,0
1480,2012-01-26,0.944029986858368,0.9441999793052672,0.9356300234794616,0.9441199898719788,0
1481,2012-01-27,0.9419900178909302,0.9438499808311462,0.9371200203895568,0.942359983921051,0
1482,2012-01-30,0.9401000142097472,0.9496700167655944,0.9400299787521362,0.9401999711990356,0
1483,2012-01-31,0.9446399807929992,0.9451799988746644,0.9358100295066832,0.9444699883461,0
1484,2012-02-01,0.94268000125885,0.9451799988746644,0.9358100295066832,0.9444699883461,0
1485,2012-02-02,0.9330099821090698,0.9359099864959716,0.9297099709510804,0.9333599805831908,0
1486,2012-02-03,0.9341400265693665,0.93681001663208,0.9279000163078308,0.934220016002655,0
1487,2012-02-06,0.9300600290298462,0.9357200264930724,0.92944997549057,0.9299700260162354,0
1488,2012-02-07,0.9326599836349488,0.934220016002655,0.9239199757575988,0.9327600002288818,0
1489,2012-02-08,0.9261000156402588,0.927299976348877,0.9220799803733826,0.9262700080871582,0
1490,2012-02-09,0.926959991455078,0.930750012397766,0.9236199855804444,0.9270399808883668,0
1491,2012-02-10,0.9285799860954284,0.9395800232887268,0.9280099868774414,0.928629994392395,0
1492,2012-02-13,0.9337900280952454,0.9355900287628174,0.9277399778366088,0.9335700273513794,0
1493,2012-02-14,0.9341400265693665,0.9375100135803224,0.9316200017929076,0.9341300129890442,0
1494,2012-02-15,0.9342300295829772,0.9371200203895568,0.9279000163078308,0.9344900250434875,0
1495,2012-02-16,0.9356899857521056,0.9390599727630616,0.9311100244522096,0.9358000159263612,0
1496,2012-02-17,0.930180013179779,0.9330099821090698,0.926110029220581,0.9300299882888794,0
1497,2012-02-20,0.92562997341156,0.9303200244903564,0.925790011882782,0.925849974155426,0
1498,2012-02-21,0.9326599836349488,0.9385300278663636,0.9302099943161012,0.9323599934577942,0
1499,2012-02-22,0.9372100234031676,0.9426699876785278,0.9358299970626832,0.9370099902153016,0
1500,2012-02-23,0.9411799907684326,0.9429100155830384,0.9331799745559692,0.9403799772262572,0
1501,2012-02-24,0.9321399927139282,0.934249997138977,0.9297999739646912,0.9320300221443176,0
1502,2012-02-27,0.9350000023841858,0.9387900233268738,0.930679976940155,0.9352099895477296,0
1503,2012-02-28,0.9294400215148926,0.9315299987792968,0.926959991455078,0.929419994354248,0
1504,2012-02-29,0.9259600043296814,0.9289399981498718,0.9211500287055968,0.9258400201797484,0
1505,2012-03-01,0.930999994277954,0.9321399927139282,0.9261000156402588,0.9308599829673768,0
1506,2012-03-02,0.9252600073814392,0.9313899874687196,0.9244099855422974,0.9249200224876404,0
1507,2012-03-05,0.9326099753379822,0.93791002035141,0.9309899806976318,0.9327399730682372,0
1508,2012-03-06,0.936590015888214,0.9477800130844116,0.9352800250053406,0.9366700053215028,0
1509,2012-03-07,0.9464300274848938,0.9511799812316896,0.9447600245475768,0.9464300274848938,0
1510,2012-03-08,0.946179986000061,0.9487900137901306,0.9372900128364564,0.9462599754333496,0
1511,2012-03-09,0.9394400119781494,0.9452900290489196,0.9377300143241882,0.9393200278282166,0
1512,2012-03-12,0.9466699957847596,0.9545599818229676,0.94651997089386,0.94651997089386,0
1513,2012-03-13,0.949400007724762,0.9533799886703492,0.946969985961914,0.9495000243186952,0
1514,2012-03-14,0.9484999775886536,0.9585099816322328,0.9477800130844116,0.9485899806022644,0
1515,2012-03-15,0.9578499794006348,0.9592300057411194,0.949720025062561,0.957759976387024,0
1516,2012-03-16,0.9504799842834472,0.9512900114059448,0.9436799883842468,0.9506199955940248,0
1517,2012-03-19,0.9432200193405152,0.94691002368927,0.9415299892425536,0.9432200193405152,0
1518,2012-03-20,0.9434099793434144,0.9561100006103516,0.9410300254821776,0.943530023097992,0
1519,2012-03-21,0.9537299871444702,0.9593200087547302,0.9497600197792052,0.9536399841308594,0
1520,2012-03-22,0.9561100006103516,0.9669600129127502,0.9537400007247924,0.9558500051498412,0
1521,2012-03-23,0.9613999724388124,0.9637600183486938,0.9554700255393982,0.9614400267601012,0
1522,2012-03-26,0.953410029411316,0.958679974079132,0.94827002286911,0.95346999168396,0
1523,2012-03-27,0.949940025806427,0.9546599984169006,0.946969985961914,0.9497900009155272,0
1524,2012-03-28,0.9575600028038024,0.965399980545044,0.9571200013160706,0.957480013370514,0
1525,2012-03-29,0.962279975414276,0.9703099727630616,0.9617199897766112,0.9621899724006652,0
1526,2012-03-30,0.9638599753379822,0.965810000896454,0.9600600004196168,0.9637699723243712,0
1527,2012-04-02,0.9591400027275084,0.9643700122833252,0.9581300020217896,0.9591599702835084,0
1528,2012-04-03,0.958840012550354,0.96561998128891,0.9555699825286864,0.9589999914169312,0
1529,2012-04-04,0.9699500203132628,0.9759899973869324,0.9698399901390076,0.9702799916267396,0
1530,2012-04-05,0.9726700186729432,0.9750499725341796,0.9687100052833556,0.9727699756622314,0
1531,2012-04-06,0.9713299870491028,0.9731400012969972,0.967960000038147,0.9713500142097472,0
1532,2012-04-09,0.9720100164413452,0.9746900200843812,0.9689000248908995,0.9713500142097472,0
1533,2012-04-10,0.969919979572296,0.9750400185585022,0.965690016746521,0.9700499773025512,0
1534,2012-04-11,0.9771400094032288,0.9776800274848938,0.9679800271987916,0.9775500297546388,0
1535,2012-04-12,0.9689900279045104,0.9701600074768066,0.95728999376297,0.9689000248908995,0
1536,2012-04-13,0.957949995994568,0.9653499722480774,0.956659972667694,0.95796000957489,0
1537,2012-04-16,0.9667699933052064,0.9696499705314636,0.9634699821472168,0.9668400287628174,0
1538,2012-04-17,0.965810000896454,0.9702100157737732,0.9597899913787842,0.9659000039100648,0
1539,2012-04-18,0.9609100222587584,0.9666699767112732,0.9600600004196168,0.960889995098114,0
1540,2012-04-19,0.9641100168228148,0.9692699909210204,0.9627299904823304,0.9642300009727478,0
1541,2012-04-20,0.9665200114250184,0.9698399901390076,0.9631100296974182,0.9666500091552734,0
1542,2012-04-23,0.9630200266838074,0.9733399748802184,0.963100016117096,0.9632099866867064,0
1543,2012-04-24,0.9698399901390076,0.9756500124931335,0.9685199856758118,0.9701700210571288,0
1544,2012-04-25,0.9676799774169922,0.9701499938964844,0.9662700295448304,0.967490017414093,0
1545,2012-04-26,0.9650599956512452,0.9660000205039978,0.962090015411377,0.9650599956512452,0
1546,2012-04-27,0.9646000266075134,0.96561998128891,0.9570599794387816,0.9642099738121032,0
1547,2012-04-30,0.9563599824905396,0.9607200026512146,0.9557499885559082,0.9564200043678284,0
1548,2012-05-01,0.9595100283622742,0.9702399969100952,0.9588599801063538,0.9592099785804749,0
1549,2012-05-02,0.9674000144004822,0.9721999764442444,0.9655299782752992,0.967490017414093,0
1550,2012-05-03,0.970139980316162,0.9748499989509584,0.969410002231598,0.9701200127601624,0
1551,2012-05-04,0.973900020122528,0.982039988040924,0.9728400111198424,0.9740300178527832,0
1552,2012-05-07,0.9877499938011168,0.9889199733734132,0.979569971561432,0.9879699945449828,0
1553,2012-05-08,0.9788900017738342,0.9910799860954284,0.9787200093269348,0.9791200160980223,0
1554,2012-05-09,0.9898099899291992,0.997759997844696,0.9884700179100036,0.9900100231170654,0
1555,2012-05-10,0.994570016860962,0.995050013065338,0.98580002784729,0.9947100281715392,0
1556,2012-05-11,0.9940099716186525,0.9980499744415284,0.9917500019073486,0.9940999746322632,0
1557,2012-05-14,0.99753999710083,1.0039000511169434,0.996399998664856,0.9979000091552734,0
1558,2012-05-15,1.0025999546051023,1.0051000118255615,0.9984599947929382,1.0025999546051023,0
1559,2012-05-16,1.0053999423980713,1.0128999948501587,1.0032000541687012,1.0055999755859375,0
1560,2012-05-17,1.0068999528884888,1.010200023651123,1.003600001335144,1.0068999528884888,0
1561,2012-05-18,1.010599970817566,1.0204999446868896,1.010599970817566,1.010599970817566,0
1562,2012-05-21,1.0163999795913696,1.0185999870300293,1.0125000476837158,1.0164999961853027,0
1563,2012-05-22,1.0082999467849731,1.0134999752044678,1.006100058555603,1.0083999633789062,0
1564,2012-05-23,1.023300051689148,1.0302000045776367,1.0224000215530396,1.0234999656677246,0
1565,2012-05-24,1.027899980545044,1.0295000076293943,1.0188000202178955,1.0276000499725342,0
1566,2012-05-25,1.0240999460220337,1.027999997138977,1.020400047302246,1.0240999460220337,0
1567,2012-05-28,1.018399953842163,1.0188000202178955,1.0113999843597412,1.0188000202178955,0
1568,2012-05-29,1.0182000398635864,1.0198999643325806,1.010200023651123,1.0187000036239624,0
1569,2012-05-30,1.0176000595092771,1.028599977493286,1.0169999599456787,1.0174000263214111,0
1570,2012-05-31,1.030400037765503,1.0335999727249146,1.024399995803833,1.030400037765503,0
1571,2012-06-01,1.0286999940872192,1.0433000326156616,1.028499960899353,1.0286999940872192,0
1572,2012-06-04,1.0369000434875488,1.0382000207901,1.0260000228881836,1.0367000102996826,0
1573,2012-06-05,1.0257999897003174,1.0297000408172607,1.0199999809265137,1.0255999565124512,0
1574,2012-06-06,1.0228999853134155,1.023900032043457,1.0094000101089478,1.0227999687194824,0
1575,2012-06-07,1.0091999769210815,1.011299967765808,0.9997000098228456,1.008999943733215,0
1576,2012-06-08,1.0090999603271484,1.018100023269653,1.008800029754639,1.008800029754639,0
1577,2012-06-11,1.0013999938964844,1.008999943733215,1.000300049781799,1.0016000270843506,0
1578,2012-06-12,1.0124000310897827,1.013399958610535,1.006100058555603,1.0125999450683594,0
1579,2012-06-13,1.004699945449829,1.006700038909912,0.9998999834060668,1.0052000284194946,0
1580,2012-06-14,1.0051000118255615,1.007599949836731,1.000499963760376,1.004899978637695,0
1581,2012-06-15,0.9984800219535828,1.0003999471664429,0.993149995803833,0.9989299774169922,0
1582,2012-06-18,0.9886900186538696,0.9939900040626526,0.9868699908256532,0.9886900186538696,0
1583,2012-06-19,0.9888299703598022,0.9894700050354004,0.9807000160217284,0.9889199733734132,0
1584,2012-06-20,0.9821299910545348,0.9833199977874756,0.979420006275177,0.9823399782180786,0
1585,2012-06-21,0.9807500243186952,0.9914699792861938,0.9807800054550172,0.9807800054550172,0
1586,2012-06-22,0.9955800175666808,0.9990500211715698,0.993499994277954,0.995519995689392,0
1587,2012-06-25,0.9965100288391112,1.002900004386902,0.9959099888801576,0.9960700273513794,0
1588,2012-06-26,0.9986000061035156,0.9987999796867372,0.9940400123596193,0.9987999796867372,0
1589,2012-06-27,0.9950199723243712,0.9958599805831908,0.991379976272583,0.9951800107955932,0
1590,2012-06-28,0.9923800230026244,0.9985399842262268,0.9873600006103516,0.9924899935722352,0
1591,2012-06-29,0.9966400265693665,0.9978100061416626,0.9754599928855896,0.996810019016266,0
1592,2012-07-02,0.976639986038208,0.9788699746131896,0.9730799794197084,0.9766700267791748,0
1593,2012-07-03,0.9767500162124634,0.9773899912834167,0.9710599780082704,0.9768499732017516,0
1594,2012-07-04,0.9718199968338012,0.9742900133132936,0.9690899848937988,0.9722700119018556,0
1595,2012-07-05,0.9738399982452391,0.9760500192642212,0.96833997964859,0.9740899801254272,0
1596,2012-07-06,0.9726899862289428,0.9815099835395812,0.971909999847412,0.9724699854850768,0
1597,2012-07-09,0.9807800054550172,0.9845899939537048,0.9792400002479552,0.9807500243186952,0
1598,2012-07-10,0.9797300100326538,0.984059989452362,0.9760900139808656,0.9798099994659424,0
1599,2012-07-11,0.9815199971199036,0.9822199940681458,0.9725599884986876,0.9815499782562256,0
1600,2012-07-12,0.9756399989128112,0.9898300170898438,0.9752299785614014,0.9757199883461,0
1601,2012-07-13,0.98649001121521,0.987779974937439,0.977519989013672,0.9869700074195862,0
1602,2012-07-16,0.9770399928092957,0.9800099730491638,0.9761499762535096,0.9771699905395508,0
1603,2012-07-17,0.9764900207519532,0.9767799973487854,0.9699299931526184,0.9764599800109864,0
1604,2012-07-18,0.9693700075149536,0.9717199802398682,0.96561998128891,0.9694700241088868,0
1605,2012-07-19,0.9651600122451782,0.9650599956512452,0.9573900103569032,0.9650599956512452,0
1606,2012-07-20,0.9592900276184082,0.9646199941635132,0.9588599801063538,0.959309995174408,0
1607,2012-07-23,0.9671300053596495,0.9760500192642212,0.9669299721717834,0.9671499729156494,0
1608,2012-07-24,0.9734299778938292,0.9753100275993348,0.9694300293922424,0.9735000133514404,0
1609,2012-07-25,0.9788600206375122,0.9811699986457824,0.969879984855652,0.9790199995040894,0
1610,2012-07-26,0.9704399704933168,0.9715099930763244,0.9594200253486632,0.9707499742507936,0
1611,2012-07-27,0.962000012397766,0.9628400206565856,0.9564200043678284,0.962090015411377,0
1612,2012-07-30,0.9556499719619752,0.956820011138916,0.9517499804496764,0.9555699825286864,0
1613,2012-07-31,0.9524999856948853,0.9532600045204164,0.9488599896430968,0.9525099992752076,0
1614,2012-08-01,0.9537400007247924,0.9554700255393982,0.94854998588562,0.9539499878883362,0
1615,2012-08-02,0.9551100134849548,0.9578499794006348,0.9457200169563292,0.9552000164985656,0
1616,2012-08-03,0.956130027770996,0.9571300148963928,0.9460800290107728,0.9562600255012512,0
1617,2012-08-06,0.9470599889755248,0.9489499926567078,0.9439899921417236,0.946969985961914,0
1618,2012-08-07,0.9466999769210817,0.9473299980163574,0.9430599808692932,0.9466099739074708,0
1619,2012-08-08,0.9490399956703186,0.9494199752807616,0.944949984550476,0.9492200016975404,0
1620,2012-08-09,0.9471499919891356,0.947380006313324,0.9422500133514404,0.947380006313324,0
1621,2012-08-10,0.9457200169563292,0.9523500204086304,0.9456499814987184,0.9458100199699402,0
1622,2012-08-13,0.9476100206375122,0.951860010623932,0.9458600282669068,0.9476199746131896,0
1623,2012-08-14,0.9511100053787231,0.954069972038269,0.9486899971961976,0.951200008392334,0
1624,2012-08-15,0.9535499811172484,0.956309974193573,0.9511299729347228,0.95346999168396,0
1625,2012-08-16,0.9527400135993958,0.954479992389679,0.951229989528656,0.9527400135993958,0
1626,2012-08-17,0.9502099752426147,0.9602500200271606,0.9500799775123596,0.9500799775123596,0
1627,2012-08-20,0.958109974861145,0.9589400291442872,0.9551100134849548,0.958150029182434,0
1628,2012-08-21,0.9567499756813048,0.9569699764251708,0.9504299759864808,0.9567499756813048,0
1629,2012-08-22,0.9552000164985656,0.9601200222969056,0.9551100134849548,0.9551600217819214,0
1630,2012-08-23,0.9515600204467772,0.9563400149345398,0.9484800100326538,0.9515500068664552,0
1631,2012-08-24,0.958549976348877,0.9633899927139282,0.9574000239372252,0.9585000276565552,0
1632,2012-08-27,0.9610900282859802,0.963949978351593,0.9596700072288512,0.9611499905586244,0
1633,2012-08-28,0.9646900296211244,0.9664499759674072,0.9623900055885316,0.9648799896240234,0
1634,2012-08-29,0.9638599753379822,0.9656100273132324,0.9616199731826782,0.9638599753379822,0
1635,2012-08-30,0.9670199751853944,0.9707199931144714,0.9666200280189514,0.9669299721717834,0
1636,2012-08-31,0.9726700186729432,0.9727500081062316,0.9657999873161316,0.9727100133895874,0
1637,2012-09-03,0.9729400277137756,0.9771400094032288,0.9729499816894532,0.9735000133514404,0
1638,2012-09-04,0.9764699935913086,0.978219985961914,0.971909999847412,0.9764699935913086,0
1639,2012-09-05,0.9792400002479552,0.9832800030708312,0.9780899882316588,0.9795299768447876,0
1640,2012-09-06,0.9810699820518494,0.9831299781799316,0.9718599915504456,0.9812300205230712,0
1641,2012-09-07,0.9721999764442444,0.972819983959198,0.9617800116539,0.972379982471466,0
1642,2012-09-10,0.9650499820709229,0.9674699902534484,0.9627400040626526,0.9649699926376344,0
1643,2012-09-11,0.9676799774169922,0.9685500264167786,0.9570000171661376,0.967769980430603,0
1644,2012-09-12,0.9587299823760986,0.9588599801063538,0.9518399834632874,0.9588599801063538,0
1645,2012-09-13,0.9554700255393982,0.9585899710655212,0.9531999826431274,0.9557300209999084,0
1646,2012-09-14,0.9491999745368958,0.9491299986839294,0.9413400292396544,0.9490399956703186,0
1647,2012-09-17,0.948889970779419,0.9534800052642822,0.9480900168418884,0.9490399956703186,0
1648,2012-09-18,0.9545699954032898,0.9603700041770936,0.95346999168396,0.9545300006866456,0
1649,2012-09-19,0.9564800262451172,0.9596999883651732,0.9539300203323364,0.9565899968147278,0
1650,2012-09-20,0.9549099802970886,0.9643499851226808,0.9547500014305116,0.9549499750137328,0
1651,2012-09-21,0.958299994468689,0.9585199952125548,0.9506700038909912,0.9585199952125548,0
1652,2012-09-24,0.9582599997520448,0.9625800251960754,0.9580399990081788,0.9582800269126892,0
1653,2012-09-25,0.9591500163078308,0.9607999920845032,0.9556599855422974,0.959500014781952,0
1654,2012-09-26,0.964900016784668,0.9678800106048584,0.9634799957275392,0.9649699926376344,0
1655,2012-09-27,0.9640600085258484,0.964739978313446,0.957949995994568,0.9640600085258484,0
1656,2012-09-28,0.9580699801445008,0.963599979877472,0.9546499848365784,0.9580399990081788,0
1657,2012-10-01,0.9656800031661988,0.9682700037956238,0.9611300230026244,0.9659299850463868,0
1658,2012-10-02,0.9651600122451782,0.9721999764442444,0.963379979133606,0.9652900099754332,0
1659,2012-10-03,0.9746800065040588,0.9802500009536744,0.9744200110435486,0.975130021572113,0
1660,2012-10-04,0.9773100018501282,0.981790006160736,0.9762799739837646,0.9773300290107728,0
1661,2012-10-05,0.9763100147247314,0.9797099828720092,0.9727699756622314,0.976360023021698,0
1662,2012-10-08,0.983240008354187,0.9849299788475036,0.9783700108528136,0.9835299849510192,0
1663,2012-10-09,0.9790899753570556,0.9825199842453004,0.975759983062744,0.9788900017738342,0
1664,2012-10-10,0.98158997297287,0.9817399978637696,0.9742699861526488,0.9815800189971924,0
1665,2012-10-11,0.9782800078392028,0.9785299897193908,0.9711099863052368,0.9783999919891356,0
1666,2012-10-12,0.9750999808311462,0.9785900115966796,0.971560001373291,0.9747400283813475,0
1667,2012-10-15,0.977869987487793,0.980019986629486,0.9749100208282472,0.977649986743927,0
1668,2012-10-16,0.973800003528595,0.9757999777793884,0.971780002117157,0.974179983139038,0
1669,2012-10-17,0.9700300097465516,0.9706699848175048,0.9631100296974182,0.9701499938964844,0
1670,2012-10-18,0.9634799957275392,0.9649500250816344,0.9602500200271606,0.9635800123214722,0
1671,2012-10-19,0.9638599753379822,0.9686400294303894,0.9630799889564514,0.9638699889183044,0
1672,2012-10-22,0.970329999923706,0.9703699946403505,0.9670799970626832,0.9702100157737732,0
1673,2012-10-23,0.967419981956482,0.9768199920654296,0.9673100113868712,0.9674000144004822,0
1674,2012-10-24,0.973800003528595,0.9738199710845948,0.966069996356964,0.9738199710845948,0
1675,2012-10-25,0.9665600061416626,0.9671199917793274,0.9616299867630004,0.9665899872779846,0
1676,2012-10-26,0.9660500288009644,0.9701300263404846,0.9627900123596193,0.9661800265312196,0
1677,2012-10-29,0.9659000039100648,0.9676899909973145,0.964389979839325,0.9645599722862244,0
1678,2012-10-30,0.967140018939972,0.9679999947547911,0.9628300070762634,0.9671900272369384,0
1679,2012-10-31,0.9646900296211244,0.9657899737358092,0.9614499807357788,0.9649199843406676,0
1680,2012-11-01,0.9637600183486938,0.9656100273132324,0.9604899883270264,0.9639000296592712,0
1681,2012-11-02,0.9602800011634828,0.9647799730300904,0.9601500034332277,0.9603099822998048,0
1682,2012-11-05,0.9668400287628174,0.9674000144004822,0.9641299843788148,0.9668099880218506,0
1683,2012-11-06,0.9632999897003174,0.9645799994468688,0.9573000073432922,0.9632099866867064,0
1684,2012-11-07,0.9587100148200988,0.9606599807739258,0.954110026359558,0.9588599801063538,0
1685,2012-11-08,0.9611700177192688,0.9621599912643432,0.958459973335266,0.960889995098114,0
1686,2012-11-09,0.9614400267601012,0.9651899933815002,0.958299994468689,0.9614499807357788,0
1687,2012-11-12,0.962000012397766,0.962369978427887,0.9574900269508362,0.962000012397766,0
1688,2012-11-13,0.959089994430542,0.9616400003433228,0.9581400156021118,0.9590499997138976,0
1689,2012-11-14,0.9574900269508362,0.9634699821472168,0.9560199975967408,0.957360029220581,0
1690,2012-11-15,0.9646999835968018,0.9699299931526184,0.9627400040626526,0.9647200107574464,0
1691,2012-11-16,0.9671300053596495,0.9707800149917604,0.9660000205039978,0.9673200249671936,0
1692,2012-11-19,0.9652100205421448,0.965590000152588,0.9595999717712402,0.9652000069618224,0
1693,2012-11-20,0.9613199830055236,0.9646900296211244,0.9590499997138976,0.961430013179779,0
1694,2012-11-21,0.9624599814414978,0.9671599864959716,0.9624599814414978,0.9624599814414978,0
1695,2012-11-22,0.9631100296974182,0.965839982032776,0.9616400003433228,0.9632200002670288,0
1696,2012-11-23,0.9633700251579284,0.963670015335083,0.9570099711418152,0.9633899927139282,0
1697,2012-11-26,0.9561100006103516,0.9578700065612792,0.9552000164985656,0.9561100006103516,0
1698,2012-11-27,0.9549300074577332,0.9575200080871582,0.9530199766159058,0.9548400044441224,0
1699,2012-11-28,0.9574900269508362,0.9588900208473206,0.9556599855422974,0.9574000239372252,0
1700,2012-11-29,0.9546499848365784,0.9587000012397766,0.954200029373169,0.9547600150108336,0
1701,2012-11-30,0.9588299989700316,0.9611700177192688,0.9570299983024596,0.9588500261306764,0
1702,2012-12-03,0.9591400027275084,0.962090015411377,0.9573699831962584,0.9590499997138976,0
1703,2012-12-05,0.9546599984169006,0.957509994506836,0.95346999168396,0.9547500014305116,0
1704,2012-12-06,0.9571200013160706,0.9576799869537354,0.9510899782180786,0.9571899771690368,0
1705,2012-12-07,0.9547500014305116,0.955900013446808,0.9530199766159058,0.9547299742698668,0
1706,2012-12-10,0.9540299773216248,0.9551600217819214,0.9517499804496764,0.9537799954414368,0
1707,2012-12-11,0.95346999168396,0.9556199908256532,0.9504799842834472,0.9536200165748596,0
1708,2012-12-12,0.9490399956703186,0.950190007686615,0.9472399950027466,0.9489499926567078,0
1709,2012-12-13,0.948199987411499,0.9488499760627748,0.94651997089386,0.948140025138855,0
1710,2012-12-14,0.9495099782943726,0.9513999819755554,0.9470599889755248,0.9494500160217284,0
1711,2012-12-17,0.9473900198936462,0.9498500227928162,0.9473299980163574,0.9473299980163574,0
1712,2012-12-18,0.948050022125244,0.9508500099182128,0.946969985961914,0.9482300281524658,0
1713,2012-12-19,0.9505800008773804,0.95415997505188,0.9491299986839294,0.9507499933242798,0
1714,2012-12-20,0.9544900059700012,0.9556000232696532,0.9521999955177308,0.9545300006866456,0
1715,2012-12-21,0.954110026359558,0.9605399966239928,0.9539300203323364,0.9541199803352356,0
1716,2012-12-24,0.9618200063705444,0.9645900130271912,0.9599599838256836,0.9619600176811218,0
1717,2012-12-25,0.9645100235939026,0.9651600122451782,0.9556599855422974,0.9644100069999696,0
1718,2012-12-26,0.963949978351593,0.9654600024223328,0.9628000259399414,0.963949978351593,0
1719,2012-12-27,0.964709997177124,0.9664099812507628,0.9625200033187866,0.9647300243377686,0
1720,2012-12-28,0.9643399715423584,0.9647899866104126,0.9618200063705444,0.9644100069999696,0
1721,2012-12-31,0.962279975414276,0.9646599888801576,0.9606099724769592,0.9622399806976318,0
1722,2013-01-01,0.9616299867630004,0.9627400040626526,0.9574000239372252,0.9626500010490416,0
1723,2013-01-02,0.9623100161552428,0.9621999859809875,0.950119972229004,0.9621899724006652,0
1724,2013-01-03,0.9530199766159058,0.9544399976730348,0.9498599767684937,0.9530100226402284,0
1725,2013-01-04,0.956659972667694,0.9618300199508668,0.9553800225257874,0.956849992275238,0
1726,2013-01-07,0.9527999758720398,0.9552099704742432,0.951640009880066,0.9527699947357178,0
1727,2013-01-08,0.9513199925422668,0.954859972000122,0.9507499933242798,0.951229989528656,0
1728,2013-01-09,0.9511399865150452,0.9533299803733826,0.9489499926567078,0.9511100053787231,0
1729,2013-01-10,0.95183002948761,0.9526900053024292,0.944509983062744,0.9519299864768982,0
1730,2013-01-11,0.9451500177383424,0.9480299949645996,0.9441400170326232,0.9452199935913086,0
1731,2013-01-14,0.94896000623703,0.9501500129699708,0.9450899958610536,0.9488599896430968,0
1732,2013-01-15,0.946590006351471,0.9498800039291382,0.9456300139427184,0.94650000333786,0
1733,2013-01-16,0.9459999799728394,0.9493600130081176,0.9452300071716307,0.9460300207138062,0
1734,2013-01-17,0.9471099972724916,0.9527400135993958,0.9465799927711488,0.9474599957466124,0
1735,2013-01-18,0.9482200145721436,0.9535599946975708,0.9471499919891356,0.9483100175857544,0
1736,2013-01-21,0.9517300128936768,0.9528499841690063,0.9498500227928162,0.9519799947738647,0
1737,2013-01-22,0.9509299993515016,0.951889991760254,0.9451799988746644,0.9509999752044678,0
1738,2013-01-23,0.9467099905014038,0.9497600197792052,0.9459800124168396,0.9467899799346924,0
1739,2013-01-24,0.9490500092506408,0.9566900134086608,0.9479600191116332,0.948769986629486,0
1740,2013-01-25,0.9573000073432922,0.9595400094985962,0.9551500082015992,0.9570299983024596,0
1741,2013-01-28,0.9602900147438048,0.9628099799156188,0.9584100246429444,0.9604899883270264,0
1742,2013-01-29,0.9594799876213074,0.959720015525818,0.9553800225257874,0.9593200087547302,0
1743,2013-01-30,0.9552000164985656,0.96110999584198,0.954289972782135,0.9557499885559082,0
1744,2013-01-31,0.9598000049591064,0.9631900191307068,0.9574400186538696,0.959980010986328,0
1745,2013-02-01,0.9585700035095216,0.9650400280952454,0.9574199914932252,0.9585000276565552,0
1746,2013-02-04,0.9591400027275084,0.9604399800300598,0.9576699733734132,0.9592199921607972,0
1747,2013-02-05,0.957759976387024,0.9641299843788148,0.956179976463318,0.9576699733734132,0
1748,2013-02-06,0.9624599814414978,0.9710599780082704,0.961579978466034,0.9622899889945984,0
1749,2013-02-07,0.9689900279045104,0.9708700180053712,0.9672099947929382,0.9690600037574768,0
1750,2013-02-08,0.9725099802017212,0.9747599959373474,0.9663699865341188,0.9727699756622314,0
1751,2013-02-11,0.9687299728393556,0.9742599725723268,0.96833997964859,0.9689900279045104,0
1752,2013-02-12,0.9743199944496156,0.9776700139045716,0.9691299796104432,0.974560022354126,0
1753,2013-02-13,0.9672399759292604,0.968970000743866,0.9649699926376344,0.9673100113868712,0
1754,2013-02-14,0.9651600122451782,0.9682199954986572,0.9646900296211244,0.9655500054359436,0
1755,2013-02-15,0.9661300182342528,0.9710000157356262,0.9639300107955932,0.9660900235176086,0
1756,2013-02-18,0.9709299802780152,0.9731000065803528,0.969410002231598,0.9710599780082704,0
1757,2013-02-19,0.9690899848937988,0.9703500270843506,0.9656500220298768,0.9690899848937988,0
1758,2013-02-20,0.9662799835205078,0.9723299741744996,0.9644100069999696,0.96628999710083,0
1759,2013-02-21,0.975759983062744,0.977649986743927,0.974120020866394,0.9757000207901,0
1760,2013-02-22,0.971400022506714,0.9734699726104736,0.9671099781990052,0.9713299870491028,0
1761,2013-02-25,0.9710400104522704,0.974179983139038,0.967960000038147,0.9710100293159484,0
1762,2013-02-26,0.973680019378662,0.9802200198173524,0.9714400172233582,0.973710000514984,0
1763,2013-02-27,0.9771400094032288,0.9817799925804138,0.9767699837684632,0.9769600033760072,0
1764,2013-02-28,0.977299988269806,0.9797199964523317,0.9717100262641908,0.9775599837303162,0
1765,2013-03-01,0.9785699844360352,0.9818500280380248,0.9762799739837646,0.9786400198936462,0
1766,2013-03-04,0.9807500243186952,0.9883800148963928,0.9803900122642516,0.9807199835777284,0
1767,2013-03-05,0.980019986629486,0.9807999730110168,0.9753199815750122,0.9800099730491638,0
1768,2013-03-06,0.9740099906921388,0.9749400019645692,0.9710599780082704,0.9740899801254272,0
1769,2013-03-07,0.977180004119873,0.978380024433136,0.9718199968338012,0.9770399928092957,0
1770,2013-03-08,0.9736499786376952,0.9780600070953368,0.9726700186729432,0.9734699726104736,0
1771,2013-03-11,0.9786700010299684,0.979200005531311,0.9736199975013732,0.978950023651123,0
1772,2013-03-12,0.9728599786758424,0.9739099740982056,0.9674800038337708,0.9729499816894532,0
1773,2013-03-13,0.9681500196456908,0.9723100066184998,0.9676799774169922,0.9681500196456908,0
1774,2013-03-14,0.9708700180053712,0.9708700180053712,0.9618200063705444,0.9708200097084044,0
1775,2013-03-15,0.9633700251579284,0.964959979057312,0.9610300064086914,0.9632999897003174,0
1776,2013-03-18,0.965820014476776,0.966539978981018,0.961650013923645,0.9657899737358092,0
1777,2013-03-19,0.9621000289916992,0.9649800062179564,0.9609799981117249,0.962090015411377,0
1778,2013-03-20,0.9651399850845336,0.9654800295829772,0.9616299867630004,0.9650599956512452,0
1779,2013-03-21,0.96356999874115,0.9648900032043456,0.9570299983024596,0.9635099768638612,0
1780,2013-03-22,0.9578499794006348,0.9594200253486632,0.956570029258728,0.9578499794006348,0
1781,2013-03-25,0.9570500254631042,0.9584500193595886,0.9538300037384032,0.9569299817085266,0
1782,2013-03-26,0.9557999968528748,0.957069993019104,0.952560007572174,0.9558600187301636,0
1783,2013-03-27,0.9547799825668336,0.9597100019454956,0.9539300203323364,0.9545900225639344,0
1784,2013-03-28,0.9570599794387816,0.9616199731826782,0.9561100006103516,0.956849992275238,0
1785,2013-03-29,0.959850013256073,0.9609799981117249,0.9588599801063538,0.959969997406006,0
1786,2013-04-01,0.9603999853134156,0.9626500010490416,0.9590700268745422,0.9603300094604492,0
1787,2013-04-02,0.9580399990081788,0.9581000208854676,0.954110026359558,0.958050012588501,0
1788,2013-04-03,0.956279993057251,0.9571200013160706,0.9525499939918518,0.9563300013542176,0
1789,2013-04-04,0.9564999938011168,0.9618800282478333,0.9535599946975708,0.956570029258728,0
1790,2013-04-05,0.9593300223350524,0.965470016002655,0.9580699801445008,0.9592300057411194,0
1791,2013-04-08,0.9660300016403198,0.9660099744796752,0.9592300057411194,0.9660099744796752,0
1792,2013-04-09,0.9596700072288512,0.9601399898529052,0.9528300166130066,0.959659993648529,0
1793,2013-04-10,0.9533799886703492,0.9544699788093568,0.9476600289344788,0.95346999168396,0
1794,2013-04-11,0.94896000623703,0.9521300196647644,0.9448300004005432,0.9489499926567078,0
1795,2013-04-12,0.9482100009918212,0.953760027885437,0.9466999769210817,0.9480900168418884,0
1796,2013-04-15,0.9511100053787231,0.9635800123214722,0.9502099752426147,0.9514899849891664,0
1797,2013-04-16,0.9672999978065492,0.969860017299652,0.9629499912261964,0.9673100113868712,0
1798,2013-04-17,0.9629300236701964,0.971180021762848,0.9627100229263306,0.9631100296974182,0
1799,2013-04-18,0.9705899953842164,0.9736199975013732,0.9671199917793274,0.9706900119781494,0
1800,2013-04-19,0.9710599780082704,0.9725099802017212,0.9653400182724,0.971239984035492,0
1801,2013-04-22,0.9733399748802184,0.976859986782074,0.97010999917984,0.9732499718666076,0
1802,2013-04-23,0.974120020866394,0.9782099723815918,0.9737799763679504,0.974179983139038,0
1803,2013-04-24,0.974560022354126,0.9771299958229064,0.9713500142097472,0.9746299982070924,0
1804,2013-04-25,0.9728599786758424,0.973330020904541,0.967170000076294,0.9730499982833862,0
1805,2013-04-26,0.9714499711990356,0.9741600155830384,0.967490017414093,0.9714400172233582,0
1806,2013-04-29,0.9723700284957886,0.9730299711227416,0.9654399752616882,0.9724900126457214,0
1807,2013-04-30,0.9667400121688844,0.9678000211715698,0.9630200266838074,0.9669399857521056,0
1808,2013-05-01,0.9642500281333924,0.9734399914741516,0.963100016117096,0.9641199707984924,0
1809,2013-05-02,0.9722200036048888,0.9782099723815918,0.9724199771881104,0.9724199771881104,0
1810,2013-05-03,0.9750699996948242,0.9760900139808656,0.9687100052833556,0.9752900004386902,0
1811,2013-05-06,0.9706400036811828,0.9779300093650818,0.9701200127601624,0.9709699749946594,0
1812,2013-05-07,0.9761000275611876,0.9845700263977052,0.9753199815750122,0.9760100245475768,0
1813,2013-05-08,0.982479989528656,0.9844499826431274,0.97952002286911,0.982640027999878,0
1814,2013-05-09,0.981190025806427,0.9823200106620787,0.9751399755477904,0.9813500046730042,0
1815,2013-05-10,0.9924100041389464,1.0038000345230105,0.9906299710273744,0.9924200177192688,0
1816,2013-05-13,1.0015000104904177,1.0047999620437622,0.9988999962806702,1.0015000104904177,0
1817,2013-05-14,1.002900004386902,1.0110000371932983,0.9996600151062012,1.002900004386902,0
1818,2013-05-15,1.0091999769210815,1.0146000385284424,1.0082000494003296,1.0094000101089478,0
1819,2013-05-16,1.0103000402450562,1.02020001411438,1.0085999965667725,1.010200023651123,0
1820,2013-05-17,1.017699956893921,1.0296000242233276,1.0175000429153442,1.0175000429153442,0
1821,2013-05-20,1.023800015449524,1.0262000560760498,1.0205999612808228,1.0241999626159668,0
1822,2013-05-21,1.0190000534057615,1.0252000093460083,1.0162999629974363,1.0188000202178955,0
1823,2013-05-22,1.018399953842163,1.033400058746338,1.017699956893921,1.018399953842163,0
1824,2013-05-23,1.0348000526428225,1.0413999557495115,1.0225000381469729,1.0343999862670898,0
1825,2013-05-24,1.0326000452041626,1.0362999439239502,1.0302000045776367,1.0326000452041626,0
1826,2013-05-27,1.037600040435791,1.0397000312805176,1.0341999530792236,1.0378999710083008,0
1827,2013-05-28,1.03849995136261,1.041800022125244,1.0313999652862549,1.03849995136261,0
1828,2013-05-29,1.044399976730347,1.049299955368042,1.03410005569458,1.044600009918213,0
1829,2013-05-30,1.037700057029724,1.0430999994277954,1.0312000513076782,1.037999987602234,0
1830,2013-05-31,1.0341999530792236,1.0470000505447388,1.0331000089645386,1.0342999696731567,0
1831,2013-06-03,1.039199948310852,1.041599988937378,1.022979974746704,1.0393999814987185,0
1832,2013-06-04,1.0253000259399414,1.037600040435791,1.0242999792099,1.0255000591278076,0
1833,2013-06-05,1.0368000268936155,1.051200032234192,1.035390019416809,1.0372999906539917,0
1834,2013-06-06,1.0509999990463257,1.0597000122070312,1.0393999814987185,1.0515999794006348,0
1835,2013-06-07,1.0458600521087646,1.0593199729919434,1.045699954032898,1.0463000535964966,0
1836,2013-06-10,1.0618000030517578,1.0634000301361084,1.054800033569336,1.0618000030517578,0
1837,2013-06-11,1.0572999715805054,1.0719000101089478,1.0572799444198608,1.0572799444198608,0
1838,2013-06-12,1.0570000410079956,1.0618000030517578,1.045799970626831,1.0572999715805054,0
1839,2013-06-13,1.054800033569336,1.060099959373474,1.039199948310852,1.0547000169754028,0
1840,2013-06-14,1.037600040435791,1.0448999404907229,1.0361000299453735,1.0382000207901,0
1841,2013-06-17,1.0442999601364136,1.049399971961975,1.0372999906539917,1.0440000295639038,0
1842,2013-06-18,1.047700047492981,1.0591000318527222,1.0444999933242798,1.0473999977111816,0
1843,2013-06-19,1.0542000532150269,1.0592999458312988,1.0475000143051147,1.0537999868392944,0
1844,2013-06-20,1.0774999856948853,1.091099977493286,1.073699951171875,1.0777000188827517,0
1845,2013-06-21,1.0865999460220337,1.0886000394821167,1.0801000595092771,1.08650004863739,0
1846,2013-06-24,1.08270001411438,1.0925999879837036,1.0786999464035034,1.0824999809265137,0
1847,2013-06-25,1.079699993133545,1.0871000289916992,1.075600028038025,1.079699993133545,0
1848,2013-06-26,1.0794999599456787,1.0823999643325806,1.070099949836731,1.079300045967102,0
1849,2013-06-27,1.0765999555587769,1.079300045967102,1.0709999799728394,1.076799988746643,0
1850,2013-06-28,1.077399969100952,1.0942000150680542,1.0770000219345093,1.0772099494934082,0
1851,2013-07-01,1.0953999757766724,1.0957000255584717,1.0815000534057615,1.0952999591827393,0
1852,2013-07-02,1.0816999673843384,1.0938999652862549,1.0809999704360962,1.0817999839782717,0
1853,2013-07-03,1.093500018119812,1.1045000553131104,1.0886000394821167,1.093500018119812,0
1854,2013-07-04,1.0997999906539917,1.1016700267791748,1.0893000364303589,1.0999000072479248,0
1855,2013-07-05,1.0938999652862549,1.1064000129699707,1.0893000364303589,1.0938999652862549,0
1856,2013-07-08,1.1035000085830688,1.1095999479293823,1.0944000482559204,1.1039999723434448,0
1857,2013-07-09,1.094099998474121,1.1064000129699707,1.087000012397766,1.094099998474121,0
1858,2013-07-10,1.091099977493286,1.100000023841858,1.0830999612808228,1.090999960899353,0
1859,2013-07-11,1.0780999660491943,1.096400022506714,1.0746999979019165,1.0772000551223757,0
1860,2013-07-12,1.0898000001907349,1.1095999479293823,1.0882999897003174,1.0902999639511108,0
1861,2013-07-15,1.1015599966049194,1.110700011253357,1.0963900089263916,1.1016000509262085,0
1862,2013-07-16,1.0999000072479248,1.1026999950408936,1.0824999809265137,1.100100040435791,0
1863,2013-07-17,1.0821000337600708,1.0918999910354614,1.076200008392334,1.0821000337600708,0
1864,2013-07-18,1.083199977874756,1.093999981880188,1.0819000005722046,1.0836000442504885,0
1865,2013-07-19,1.0893000364303589,1.0922000408172607,1.0830999612808228,1.0893000364303589,0
1866,2013-07-22,1.0846999883651731,1.0884000062942505,1.0788999795913696,1.0847400426864624,0
1867,2013-07-23,1.0801000595092771,1.0839999914169312,1.0770000219345093,1.080299973487854,0
1868,2013-07-24,1.0765000581741333,1.0885000228881836,1.0736900568008425,1.076799988746643,0
1869,2013-07-25,1.0952999591827393,1.094599962234497,1.087399959564209,1.094599962234497,0
1870,2013-07-26,1.0822999477386477,1.0835000276565552,1.0757999420166016,1.0824999809265137,0
1871,2013-07-29,1.080399990081787,1.0878000259399414,1.076799988746643,1.0805000066757202,0
1872,2013-07-30,1.0875999927520752,1.1054099798202517,1.0860799551010132,1.087000012397766,0
1873,2013-07-31,1.1022000312805176,1.117400050163269,1.102300047874451,1.102300047874451,0
1874,2013-08-01,1.117300033569336,1.1224000453948977,1.1123000383377075,1.1166000366210938,0
1875,2013-08-02,1.118299961090088,1.1261999607086182,1.114799976348877,1.1187100410461426,0
1876,2013-08-05,1.1229000091552734,1.1298400163650513,1.1210999488830566,1.122599959373474,0
1877,2013-08-06,1.1217999458312988,1.1226999759674072,1.1103999614715576,1.1216000318527222,0
1878,2013-08-07,1.1124999523162842,1.1208000183105469,1.1086000204086304,1.1126999855041504,0
1879,2013-08-08,1.11080002784729,1.1125999689102173,1.0959999561309814,1.1103999614715576,0
1880,2013-08-09,1.0980000495910645,1.100000023841858,1.0865999460220337,1.0980000495910645,0
1881,2013-08-12,1.0887000560760498,1.094599962234497,1.0813000202178955,1.089900016784668,0
1882,2013-08-13,1.097000002861023,1.1017999649047852,1.0930999517440796,1.0973999500274658,0
1883,2013-08-14,1.0989999771118164,1.10099995136261,1.092030048370361,1.0993000268936155,0
1884,2013-08-15,1.093500018119812,1.1030999422073364,1.0878000259399414,1.0937000513076782,0
1885,2013-08-16,1.0949000120162964,1.0950000286102295,1.0853999853134155,1.0950000286102295,0
1886,2013-08-19,1.087000012397766,1.0956000089645386,1.0829999446868896,1.087000012397766,0
1887,2013-08-20,1.097000002861023,1.107699990272522,1.095900058746338,1.0968999862670898,0
1888,2013-08-21,1.1035000085830688,1.1109000444412231,1.1038999557495115,1.1038999557495115,0
1889,2013-08-22,1.1148799657821655,1.1193000078201294,1.1058000326156616,1.1151000261306765,0
1890,2013-08-23,1.1088000535964966,1.114199995994568,1.1052000522613523,1.1088000535964966,0
1891,2013-08-26,1.1075999736785889,1.1105999946594238,1.1026999950408936,1.107300043106079,0
1892,2013-08-27,1.1094000339508057,1.1193000078201294,1.1100000143051147,1.1100000143051147,0
1893,2013-08-28,1.117799997329712,1.1240999698638916,1.1151000261306765,1.118000030517578,0
1894,2013-08-29,1.1176999807357788,1.1212999820709229,1.113700032234192,1.117799997329712,0
1895,2013-08-30,1.120300054550171,1.1240999698638916,1.1166000366210938,1.120300054550171,0
1896,2013-09-02,1.1187000274658203,1.1187000274658203,1.1095000505447388,1.1187000274658203,0
1897,2013-09-03,1.1110999584197998,1.114199995994568,1.1024999618530271,1.1114000082015991,0
1898,2013-09-04,1.104200005531311,1.1059999465942385,1.0884000062942505,1.104599952697754,0
1899,2013-09-05,1.0902999639511108,1.096500039100647,1.0882999897003174,1.0907000303268433,0
1900,2013-09-06,1.09660005569458,1.09660005569458,1.0851000547409058,1.09660005569458,0
1901,2013-09-09,1.087399959564209,1.0906000137329102,1.0830999612808228,1.0880000591278076,0
1902,2013-09-10,1.083199977874756,1.0830999612808228,1.0736000537872314,1.0830999612808228,0
1903,2013-09-11,1.0751999616622925,1.0777000188827517,1.072700023651123,1.0750999450683594,0
1904,2013-09-12,1.0712000131607056,1.083400011062622,1.069499969482422,1.0713200569152832,0
1905,2013-09-13,1.0795999765396118,1.083799958229065,1.0789999961853027,1.0793999433517456,0
1906,2013-09-16,1.07260000705719,1.07260000705719,1.0651999711990356,1.0724999904632568,0
1907,2013-09-17,1.072700023651123,1.0765999555587769,1.0676000118255615,1.0729399919509888,0
1908,2013-09-18,1.069100022315979,1.0708999633789062,1.067199945449829,1.069000005722046,0
1909,2013-09-19,1.052899956703186,1.0591000318527222,1.0499999523162842,1.052899956703186,0
1910,2013-09-20,1.0586999654769895,1.066100001335144,1.0571999549865725,1.0586999654769895,0
1911,2013-09-23,1.063599944114685,1.065600037574768,1.0578999519348145,1.0638999938964844,0
1912,2013-09-24,1.0612000226974487,1.0676000118255615,1.0613000392913818,1.0614999532699585,0
1913,2013-09-25,1.065600037574768,1.0707000494003296,1.0643999576568604,1.0657000541687012,0
1914,2013-09-26,1.0677000284194946,1.0699000358581543,1.063599944114685,1.0680999755859375,0
1915,2013-09-27,1.0684000253677368,1.0752999782562256,1.06659996509552,1.06850004196167,0
1916,2013-09-30,1.0750999450683594,1.076799988746643,1.0687999725341797,1.0755000114440918,0
1917,2013-10-01,1.0729000568389893,1.075700044631958,1.0597000122070312,1.0724999904632568,0
1918,2013-10-02,1.0648000240325928,1.0712000131607056,1.0628999471664429,1.0647000074386597,0
1919,2013-10-03,1.0652999877929688,1.0672999620437622,1.062199950218201,1.065500020980835,0
1920,2013-10-04,1.063599944114685,1.0635000467300415,1.0571999549865725,1.0635000467300415,0
1921,2013-10-07,1.059000015258789,1.0650999546051023,1.0582000017166138,1.0591000318527222,0
1922,2013-10-09,1.05840003490448,1.0621000528335571,1.056399941444397,1.0580999851226809,0
1923,2013-10-10,1.0582000017166138,1.0645300149917605,1.0561000108718872,1.0582000017166138,0
1924,2013-10-11,1.057569980621338,1.05840003490448,1.0541000366210938,1.0575000047683716,0
1925,2013-10-14,1.058500051498413,1.0598000288009644,1.0542000532150269,1.058500051498413,0
1926,2013-10-15,1.051300048828125,1.0516300201416016,1.0471999645233154,1.051300048828125,0
1927,2013-10-16,1.0484999418258667,1.051699995994568,1.0477999448776243,1.0480999946594238,0
1928,2013-10-17,1.0477999448776243,1.0499000549316406,1.0367000102996826,1.0477999448776243,0
1929,2013-10-18,1.039800047874451,1.0408999919891355,1.033400058746338,1.0396000146865845,0
1930,2013-10-21,1.035099983215332,1.0369000434875488,1.0332000255584717,1.034999966621399,0
1931,2013-10-22,1.035899996757507,1.0368000268936155,1.0276000499725342,1.0361000299453735,0
1932,2013-10-23,1.0307999849319458,1.0405999422073364,1.024999976158142,1.0305999517440796,0
1933,2013-10-24,1.0371999740600586,1.0444999933242798,1.033900022506714,1.0372999906539917,0
1934,2013-10-25,1.0392999649047852,1.0442999601364136,1.0391000509262085,1.0397000312805176,0
1935,2013-10-28,1.041700005531311,1.0463000535964966,1.0391000509262085,1.041700005531311,0
1936,2013-10-29,1.047600030899048,1.0540000200271606,1.0471999645233154,1.0477900505065918,0
1937,2013-10-30,1.0549999475479126,1.0569000244140625,1.0508999824523926,1.054900050163269,0
1938,2013-10-31,1.0559300184249878,1.0571999549865725,1.0497000217437744,1.0562000274658203,0
1939,2013-11-01,1.0568000078201294,1.0611000061035156,1.0535999536514282,1.0568000078201294,0
1940,2013-11-04,1.056399941444397,1.0566999912261963,1.0513999462127686,1.0561000108718872,0
1941,2013-11-05,1.051300048828125,1.05649995803833,1.0484999418258667,1.051200032234192,0
1942,2013-11-06,1.0526000261306765,1.0540000200271606,1.0480999946594238,1.0528000593185425,0
1943,2013-11-07,1.0496000051498413,1.058500051498413,1.0496000051498413,1.0496000051498413,0
1944,2013-11-08,1.0575000047683716,1.069000005722046,1.054900050163269,1.0575000047683716,0
1945,2013-11-11,1.0672999620437622,1.0693000555038452,1.065000057220459,1.0671000480651855,0
1946,2013-11-12,1.0678999423980713,1.073699951171875,1.0676000118255615,1.0678999423980713,0
1947,2013-11-13,1.0746999979019165,1.077299952507019,1.0729999542236328,1.0750000476837158,0
1948,2013-11-14,1.0677000284194946,1.0770000219345093,1.065600037574768,1.0678999423980713,0
1949,2013-11-15,1.0741000175476074,1.0744999647140503,1.0669000148773191,1.0742000341415403,0
1950,2013-11-18,1.067199945449829,1.0683000087738037,1.0615999698638916,1.067199945449829,0
1951,2013-11-19,1.067199945449829,1.06850004196167,1.059000015258789,1.0674999952316284,0
1952,2013-11-20,1.0592999458312988,1.0674999952316284,1.0591000318527222,1.0591000318527222,0
1953,2013-11-21,1.0720000267028809,1.0830999612808228,1.0714000463485718,1.0716999769210815,0
1954,2013-11-22,1.083799958229065,1.0921000242233276,1.0810999870300293,1.0835000276565552,0
1955,2013-11-25,1.090999960899353,1.0963000059127808,1.0882999897003174,1.09089994430542,0
1956,2013-11-26,1.0878000259399414,1.100100040435791,1.086400032043457,1.0878000259399414,0
1957,2013-11-27,1.0960999727249146,1.1023999452590942,1.0944000482559204,1.096400022506714,0
1958,2013-11-28,1.1008000373840332,1.1014000177383425,1.0931999683380127,1.1007000207901,0
1959,2013-11-29,1.1008000373840332,1.104099988937378,1.0943000316619873,1.101199984550476,0
1960,2013-12-02,1.0960999727249146,1.0987999439239502,1.0907000303268433,1.0961999893188477,0
1961,2013-12-03,1.0968999862670898,1.1032999753952026,1.0937000513076782,1.096940040588379,0
1962,2013-12-04,1.0949000120162964,1.1103999614715576,1.0942000150680542,1.0947999954223633,0
1963,2013-12-05,1.107200026512146,1.1102999448776243,1.104099988937378,1.106899976730347,0
1964,2013-12-06,1.1029000282287598,1.111799955368042,1.0967999696731567,1.1030000448226929,0
1965,2013-12-09,1.0981999635696411,1.1018999814987185,1.0952999591827393,1.0982999801635742,0
1966,2013-12-10,1.100100040435791,1.100909948348999,1.0921000242233276,1.100100040435791,0
1967,2013-12-11,1.0932999849319458,1.1052000522613523,1.0924999713897705,1.0932999849319458,0
1968,2013-12-12,1.1052000522613523,1.1211999654769895,1.1016000509262085,1.1051000356674194,0
1969,2013-12-13,1.1203999519348145,1.1222000122070312,1.1155999898910522,1.1207000017166138,0
1970,2013-12-16,1.1169999837875366,1.1198999881744385,1.11489999294281,1.1171000003814695,0
1971,2013-12-17,1.118399977684021,1.1256999969482422,1.1160999536514282,1.1181999444961548,0
1972,2013-12-18,1.12090003490448,1.1267999410629272,1.119920015335083,1.1210999488830566,0
1973,2013-12-19,1.1302000284194946,1.1332999467849731,1.1267999410629272,1.1306999921798706,0
1974,2013-12-20,1.128190040588379,1.128999948501587,1.1197999715805054,1.1283999681472778,0
1975,2013-12-23,1.1208000183105469,1.121000051498413,1.1165000200271606,1.1205999851226809,0
1976,2013-12-24,1.1197999715805054,1.122499942779541,1.1193000078201294,1.1195000410079956,0
1977,2013-12-25,1.1202000379562378,1.1216000318527222,1.118399977684021,1.1202000379562378,0
1978,2013-12-26,1.121399998664856,1.1263999938964844,1.12090003490448,1.1217000484466553,0
1979,2013-12-27,1.125300049781799,1.1261999607086182,1.1200000047683716,1.125300049781799,0
1980,2013-12-30,1.1292999982833862,1.131600022315979,1.122499942779541,1.1294000148773191,0
1981,2013-12-31,1.1210999488830566,1.121999979019165,1.1167999505996704,1.1203999519348145,0
1982,2014-01-01,1.1217000484466553,1.1217000484466553,1.1203999519348145,1.1217000484466553,0
1983,2014-01-02,1.1246000528335571,1.1305999755859375,1.118399977684021,1.124500036239624,0
1984,2014-01-03,1.1227999925613403,1.1252000331878662,1.1104999780654907,1.1226999759674072,0
1985,2014-01-06,1.115399956703186,1.11899995803833,1.1131999492645264,1.115399956703186,0
1986,2014-01-07,1.1152000427246094,1.1239999532699585,1.1150000095367432,1.1151000261306765,0
1987,2014-01-08,1.121399998664856,1.1230000257492063,1.1171000003814695,1.121269941329956,0
1988,2014-01-09,1.1247999668121338,1.1275999546051023,1.121899962425232,1.124899983406067,0
1989,2014-01-10,1.123900055885315,1.1263999938964844,1.111199975013733,1.123900055885315,0
1990,2014-01-13,1.1095000505447388,1.1125999689102173,1.1007000207901,1.1095000505447388,0
1991,2014-01-14,1.1050000190734863,1.1145999431610107,1.1044000387191772,1.1051000356674194,0
1992,2014-01-15,1.1159000396728516,1.1247999668121338,1.1145999431610107,1.1158000230789185,0
1993,2014-01-16,1.1229000091552734,1.13919997215271,1.1227999925613403,1.1227999925613403,0
1994,2014-01-17,1.133800029754639,1.1403000354766846,1.1327999830245972,1.1337000131607056,0
1995,2014-01-20,1.1397000551223757,1.141700029373169,1.133800029754639,1.1397000551223757,0
1996,2014-01-21,1.135800004005432,1.1394000053405762,1.131600022315979,1.135699987411499,0
1997,2014-01-22,1.135599970817566,1.1377999782562256,1.125100016593933,1.1360000371932983,0
1998,2014-01-23,1.1305999755859375,1.1410000324249268,1.1302000284194946,1.1305999755859375,0
1999,2014-01-24,1.1414999961853027,1.1545000076293943,1.1396000385284424,1.1416000127792358,0
2000,2014-01-27,1.1500999927520752,1.1521999835968018,1.1420999765396118,1.149999976158142,0
2001,2014-01-28,1.14520001411438,1.14520001411438,1.1335999965667725,1.14520001411438,0
2002,2014-01-29,1.1378999948501587,1.145400047302246,1.1332000494003296,1.1384999752044678,0
2003,2014-01-30,1.1430000066757202,1.147699952125549,1.136299967765808,1.1432000398635864,0
2004,2014-01-31,1.1368999481201172,1.149799942970276,1.1334999799728394,1.1368000507354736,0
2005,2014-02-03,1.1419999599456787,1.1440999507904053,1.1325000524520874,1.1418999433517456,0
2006,2014-02-04,1.142799973487854,1.1450999975204468,1.1217000484466553,1.1430000066757202,0
2007,2014-02-05,1.1217999458312988,1.1267999410629272,1.1187000274658203,1.122099995613098,0
2008,2014-02-06,1.1200000047683716,1.1203999519348145,1.1132999658584597,1.1200000047683716,0
2009,2014-02-07,1.117300033569336,1.1204999685287476,1.111299991607666,1.1175999641418457,0
2010,2014-02-10,1.1176999807357788,1.122499942779541,1.116199970245361,1.118000030517578,0
2011,2014-02-11,1.117859959602356,1.117900013923645,1.1062999963760376,1.117900013923645,0
2012,2014-02-12,1.1085000038146973,1.1100000143051147,1.1026999950408936,1.1085000038146973,0
2013,2014-02-13,1.1081000566482544,1.1196999549865725,1.107100009918213,1.108299970626831,0
2014,2014-02-14,1.1132999658584597,1.1132999658584597,1.1061999797821045,1.1131999492645264,0
2015,2014-02-17,1.1038000583648682,1.1080000400543213,1.1025999784469604,1.1038000583648682,0
2016,2014-02-18,1.1062599420547483,1.110700011253357,1.1014000177383425,1.106320023536682,0
2017,2014-02-19,1.1086000204086304,1.1119999885559082,1.1055999994277954,1.1090999841690063,0
2018,2014-02-20,1.111199975013733,1.1188000440597534,1.1094000339508057,1.111899971961975,0
2019,2014-02-21,1.1098999977111816,1.1169999837875366,1.1090999841690063,1.1097300052642822,0
2020,2014-02-24,1.1138999462127686,1.1186000108718872,1.1087000370025637,1.113700032234192,0
2021,2014-02-25,1.1065000295639038,1.110200047492981,1.1058000326156616,1.1065900325775146,0
2022,2014-02-26,1.1098999977111816,1.1160999536514282,1.107800006866455,1.1096999645233154,0
2023,2014-02-27,1.1155999898910522,1.1226999759674072,1.1150000095367432,1.1155999898910522,0
2024,2014-02-28,1.1158599853515625,1.120100021362305,1.1125999689102173,1.1160999536514282,0
2025,2014-03-03,1.1232999563217163,1.124500036239624,1.118299961090088,1.1230000257492063,0
2026,2014-03-04,1.1203999519348145,1.1217999458312988,1.1152000427246094,1.1204999685287476,0
2027,2014-03-05,1.1167999505996704,1.117900013923645,1.1109999418258667,1.116199970245361,0
2028,2014-03-06,1.1138099431991575,1.114300012588501,1.100600004196167,1.113700032234192,0
2029,2014-03-07,1.0981999635696411,1.102300047874451,1.0946999788284302,1.098399996757507,0
2030,2014-03-10,1.1039999723434448,1.1095000505447388,1.1031999588012695,1.104099988937378,0
2031,2014-03-11,1.1081000566482544,1.1096999645233154,1.1049000024795532,1.1083999872207642,0
2032,2014-03-12,1.115399956703186,1.1200000047683716,1.113800048828125,1.115399956703186,0
2033,2014-03-13,1.1114000082015991,1.1114000082015991,1.098399996757507,1.111299991607666,0
2034,2014-03-14,1.1073999404907229,1.111199975013733,1.1050000190734863,1.1073999404907229,0
2035,2014-03-17,1.1074999570846558,1.1095999479293823,1.0990999937057495,1.107300043106079,0
2036,2014-03-18,1.1008000373840332,1.1030000448226929,1.094599962234497,1.1007000207901,0
2037,2014-03-19,1.0949000120162964,1.0992000102996826,1.0946999788284302,1.0951999425888062,0
2038,2014-03-20,1.1073999404907229,1.1114000082015991,1.1054999828338623,1.1073999404907229,0
2039,2014-03-21,1.1064000129699707,1.1065000295639038,1.0995999574661257,1.1064000129699707,0
2040,2014-03-24,1.0995999574661257,1.1045000553131104,1.0951999425888062,1.0996999740600586,0
2041,2014-03-25,1.0952999591827393,1.096400022506714,1.0918999910354614,1.0952999591827393,0
2042,2014-03-26,1.0914000272750854,1.0922000408172607,1.0815000534057615,1.0913000106811523,0
2043,2014-03-27,1.0848000049591064,1.0848000049591064,1.0785000324249268,1.0843000411987305,0
2044,2014-03-28,1.0791000127792358,1.0824999809265137,1.075600028038025,1.0786999464035034,0
2045,2014-03-31,1.0799000263214111,1.0844999551773071,1.0778000354766846,1.0810999870300293,0
2046,2014-04-01,1.0788999795913696,1.083199977874756,1.075899958610535,1.0785000324249268,0
2047,2014-04-02,1.0823999643325806,1.083799958229065,1.0793999433517456,1.0823999643325806,0
2048,2014-04-03,1.0814000368118286,1.0859999656677246,1.0809999704360962,1.0813000202178955,0
2049,2014-04-04,1.0830999612808228,1.083199977874756,1.0745999813079834,1.082900047302246,0
2050,2014-04-07,1.0764000415802002,1.0805000066757202,1.075600028038025,1.07669997215271,0
2051,2014-04-08,1.0791000127792358,1.0791000127792358,1.068600058555603,1.0789999961853027,0
2052,2014-04-09,1.0693999528884888,1.0708999633789062,1.0652999877929688,1.0693700313568115,0
2053,2014-04-10,1.0663000345230105,1.066499948501587,1.0569000244140625,1.0664000511169434,0
2054,2014-04-11,1.0641000270843506,1.0677000284194946,1.0607000589370728,1.0642000436782837,0
2055,2014-04-14,1.065500020980835,1.065500020980835,1.0611000061035156,1.065500020980835,0
2056,2014-04-15,1.0625,1.0707999467849731,1.0618000030517578,1.0622999668121338,0
2057,2014-04-16,1.0702999830245972,1.0714000463485718,1.0657000541687012,1.0702999830245972,0
2058,2014-04-17,1.0667999982833862,1.0708999633789062,1.0647000074386597,1.06659996509552,0
2059,2014-04-18,1.0716999769210815,1.0723999738693235,1.070199966430664,1.0716999769210815,0
2060,2014-04-21,1.0714000463485718,1.073099970817566,1.0698000192642212,1.0715999603271484,0
2061,2014-04-22,1.0708999633789062,1.071499943733215,1.0663000345230105,1.0708999633789062,0
2062,2014-04-23,1.067199945449829,1.0786999464035034,1.0663000345230105,1.0670000314712524,0
2063,2014-04-24,1.0765999555587769,1.0805000066757202,1.0748000144958496,1.0759999752044678,0
2064,2014-04-25,1.0786999464035034,1.0805000066757202,1.0755000114440918,1.079200029373169,0
2065,2014-04-28,1.0782999992370603,1.0805000066757202,1.0735000371932983,1.0779999494552612,0
2066,2014-04-29,1.0806399583816528,1.083400011062622,1.077399969100952,1.0805000066757202,0
2067,2014-04-30,1.0781999826431274,1.080600023269653,1.075600028038025,1.0781999826431274,0
2068,2014-05-01,1.0772000551223757,1.079699993133545,1.073799967765808,1.077059984207153,0
2069,2014-05-02,1.0779999494552612,1.08650004863739,1.0774999856948853,1.0780999660491943,0
2070,2014-05-05,1.0780999660491943,1.0807000398635864,1.0764000415802002,1.0781999826431274,0
2071,2014-05-06,1.077299952507019,1.0782999992370603,1.0676000118255615,1.0772000551223757,0
2072,2014-05-07,1.0693999528884888,1.0729000568389893,1.0688999891281128,1.069499969482422,0
2073,2014-05-08,1.0724999904632568,1.072700023651123,1.0642999410629272,1.07260000705719,0
2074,2014-05-09,1.0672999620437622,1.069700002670288,1.065999984741211,1.0672999620437622,0
2075,2014-05-12,1.0683000087738037,1.069499969482422,1.0652999877929688,1.06850004196167,0
2076,2014-05-13,1.0683000087738037,1.0714000463485718,1.0657000541687012,1.0683000087738037,0
2077,2014-05-14,1.0678000450134275,1.0678000450134275,1.062600016593933,1.0678000450134275,0
2078,2014-05-15,1.0671000480651855,1.0716999769210815,1.0645999908447266,1.067199945449829,0
2079,2014-05-16,1.068600058555603,1.0710999965667725,1.0669000148773191,1.0686999559402466,0
2080,2014-05-19,1.0674999952316284,1.070099949836731,1.0674999952316284,1.0677000284194946,0
2081,2014-05-20,1.071300029754639,1.0809999704360962,1.0712000131607056,1.0714000463485718,0
2082,2014-05-21,1.082900047302246,1.0857000350952148,1.0816999673843384,1.0829999446868896,0
2083,2014-05-22,1.08270001411438,1.0846999883651731,1.0781999826431274,1.0824999809265137,0
2084,2014-05-23,1.0836999416351318,1.0851000547409058,1.0812000036239624,1.0836000442504885,0
2085,2014-05-26,1.082200050354004,1.083199977874756,1.0809999704360962,1.0822999477386477,0
2086,2014-05-27,1.080299973487854,1.0825999975204468,1.0779000520706177,1.0801000595092771,0
2087,2014-05-28,1.079300045967102,1.0851000547409058,1.07860004901886,1.079200029373169,0
2088,2014-05-29,1.0835000276565552,1.0846999883651731,1.073799967765808,1.0839999914169312,0
2089,2014-05-30,1.0740000009536743,1.0764000415802002,1.0719000101089478,1.0740000009536743,0
2090,2014-06-02,1.0752999782562256,1.082800030708313,1.0743000507354736,1.0751999616622925,0
2091,2014-06-03,1.0825999975204468,1.0829999446868896,1.0765000581741333,1.0824999809265137,0
2092,2014-06-04,1.079699993133545,1.0807000398635864,1.0764000415802002,1.0799000263214111,0
2093,2014-06-05,1.0782999992370603,1.079800009727478,1.0721999406814575,1.0780999660491943,0
2094,2014-06-06,1.0721999406814575,1.0728000402450562,1.068600058555603,1.072100043296814,0
2095,2014-06-09,1.0712000131607056,1.0707999467849731,1.0676000118255615,1.0705000162124634,0
2096,2014-06-10,1.070199966430664,1.0702999830245972,1.0657000541687012,1.0702999830245972,0
2097,2014-06-11,1.0670000314712524,1.0677000284194946,1.062999963760376,1.0671000480651855,0
2098,2014-06-12,1.0658999681472778,1.0672999620437622,1.059499979019165,1.066100001335144,0
2099,2014-06-13,1.0608999729156494,1.0664000511169434,1.0608999729156494,1.0612000226974487,0
2100,2014-06-16,1.0648000240325928,1.0666999816894531,1.062000036239624,1.0645999908447266,0
2101,2014-06-17,1.0643999576568604,1.0715999603271484,1.0642999410629272,1.0647000074386597,0
2102,2014-06-18,1.0709999799728394,1.0717999935150146,1.069499969482422,1.0709999799728394,0
2103,2014-06-19,1.0637999773025513,1.0642000436782837,1.0601999759674072,1.0640000104904177,0
2104,2014-06-20,1.0637999773025513,1.0661300420761108,1.062000036239624,1.0641000270843506,0
2105,2014-06-23,1.0652999877929688,1.065600037574768,1.058500051498413,1.065600037574768,0
2106,2014-06-24,1.0615999698638916,1.0667999982833862,1.0601999759674072,1.0615999698638916,0
2107,2014-06-25,1.0676000118255615,1.0687999725341797,1.0640000104904177,1.0678999423980713,0
2108,2014-06-26,1.0631999969482422,1.0642000436782837,1.0614999532699585,1.0631999969482422,0
2109,2014-06-27,1.062800049781799,1.0628999471664429,1.0592000484466553,1.0628999471664429,0
2110,2014-06-30,1.061900019645691,1.0650999546051023,1.059499979019165,1.062199950218201,0
2111,2014-07-01,1.0605000257492063,1.062000036239624,1.0533000230789185,1.0604000091552734,0
2112,2014-07-02,1.053500056266785,1.0602999925613403,1.0529999732971191,1.0534000396728516,0
2113,2014-07-03,1.0599000453948977,1.0714000463485718,1.0591000318527222,1.0599000453948977,0
2114,2014-07-04,1.069499969482422,1.0700000524520874,1.0674999952316284,1.069599986076355,0
2115,2014-07-07,1.0683000087738037,1.0703999996185305,1.0667999982833862,1.068600058555603,0
2116,2014-07-08,1.0669000148773191,1.0670000314712524,1.0621000528335571,1.0670000314712524,0
2117,2014-07-09,1.062600016593933,1.064900040626526,1.062000036239624,1.0625,0
2118,2014-07-10,1.0615999698638916,1.0681999921798706,1.059999942779541,1.061400055885315,0
2119,2014-07-11,1.0652999877929688,1.0664000511169434,1.0627000331878662,1.0652999877929688,0
2120,2014-07-14,1.0657000541687012,1.0657000541687012,1.0633000135421753,1.0657000541687012,0
2121,2014-07-15,1.0644999742507937,1.069249987602234,1.0637999773025513,1.0644999742507937,0
2122,2014-07-16,1.0679999589920044,1.0716999769210815,1.067199945449829,1.0680999755859375,0
2123,2014-07-17,1.0676000118255615,1.069100022315979,1.0647000074386597,1.0674999952316284,0
2124,2014-07-18,1.0693999528884888,1.0707999467849731,1.0631999969482422,1.069599986076355,0
2125,2014-07-21,1.0642999410629272,1.0670000314712524,1.0638999938964844,1.0642999410629272,0
2126,2014-07-22,1.0674999952316284,1.0679999589920044,1.061400055885315,1.0674999952316284,0
2127,2014-07-23,1.0650999546051023,1.0657000541687012,1.057600021362305,1.064900040626526,0
2128,2014-07-24,1.0592000484466553,1.062199950218201,1.055899977684021,1.0592000484466553,0
2129,2014-07-25,1.061900019645691,1.0636999607086182,1.0608999729156494,1.0618000030517578,0
2130,2014-07-28,1.063599944114685,1.065400004386902,1.0622999668121338,1.063599944114685,0
2131,2014-07-29,1.0625,1.06659996509552,1.061900019645691,1.062600016593933,0
2132,2014-07-30,1.065400004386902,1.0738999843597412,1.0650999546051023,1.065500020980835,0
2133,2014-07-31,1.0722999572753906,1.077399969100952,1.0715999603271484,1.0721999406814575,0
2134,2014-08-01,1.0750000476837158,1.0779000520706177,1.0712000131607056,1.0751999616622925,0
2135,2014-08-04,1.073799967765808,1.0740000009536743,1.071560025215149,1.0738999843597412,0
2136,2014-08-05,1.071499943733215,1.0755000114440918,1.070199966430664,1.071499943733215,0
2137,2014-08-06,1.0746999979019165,1.0759999752044678,1.0716999769210815,1.0749000310897827,0
2138,2014-08-07,1.0699000358581543,1.079800009727478,1.068600058555603,1.069700002670288,0
2139,2014-08-08,1.079200029373169,1.0820000171661377,1.0769000053405762,1.079300045967102,0
2140,2014-08-11,1.0777000188827517,1.079699993133545,1.076799988746643,1.0778000354766846,0
2141,2014-08-12,1.0793999433517456,1.0812000036239624,1.0781999826431274,1.0795999765396118,0
2142,2014-08-13,1.0786999464035034,1.0789999961853027,1.0728000402450562,1.0789999961853027,0
2143,2014-08-14,1.0743999481201172,1.0765000581741333,1.072100043296814,1.0745999813079834,0
2144,2014-08-15,1.0734000205993652,1.0752999782562256,1.0712000131607056,1.0735000371932983,0
2145,2014-08-18,1.073300004005432,1.0742000341415403,1.071499943733215,1.0734000205993652,0
2146,2014-08-19,1.07260000705719,1.0744999647140503,1.0700000524520874,1.07260000705719,0
2147,2014-08-20,1.0755000114440918,1.077399969100952,1.073199987411499,1.0753999948501587,0
2148,2014-08-21,1.07669997215271,1.0820000171661377,1.0740000009536743,1.0765999555587769,0
2149,2014-08-22,1.0749000310897827,1.0757999420166016,1.0717999935150146,1.0750999450683594,0
2150,2014-08-25,1.0751999616622925,1.0760999917984009,1.0724999904632568,1.0755000114440918,0
2151,2014-08-26,1.0778000354766846,1.0782999992370603,1.0714000463485718,1.0779000520706177,0
2152,2014-08-27,1.073300004005432,1.0738999843597412,1.0688999891281128,1.073199987411499,0
2153,2014-08-28,1.0710999965667725,1.0714000463485718,1.06659996509552,1.0710999965667725,0
2154,2014-08-29,1.0688999891281128,1.0714000463485718,1.0678999423980713,1.069499969482422,0
2155,2014-09-01,1.0717999935150146,1.072100043296814,1.069200038909912,1.0717999935150146,0
2156,2014-09-02,1.0712000131607056,1.0786999464035034,1.0709999799728394,1.0715999603271484,0
2157,2014-09-03,1.0776000022888184,1.079200029373169,1.069499969482422,1.0777000188827517,0
2158,2014-09-04,1.0707000494003296,1.0716999769210815,1.0647000074386597,1.0707000494003296,0
2159,2014-09-05,1.0710999965667725,1.071300029754639,1.0638999938964844,1.071300029754639,0
2160,2014-09-08,1.0679999589920044,1.075899958610535,1.06659996509552,1.0678000450134275,0
2161,2014-09-09,1.0778000354766846,1.0880000591278076,1.076300024986267,1.0777000188827517,0
2162,2014-09-10,1.0860999822616575,1.097100019454956,1.0844999551773071,1.0859999656677246,0
2163,2014-09-11,1.0921000242233276,1.0992000102996826,1.0848000049591064,1.0921000242233276,0
2164,2014-09-12,1.0989999771118164,1.107100009918213,1.0990999937057495,1.0992000102996826,0
2165,2014-09-15,1.1093000173568726,1.1129000186920166,1.1049000024795532,1.1095999479293823,0
2166,2014-09-16,1.106600046157837,1.1121000051498413,1.0990999937057495,1.106899976730347,0
2167,2014-09-17,1.100600004196167,1.1087000370025637,1.1007000207901,1.101099967956543,0
2168,2014-09-18,1.116199970245361,1.1198999881744385,1.1119999885559082,1.1157000064849854,0
2169,2014-09-19,1.1131999492645264,1.1196999549865725,1.111799955368042,1.1131000518798828,0
2170,2014-09-22,1.118399977684021,1.12909996509552,1.1171000003814695,1.118399977684021,0
2171,2014-09-23,1.1263999938964844,1.131600022315979,1.1198999881744385,1.1263999938964844,0
2172,2014-09-24,1.1291999816894531,1.1311999559402466,1.1238000392913818,1.1291999816894531,0
2173,2014-09-25,1.1287000179290771,1.1380000114440918,1.127400040626526,1.1288000345230105,0
2174,2014-09-26,1.135699987411499,1.142799973487854,1.1344000101089478,1.135699987411499,0
2175,2014-09-29,1.144700050354004,1.1511000394821167,1.1430000066757202,1.1444000005722046,0
2176,2014-09-30,1.1471999883651731,1.149799942970276,1.1404999494552612,1.1481000185012815,0
2177,2014-10-01,1.1445000171661377,1.154099941253662,1.1430000066757202,1.1440999507904053,0
2178,2014-10-02,1.1433500051498413,1.1437000036239624,1.133999943733215,1.1435999870300293,0
2179,2014-10-03,1.1369999647140503,1.1568000316619873,1.1354999542236328,1.1369999647140503,0
2180,2014-10-06,1.1542999744415283,1.1542999744415283,1.142899990081787,1.1542999744415283,0
2181,2014-10-07,1.1403000354766846,1.1454999446868896,1.131999969482422,1.1402000188827517,0
2182,2014-10-08,1.1349999904632568,1.1433000564575195,1.1339000463485718,1.1349999904632568,0
2183,2014-10-09,1.1312999725341797,1.139899969100952,1.1236000061035156,1.131500005722046,0
2184,2014-10-10,1.1411999464035034,1.1506999731063845,1.138200044631958,1.14110004901886,0
2185,2014-10-13,1.1523000001907349,1.1550999879837036,1.1380000114440918,1.152400016784668,0
2186,2014-10-14,1.1420999765396118,1.1466000080108645,1.1346999406814575,1.142199993133545,0
2187,2014-10-15,1.1482000350952148,1.1520999670028689,1.1325000524520874,1.1482000350952148,0
2188,2014-10-16,1.1373000144958496,1.1507999897003174,1.1345000267028809,1.1373000144958496,0
2189,2014-10-17,1.1399999856948853,1.1444000005722046,1.1354999542236328,1.1396000385284424,0
2190,2014-10-20,1.141800045967102,1.142799973487854,1.1367000341415403,1.1419999599456787,0
2191,2014-10-21,1.13919997215271,1.1401000022888184,1.1325000524520874,1.1394000053405762,0
2192,2014-10-22,1.1401000022888184,1.14110004901886,1.1344000101089478,1.1406999826431274,0
2193,2014-10-23,1.1405999660491943,1.1425399780273438,1.135599970817566,1.1404999494552612,0
2194,2014-10-24,1.1419999599456787,1.1461999416351318,1.1332999467849731,1.1420999765396118,0
2195,2014-10-27,1.135800004005432,1.1375999450683594,1.1332999467849731,1.135599970817566,0
2196,2014-10-28,1.135800004005432,1.1360000371932983,1.1261999607086182,1.135599970817566,0
2197,2014-10-29,1.128499984741211,1.1294000148773191,1.122099995613098,1.1282999515533447,0
2198,2014-10-30,1.1404999494552612,1.141800045967102,1.1330000162124634,1.1403000354766846,0
2199,2014-10-31,1.1332000494003296,1.1407999992370603,1.1305999755859375,1.132699966430664,0
2200,2014-11-03,1.1424000263214111,1.1506999731063845,1.1412999629974363,1.1425000429153442,0
2201,2014-11-04,1.1500999927520752,1.1555999517440796,1.142699956893921,1.1505999565124512,0
2202,2014-11-05,1.142899990081787,1.16729998588562,1.1420999765396118,1.1433000564575195,0
2203,2014-11-06,1.1655999422073364,1.1686999797821045,1.159000039100647,1.1656999588012695,0
2204,2014-11-07,1.1679999828338623,1.170699954032898,1.1577999591827393,1.1679999828338623,0
2205,2014-11-10,1.1568000316619873,1.1583000421524048,1.1513999700546265,1.1569000482559204,0
2206,2014-11-11,1.1588000059127808,1.1638000011444092,1.1548999547958374,1.1591999530792236,0
2207,2014-11-12,1.1485999822616575,1.153499960899353,1.143100023269653,1.148800015449524,0
2208,2014-11-13,1.1477999687194824,1.1526000499725342,1.1413999795913696,1.1480000019073486,0
2209,2014-11-14,1.1484700441360474,1.1556999683380127,1.1449999809265137,1.1483999490737915,0
2210,2014-11-17,1.142899990081787,1.1497000455856323,1.1369999647140503,1.1426000595092771,0
2211,2014-11-18,1.148300051689148,1.1512999534606934,1.143100023269653,1.1484999656677246,0
2212,2014-11-19,1.1482000350952148,1.1604000329971311,1.1478999853134155,1.1478999853134155,0
2213,2014-11-20,1.162600040435791,1.167099952697754,1.1582000255584717,1.1622999906539917,0
2214,2014-11-21,1.159600019454956,1.1617000102996826,1.1468000411987305,1.1598999500274658,0
2215,2014-11-24,1.1518000364303589,1.1607999801635742,1.14900004863739,1.1520999670028689,0
2216,2014-11-25,1.1620999574661257,1.174299955368042,1.160599946975708,1.1620999574661257,0
2217,2014-11-26,1.1685999631881714,1.1791000366210938,1.1674000024795532,1.1686999797821045,0
2218,2014-11-27,1.1720000505447388,1.1720999479293823,1.1606999635696411,1.1719000339508057,0
2219,2014-11-28,1.1730999946594238,1.1780999898910522,1.1714999675750732,1.1729999780654907,0
2220,2014-12-01,1.185099959373474,1.1872999668121338,1.1725000143051147,1.185099959373474,0
2221,2014-12-02,1.1794999837875366,1.1852999925613403,1.170799970626831,1.1794999837875366,0
2222,2014-12-03,1.1820000410079956,1.1916999816894531,1.180999994277954,1.1822999715805054,0
2223,2014-12-04,1.1902999877929688,1.196499943733215,1.1863000392913818,1.1913000345230105,0
2224,2014-12-05,1.192399978637695,1.2015000581741333,1.1912000179290771,1.1924999952316284,0
2225,2014-12-08,1.2035000324249268,1.2103999853134155,1.201200008392334,1.2038999795913696,0
2226,2014-12-09,1.204800009727478,1.2157000303268433,1.194700002670288,1.204800009727478,0
2227,2014-12-10,1.204800009727478,1.2095999717712402,1.197700023651123,1.2049000263214111,0
2228,2014-12-11,1.1999000310897827,1.2146999835968018,1.194100022315979,1.1996999979019165,0
2229,2014-12-12,1.212399959564209,1.2151999473571775,1.2050000429153442,1.2127000093460083,0
2230,2014-12-15,1.2180999517440796,1.2188999652862549,1.2093000411987305,1.2177000045776367,0
2231,2014-12-16,1.2171000242233276,1.2188999652862549,1.2086000442504885,1.2174999713897705,0
2232,2014-12-17,1.2158000469207764,1.2280000448226929,1.2143000364303589,1.216099977493286,0
2233,2014-12-18,1.2307000160217283,1.2316999435424805,1.218999981880188,1.230299949645996,0
2234,2014-12-19,1.2235000133514404,1.2268999814987185,1.2206000089645386,1.2239999771118164,0
2235,2014-12-22,1.2271000146865845,1.2295000553131104,1.223399996757507,1.2273999452590942,0
2236,2014-12-23,1.2310999631881714,1.235700011253357,1.2273999452590942,1.231600046157837,0
2237,2014-12-24,1.2331000566482544,1.2337000370025637,1.2309000492095947,1.2330000400543213,0
2238,2014-12-25,1.232100009918213,1.2323999404907229,1.2302000522613523,1.232100009918213,0
2239,2014-12-26,1.233199954032898,1.2330000400543213,1.229300022125244,1.232699990272522,0
2240,2014-12-29,1.232100009918213,1.2323999404907229,1.2249000072479248,1.232200026512146,0
2241,2014-12-30,1.2289999723434448,1.2310999631881714,1.219499945640564,1.229099988937378,0
2242,2014-12-31,1.2218999862670898,1.2252999544143677,1.2170000076293943,1.2218999862670898,0
2243,2015-01-01,1.2237999439239502,1.2239999771118164,1.2237999439239502,1.2237999439239502,0
2244,2015-01-02,1.2228000164031982,1.2339999675750732,1.2217999696731567,1.2222000360488892,0
2245,2015-01-05,1.2395000457763672,1.24399995803833,1.2333999872207642,1.2386000156402588,0
2246,2015-01-06,1.2345999479293823,1.236299991607666,1.225600004196167,1.2352999448776243,0
2247,2015-01-07,1.2375999689102173,1.2441999912261963,1.2372000217437744,1.2378000020980835,0
2248,2015-01-08,1.2382999658584597,1.2378000020980835,1.2307000160217283,1.2378000020980835,0
2249,2015-01-09,1.2323999404907229,1.2329000234603882,1.2200000286102295,1.2323999404907229,0
2250,2015-01-12,1.2161999940872192,1.229599952697754,1.2111999988555908,1.2161999940872192,0
2251,2015-01-13,1.2268999814987185,1.2300000190734863,1.2197999954223633,1.2264000177383425,0
2252,2015-01-14,1.223399996757507,1.2390999794006348,1.2209999561309814,1.2237999439239502,0
2253,2015-01-15,1.2278000116348269,1.229300022125244,1.2057000398635864,1.229200005531311,0
2254,2015-01-16,1.215999960899353,1.2238999605178833,1.2110999822616575,1.215999960899353,0
2255,2015-01-19,1.215499997138977,1.2199000120162964,1.2130999565124512,1.215499997138977,0
2256,2015-01-20,1.2201999425888062,1.2253999710083008,1.2167999744415283,1.2201999425888062,0
2257,2015-01-21,1.2246999740600586,1.2288999557495115,1.2143000364303589,1.2246999740600586,0
2258,2015-01-22,1.2344000339508057,1.241000056266785,1.229200005531311,1.2345000505447388,0
2259,2015-01-23,1.246899962425232,1.268399953842163,1.2426999807357788,1.2473000288009644,0
2260,2015-01-26,1.269700050354004,1.2697999477386477,1.261299967765808,1.2688000202178955,0
2261,2015-01-27,1.2623000144958496,1.2647000551223757,1.2539000511169434,1.2617000341415403,0
2262,2015-01-28,1.2624000310897827,1.2654999494552612,1.2462999820709229,1.2630000114440918,0
2263,2015-01-29,1.2669999599456787,1.2871999740600586,1.264799952507019,1.267300009727478,0
2264,2015-01-30,1.284999966621399,1.2929999828338623,1.2822999954223633,1.284999966621399,0
2265,2015-02-02,1.284999966621399,1.287500023841858,1.2771999835968018,1.2853000164031982,0
2266,2015-02-03,1.2818000316619873,1.3109999895095823,1.277400016784668,1.2821999788284302,0
2267,2015-02-04,1.2882000207901,1.291200041770935,1.274399995803833,1.2891000509262085,0
2268,2015-02-05,1.28849995136261,1.2925000190734863,1.2776000499725342,1.2888000011444092,0
2269,2015-02-06,1.282099962234497,1.2843999862670898,1.2699999809265137,1.2819000482559204,0
2270,2015-02-09,1.28849995136261,1.2904000282287598,1.2760000228881836,1.287999987602234,0
2271,2015-02-10,1.2821999788284302,1.2901999950408936,1.2752000093460083,1.2826000452041626,0
2272,2015-02-11,1.2847000360488892,1.2994999885559082,1.2828999757766724,1.2848000526428225,0
2273,2015-02-12,1.2948999404907229,1.3075000047683716,1.2939000129699707,1.2948999404907229,0
2274,2015-02-13,1.289199948310852,1.2937999963760376,1.2832000255584717,1.289199948310852,0
2275,2015-02-16,1.287700057029724,1.2874000072479248,1.2826999425888062,1.2871999740600586,0
2276,2015-02-17,1.289199948310852,1.2889000177383425,1.2770999670028689,1.2889000177383425,0
2277,2015-02-18,1.2800999879837036,1.2862000465393066,1.276900053024292,1.2799999713897705,0
2278,2015-02-19,1.2806999683380127,1.2889000177383425,1.274799942970276,1.2805999517440796,0
2279,2015-02-20,1.2827999591827393,1.283400058746338,1.273900032043457,1.2822999954223633,0
2280,2015-02-23,1.274500012397766,1.2848999500274658,1.274399995803833,1.2746000289916992,0
2281,2015-02-24,1.282099962234497,1.2920000553131104,1.279099941253662,1.2821999788284302,0
2282,2015-02-25,1.276600003242493,1.2768000364303589,1.2654999494552612,1.2768000364303589,0
2283,2015-02-26,1.268399953842163,1.2792999744415283,1.263800024986267,1.2682000398635864,0
2284,2015-02-27,1.2811000347137451,1.2854000329971311,1.2762999534606934,1.281599998474121,0
2285,2015-03-02,1.2843999862670898,1.2889000177383425,1.282099962234497,1.28410005569458,0
2286,2015-03-03,1.289199948310852,1.2897000312805176,1.2747600078582764,1.2891000509262085,0
2287,2015-03-04,1.2786999940872192,1.280900001525879,1.2723000049591064,1.2788000106811523,0
2288,2015-03-05,1.2782000303268433,1.2869999408721924,1.2753000259399414,1.277999997138977,0
2289,2015-03-06,1.284500002861023,1.2958999872207642,1.274799942970276,1.2841999530792236,0
2290,2015-03-09,1.2948999404907229,1.3007999658584597,1.2920000553131104,1.295199990272522,0
2291,2015-03-10,1.301200032234192,1.3134000301361084,1.301200032234192,1.3013999462127686,0
2292,2015-03-11,1.3085999488830566,1.3221999406814575,1.3079999685287476,1.3087999820709229,0
2293,2015-03-12,1.3148000240325928,1.320099949836731,1.2940000295639038,1.3151999711990356,0
2294,2015-03-13,1.297600030899048,1.3138999938964844,1.2973999977111816,1.297700047492981,0
2295,2015-03-16,1.312999963760376,1.312600016593933,1.301900029182434,1.312600016593933,0
2296,2015-03-17,1.3082000017166138,1.3131999969482422,1.3044999837875366,1.3083000183105469,0
2297,2015-03-18,1.3118000030517578,1.3170000314712524,1.30649995803833,1.3121000528335571,0
2298,2015-03-19,1.285599946975708,1.312600016593933,1.2805999517440796,1.2857999801635742,0
2299,2015-03-20,1.305799961090088,1.3071000576019287,1.2882000207901,1.3050999641418457,0
2300,2015-03-23,1.2847000360488892,1.287700057029724,1.2733999490737915,1.2847000360488892,0
2301,2015-03-24,1.2697999477386477,1.274999976158142,1.2598999738693235,1.269700050354004,0
2302,2015-03-25,1.2718000411987305,1.274799942970276,1.2654000520706177,1.2714999914169312,0
2303,2015-03-26,1.2770999670028689,1.2818000316619873,1.2682000398635864,1.2768000364303589,0
2304,2015-03-27,1.2764999866485596,1.2898999452590942,1.2764999866485596,1.2770999670028689,0
2305,2015-03-30,1.2928999662399292,1.3099000453948977,1.2920000553131104,1.2927000522613523,0
2306,2015-03-31,1.305799961090088,1.3171000480651855,1.3049999475479126,1.3062200546264648,0
2307,2015-04-01,1.3134000301361084,1.3181999921798706,1.3051999807357788,1.3127000331878662,0
2308,2015-04-02,1.3145999908447266,1.3271000385284424,1.3145999908447266,1.315000057220459,0
2309,2015-04-03,1.3188999891281128,1.3205000162124634,1.3006999492645264,1.3188999891281128,0
2310,2015-04-06,1.3082000017166138,1.3138999938964844,1.3042999505996704,1.3086999654769895,0
2311,2015-04-07,1.3174999952316284,1.319499969482422,1.2965999841690063,1.317479968070984,0
2312,2015-04-08,1.30840003490448,1.3091000318527222,1.2941999435424805,1.309000015258789,0
2313,2015-04-09,1.301300048828125,1.3050999641418457,1.2920000553131104,1.3013999462127686,0
2314,2015-04-10,1.2979999780654907,1.308899998664856,1.294800043106079,1.2979999780654907,0
2315,2015-04-13,1.3039000034332275,1.3238999843597412,1.3033000230789185,1.3044999837875366,0
2316,2015-04-14,1.3179999589920044,1.323199987411499,1.3072999715805054,1.3177000284194946,0
2317,2015-04-15,1.3133000135421753,1.3203999996185305,1.3092000484466553,1.3130899667739868,0
2318,2015-04-16,1.302299976348877,1.3027000427246094,1.2825900316238403,1.3026000261306765,0
2319,2015-04-17,1.2838000059127808,1.2884000539779663,1.274899959564209,1.284000039100647,0
2320,2015-04-20,1.280500054359436,1.2962000370025637,1.2776000499725342,1.281000018119812,0
2321,2015-04-21,1.2948999404907229,1.301200032234192,1.2896000146865845,1.295199990272522,0
2322,2015-04-22,1.2961000204086304,1.2973999977111816,1.2805999517440796,1.2964999675750732,0
2323,2015-04-23,1.2903000116348269,1.2964999675750732,1.2843999862670898,1.2910000085830688,0
2324,2015-04-24,1.2857999801635742,1.2877999544143677,1.2755000591278076,1.2862000465393066,0
2325,2015-04-27,1.276600003242493,1.2828999757766724,1.270799994468689,1.2764999866485596,0
2326,2015-04-28,1.2711000442504885,1.2720999717712402,1.246999979019165,1.2711999416351318,0
2327,2015-04-29,1.250499963760376,1.2533999681472778,1.2382999658584597,1.250300049781799,0
2328,2015-04-30,1.2508000135421753,1.2714999914169312,1.2466000318527222,1.2508000135421753,0
2329,2015-05-01,1.2653000354766846,1.2805999517440796,1.264899969100952,1.2660000324249268,0
2330,2015-05-04,1.2770999670028689,1.2812999486923218,1.2735999822616575,1.2776999473571775,0
2331,2015-05-05,1.274999976158142,1.2812999486923218,1.2574000358581543,1.2753000259399414,0
2332,2015-05-06,1.260200023651123,1.261299967765808,1.2452000379562378,1.260699987411499,0
2333,2015-05-07,1.2568000555038452,1.2645000219345093,1.2490999698638916,1.257200002670288,0
2334,2015-05-08,1.2655999660491943,1.2710000276565552,1.2549999952316284,1.2660000324249268,0
2335,2015-05-11,1.2617000341415403,1.2692999839782717,1.2604000568389893,1.2621999979019165,0
2336,2015-05-12,1.2659000158309937,1.267699956893921,1.2509000301361084,1.2663999795913696,0
2337,2015-05-13,1.2515000104904177,1.2553999423980713,1.2308000326156616,1.2516000270843506,0
2338,2015-05-14,1.2325999736785889,1.23989999294281,1.225000023841858,1.232699990272522,0
2339,2015-05-15,1.236600041389465,1.2502000331878662,1.23580002784729,1.236899971961975,0
2340,2015-05-18,1.2426999807357788,1.252500057220459,1.2426999807357788,1.243000030517578,0
2341,2015-05-19,1.2508000135421753,1.2645000219345093,1.2484999895095823,1.2510000467300415,0
2342,2015-05-20,1.2623000144958496,1.2705999612808228,1.2598999738693235,1.2620999813079834,0
2343,2015-05-21,1.2692999839782717,1.270699977874756,1.2635999917984009,1.2690000534057615,0
2344,2015-05-22,1.2654999494552612,1.278599977493286,1.260699987411499,1.2654999494552612,0
2345,2015-05-25,1.2800999879837036,1.2812000513076782,1.2753000259399414,1.2800999879837036,0
2346,2015-05-26,1.2776000499725342,1.29229998588562,1.274999976158142,1.2782000303268433,0
2347,2015-05-27,1.291200041770935,1.2998000383377075,1.2871999740600586,1.2905000448226929,0
2348,2015-05-28,1.292799949645996,1.312600016593933,1.288699984550476,1.2926000356674194,0
2349,2015-05-29,1.305799961090088,1.310099959373474,1.302899956703186,1.305899977684021,0
2350,2015-06-01,1.3079999685287476,1.314900040626526,1.3040000200271606,1.308899998664856,0
2351,2015-06-02,1.3131999969482422,1.3131999969482422,1.2870999574661257,1.3131999969482422,0
2352,2015-06-03,1.287999987602234,1.2894999980926514,1.2790000438690186,1.2883000373840332,0
2353,2015-06-04,1.2862000465393066,1.3044999837875366,1.2851999998092651,1.2870999574661257,0
2354,2015-06-05,1.3006999492645264,1.315400004386902,1.294800043106079,1.3007999658584597,0
2355,2015-06-08,1.3121000528335571,1.3143999576568604,1.305500030517578,1.312800049781799,0
2356,2015-06-09,1.3006999492645264,1.3073999881744385,1.2949999570846558,1.3008999824523926,0
2357,2015-06-10,1.3001999855041504,1.3086999654769895,1.2843999862670898,1.2999000549316406,0
2358,2015-06-11,1.2934000492095947,1.2984999418258667,1.283900022506714,1.2940000295639038,0
2359,2015-06-12,1.2905100584030151,1.301900029182434,1.2889000177383425,1.2903000116348269,0
2360,2015-06-15,1.2935999631881714,1.297700047492981,1.2857999801635742,1.2941999435424805,0
2361,2015-06-16,1.2890000343322754,1.294700026512146,1.2853000164031982,1.2888000011444092,0
2362,2015-06-17,1.2907999753952026,1.3051999807357788,1.2904000282287598,1.2908999919891355,0
2363,2015-06-18,1.294399976730347,1.2967000007629397,1.2736999988555908,1.295199990272522,0
2364,2015-06-19,1.2836999893188477,1.29229998588562,1.280400037765503,1.2836999893188477,0
2365,2015-06-22,1.287700057029724,1.292199969291687,1.2824000120162964,1.2872999906539917,0
2366,2015-06-23,1.2939000129699707,1.301800012588501,1.2906999588012695,1.2939000129699707,0
2367,2015-06-24,1.291599988937378,1.3013999462127686,1.2872999906539917,1.2908999919891355,0
2368,2015-06-25,1.2970999479293823,1.2973999977111816,1.289800047874451,1.2972999811172483,0
2369,2015-06-26,1.2929999828338623,1.3101999759674072,1.2927000522613523,1.292799949645996,0
2370,2015-06-29,1.3112000226974487,1.3127000331878662,1.301200032234192,1.312199950218201,0
2371,2015-06-30,1.3033000230789185,1.3050999641418457,1.2944999933242798,1.3034000396728516,0
2372,2015-07-01,1.2997000217437744,1.30649995803833,1.2925000190734863,1.2998000383377075,0
2373,2015-07-02,1.3085999488830566,1.317199945449829,1.3056999444961548,1.3092000484466553,0
2374,2015-07-03,1.3091000318527222,1.3314000368118286,1.3068000078201294,1.309399962425232,0
2375,2015-07-06,1.3360999822616575,1.339400053024292,1.3278000354766846,1.3353999853134155,0
2376,2015-07-07,1.3371100425720217,1.351199984550476,1.3336000442504885,1.3375300168991089,0
2377,2015-07-08,1.3408000469207764,1.3557000160217283,1.341099977493286,1.341099977493286,0
2378,2015-07-09,1.3473000526428225,1.3521000146865845,1.3348000049591064,1.3472000360488892,0
2379,2015-07-10,1.3402999639511108,1.3482999801635742,1.333899974822998,1.3401000499725342,0
2380,2015-07-13,1.3467999696731567,1.354099988937378,1.3395999670028689,1.3473999500274658,0
2381,2015-07-14,1.352300047874451,1.3531999588012695,1.33650004863739,1.352300047874451,0
2382,2015-07-15,1.343000054359436,1.357699990272522,1.335199952125549,1.3431999683380127,0
2383,2015-07-16,1.3561999797821045,1.360200047492981,1.3444000482559204,1.3566999435424805,0
2384,2015-07-17,1.3486000299453735,1.356899976730347,1.3473000526428225,1.3482999801635742,0
2385,2015-07-20,1.3569999933242798,1.3639999628067017,1.3515000343322754,1.3569999933242798,0
2386,2015-07-21,1.3558399677276611,1.361799955368042,1.342900037765503,1.3564000129699707,0
2387,2015-07-22,1.3467999696731567,1.3581000566482544,1.344599962234497,1.346400022506714,0
2388,2015-07-23,1.3559000492095947,1.3589999675750732,1.3479000329971311,1.3560999631881714,0
2389,2015-07-24,1.3594000339508057,1.3769999742507937,1.3587000370025637,1.35889995098114,0
2390,2015-07-27,1.374400019645691,1.3760000467300415,1.365399956703186,1.374400019645691,0
2391,2015-07-28,1.374400019645691,1.377500057220459,1.3638999462127686,1.3741999864578247,0
2392,2015-07-29,1.3610999584197998,1.3698999881744385,1.3604999780654907,1.3609000444412231,0
2393,2015-07-30,1.370100021362305,1.377400040626526,1.3655999898910522,1.3703999519348145,0
2394,2015-07-31,1.37090003490448,1.3818000555038452,1.3580000400543213,1.3703999519348145,0
2395,2015-08-03,1.3698999881744385,1.3765000104904177,1.3672000169754028,1.3696999549865725,0
2396,2015-08-04,1.374400019645691,1.3762999773025513,1.3460999727249146,1.374400019645691,0
2397,2015-08-05,1.3557000160217283,1.3628000020980835,1.3526999950408936,1.3555999994277954,0
2398,2015-08-06,1.3600000143051147,1.3664000034332275,1.3557000160217283,1.3604999780654907,0
2399,2015-08-07,1.3614000082015991,1.3624000549316406,1.3494999408721924,1.3617000579833984,0
2400,2015-08-10,1.35099995136261,1.3596999645233154,1.3494999408721924,1.3514000177383425,0
2401,2015-08-11,1.3487999439239502,1.372599959373474,1.3443000316619873,1.3486000299453735,0
2402,2015-08-12,1.367900013923645,1.3839000463485718,1.3535000085830688,1.3669999837875366,0
2403,2015-08-13,1.35479998588562,1.3650000095367432,1.3499000072479248,1.354099988937378,0
2404,2015-08-14,1.3559000492095947,1.3590999841690063,1.351699948310852,1.3561999797821045,0
2405,2015-08-17,1.3569999933242798,1.361299991607666,1.3533999919891355,1.356899976730347,0
2406,2015-08-18,1.3566999435424805,1.3654999732971191,1.3538999557495115,1.3559000492095947,0
2407,2015-08-19,1.3624000549316406,1.3672000169754028,1.3575999736785889,1.3623000383377075,0
2408,2015-08-20,1.3596999645233154,1.372499942779541,1.3566999435424805,1.3596999645233154,0
2409,2015-08-21,1.3629000186920166,1.3717000484466553,1.3594000339508057,1.3630000352859497,0
2410,2015-08-24,1.3776999711990356,1.4138000011444092,1.3741999864578247,1.3783999681472778,0
2411,2015-08-25,1.3942999839782717,1.3950999975204468,1.3795000314712524,1.3933000564575195,0
2412,2015-08-26,1.4074000120162964,1.4124000072479248,1.3980000019073486,1.4077999591827393,0
2413,2015-08-27,1.403599977493286,1.4083000421524048,1.3930000066757202,1.4041999578475952,0
2414,2015-08-28,1.3939000368118286,1.4036999940872192,1.3876999616622925,1.393100023269653,0
2415,2015-08-31,1.4004000425338743,1.4113999605178833,1.3968000411987305,1.4005999565124512,0
2416,2015-09-01,1.406599998474121,1.4244999885559082,1.3985999822616575,1.4063999652862549,0
2417,2015-09-02,1.426699995994568,1.43149995803833,1.4199999570846558,1.4261000156402588,0
2418,2015-09-03,1.4190000295639038,1.4290000200271606,1.416200041770935,1.419600009918213,0
2419,2015-09-04,1.4247000217437744,1.4467999935150146,1.4239000082015991,1.4239000082015991,0
2420,2015-09-07,1.4417999982833862,1.4457000494003296,1.438599944114685,1.4417999982833862,0
2421,2015-09-08,1.4395999908447266,1.441499948501587,1.4230999946594238,1.440000057220459,0
2422,2015-09-09,1.4208999872207642,1.4244999885559082,1.414199948310852,1.4213000535964966,0
2423,2015-09-10,1.4356000423431396,1.4384000301361084,1.4104000329971311,1.4366999864578247,0
2424,2015-09-11,1.414199948310852,1.4210000038146973,1.4119999408721924,1.413599967956543,0
2425,2015-09-14,1.4084999561309814,1.4151999950408936,1.3980000019073486,1.4078999757766724,0
2426,2015-09-15,1.3964999914169312,1.410899996757507,1.3950999975204468,1.395699977874756,0
2427,2015-09-16,1.402899980545044,1.4033000469207764,1.3890999555587769,1.4031000137329102,0
2428,2015-09-17,1.3889000415802002,1.4002000093460083,1.3876999616622925,1.388800024986267,0
2429,2015-09-18,1.3910000324249268,1.394700050354004,1.3736000061035156,1.3904999494552612,0
2430,2015-09-21,1.3907999992370603,1.4039000272750854,1.3890999555587769,1.3902000188827517,0
2431,2015-09-22,1.402500033378601,1.4163999557495115,1.3964999914169312,1.4023000001907349,0
2432,2015-09-23,1.412600040435791,1.4278000593185425,1.4110000133514404,1.4133000373840332,0
2433,2015-09-24,1.4287999868392944,1.440400004386902,1.423699975013733,1.4276000261306765,0
2434,2015-09-25,1.426200032234192,1.429900050163269,1.419700026512146,1.4261000156402588,0
2435,2015-09-28,1.424299955368042,1.4322199821472168,1.420699954032898,1.424100041389465,0
2436,2015-09-29,1.4342999458312988,1.441100001335144,1.424299955368042,1.4347000122070312,0
2437,2015-09-30,1.4278000593185425,1.430299997329712,1.4205000400543213,1.426300048828125,0
2438,2015-10-01,1.4264999628067017,1.4270999431610107,1.4113999605178833,1.4265999794006348,0
2439,2015-10-02,1.4211000204086304,1.4277000427246094,1.4160000085830688,1.420699954032898,0
2440,2015-10-05,1.4187999963760376,1.4194999933242798,1.4062999486923218,1.419100046157837,0
2441,2015-10-06,1.4107999801635742,1.4140000343322754,1.3985999822616575,1.4107999801635742,0
2442,2015-10-07,1.3968000411987305,1.3981000185012815,1.382200002670288,1.3966000080108645,0
2443,2015-10-08,1.389899969100952,1.395300030708313,1.3834999799728394,1.3889000415802002,0
2444,2015-10-09,1.3760000467300415,1.3772000074386597,1.361299991607666,1.375300049781799,0
2445,2015-10-12,1.3671000003814695,1.3686000108718872,1.354599952697754,1.367799997329712,0
2446,2015-10-13,1.361600041389465,1.3782000541687012,1.3604999780654907,1.361199975013733,0
2447,2015-10-14,1.3845000267028809,1.3873000144958496,1.3711999654769895,1.383800029754639,0
2448,2015-10-15,1.3660999536514282,1.375499963760376,1.3575999736785889,1.3652000427246094,0
2449,2015-10-16,1.364400029182434,1.3783999681472778,1.364799976348877,1.364799976348877,0
2450,2015-10-19,1.377400040626526,1.38100004196167,1.368499994277954,1.377500057220459,0
2451,2015-10-20,1.378100037574768,1.3791999816894531,1.3702000379562378,1.377400040626526,0
2452,2015-10-21,1.3760000467300415,1.3878999948501587,1.3741999864578247,1.3756999969482422,0
2453,2015-10-22,1.3859000205993652,1.3911999464035034,1.381500005722046,1.3859000205993652,0
2454,2015-10-23,1.3866000175476074,1.3877999782562256,1.3708000183105469,1.386199951171875,0
2455,2015-10-26,1.3842999935150146,1.3845000267028809,1.375100016593933,1.3842999935150146,0
2456,2015-10-27,1.37909996509552,1.3854000568389893,1.377400040626526,1.3795000314712524,0
2457,2015-10-28,1.3903000354766846,1.4057999849319458,1.389299988746643,1.3895000219345093,0
2458,2015-10-29,1.4083000421524048,1.4140000343322754,1.4045000076293943,1.409000039100647,0
2459,2015-10-30,1.4104000329971311,1.4112000465393066,1.4017000198364258,1.409999966621399,0
2460,2015-11-02,1.4011000394821167,1.402500033378601,1.3977999687194824,1.4011000394821167,0
2461,2015-11-03,1.3968000411987305,1.3983999490737915,1.385800004005432,1.3966000080108645,0
2462,2015-11-04,1.3905999660491943,1.399399995803833,1.3840999603271484,1.3907999992370603,0
2463,2015-11-05,1.4007999897003174,1.402899980545044,1.3944000005722046,1.4011000394821167,0
2464,2015-11-06,1.39900004863739,1.4213000535964966,1.3942999839782717,1.398900032043457,0
2465,2015-11-09,1.420699954032898,1.4217000007629397,1.414199948310852,1.4205000400543213,0
2466,2015-11-10,1.4182000160217283,1.424299955368042,1.4154000282287598,1.417799949645996,0
2467,2015-11-11,1.419100046157837,1.420199990272522,1.412600040435791,1.419800043106079,0
2468,2015-11-12,1.414199948310852,1.4149999618530271,1.3977999687194824,1.4146000146865845,0
2469,2015-11-13,1.4011000394821167,1.4067000150680542,1.3974000215530396,1.4012999534606934,0
2470,2015-11-16,1.4072999954223633,1.4114999771118164,1.4020999670028689,1.4067000150680542,0
2471,2015-11-17,1.4093999862670898,1.4133000373840332,1.4004000425338743,1.4098000526428225,0
2472,2015-11-18,1.4056999683380127,1.4117000102996826,1.404099941253662,1.4055999517440796,0
2473,2015-11-19,1.4048999547958374,1.4048999547958374,1.3873000144958496,1.4048999547958374,0
2474,2015-11-20,1.3904999494552612,1.3913999795913696,1.37909996509552,1.3904000520706177,0
2475,2015-11-23,1.3832999467849731,1.395900011062622,1.3828999996185305,1.3839000463485718,0
2476,2015-11-24,1.3910000324249268,1.39110004901886,1.38100004196167,1.3910000324249268,0
2477,2015-11-25,1.3777999877929688,1.3834999799728394,1.3729000091552734,1.378499984741211,0
2478,2015-11-26,1.3782000541687012,1.3866000175476074,1.3767999410629272,1.378000020980835,0
2479,2015-11-27,1.385200023651123,1.3916000127792358,1.381100058555603,1.3847999572753906,0
2480,2015-11-30,1.3919999599456787,1.3941999673843384,1.379699945449829,1.3916000127792358,0
2481,2015-12-01,1.382599949836731,1.3834999799728394,1.3657000064849854,1.382599949836731,0
2482,2015-12-02,1.3654999732971191,1.3688000440597534,1.3624000549316406,1.3652000427246094,0
2483,2015-12-03,1.3693000078201294,1.372499942779541,1.3609000444412231,1.3693000078201294,0
2484,2015-12-04,1.364300012588501,1.3733999729156494,1.3538999557495115,1.3638999462127686,0
2485,2015-12-07,1.3619999885559082,1.3776999711990356,1.3619999885559082,1.3624000549316406,0
2486,2015-12-08,1.3775999546051023,1.3907999992370603,1.375100016593933,1.3777999877929688,0
2487,2015-12-09,1.3840700387954712,1.3940999507904053,1.3803000450134275,1.3842999935150146,0
2488,2015-12-10,1.382099986076355,1.3824000358581543,1.3634999990463257,1.382200002670288,0
2489,2015-12-11,1.375100016593933,1.3907999992370603,1.3747999668121338,1.3747999668121338,0
2490,2015-12-14,1.395699977874756,1.395900011062622,1.377400040626526,1.3954999446868896,0
2491,2015-12-15,1.3783999681472778,1.394700050354004,1.3729000091552734,1.378000020980835,0
2492,2015-12-16,1.3882999420166016,1.3926000595092771,1.3854000568389893,1.3882999420166016,0
2493,2015-12-17,1.3871999979019165,1.406000018119812,1.385599970817566,1.3878999948501587,0
2494,2015-12-18,1.402899980545044,1.4050999879837036,1.3926000595092771,1.4026999473571775,0
2495,2015-12-21,1.395300030708313,1.3971999883651731,1.3895000219345093,1.394700050354004,0
2496,2015-12-22,1.3889000415802002,1.3904000520706177,1.37909996509552,1.3890999555587769,0
2497,2015-12-23,1.382699966430664,1.3866000175476074,1.3792999982833862,1.382699966430664,0
2498,2015-12-24,1.3824000358581543,1.382599949836731,1.3732000589370728,1.382599949836731,0
2499,2015-12-25,1.375100016593933,1.376099944114685,1.3710999488830566,1.3747999668121338,0
2500,2015-12-28,1.3731000423431396,1.378000020980835,1.3726999759674072,1.3726999759674072,0
2501,2015-12-29,1.3777999877929688,1.378100037574768,1.3691999912261963,1.3777999877929688,0
2502,2015-12-30,1.3716000318527222,1.3747999668121338,1.36899995803833,1.371399998664856,0
2503,2015-12-31,1.3726999759674072,1.3733999729156494,1.3651000261306765,1.3729000091552734,0
2504,2016-01-01,1.3752000331878662,1.3752000331878662,1.3752000331878662,1.3752000331878662,0
2505,2016-01-04,1.3723000288009644,1.3949999809265137,1.3711999654769895,1.372499942779541,0
2506,2016-01-05,1.3916000127792358,1.4017000198364258,1.385699987411499,1.3920999765396118,0
2507,2016-01-06,1.3961000442504885,1.416800022125244,1.3940999507904053,1.396299958229065,0
2508,2016-01-07,1.4124000072479248,1.4321999549865725,1.410899996757507,1.4124000072479248,0
2509,2016-01-08,1.4249000549316406,1.4342000484466553,1.413699984550476,1.4250999689102173,0
2510,2016-01-11,1.4402999877929688,1.441100001335144,1.4214999675750732,1.4407999515533447,0
2511,2016-01-12,1.4312000274658203,1.4400999546051023,1.423799991607666,1.430799961090088,0
2512,2016-01-13,1.4312000274658203,1.4319000244140625,1.4185999631881714,1.431399941444397,0
2513,2016-01-14,1.4417999982833862,1.4470000267028809,1.433899998664856,1.44159996509552,0
2514,2016-01-15,1.4292000532150269,1.4563000202178955,1.4287999868392944,1.4287999868392944,0
2515,2016-01-18,1.4574999809265137,1.4589999914169312,1.4437999725341797,1.457900047302246,0
2516,2016-01-19,1.4536999464035034,1.46150004863739,1.437000036239624,1.4544999599456787,0
2517,2016-01-20,1.4457000494003296,1.4637000560760498,1.4466999769210815,1.4466999769210815,0
2518,2016-01-21,1.441499948501587,1.4537999629974363,1.437399983406067,1.4401999711990356,0
2519,2016-01-22,1.4253000020980835,1.430799961090088,1.4191999435424805,1.4251999855041504,0
2520,2016-01-25,1.4277499914169312,1.4347000122070312,1.422700047492981,1.4282000064849854,0
2521,2016-01-26,1.441100001335144,1.4443999528884888,1.4270999431610107,1.4407000541687012,0
2522,2016-01-27,1.4270999431610107,1.4291000366210938,1.4143999814987185,1.4270999431610107,0
2523,2016-01-28,1.4253000020980835,1.4264999628067017,1.4033000469207764,1.4256999492645264,0
2524,2016-01-29,1.4112000465393066,1.4138000011444092,1.4002000093460083,1.4115999937057495,0
2525,2016-02-01,1.4147000312805176,1.419600009918213,1.409999966621399,1.414199948310852,0
2526,2016-02-02,1.4062999486923218,1.4200999736785889,1.402400016784668,1.4067000150680542,0
2527,2016-02-03,1.4225000143051147,1.427299976348877,1.4069000482559204,1.4228999614715576,0
2528,2016-02-04,1.397699952125549,1.3968000411987305,1.3805999755859375,1.3968000411987305,0
2529,2016-02-05,1.3890000581741333,1.4107999801635742,1.3863999843597412,1.3889000415802002,0
2530,2016-02-08,1.4112000465393066,1.4178999662399292,1.402500033378601,1.4112000465393066,0
2531,2016-02-09,1.412600040435791,1.4333000183105469,1.4119000434875488,1.4127999544143677,0
2532,2016-02-10,1.4149999618530271,1.4205000400543213,1.403499960899353,1.4151999950408936,0
2533,2016-02-11,1.4076999425888062,1.430500030517578,1.3983999490737915,1.4079999923706057,0
2534,2016-02-12,1.4036999940872192,1.4151999950408936,1.4026999473571775,1.4033000469207764,0
2535,2016-02-15,1.4050999879837036,1.4057999849319458,1.3942999839782717,1.4050999879837036,0
2536,2016-02-16,1.39900004863739,1.4105000495910645,1.3919999599456787,1.3990999460220337,0
2537,2016-02-17,1.4045000076293943,1.4111000299453735,1.3948999643325806,1.4048999547958374,0
2538,2016-02-18,1.3934999704360962,1.4012999534606934,1.3919999599456787,1.3940000534057615,0
2539,2016-02-19,1.3985999822616575,1.414180040359497,1.3981000185012815,1.3983999490737915,0
2540,2016-02-22,1.399999976158142,1.399999976158142,1.381999969482422,1.399399995803833,0
2541,2016-02-23,1.382200002670288,1.386199951171875,1.3777999877929688,1.382200002670288,0
2542,2016-02-24,1.3897000551223757,1.398900032043457,1.3866000175476074,1.3897000551223757,0
2543,2016-02-25,1.389899969100952,1.3964999914169312,1.385599970817566,1.389899969100952,0
2544,2016-02-26,1.381999969482422,1.396299958229065,1.3783999681472778,1.3813999891281128,0
2545,2016-02-29,1.402899980545044,1.405900001525879,1.3954999446868896,1.4026999473571775,0
2546,2016-03-01,1.399999976158142,1.4063999652862549,1.3905999660491943,1.4002000093460083,0
2547,2016-03-02,1.3924000263214111,1.395300030708313,1.3770999908447266,1.3919999599456787,0
2548,2016-03-03,1.372099995613098,1.3729000091552734,1.356899976730347,1.3724000453948977,0
2549,2016-03-04,1.3590999841690063,1.361899971961975,1.3454999923706057,1.3592000007629397,0
2550,2016-03-07,1.349269986152649,1.352300047874451,1.3382999897003174,1.3496999740600586,0
2551,2016-03-08,1.3408000469207764,1.3493000268936155,1.3382999897003174,1.3408000469207764,0
2552,2016-03-09,1.3451999425888062,1.3487999439239502,1.3313000202178955,1.3450000286102295,0
2553,2016-03-10,1.3385000228881836,1.3431999683380127,1.3321000337600708,1.3387000560760498,0
2554,2016-03-11,1.3401000499725342,1.3423000574111938,1.3187999725341797,1.3406000137329102,0
2555,2016-03-14,1.3221999406814575,1.333799958229065,1.3166999816894531,1.322100043296814,0
2556,2016-03-15,1.3295999765396118,1.3427000045776367,1.3281999826431274,1.329800009727478,0
2557,2016-03-16,1.339900016784668,1.348099946975708,1.337399959564209,1.340000033378601,0
2558,2016-03-17,1.3250000476837158,1.3253999948501587,1.3066999912261963,1.3253999948501587,0
2559,2016-03-18,1.3071999549865725,1.314900040626526,1.3015999794006348,1.307800054550171,0
2560,2016-03-21,1.3162000179290771,1.3208999633789062,1.3107999563217163,1.3166999816894531,0
2561,2016-03-22,1.3207000494003296,1.323799967765808,1.3086999654769895,1.3209999799728394,0
2562,2016-03-23,1.3122999668121338,1.3277000188827517,1.3072999715805054,1.3122999668121338,0
2563,2016-03-24,1.327399969100952,1.336899995803833,1.3270000219345093,1.3271000385284424,0
2564,2016-03-25,1.32860004901886,1.3315999507904053,1.3264000415802002,1.3284000158309937,0
2565,2016-03-28,1.3322999477386477,1.333899974822998,1.3229000568389893,1.3325999975204468,0
2566,2016-03-29,1.323300004005432,1.3313000202178955,1.3205000162124634,1.323799967765808,0
2567,2016-03-30,1.308899998664856,1.3128999471664429,1.297700047492981,1.3091000318527222,0
2568,2016-03-31,1.305299997329712,1.309399962425232,1.294800043106079,1.305500030517578,0
2569,2016-04-01,1.3037999868392944,1.3152999877929688,1.299399971961975,1.3037999868392944,0
2570,2016-04-04,1.3040000200271606,1.315400004386902,1.302899956703186,1.3041000366210938,0
2571,2016-04-05,1.3157999515533447,1.3312000036239624,1.3112000226974487,1.315999984741211,0
2572,2016-04-06,1.3251999616622925,1.327299952507019,1.312800049781799,1.3252999782562256,0
2573,2016-04-07,1.3136999607086182,1.3344000577926636,1.309399962425232,1.3137999773025513,0
2574,2016-04-08,1.330899953842163,1.3313000202178955,1.319100022315979,1.3305000066757202,0
2575,2016-04-11,1.3219000101089478,1.3278000354766846,1.3107000589370728,1.3216999769210815,0
2576,2016-04-12,1.3166999816894531,1.3179999589920044,1.3030999898910522,1.3167999982833862,0
2577,2016-04-13,1.301200032234192,1.3097000122070312,1.295799970626831,1.3008999824523926,0
2578,2016-04-14,1.3050999641418457,1.312199950218201,1.2927000522613523,1.305500030517578,0
2579,2016-04-15,1.299399971961975,1.3015999794006348,1.292799949645996,1.3006000518798828,0
2580,2016-04-18,1.308899998664856,1.309399962425232,1.288699984550476,1.3079999685287476,0
2581,2016-04-19,1.2868000268936155,1.28849995136261,1.278499960899353,1.2867000102996826,0
2582,2016-04-20,1.2826000452041626,1.2871999740600586,1.2771999835968018,1.282099962234497,0
2583,2016-04-21,1.2817000150680542,1.2894999980926514,1.2762999534606934,1.281599998474121,0
2584,2016-04-22,1.2914999723434448,1.2967000007629397,1.2862000465393066,1.2913000583648682,0
2585,2016-04-25,1.2968800067901611,1.2999000549316406,1.2934999465942385,1.2969000339508057,0
2586,2016-04-26,1.295799970626831,1.2984999418258667,1.287700057029724,1.2962000370025637,0
2587,2016-04-27,1.2906999588012695,1.3198000192642212,1.287700057029724,1.2907999753952026,0
2588,2016-04-28,1.3150999546051023,1.3193999528884888,1.305500030517578,1.3152999877929688,0
2589,2016-04-29,1.3099000453948977,1.3150999546051023,1.3041000366210938,1.3098000288009644,0
2590,2016-05-02,1.312800049781799,1.3163000345230105,1.3061000108718872,1.312999963760376,0
2591,2016-05-03,1.3048399686813354,1.3341000080108645,1.2964999675750732,1.304800033569336,0
2592,2016-05-04,1.333400011062622,1.3414000272750854,1.3299000263214111,1.3335000276565552,0
2593,2016-05-05,1.3392000198364258,1.34089994430542,1.3308000564575195,1.3392000198364258,0
2594,2016-05-06,1.3375999927520752,1.3621000051498413,1.337299942970276,1.3378000259399414,0
2595,2016-05-09,1.3557000160217283,1.3675999641418457,1.353700041770935,1.3559000492095947,0
2596,2016-05-10,1.3667000532150269,1.3696000576019287,1.3559999465942385,1.3662999868392944,0
2597,2016-05-11,1.3562999963760376,1.3629000186920166,1.3507000207901,1.3562999963760376,0
2598,2016-05-12,1.3590999841690063,1.3672000169754028,1.3559999465942385,1.3587000370025637,0
2599,2016-05-13,1.3665000200271606,1.3782000541687012,1.3657000064849854,1.3665000200271606,0
2600,2016-05-16,1.3746000528335571,1.375100016593933,1.368000030517578,1.375100016593933,0
2601,2016-05-17,1.372099995613098,1.3726999759674072,1.357300043106079,1.3716000318527222,0
2602,2016-05-18,1.367300033569336,1.3787000179290771,1.3660999536514282,1.3660999536514282,0
2603,2016-05-19,1.3837000131607056,1.392699956893921,1.382200002670288,1.3845000267028809,0
2604,2016-05-20,1.382699966430664,1.386299967765808,1.37909996509552,1.382699966430664,0
2605,2016-05-23,1.3834999799728394,1.389299988746643,1.3769999742507937,1.3837000131607056,0
2606,2016-05-24,1.3842999935150146,1.399340033531189,1.3840999603271484,1.3847999572753906,0
2607,2016-05-25,1.3906999826431274,1.3935999870300293,1.3849999904632568,1.3904000520706177,0
2608,2016-05-26,1.3914999961853027,1.3942999839782717,1.3803999423980713,1.3913999795913696,0
2609,2016-05-27,1.3839000463485718,1.3913999795913696,1.3818999528884888,1.3839000463485718,0
2610,2016-05-30,1.391800045967102,1.3982000350952148,1.3907999992370603,1.392799973487854,0
2611,2016-05-31,1.3897000551223757,1.3911999464035034,1.3759000301361084,1.3895000219345093,0
2612,2016-06-01,1.3818000555038452,1.3832000494003296,1.3698999881744385,1.381600022315979,0
2613,2016-06-02,1.3792999982833862,1.3882999420166016,1.375599980354309,1.3789000511169434,0
2614,2016-06-03,1.3828999996185305,1.3839000463485718,1.3604999780654907,1.3831000328063965,0
2615,2016-06-06,1.3610999584197998,1.3664000034332275,1.354599952697754,1.3617000579833984,0
2616,2016-06-07,1.3561999797821045,1.358199954032898,1.3407000303268433,1.3559099435806274,0
2617,2016-06-08,1.343000054359436,1.3452999591827393,1.336400032043457,1.3428000211715698,0
2618,2016-06-09,1.333899974822998,1.3473999500274658,1.3325999975204468,1.3345999717712402,0
2619,2016-06-10,1.3482999801635742,1.3526999950408936,1.346400022506714,1.3487999439239502,0
2620,2016-06-13,1.3560999631881714,1.3581000566482544,1.3492000102996826,1.3562999963760376,0
2621,2016-06-14,1.35479998588562,1.3638999462127686,1.350200057029724,1.3552000522613523,0
2622,2016-06-15,1.3594000339508057,1.3631000518798828,1.347499966621399,1.360100030899048,0
2623,2016-06-16,1.348399996757507,1.3724000453948977,1.3456000089645386,1.3487000465393066,0
2624,2016-06-17,1.353700041770935,1.3559999465942385,1.3493000268936155,1.3528000116348269,0
2625,2016-06-20,1.3457000255584717,1.3463000059127808,1.336400032043457,1.345900058746338,0
2626,2016-06-21,1.3402999639511108,1.3413000106811523,1.3308000564575195,1.3402999639511108,0
2627,2016-06-22,1.341599941253662,1.343400001525879,1.3282999992370603,1.3416999578475952,0
2628,2016-06-23,1.3308000564575195,1.330899953842163,1.3163000345230105,1.330899953842163,0
2629,2016-06-24,1.3271000385284424,1.3667000532150269,1.3186999559402466,1.3242000341415403,0
2630,2016-06-27,1.3457000255584717,1.3630000352859497,1.3418999910354614,1.345900058746338,0
2631,2016-06-28,1.3592000007629397,1.361600041389465,1.3482999801635742,1.3594000339508057,0
2632,2016-06-29,1.3503999710083008,1.354300022125244,1.3408000469207764,1.3508000373840332,0
2633,2016-06-30,1.3387000560760498,1.3552000522613523,1.3387000560760498,1.3388999700546265,0
2634,2016-07-01,1.3424999713897705,1.344099998474121,1.3325999975204468,1.3423000574111938,0
2635,2016-07-04,1.3398000001907349,1.3395999670028689,1.3250000476837158,1.3392000198364258,0
2636,2016-07-05,1.3279999494552612,1.34089994430542,1.3251999616622925,1.3279999494552612,0
2637,2016-07-06,1.343400001525879,1.3492000102996826,1.3305000066757202,1.3437000513076782,0
2638,2016-07-07,1.3300000429153442,1.3378000259399414,1.3264000415802002,1.3309999704360962,0
2639,2016-07-08,1.3344000577926636,1.3375999927520752,1.3219000101089478,1.3339999914169312,0
2640,2016-07-11,1.3229000568389893,1.3291000127792358,1.319700002670288,1.323099970817566,0
2641,2016-07-12,1.3265999555587769,1.327299952507019,1.3091000318527222,1.3265999555587769,0
2642,2016-07-13,1.3148000240325928,1.319499969482422,1.3091000318527222,1.315250039100647,0
2643,2016-07-14,1.3164000511169434,1.3169000148773191,1.3068000078201294,1.3166999816894531,0
2644,2016-07-15,1.3131999969482422,1.319000005722046,1.3026000261306765,1.3131999969482422,0
2645,2016-07-18,1.3174999952316284,1.3199000358581543,1.3142999410629272,1.3174999952316284,0
2646,2016-07-19,1.320099949836731,1.337299942970276,1.3200000524520874,1.3200000524520874,0
2647,2016-07-20,1.3320000171661377,1.339900016784668,1.3312000036239624,1.3315999507904053,0
2648,2016-07-21,1.3384000062942505,1.3406000137329102,1.3305000066757202,1.339400053024292,0
2649,2016-07-22,1.3321000337600708,1.343400001525879,1.332200050354004,1.3322999477386477,0
2650,2016-07-25,1.3375999927520752,1.340999960899353,1.3344999551773071,1.3379000425338743,0
2651,2016-07-26,1.3375999927520752,1.3395999670028689,1.325899958610535,1.3377000093460083,0
2652,2016-07-27,1.330399990081787,1.340999960899353,1.3209999799728394,1.3307000398635864,0
2653,2016-07-28,1.33024001121521,1.3322999477386477,1.3243000507354736,1.329300045967102,0
2654,2016-07-29,1.3310999870300293,1.3343000411987305,1.3138999938964844,1.3309999704360962,0
2655,2016-08-01,1.3178999423980713,1.3240000009536743,1.312999963760376,1.3178999423980713,0
2656,2016-08-02,1.3282999992370603,1.33270001411438,1.3092000484466553,1.3279000520706177,0
2657,2016-08-03,1.3157999515533447,1.3209999799728394,1.3131999969482422,1.3157000541687012,0
2658,2016-08-04,1.3174999952316284,1.3177000284194946,1.309000015258789,1.3177000284194946,0
2659,2016-08-05,1.308899998664856,1.316100001335144,1.3044999837875366,1.3085999488830566,0
2660,2016-08-08,1.3137500286102295,1.3158999681472778,1.3033000230789185,1.313599944114685,0
2661,2016-08-09,1.305400013923645,1.3114999532699585,1.3007899522781372,1.305299997329712,0
2662,2016-08-10,1.3047000169754028,1.304900050163269,1.2891000509262085,1.304900050163269,0
2663,2016-08-11,1.2961000204086304,1.2998000383377075,1.2944999933242798,1.2965999841690063,0
2664,2016-08-12,1.299399971961975,1.3039000034332275,1.294399976730347,1.2998000383377075,0
2665,2016-08-15,1.3061000108718872,1.3091000318527222,1.3003000020980835,1.3061000108718872,0
2666,2016-08-16,1.3027000427246094,1.3061000108718872,1.2907999753952026,1.3025000095367432,0
2667,2016-08-17,1.2985700368881226,1.3131999969482422,1.2973999977111816,1.2992500066757202,0
2668,2016-08-18,1.304800033569336,1.3071000576019287,1.2949999570846558,1.3049999475479126,0
2669,2016-08-19,1.302299976348877,1.3157000541687012,1.3025000095367432,1.3025000095367432,0
2670,2016-08-22,1.3143999576568604,1.3184000253677368,1.3092000484466553,1.3145999908447266,0
2671,2016-08-23,1.3106000423431396,1.3109999895095823,1.3061000108718872,1.3104000091552734,0
2672,2016-08-24,1.3134000301361084,1.3174999952316284,1.3097000122070312,1.3135000467300415,0
2673,2016-08-25,1.3140000104904177,1.3150999546051023,1.308899998664856,1.3142999410629272,0
2674,2016-08-26,1.3114999532699585,1.3133000135421753,1.3003000020980835,1.3115999698638916,0
2675,2016-08-29,1.3255000114440918,1.3285000324249268,1.3199000358581543,1.326509952545166,0
2676,2016-08-30,1.319700002670288,1.3314000368118286,1.319200038909912,1.3200000524520874,0
2677,2016-08-31,1.3289999961853027,1.3348000049591064,1.3271000385284424,1.3291000127792358,0
2678,2016-09-01,1.329800009727478,1.3321000337600708,1.3240000009536743,1.3299000263214111,0
2679,2016-09-02,1.3240000009536743,1.3265000581741333,1.313599944114685,1.3243000507354736,0
2680,2016-09-05,1.3219000101089478,1.3219000101089478,1.3143999576568604,1.3219000101089478,0
2681,2016-09-06,1.3170000314712524,1.3170000314712524,1.301200032234192,1.3170000314712524,0
2682,2016-09-07,1.3006999492645264,1.30649995803833,1.299100041389465,1.3011000156402588,0
2683,2016-09-08,1.3039000034332275,1.3044999837875366,1.2933000326156616,1.3039000034332275,0
2684,2016-09-09,1.3071000576019287,1.3243000507354736,1.305799961090088,1.3071999549865725,0
2685,2016-09-12,1.3253999948501587,1.3342000246047974,1.3244999647140503,1.3257999420166016,0
2686,2016-09-13,1.321499943733215,1.3388999700546265,1.3209999799728394,1.321499943733215,0
2687,2016-09-14,1.3387999534606934,1.3417999744415283,1.3339999914169312,1.3392000198364258,0
2688,2016-09-15,1.33650004863739,1.3423999547958374,1.3305000066757202,1.336300015449524,0
2689,2016-09-16,1.3309999704360962,1.337499976158142,1.3284000158309937,1.3309999704360962,0
2690,2016-09-19,1.3329999446868896,1.3328800201416016,1.3200000524520874,1.332800030708313,0
2691,2016-09-20,1.32669997215271,1.3278000354766846,1.3214000463485718,1.326300024986267,0
2692,2016-09-21,1.323099970817566,1.326799988746643,1.314900040626526,1.323199987411499,0
2693,2016-09-22,1.3101999759674072,1.3108999729156494,1.3028000593185425,1.3091000318527222,0
2694,2016-09-23,1.3072999715805054,1.3136999607086182,1.30649995803833,1.3078700304031372,0
2695,2016-09-26,1.312999963760376,1.3150999546051023,1.3071999549865725,1.3131999969482422,0
2696,2016-09-27,1.3099600076675415,1.3134000301361084,1.2992000579833984,1.3101600408554075,0
2697,2016-09-28,1.3037999868392944,1.3078999519348145,1.3006000518798828,1.3040000200271606,0
2698,2016-09-29,1.2997000217437744,1.306399941444397,1.2967000007629397,1.2999999523162842,0
2699,2016-09-30,1.3108999729156494,1.3172999620437622,1.3033000230789185,1.3107999563217163,0
2700,2016-10-03,1.3082000017166138,1.308500051498413,1.3013999462127686,1.3079999685287476,0
2701,2016-10-04,1.3009999990463257,1.3092000484466553,1.3006999492645264,1.301300048828125,0
2702,2016-10-05,1.3138999938964844,1.31659996509552,1.3079999685287476,1.3136999607086182,0
2703,2016-10-06,1.3116999864578247,1.322100043296814,1.3118000030517578,1.312199950218201,0
2704,2016-10-07,1.319599986076355,1.3236000537872314,1.3115999698638916,1.3199399709701538,0
2705,2016-10-10,1.3157999515533447,1.319000005722046,1.3104000091552734,1.315600037574768,0
2706,2016-10-11,1.3157999515533447,1.32669997215271,1.3157999515533447,1.3157999515533447,0
2707,2016-10-12,1.3222999572753906,1.3238999843597412,1.3172999620437622,1.3221999406814575,0
2708,2016-10-13,1.323099970817566,1.3317999839782717,1.3214000463485718,1.3236000537872314,0
2709,2016-10-14,1.322100043296814,1.323199987411499,1.3073999881744385,1.3221999406814575,0
2710,2016-10-17,1.3164000511169434,1.3186999559402466,1.3107999563217163,1.316499948501587,0
2711,2016-10-18,1.3087999820709229,1.3085999488830566,1.3000999689102173,1.30840003490448,0
2712,2016-10-19,1.3029999732971191,1.3051999807357788,1.295799970626831,1.3033000230789185,0
2713,2016-10-20,1.2942999601364136,1.311400055885315,1.2927000522613523,1.294100046157837,0
2714,2016-10-21,1.310099959373474,1.3174999952316284,1.3073999881744385,1.309999942779541,0
2715,2016-10-24,1.315400004386902,1.3171000480651855,1.3085999488830566,1.3152999877929688,0
2716,2016-10-25,1.3167999982833862,1.3169000148773191,1.3062000274658203,1.3169000148773191,0
2717,2016-10-26,1.3071000576019287,1.30840003490448,1.2973999977111816,1.3070000410079956,0
2718,2016-10-27,1.3071999549865725,1.316499948501587,1.3066999912261963,1.3073999881744385,0
2719,2016-10-28,1.3174999952316284,1.3229000568389893,1.3142000436782837,1.3172999620437622,0
2720,2016-10-31,1.316100001335144,1.3183000087738037,1.3125,1.3166999816894531,0
2721,2016-11-01,1.3144999742507937,1.3158999681472778,1.3004000186920166,1.3143999576568604,0
2722,2016-11-02,1.3079999685287476,1.3132200241088867,1.3020999431610107,1.307800054550171,0
2723,2016-11-03,1.3065999746322632,1.3091000318527222,1.3011000156402588,1.3069000244140625,0
2724,2016-11-04,1.3011000156402588,1.30649995803833,1.2990000247955322,1.301200032234192,0
2725,2016-11-07,1.302299976348877,1.3040000200271606,1.2971999645233154,1.30239999294281,0
2726,2016-11-08,1.295300006866455,1.3003000020980835,1.294800043106079,1.295199990272522,0
2727,2016-11-09,1.2910000085830688,1.3184000253677368,1.2868000268936155,1.2907999753952026,0
2728,2016-11-10,1.3072999715805054,1.3205000162124634,1.291700005531311,1.3071000576019287,0
2729,2016-11-11,1.3142999410629272,1.3260999917984009,1.3106000423431396,1.3141000270843506,0
2730,2016-11-14,1.3245999813079834,1.3286999464035034,1.320199966430664,1.3240000009536743,0
2731,2016-11-15,1.3207999467849731,1.3309999704360962,1.3177000284194946,1.321300029754639,0
2732,2016-11-16,1.3238999843597412,1.339900016784668,1.3205000162124634,1.323699951171875,0
2733,2016-11-17,1.3343000411987305,1.3422000408172607,1.333899974822998,1.3348000049591064,0
2734,2016-11-18,1.351699948310852,1.3617000579833984,1.350100040435791,1.351199984550476,0
2735,2016-11-21,1.3654999732971191,1.367400050163269,1.3545000553131104,1.3651000261306765,0
2736,2016-11-22,1.3555999994277954,1.3565000295639038,1.3487000465393066,1.3554999828338623,0
2737,2016-11-23,1.3494999408721924,1.3559000492095947,1.3430999517440796,1.3493000268936155,0
2738,2016-11-24,1.3559999465942385,1.3575999736785889,1.348399996757507,1.3559000492095947,0
2739,2016-11-25,1.3482999801635742,1.351099967956543,1.339100003242493,1.348099946975708,0
2740,2016-11-28,1.3430999517440796,1.3450000286102295,1.3344000577926636,1.3437000513076782,0
2741,2016-11-29,1.3343000411987305,1.3450499773025513,1.3336000442504885,1.3341000080108645,0
2742,2016-11-30,1.3360999822616575,1.3533999919891355,1.333799958229065,1.3359999656677246,0
2743,2016-12-01,1.3533999919891355,1.3557000160217283,1.347599983215332,1.3530999422073364,0
2744,2016-12-02,1.347499966621399,1.3509000539779663,1.3389999866485596,1.3472000360488892,0
2745,2016-12-05,1.343400001525879,1.3485000133514404,1.3387000560760498,1.3442000150680542,0
2746,2016-12-06,1.3379000425338743,1.3451999425888062,1.336400032043457,1.3381099700927734,0
2747,2016-12-07,1.3382999897003174,1.3479000329971311,1.33650004863739,1.3381999731063845,0
2748,2016-12-08,1.335800051689148,1.3458000421524048,1.332200050354004,1.3357000350952148,0
2749,2016-12-09,1.3405699729919434,1.3431999683380127,1.333899974822998,1.3406000137329102,0
2750,2016-12-12,1.3425999879837036,1.3444000482559204,1.3323999643325806,1.3424999713897705,0
2751,2016-12-13,1.333799958229065,1.337499976158142,1.3291000127792358,1.333899974822998,0
2752,2016-12-14,1.3343000411987305,1.336300015449524,1.329300045967102,1.3343000411987305,0
2753,2016-12-15,1.3494000434875488,1.360700011253357,1.3458000421524048,1.350200057029724,0
2754,2016-12-16,1.357200026512146,1.3756200075149536,1.356899976730347,1.357300043106079,0
2755,2016-12-19,1.371500015258789,1.3791999816894531,1.3671000003814695,1.371399998664856,0
2756,2016-12-20,1.37909996509552,1.3842999935150146,1.3767000436782837,1.3789000511169434,0
2757,2016-12-21,1.375599980354309,1.3809000253677368,1.3732000589370728,1.3758000135421753,0
2758,2016-12-22,1.382099986076355,1.3890000581741333,1.3777999877929688,1.381999969482422,0
2759,2016-12-23,1.3846999406814575,1.3964999914169312,1.3832999467849731,1.3846999406814575,0
2760,2016-12-26,1.392899990081787,1.3950999975204468,1.3799999952316284,1.3933000564575195,0
2761,2016-12-27,1.3926000595092771,1.3939000368118286,1.3889000415802002,1.3925000429153442,0
2762,2016-12-28,1.3905999660491943,1.395699977874756,1.3849999904632568,1.3905999660491943,0
2763,2016-12-29,1.391800045967102,1.3919999599456787,1.3849999904632568,1.391800045967102,0
2764,2016-12-30,1.382200002670288,1.385599970817566,1.379699945449829,1.3818999528884888,0
2765,2017-01-02,1.3869999647140503,1.394700050354004,1.3846999406814575,1.3869999647140503,0
2766,2017-01-03,1.3895000219345093,1.3897000551223757,1.381600022315979,1.3897000551223757,0
2767,2017-01-04,1.383139967918396,1.3848199844360352,1.3737000226974487,1.3830000162124634,0
2768,2017-01-05,1.3723000288009644,1.3738000392913818,1.360700011253357,1.371899962425232,0
2769,2017-01-06,1.3626999855041504,1.368499994277954,1.3595999479293823,1.3628000020980835,0
2770,2017-01-09,1.3675999641418457,1.3693000078201294,1.3610999584197998,1.3674999475479126,0
2771,2017-01-10,1.3587000370025637,1.3636000156402588,1.3538999557495115,1.3592000007629397,0
2772,2017-01-11,1.3583999872207642,1.3598999977111816,1.351699948310852,1.3586000204086304,0
2773,2017-01-12,1.3428000211715698,1.3458000421524048,1.329800009727478,1.3425999879837036,0
2774,2017-01-13,1.3353999853134155,1.3420000076293943,1.3319000005722046,1.3355000019073486,0
2775,2017-01-16,1.3336999416351318,1.3406000137329102,1.3329999446868896,1.3329999446868896,0
2776,2017-01-17,1.3380999565124512,1.3394099473953247,1.3222999572753906,1.3381999731063845,0
2777,2017-01-18,1.3243800401687622,1.3261499404907229,1.321499943733215,1.324560046195984,0
2778,2017-01-19,1.3316999673843384,1.334380030632019,1.3206000328063965,1.3315000534057615,0
2779,2017-01-20,1.3215999603271484,1.3301000595092771,1.3177000284194946,1.3215999603271484,0
2780,2017-01-23,1.3203999996185305,1.3243000507354736,1.3178999423980713,1.3207199573516846,0
2781,2017-01-24,1.3187999725341797,1.3237500190734863,1.3141000270843506,1.3187999725341797,0
2782,2017-01-25,1.3171000480651855,1.330399990081787,1.316100001335144,1.317579984664917,0
2783,2017-01-26,1.3202999830245972,1.328220009803772,1.3181999921798706,1.319499969482422,0
2784,2017-01-27,1.327399969100952,1.330940008163452,1.3207999467849731,1.3277000188827517,0
2785,2017-01-30,1.3238699436187744,1.3280999660491943,1.3214000463485718,1.32368004322052,0
2786,2017-01-31,1.3217999935150146,1.3256100416183472,1.3148000240325928,1.3222099542617798,0
2787,2017-02-01,1.319200038909912,1.3241499662399292,1.316100001335144,1.319599986076355,0
2788,2017-02-02,1.318600058555603,1.3183000087738037,1.299399971961975,1.3183000087738037,0
2789,2017-02-03,1.306399941444397,1.309499979019165,1.299399971961975,1.305999994277954,0
2790,2017-02-06,1.3027600049972534,1.3105599880218506,1.301900029182434,1.30239999294281,0
2791,2017-02-07,1.3078999519348145,1.3143999576568604,1.301699995994568,1.3077000379562378,0
2792,2017-02-08,1.311900019645691,1.3134000301361084,1.3046000003814695,1.3122800588607788,0
2793,2017-02-09,1.3103200197219849,1.313629984855652,1.304800033569336,1.3098000288009644,0
2794,2017-02-10,1.3113199472427368,1.3123199939727783,1.302899956703186,1.3111000061035156,0
2795,2017-02-13,1.303760051727295,1.3101999759674072,1.3020999431610107,1.3038699626922607,0
2796,2017-02-14,1.3084900379180908,1.3114999532699585,1.2989000082015991,1.3084399700164795,0
2797,2017-02-15,1.3039000034332275,1.309290051460266,1.3005000352859497,1.303879976272583,0
2798,2017-02-16,1.2950899600982666,1.3010499477386477,1.293280005455017,1.294700026512146,0
2799,2017-02-17,1.2990000247955322,1.305500030517578,1.2963000535964966,1.299100041389465,0
2800,2017-02-20,1.3041199445724487,1.305299997329712,1.3005900382995603,1.3041000366210938,0
2801,2017-02-21,1.3006000518798828,1.3070399761199951,1.3005000352859497,1.3006099462509155,0
2802,2017-02-22,1.3027000427246094,1.3042000532150269,1.2968000173568726,1.3026599884033203,0
2803,2017-02-23,1.2992000579833984,1.3043400049209597,1.291700005531311,1.2991199493408203,0
2804,2017-02-24,1.2964999675750732,1.3044099807739258,1.295199990272522,1.2964999675750732,0
2805,2017-02-27,1.303699970245361,1.3042999505996704,1.297940015792847,1.3040000200271606,0
2806,2017-02-28,1.3027000427246094,1.3040000200271606,1.299399971961975,1.3028299808502195,0
2807,2017-03-01,1.3085099458694458,1.308899998664856,1.299100041389465,1.30840003490448,0
2808,2017-03-02,1.305899977684021,1.3213499784469604,1.3044999837875366,1.3055200576782229,0
2809,2017-03-03,1.3206000328063965,1.3253999948501587,1.31850004196167,1.3205499649047852,0
2810,2017-03-06,1.3166999816894531,1.3207000494003296,1.3141000270843506,1.3174500465393066,0
2811,2017-03-07,1.3176599740982056,1.3183000087738037,1.3107500076293943,1.3172500133514404,0
2812,2017-03-08,1.3166600465774536,1.3272000551223757,1.3141000270843506,1.3171199560165403,0
2813,2017-03-09,1.3281999826431274,1.3344999551773071,1.3272000551223757,1.3285000324249268,0
2814,2017-03-10,1.3320000171661377,1.332200050354004,1.323639988899231,1.3320000171661377,0
2815,2017-03-13,1.325600028038025,1.3271000385284424,1.3170000314712524,1.3261899948120115,0
2816,2017-03-14,1.3215999603271484,1.3260999917984009,1.3197699785232544,1.3207999467849731,0
2817,2017-03-15,1.3217899799346924,1.323300004005432,1.3152999877929688,1.3216700553894043,0
2818,2017-03-16,1.297700047492981,1.3047000169754028,1.2959599494934082,1.2976399660110474,0
2819,2017-03-17,1.3037999868392944,1.304309964179993,1.295799970626831,1.303500056266785,0
2820,2017-03-20,1.2978999614715576,1.2989000082015991,1.2908400297164917,1.2973999977111816,0
2821,2017-03-21,1.2935999631881714,1.2985999584197998,1.2901999950408936,1.2934999465942385,0
2822,2017-03-22,1.3030799627304075,1.3087600469589231,1.3013999462127686,1.3033000230789185,0
2823,2017-03-23,1.303879976272583,1.311400055885315,1.3037999868392944,1.3041000366210938,0
2824,2017-03-24,1.3099000453948977,1.3148399591445925,1.308500051498413,1.309599995613098,0
2825,2017-03-27,1.310099959373474,1.3140000104904177,1.3071999549865725,1.3098599910736084,0
2826,2017-03-28,1.3107999563217163,1.3177000284194946,1.3062000274658203,1.3107000589370728,0
2827,2017-03-29,1.3067799806594849,1.3099000453948977,1.3044999837875366,1.306399941444397,0
2828,2017-03-30,1.303699970245361,1.3070000410079956,1.301900029182434,1.303320050239563,0
2829,2017-03-31,1.3063000440597534,1.3115999698638916,1.304800033569336,1.3069000244140625,0
2830,2017-04-03,1.310629963874817,1.317199945449829,1.3086999654769895,1.3105000257492063,0
2831,2017-04-04,1.314900040626526,1.3250999450683594,1.3131999969482422,1.314910054206848,0
2832,2017-04-05,1.3212000131607056,1.32260000705719,1.3178999423980713,1.321300029754639,0
2833,2017-04-06,1.3213900327682495,1.327399969100952,1.3210999965667725,1.3216999769210815,0
2834,2017-04-07,1.3259999752044678,1.3324300050735474,1.3251999616622925,1.326300024986267,0
2835,2017-04-10,1.3320499658584597,1.3374700546264648,1.3316999673843384,1.3321000337600708,0
2836,2017-04-11,1.3321000337600708,1.3375999927520752,1.3305000066757202,1.332129955291748,0
2837,2017-04-12,1.3326900005340576,1.3366999626159668,1.3315999507904053,1.3332799673080444,0
2838,2017-04-13,1.3264199495315552,1.3274400234222412,1.316499948501587,1.326580047607422,0
2839,2017-04-14,1.3216999769210815,1.3227200508117676,1.3184000253677368,1.3216999769210815,0
2840,2017-04-17,1.319100022315979,1.3193000555038452,1.3139599561691284,1.319100022315979,0
2841,2017-04-18,1.317199945449829,1.327299952507019,1.3163000345230105,1.317199945449829,0
2842,2017-04-19,1.3229000568389893,1.333899974822998,1.3222999572753906,1.3229000568389893,0
2843,2017-04-20,1.3339999914169312,1.334190011024475,1.3249000310897827,1.334190011024475,0
2844,2017-04-21,1.329949975013733,1.3304100036621094,1.3251999616622925,1.3301000595092771,0
2845,2017-04-24,1.3235000371932983,1.3246999979019165,1.318600058555603,1.323099970817566,0
2846,2017-04-25,1.3228000402450562,1.3295999765396118,1.321499943733215,1.3224899768829346,0
2847,2017-04-26,1.326799988746643,1.34128999710083,1.3251999616622925,1.326810002326965,0
2848,2017-04-27,1.336840033531189,1.3438999652862549,1.3346999883651731,1.3371000289916992,0
2849,2017-04-28,1.3391900062561035,1.3425999879837036,1.3359999656677246,1.3385000228881836,0
2850,2017-05-01,1.3362900018692017,1.3378000259399414,1.325899958610535,1.3361999988555908,0
2851,2017-05-02,1.327299952507019,1.3314000368118286,1.323300004005432,1.3277900218963623,0
2852,2017-05-03,1.325700044631958,1.342900037765503,1.3250999450683594,1.3255000114440918,0
2853,2017-05-04,1.3460999727249146,1.354300022125244,1.3457000255584717,1.34607994556427,0
2854,2017-05-05,1.3490999937057495,1.3567999601364136,1.3479000329971311,1.3493000268936155,0
2855,2017-05-08,1.3484699726104736,1.35479998588562,1.347100019454956,1.348889946937561,0
2856,2017-05-09,1.3533999919891355,1.364199995994568,1.3515000343322754,1.3532299995422363,0
2857,2017-05-10,1.3619500398635864,1.3623000383377075,1.3524800539016724,1.3621000051498413,0
2858,2017-05-11,1.3585000038146973,1.3624999523162842,1.3552900552749634,1.3590600490570068,0
2859,2017-05-12,1.3552000522613523,1.3570200204849243,1.3472000360488892,1.3553999662399292,0
2860,2017-05-15,1.3526500463485718,1.3533300161361694,1.343000054359436,1.3524999618530271,0
2861,2017-05-16,1.3476099967956543,1.352120041847229,1.3444000482559204,1.3476799726486206,0
2862,2017-05-17,1.347499966621399,1.3532299995422363,1.343559980392456,1.3473000526428225,0
2863,2017-05-18,1.3457000255584717,1.34961998462677,1.3392000198364258,1.345900058746338,0
2864,2017-05-19,1.3473000526428225,1.3499000072479248,1.340399980545044,1.347599983215332,0
2865,2017-05-22,1.3418999910354614,1.3447999954223633,1.3353500366210938,1.3420000076293943,0
2866,2017-05-23,1.3385000228881836,1.3388899564743042,1.3301000595092771,1.3382999897003174,0
2867,2017-05-24,1.3384000062942505,1.343500018119812,1.335800051689148,1.3378000259399414,0
2868,2017-05-25,1.33378005027771,1.3401800394058228,1.3300000429153442,1.33378005027771,0
2869,2017-05-26,1.3411999940872192,1.3472000360488892,1.3401999473571775,1.3415000438690186,0
2870,2017-05-29,1.3432999849319458,1.3461300134658811,1.3418999910354614,1.343500018119812,0
2871,2017-05-30,1.3443000316619873,1.3478000164031982,1.339400053024292,1.3442800045013428,0
2872,2017-05-31,1.3406000137329102,1.3463300466537476,1.3375999927520752,1.340499997138977,0
2873,2017-06-01,1.346500039100647,1.3561999797821045,1.3416999578475952,1.3466999530792236,0
2874,2017-06-02,1.3551000356674194,1.355970025062561,1.343400001525879,1.3549000024795532,0
2875,2017-06-05,1.3461300134658811,1.347100019454956,1.3355000019073486,1.346500039100647,0
2876,2017-06-06,1.3356000185012815,1.340749979019165,1.3293999433517456,1.3352999687194824,0
2877,2017-06-07,1.3315999507904053,1.3330999612808228,1.3215999603271484,1.3315399885177612,0
2878,2017-06-08,1.325899958610535,1.3287999629974363,1.3235000371932983,1.326300024986267,0
2879,2017-06-09,1.328320026397705,1.3297699689865112,1.325569987297058,1.3282999992370603,0
2880,2017-06-12,1.3279999494552612,1.3293999433517456,1.3249000310897827,1.3282999992370603,0
2881,2017-06-13,1.3249000310897827,1.3287999629974363,1.3219000101089478,1.3246999979019165,0
2882,2017-06-14,1.3265999555587769,1.327399969100952,1.3097000122070312,1.3267899751663208,0
2883,2017-06-15,1.3177000284194946,1.321020007133484,1.3099000453948977,1.3176000118255615,0
2884,2017-06-16,1.3183000087738037,1.3197100162506104,1.3111000061035156,1.3178999423980713,0
2885,2017-06-19,1.3121000528335571,1.3181999921798706,1.3104000091552734,1.3127100467681885,0
2886,2017-06-20,1.3171900510787964,1.320430040359497,1.311900019645691,1.317180037498474,0
2887,2017-06-21,1.3199399709701538,1.3248000144958496,1.319309949874878,1.3198000192642212,0
2888,2017-06-22,1.3243499994277954,1.3269100189208984,1.3221999406814575,1.3242000341415403,0
2889,2017-06-23,1.3259999752044678,1.3259999752044678,1.3186999559402466,1.325899958610535,0
2890,2017-06-26,1.3214099407196045,1.3216999769210815,1.315600037574768,1.3207000494003296,0
2891,2017-06-27,1.31850004196167,1.319659948348999,1.3111000061035156,1.3187600374221802,0
2892,2017-06-28,1.3180999755859375,1.3194899559020996,1.3087999820709229,1.3180999755859375,0
2893,2017-06-29,1.309599995613098,1.309399962425232,1.3008999824523926,1.309399962425232,0
2894,2017-06-30,1.301200032234192,1.3040000200271606,1.2970000505447388,1.3009699583053589,0
2895,2017-07-03,1.3006800413131714,1.3078999519348145,1.299710035324097,1.3004000186920166,0
2896,2017-07-04,1.3044300079345703,1.317199945449829,1.301699995994568,1.3044300079345703,0
2897,2017-07-05,1.3136999607086182,1.3207000494003296,1.3103400468826294,1.3136999607086182,0
2898,2017-07-06,1.315629959106445,1.319599986076355,1.3133000135421753,1.3159300088882446,0
2899,2017-07-07,1.3193000555038452,1.3205000162124634,1.3121000528335571,1.319200038909912,0
2900,2017-07-10,1.314900040626526,1.3178999423980713,1.312999963760376,1.314900040626526,0
2901,2017-07-12,1.3090699911117554,1.3092999458312988,1.301300048828125,1.309000015258789,0
2902,2017-07-13,1.3022199869155884,1.3026800155639648,1.291800022125244,1.3020999431610107,0
2903,2017-07-14,1.2919000387191772,1.2927600145339966,1.2773499488830566,1.291700005531311,0
2904,2017-07-17,1.2779200077056885,1.2814099788665771,1.2757999897003174,1.2779699563980105,0
2905,2017-07-18,1.2835299968719482,1.28410005569458,1.258800029754639,1.2835500240325928,0
2906,2017-07-19,1.2628999948501587,1.2637900114059448,1.257099986076355,1.2626999616622925,0
2907,2017-07-20,1.256250023841858,1.266129970550537,1.252400040626526,1.2563300132751465,0
2908,2017-07-21,1.2582000494003296,1.2692400217056274,1.2577999830245972,1.2581599950790403,0
2909,2017-07-24,1.261780023574829,1.2649999856948853,1.2551000118255615,1.2618999481201172,0
2910,2017-07-25,1.2613999843597412,1.2644799947738647,1.2546000480651855,1.261780023574829,0
2911,2017-07-26,1.260599970817566,1.2690399885177612,1.2598700523376465,1.2608100175857544,0
2912,2017-07-27,1.2499799728393557,1.2565799951553345,1.239799976348877,1.2498799562454224,0
2913,2017-07-28,1.254140019416809,1.2597999572753906,1.2489399909973145,1.253749966621399,0
2914,2017-07-31,1.2522000074386597,1.2566399574279783,1.2517000436782837,1.2528300285339355,0
2915,2017-08-01,1.2502000331878662,1.2559700012207031,1.243000030517578,1.2494100332260132,0
2916,2017-08-02,1.2568999528884888,1.258999943733215,1.2523000240325928,1.2568000555038452,0
2917,2017-08-03,1.257040023803711,1.263100028038025,1.256450057029724,1.2568999528884888,0
2918,2017-08-04,1.2562999725341797,1.2670999765396118,1.253000020980835,1.2568000555038452,0
2919,2017-08-07,1.2609000205993652,1.2654000520706177,1.2582999467849731,1.2610700130462646,0
2920,2017-08-08,1.263149976730347,1.2674800157546997,1.258999943733215,1.2632999420166016,0
2921,2017-08-09,1.26610004901886,1.2725399732589722,1.2659800052642822,1.266800045967102,0
2922,2017-08-10,1.267169952392578,1.271049976348877,1.2640899419784546,1.2669999599456787,0
2923,2017-08-11,1.2711999416351318,1.2754499912261963,1.2645000219345093,1.2711999416351318,0
2924,2017-08-14,1.265169978141785,1.2727999687194824,1.2626999616622925,1.2651000022888184,0
2925,2017-08-15,1.273300051689148,1.2806999683380127,1.2696000337600708,1.2729400396347046,0
2926,2017-08-16,1.2777999639511108,1.277899980545044,1.2670999765396118,1.2776999473571775,0
2927,2017-08-17,1.260699987411499,1.264080047607422,1.2558399438858032,1.260699987411499,0
2928,2017-08-18,1.2697999477386477,1.2698999643325806,1.259600043296814,1.2698999643325806,0
2929,2017-08-21,1.261430025100708,1.2640000581741333,1.257699966430664,1.2612700462341309,0
2930,2017-08-22,1.2597999572753906,1.26610004901886,1.2577999830245972,1.2595000267028809,0
2931,2017-08-23,1.263700008392334,1.2683600187301636,1.2640000581741333,1.2640600204467771,0
2932,2017-08-24,1.2640999555587769,1.2710200548171997,1.263200044631958,1.2634700536727903,0
2933,2017-08-25,1.2657999992370603,1.2680100202560425,1.257290005683899,1.2662999629974363,0
2934,2017-08-28,1.2593499422073364,1.2613999843597412,1.2556999921798706,1.2590500116348269,0
2935,2017-08-29,1.2618999481201172,1.2620999813079834,1.2527600526809692,1.2617000341415403,0
2936,2017-08-30,1.2568000555038452,1.2672300338745115,1.250499963760376,1.2563799619674685,0
2937,2017-08-31,1.2647000551223757,1.27020001411438,1.2595000267028809,1.264799952507019,0
2938,2017-09-01,1.2595000267028809,1.2621999979019165,1.2511999607086182,1.2591300010681152,0
2939,2017-09-04,1.2555400133132937,1.2588399648666382,1.2544000148773191,1.2554999589920044,0
2940,2017-09-05,1.2585999965667725,1.25872004032135,1.2456200122833252,1.2585099935531616,0
2941,2017-09-06,1.2489099502563477,1.2553999423980713,1.246899962425232,1.2488000392913818,0
2942,2017-09-07,1.2482999563217163,1.2535400390625,1.243000030517578,1.2487000226974487,0
2943,2017-09-08,1.241000056266785,1.241960048675537,1.2308800220489502,1.2413100004196167,0
2944,2017-09-11,1.2419999837875366,1.246500015258789,1.2408000230789185,1.2425400018692017,0
2945,2017-09-12,1.2462999820709229,1.250100016593933,1.2424099445343018,1.2462999820709229,0
2946,2017-09-13,1.246870040893555,1.2541199922561646,1.243000030517578,1.2472000122070312,0
2947,2017-09-14,1.2532000541687012,1.256309986114502,1.2474000453948977,1.25285005569458,0
2948,2017-09-15,1.2497199773788452,1.2519099712371826,1.245419979095459,1.249559998512268,0
2949,2017-09-18,1.250499963760376,1.2554999589920044,1.2445000410079956,1.250499963760376,0
2950,2017-09-19,1.2545299530029297,1.2557899951934814,1.2477999925613403,1.2546900510787964,0
2951,2017-09-20,1.2490999698638916,1.249899983406067,1.2386499643325806,1.2490999698638916,0
2952,2017-09-21,1.2474000453948977,1.2629599571228027,1.246999979019165,1.2474000453948977,0
2953,2017-09-22,1.2609399557113647,1.2642899751663208,1.2520699501037598,1.2610000371932983,0
2954,2017-09-25,1.2554999589920044,1.2603000402450562,1.2541999816894531,1.2556999921798706,0
2955,2017-09-26,1.259950041770935,1.270490050315857,1.257699966430664,1.2598999738693235,0
2956,2017-09-27,1.2694200277328491,1.275920033454895,1.267699956893921,1.2696000337600708,0
2957,2017-09-28,1.2737699747085571,1.281999945640564,1.2726000547409058,1.2737699747085571,0
2958,2017-09-29,1.2744899988174438,1.27839994430542,1.2728999853134155,1.2743200063705444,0
2959,2017-10-02,1.2746000289916992,1.2826999425888062,1.274500012397766,1.2752799987792969,0
2960,2017-10-03,1.2776000499725342,1.2841999530792236,1.2746000289916992,1.2775800228118896,0
2961,2017-10-04,1.276110053062439,1.2763099670410156,1.2698999643325806,1.2762000560760498,0
2962,2017-10-05,1.2719899415969849,1.2827099561691284,1.271299958229065,1.2718299627304075,0
2963,2017-10-06,1.2835999727249146,1.292930006980896,1.2821999788284302,1.2834299802780151,0
2964,2017-10-09,1.2854499816894531,1.290519952774048,1.2848999500274658,1.2855900526046753,0
2965,2017-10-10,1.2888000011444092,1.28889000415802,1.282539963722229,1.2888100147247314,0
2966,2017-10-11,1.2842700481414795,1.2860000133514404,1.2808400392532349,1.284500002861023,0
2967,2017-10-12,1.2812999486923218,1.2820600271224976,1.2764500379562378,1.281000018119812,0
2968,2017-10-13,1.277500033378601,1.2782000303268433,1.2663999795913696,1.2775599956512451,0
2969,2017-10-16,1.268120050430298,1.2726500034332275,1.267590045928955,1.2680399417877195,0
2970,2017-10-17,1.274829983711243,1.2789000272750854,1.2719000577926636,1.274549961090088,0
2971,2017-10-18,1.27360999584198,1.2789000272750854,1.2726000547409058,1.2738900184631348,0
2972,2017-10-19,1.2750999927520752,1.274999976158142,1.2683000564575195,1.2749899625778198,0
2973,2017-10-20,1.2698299884796145,1.2805999517440796,1.2691999673843384,1.2693400382995603,0
2974,2017-10-23,1.280900001525879,1.2825299501419067,1.2762999534606934,1.280900001525879,0
2975,2017-10-24,1.2799999713897705,1.2867499589920044,1.2777999639511108,1.279919981956482,0
2976,2017-10-25,1.2861000299453735,1.2999000549316406,1.2841999530792236,1.2860000133514404,0
2977,2017-10-26,1.2973699569702148,1.3029999732971191,1.295300006866455,1.2972999811172483,0
2978,2017-10-27,1.3055299520492554,1.3111799955368042,1.3035999536514282,1.3050700426101685,0
2979,2017-10-30,1.3041000366210938,1.3059899806976318,1.3008500337600708,1.3043999671936035,0
2980,2017-10-31,1.299100041389465,1.308709979057312,1.2990000247955322,1.2994999885559082,0
2981,2017-11-01,1.305500030517578,1.3073899745941162,1.2993799448013306,1.305590033531189,0
2982,2017-11-02,1.3026000261306765,1.3025100231170654,1.2935999631881714,1.3025100231170654,0
2983,2017-11-03,1.2963600158691406,1.3087799549102783,1.295799970626831,1.2963800430297852,0
2984,2017-11-06,1.3069000244140625,1.308899998664856,1.302539944648743,1.3071199655532837,0
2985,2017-11-07,1.3004000186920166,1.3108199834823608,1.2986199855804443,1.3008999824523926,0
2986,2017-11-08,1.3063199520111084,1.3079999685287476,1.301200032234192,1.3062299489974976,0
2987,2017-11-09,1.302299976348877,1.3071399927139282,1.2997000217437744,1.302299976348877,0
2988,2017-11-10,1.3016400337219238,1.3062200546264648,1.2994799613952637,1.3016400337219238,0
2989,2017-11-13,1.3077000379562378,1.312000036239624,1.3042999505996704,1.3077000379562378,0
2990,2017-11-14,1.3131999969482422,1.313439965248108,1.3070000410079956,1.312999963760376,0
2991,2017-11-15,1.3104000091552734,1.320199966430664,1.310130000114441,1.3105000257492063,0
2992,2017-11-17,1.317989945411682,1.3269000053405762,1.3143999576568604,1.3179999589920044,0
2993,2017-11-20,1.323799967765808,1.325309991836548,1.3202999830245972,1.3239799737930298,0
2994,2017-11-21,1.3235000371932983,1.327489972114563,1.3175599575042725,1.3237099647521973,0
2995,2017-11-22,1.318410038948059,1.323490023612976,1.315999984741211,1.3181999921798706,0
2996,2017-11-23,1.3134000301361084,1.3150299787521362,1.3091000318527222,1.3134000301361084,0
2997,2017-11-24,1.311360001564026,1.314460039138794,1.3107999563217163,1.31141996383667,0
2998,2017-11-27,1.3137199878692627,1.3167799711227417,1.3075000047683716,1.313599944114685,0
2999,2017-11-28,1.3145500421524048,1.3176599740982056,1.3122999668121338,1.3142999410629272,0
3000,2017-11-29,1.3148399591445925,1.323799967765808,1.3143999576568604,1.3147000074386597,0
3001,2017-11-30,1.3215999603271484,1.3229600191116333,1.3166699409484863,1.3221999406814575,0
3002,2017-12-01,1.3221499919891355,1.323099970817566,1.3091000318527222,1.3219000101089478,0
3003,2017-12-04,1.3174999952316284,1.3191900253295898,1.3128999471664429,1.3172999620437622,0
3004,2017-12-05,1.3150800466537476,1.315500020980835,1.306399941444397,1.3150999546051023,0
3005,2017-12-06,1.3149900436401367,1.322700023651123,1.3134000301361084,1.3145999908447266,0
3006,2017-12-07,1.3215500116348269,1.3305799961090088,1.3212000131607056,1.3212000131607056,0
3007,2017-12-08,1.3312000036239624,1.3329399824142456,1.3274999856948853,1.3315000534057615,0
3008,2017-12-11,1.3319000005722046,1.3320200443267822,1.3253999948501587,1.3319499492645264,0
3009,2017-12-12,1.3281099796295166,1.329800009727478,1.319100022315979,1.3278000354766846,0
3010,2017-12-13,1.323349952697754,1.323699951171875,1.312999963760376,1.323070049285889,0
3011,2017-12-14,1.310099959373474,1.310789942741394,1.3028000593185425,1.3104599714279177,0
3012,2017-12-15,1.3046300411224363,1.30840003490448,1.2994999885559082,1.3045300245285034,0
3013,2017-12-18,1.3070000410079956,1.3086400032043457,1.3026000261306765,1.3075000047683716,0
3014,2017-12-19,1.3044999837875366,1.307800054550171,1.3013999462127686,1.3047499656677246,0
3015,2017-12-20,1.3065999746322632,1.3067599534988403,1.301699995994568,1.3067599534988403,0
3016,2017-12-21,1.3034000396728516,1.306439995765686,1.2979999780654907,1.303439974784851,0
3017,2017-12-22,1.2973999977111816,1.2980799674987793,1.294800043106079,1.297700047492981,0
3018,2017-12-25,1.2962000370025637,1.2967000007629397,1.2889000177383425,1.2960000038146973,0
3019,2017-12-26,1.294399976730347,1.29639995098114,1.2940000295639038,1.2944999933242798,0
3020,2017-12-27,1.2935899496078491,1.2935999631881714,1.2860000133514404,1.2935800552368164,0
3021,2017-12-28,1.2862000465393066,1.2862000465393066,1.2802000045776367,1.2861000299453735,0
3022,2017-12-29,1.2829899787902832,1.2836999893188477,1.2777999639511108,1.2828999757766724,0
3023,2018-01-01,1.2817000150680542,1.2818000316619873,1.2796000242233276,1.280900001525879,0
3024,2018-01-02,1.281880021095276,1.281999945640564,1.274500012397766,1.281999945640564,0
3025,2018-01-03,1.2764999866485596,1.2811000347137451,1.2747000455856323,1.2767000198364258,0
3026,2018-01-04,1.277400016784668,1.279530048370361,1.2718100547790527,1.2773000001907349,0
3027,2018-01-05,1.271649956703186,1.2761800289154053,1.2704999446868896,1.271630048751831,0
3028,2018-01-08,1.2720999717712402,1.277400016784668,1.2702399492263794,1.2719999551773071,0
3029,2018-01-09,1.2741999626159668,1.2806899547576904,1.2714699506759644,1.2747000455856323,0
3030,2018-01-10,1.2803000211715698,1.280519962310791,1.2711999416351318,1.2801599502563477,0
3031,2018-01-11,1.2743200063705444,1.2755999565124512,1.267899990081787,1.274359941482544,0
3032,2018-01-12,1.268100023269653,1.2740999460220337,1.2653100490570068,1.268100023269653,0
3033,2018-01-15,1.2644000053405762,1.2644000053405762,1.2532999515533447,1.2644000053405762,0
3034,2018-01-16,1.2558200359344482,1.2597999572753906,1.253600001335144,1.2561999559402466,0
3035,2018-01-17,1.2545000314712524,1.2592400312423706,1.2501599788665771,1.2542999982833862,0
3036,2018-01-18,1.2543100118637085,1.258999943733215,1.248900055885315,1.2544499635696411,0
3037,2018-01-19,1.2490999698638916,1.250939965248108,1.2438000440597534,1.24891996383667,0
3038,2018-01-22,1.2496700286865234,1.2532299757003784,1.2454999685287476,1.249699950218201,0
3039,2018-01-23,1.2487000226974487,1.2567600011825562,1.245300054550171,1.2487200498580933,0
3040,2018-01-24,1.2493000030517578,1.2509000301361084,1.2372000217437744,1.249400019645691,0
3041,2018-01-25,1.242400050163269,1.242050051689148,1.2315000295639038,1.242050051689148,0
3042,2018-01-26,1.2454500198364258,1.2459399700164795,1.233299970626831,1.245300054550171,0
3043,2018-01-29,1.2319999933242798,1.2382999658584597,1.2317999601364136,1.2321300506591797,0
3044,2018-01-30,1.2351800203323364,1.243190050125122,1.2325899600982666,1.2350300550460815,0
3045,2018-01-31,1.2344000339508057,1.242709994316101,1.232100009918213,1.2348999977111816,0
3046,2018-02-01,1.2404999732971191,1.2517000436782837,1.2395999431610107,1.240399956703186,0
3047,2018-02-02,1.2437000274658203,1.2623000144958496,1.2436000108718872,1.2436000108718872,0
3048,2018-02-05,1.264799952507019,1.2652000188827517,1.2571699619293213,1.2647500038146973,0
3049,2018-02-06,1.2698999643325806,1.2761000394821167,1.267300009727478,1.2696199417114258,0
3050,2018-02-07,1.266800045967102,1.2756600379943848,1.264580011367798,1.2669800519943235,0
3051,2018-02-08,1.2791999578475952,1.284600019454956,1.274899959564209,1.2791999578475952,0
3052,2018-02-09,1.2841099500656128,1.288599967956543,1.2771199941635132,1.2843999862670898,0
3053,2018-02-12,1.2787400484085083,1.2802200317382812,1.2746800184249878,1.2788000106811523,0
3054,2018-02-13,1.2724000215530396,1.2769800424575806,1.269700050354004,1.272670030593872,0
3055,2018-02-14,1.2720999717712402,1.2861000299453735,1.2674000263214111,1.2720400094985962,0
3056,2018-02-15,1.261299967765808,1.2668999433517456,1.2552000284194946,1.2611000537872314,0
3057,2018-02-16,1.2588399648666382,1.2651000022888184,1.2516000270843506,1.2582999467849731,0
3058,2018-02-19,1.2639000415802002,1.265820026397705,1.2598999738693235,1.263890027999878,0
3059,2018-02-20,1.2644000053405762,1.2688699960708618,1.260800004005432,1.264299988746643,0
3060,2018-02-21,1.2688900232315063,1.2770400047302246,1.26610004901886,1.2688900232315063,0
3061,2018-02-22,1.2823100090026855,1.2834999561309814,1.2723000049591064,1.2824499607086182,0
3062,2018-02-23,1.275589942932129,1.281000018119812,1.274899959564209,1.2757999897003174,0
3063,2018-02-26,1.2757699489593506,1.2774300575256348,1.267300009727478,1.2755999565124512,0
3064,2018-02-27,1.273900032043457,1.2826800346374512,1.270799994468689,1.273900032043457,0
3065,2018-02-28,1.2831000089645386,1.2848000526428225,1.278599977493286,1.2836300134658811,0
3066,2018-03-01,1.287700057029724,1.29639995098114,1.287500023841858,1.2883299589157104,0
3067,2018-03-02,1.2878799438476562,1.29229998588562,1.2862999439239502,1.2877399921417236,0
3068,2018-03-05,1.2895400524139404,1.2941999435424805,1.2868000268936155,1.2893099784851074,0
3069,2018-03-06,1.287500023841858,1.2891199588775637,1.2754000425338743,1.2875800132751465,0
3070,2018-03-07,1.2842999696731567,1.2864999771118164,1.277169942855835,1.2842999696731567,0
3071,2018-03-08,1.277609944343567,1.2857999801635742,1.2757999897003174,1.2771999835968018,0
3072,2018-03-09,1.2835999727249146,1.285730004310608,1.2733999490737915,1.2836999893188477,0
3073,2018-03-12,1.2718299627304075,1.2729400396347046,1.2690000534057615,1.2718000411987305,0
3074,2018-03-13,1.2701799869537354,1.2723300457000732,1.2660000324249268,1.27020001411438,0
3075,2018-03-14,1.2725900411605835,1.272699952125549,1.263100028038025,1.2723000049591064,0
3076,2018-03-15,1.269070029258728,1.280400037765503,1.268100023269653,1.2687599658966064,0
3077,2018-03-16,1.2838000059127808,1.295390009880066,1.2811000347137451,1.2835999727249146,0
3078,2018-03-19,1.2960000038146973,1.3007999658584597,1.2949999570846558,1.2961000204086304,0
3079,2018-03-20,1.2972999811172483,1.3014999628067017,1.295199990272522,1.2969900369644165,0
3080,2018-03-21,1.3003000020980835,1.3032000064849854,1.2964999675750732,1.3004000186920166,0
3081,2018-03-22,1.2862099409103394,1.3002699613571167,1.2850199937820437,1.2857999801635742,0
3082,2018-03-23,1.2998000383377075,1.2993099689483645,1.2914999723434448,1.2990000247955322,0
3083,2018-03-26,1.2972500324249268,1.2968000173568726,1.29066002368927,1.2964999675750732,0
3084,2018-03-27,1.2892999649047852,1.2990599870681765,1.2888000011444092,1.2894699573516846,0
3085,2018-03-28,1.3007999658584597,1.306399941444397,1.2978999614715576,1.300860047340393,0
3086,2018-03-29,1.305469989776611,1.3083000183105469,1.3006000518798828,1.3051400184631348,0
3087,2018-03-30,1.3011000156402588,1.303030014038086,1.2970999479293823,1.3009300231933594,0
3088,2018-04-02,1.3015700578689575,1.3065099716186523,1.2994199991226196,1.301460027694702,0
3089,2018-04-03,1.306399941444397,1.306570053100586,1.2973999977111816,1.30649995803833,0
3090,2018-04-04,1.301740050315857,1.3048900365829468,1.295799970626831,1.301699995994568,0
3091,2018-04-05,1.2953399419784546,1.3027000427246094,1.2944999933242798,1.295300006866455,0
3092,2018-04-06,1.304069995880127,1.3042000532150269,1.2988200187683103,1.303529977798462,0
3093,2018-04-09,1.301699995994568,1.3066999912261963,1.2971999645233154,1.3022500276565552,0
3094,2018-04-10,1.2987699508666992,1.2997000217437744,1.2878799438476562,1.298699975013733,0
3095,2018-04-11,1.287999987602234,1.2919000387191772,1.2862999439239502,1.288100004196167,0
3096,2018-04-12,1.2877999544143677,1.2920000553131104,1.2864999771118164,1.288100004196167,0
3097,2018-04-13,1.2891000509262085,1.288599967956543,1.2802000045776367,1.2884600162506104,0
3098,2018-04-16,1.286260008811951,1.2897000312805176,1.2848700284957886,1.286489963531494,0
3099,2018-04-17,1.286520004272461,1.28849995136261,1.283400058746338,1.2862999439239502,0
3100,2018-04-18,1.287500023841858,1.2910000085830688,1.2825000286102295,1.287350058555603,0
3101,2018-04-19,1.2838799953460691,1.2905999422073364,1.2796000242233276,1.283900022506714,0
3102,2018-04-20,1.2947700023651123,1.3061800003051758,1.2940000295639038,1.295199990272522,0
3103,2018-04-23,1.305500030517578,1.3141000270843506,1.301200032234192,1.3055499792099,0
3104,2018-04-24,1.3151999711990356,1.3187999725341797,1.3118000030517578,1.315269947052002,0
3105,2018-04-25,1.3147000074386597,1.3238999843597412,1.3150299787521362,1.3150299787521362,0
3106,2018-04-26,1.3207999467849731,1.3248000144958496,1.3172999620437622,1.3212499618530271,0
3107,2018-04-27,1.323300004005432,1.3274999856948853,1.3204799890518188,1.323300004005432,0
3108,2018-04-30,1.320099949836731,1.3269000053405762,1.3188999891281128,1.3205000162124634,0
3109,2018-05-01,1.3276000022888184,1.3379000425338743,1.3250999450683594,1.3275200128555298,0
3110,2018-05-02,1.3363800048828125,1.337399959564209,1.3280999660491943,1.3359999656677246,0
3111,2018-05-03,1.3357000350952148,1.3357000350952148,1.3257999420166016,1.3356000185012815,0
3112,2018-05-04,1.3282999992370603,1.3344999551773071,1.3221999406814575,1.3280999660491943,0
3113,2018-05-07,1.3290400505065918,1.3344000577926636,1.3253999948501587,1.32860004901886,0
3114,2018-05-08,1.3300000429153442,1.3450299501419067,1.3284000158309937,1.3300000429153442,0
3115,2018-05-09,1.3423999547958374,1.3487999439239502,1.3383500576019287,1.3431999683380127,0
3116,2018-05-10,1.3406000137329102,1.3411999940872192,1.3277000188827517,1.3402999639511108,0
3117,2018-05-11,1.3286999464035034,1.3291000127792358,1.3217999935150146,1.3287999629974363,0
3118,2018-05-14,1.3243099451065063,1.325600028038025,1.3217999935150146,1.3243000507354736,0
3119,2018-05-15,1.3287299871444702,1.3423899412155151,1.326799988746643,1.3285000324249268,0
3120,2018-05-16,1.33896005153656,1.3425500392913818,1.3301000595092771,1.33896005153656,0
3121,2018-05-17,1.330199956893921,1.3333899974822998,1.3246999979019165,1.330299973487854,0
3122,2018-05-18,1.332200050354004,1.335199952125549,1.3284000158309937,1.3325200080871582,0
3123,2018-05-21,1.3290300369262695,1.33270001411438,1.3207999467849731,1.3293999433517456,0
3124,2018-05-22,1.3187999725341797,1.3203999996185305,1.3148399591445925,1.3191399574279783,0
3125,2018-05-23,1.3194500207901,1.329200029373169,1.3186999559402466,1.3193000555038452,0
3126,2018-05-24,1.321499943733215,1.325600028038025,1.3202999830245972,1.3216999769210815,0
3127,2018-05-25,1.3206599950790403,1.3243999481201172,1.3172999620437622,1.3209999799728394,0
3128,2018-05-28,1.323300004005432,1.3252999782562256,1.3188999891281128,1.323300004005432,0
3129,2018-05-29,1.3249000310897827,1.3315199613571167,1.323799967765808,1.3250999450683594,0
3130,2018-05-30,1.3365999460220337,1.336300015449524,1.320199966430664,1.3360999822616575,0
3131,2018-05-31,1.3207999467849731,1.3238199949264526,1.3170000314712524,1.320639967918396,0
3132,2018-06-01,1.3223799467086792,1.3299000263214111,1.3211599588394165,1.3224999904632568,0
3133,2018-06-04,1.3212100267410278,1.3211400508880615,1.3043899536132812,1.3211400508880615,0
3134,2018-06-05,1.30649995803833,1.3165700435638428,1.3062000274658203,1.3066999912261963,0
3135,2018-06-06,1.3115400075912476,1.3115999698638916,1.30239999294281,1.3114999532699585,0
3136,2018-06-07,1.3044999837875366,1.3109999895095823,1.3033000230789185,1.304900050163269,0
3137,2018-06-08,1.3133000135421753,1.3224999904632568,1.3111000061035156,1.3132699728012085,0
3138,2018-06-11,1.315459966659546,1.3164299726486206,1.311900019645691,1.315440058708191,0
3139,2018-06-12,1.3149900436401367,1.3180999755859375,1.3114999532699585,1.31496000289917,0
3140,2018-06-13,1.3200000524520874,1.323199987411499,1.3138999938964844,1.3202999830245972,0
3141,2018-06-14,1.3208800554275513,1.3315000534057615,1.320099949836731,1.321300029754639,0
3142,2018-06-15,1.3394999504089355,1.3429100513458252,1.336899995803833,1.3395800590515137,0
3143,2018-06-18,1.344099998474121,1.348099946975708,1.3415000438690186,1.3441400527954102,0
3144,2018-06-19,1.3507000207901,1.36080002784729,1.3466999530792236,1.3503999710083008,0
3145,2018-06-20,1.3535000085830688,1.3567399978637695,1.3496999740600586,1.3530000448226929,0
3146,2018-06-21,1.3560999631881714,1.361199975013733,1.3528000116348269,1.3565000295639038,0
3147,2018-06-22,1.3552000522613523,1.3555500507354736,1.3437000513076782,1.3553999662399292,0
3148,2018-06-25,1.344380021095276,1.3516299724578855,1.3438999652862549,1.3444000482559204,0
3149,2018-06-26,1.3495999574661257,1.354599952697754,1.3467999696731567,1.3496999740600586,0
3150,2018-06-27,1.352869987487793,1.358199954032898,1.3499599695205688,1.3530000448226929,0
3151,2018-06-28,1.361799955368042,1.364199995994568,1.3581000566482544,1.3620500564575195,0
3152,2018-06-29,1.361199975013733,1.3631000518798828,1.35099995136261,1.3610999584197998,0
3153,2018-07-02,1.3516000509262085,1.367400050163269,1.3515000343322754,1.3516000509262085,0
3154,2018-07-03,1.3625999689102173,1.3666399717330933,1.350600004196167,1.3626999855041504,0
3155,2018-07-04,1.355299949645996,1.3558000326156616,1.3473000526428225,1.355299949645996,0
3156,2018-07-05,1.354699969291687,1.358180046081543,1.3497999906539917,1.355299949645996,0
3157,2018-07-06,1.3538000583648682,1.3553999662399292,1.3433599472045898,1.353700041770935,0
3158,2018-07-09,1.3447500467300415,1.3447999954223633,1.336169958114624,1.3447999954223633,0
3159,2018-07-10,1.3386000394821167,1.3457000255584717,1.3361999988555908,1.3386000394821167,0
3160,2018-07-11,1.3487999439239502,1.354300022125244,1.346060037612915,1.3481600284576416,0
3161,2018-07-12,1.3576099872589111,1.35834002494812,1.3477799892425537,1.357699990272522,0
3162,2018-07-13,1.350100040435791,1.3569999933242798,1.3472000360488892,1.3500699996948242,0
3163,2018-07-16,1.347499966621399,1.3494499921798706,1.343500018119812,1.3479299545288086,0
3164,2018-07-17,1.3486700057983398,1.353700041770935,1.3444000482559204,1.3487999439239502,0
3165,2018-07-18,1.35548996925354,1.3616199493408203,1.3520699739456177,1.3552000522613523,0
3166,2018-07-19,1.3515499830245972,1.365339994430542,1.344099998474121,1.35099995136261,0
3167,2018-07-20,1.358180046081543,1.366000056266785,1.3472000360488892,1.3581000566482544,0
3168,2018-07-23,1.3453500270843506,1.3556400537490845,1.344939947128296,1.345329999923706,0
3169,2018-07-24,1.3550000190734863,1.3584599494934082,1.3451999425888062,1.3550000190734863,0
3170,2018-07-25,1.3465800285339355,1.3526999950408936,1.343999981880188,1.3464200496673584,0
3171,2018-07-26,1.340590000152588,1.3551000356674194,1.3398000001907349,1.340399980545044,0
3172,2018-07-27,1.3550000190734863,1.3567399978637695,1.348399996757507,1.3544000387191772,0
3173,2018-07-30,1.351199984550476,1.3536700010299685,1.3487999439239502,1.3513000011444092,0
3174,2018-07-31,1.3500200510025024,1.3505100011825562,1.3437000513076782,1.3496400117874146,0
3175,2018-08-01,1.3478000164031982,1.3514800071716309,1.3467999696731567,1.34798002243042,0
3176,2018-08-02,1.3502899408340454,1.3593599796295166,1.3494900465011597,1.3502899408340454,0
3177,2018-08-03,1.358680009841919,1.3607699871063232,1.3493000268936155,1.3587299585342407,0
3178,2018-08-06,1.3521000146865845,1.3558000326156616,1.3502999544143677,1.352370023727417,0
3179,2018-08-07,1.3539999723434448,1.354099988937378,1.3438999652862549,1.3538999557495115,0
3180,2018-08-08,1.3468999862670898,1.3541100025177002,1.3447999954223633,1.34660005569458,0
3181,2018-08-09,1.3463000059127808,1.3526500463485718,1.3416999578475952,1.3465100526809692,0
3182,2018-08-10,1.3564000129699707,1.372599959373474,1.3555999994277954,1.3561999797821045,0
3183,2018-08-13,1.372099995613098,1.3767800331115725,1.3711999654769895,1.372189998626709,0
3184,2018-08-14,1.3759000301361084,1.3816200494766235,1.3729000091552734,1.3766100406646729,0
3185,2018-08-15,1.381999969482422,1.3882999420166016,1.381600022315979,1.381600022315979,0
3186,2018-08-16,1.3824199438095093,1.3834999799728394,1.3723000288009644,1.3818000555038452,0
3187,2018-08-17,1.377500057220459,1.3782999515533447,1.3717000484466553,1.3772000074386597,0
3188,2018-08-20,1.368330001831055,1.370519995689392,1.3664000034332275,1.3681999444961548,0
3189,2018-08-21,1.3630499839782717,1.3634400367736816,1.3575999736785889,1.3631000518798828,0
3190,2018-08-22,1.3587299585342407,1.3632999658584597,1.357699990272522,1.358330011367798,0
3191,2018-08-23,1.363700032234192,1.3768999576568604,1.3634999990463257,1.3634999990463257,0
3192,2018-08-24,1.3805999755859375,1.381410002708435,1.361600041389465,1.3803999423980713,0
3193,2018-08-27,1.3616399765014648,1.3681999444961548,1.3604999780654907,1.361899971961975,0
3194,2018-08-28,1.36080002784729,1.3656400442123413,1.3580000400543213,1.3605999946594238,0
3195,2018-08-29,1.3622000217437744,1.3741999864578247,1.3603999614715576,1.3610999584197998,0
3196,2018-08-30,1.3676300048828125,1.3770500421524048,1.3677799701690674,1.3677799701690674,0
3197,2018-08-31,1.3770999908447266,1.3907999992370603,1.3765000104904177,1.3770999908447266,0
3198,2018-09-03,1.3902000188827517,1.394700050354004,1.3842999935150146,1.3909900188446045,0
3199,2018-09-04,1.3873000144958496,1.396780014038086,1.381999969482422,1.3876999616622925,0
3200,2018-09-05,1.3920999765396118,1.39900004863739,1.3854000568389893,1.391700029373169,0
3201,2018-09-06,1.389639973640442,1.39520001411438,1.3868000507354736,1.3896299600601196,0
3202,2018-09-07,1.3906999826431274,1.402899980545044,1.3903599977493286,1.3906999826431274,0
3203,2018-09-10,1.4048999547958374,1.4084700345993042,1.4017000198364258,1.4056999683380127,0
3204,2018-09-11,1.406499981880188,1.4112000465393066,1.402500033378601,1.4067000150680542,0
3205,2018-09-12,1.4063299894332886,1.409600019454956,1.3926000595092771,1.4061000347137451,0
3206,2018-09-13,1.3945800065994265,1.3949899673461914,1.3831000328063965,1.3946000337600708,0
3207,2018-09-14,1.3911999464035034,1.3944499492645264,1.385599970817566,1.3913999795913696,0
3208,2018-09-17,1.399399995803833,1.4000500440597534,1.3894000053405762,1.4000500440597534,0
3209,2018-09-18,1.399399995803833,1.3996000289916992,1.3847999572753906,1.3996000289916992,0
3210,2018-09-19,1.3838900327682495,1.3860000371932983,1.374699950218201,1.3840999603271484,0
3211,2018-09-20,1.377500057220459,1.3783199787139893,1.3717000484466553,1.3775099515914917,0
3212,2018-09-21,1.3724000453948977,1.3763699531555176,1.3693000078201294,1.3723000288009644,0
3213,2018-09-24,1.373900055885315,1.3787000179290771,1.3731000423431396,1.3736000061035156,0
3214,2018-09-25,1.3787000179290771,1.3818000555038452,1.3767000436782837,1.3788199424743652,0
3215,2018-09-26,1.3795000314712524,1.38100004196167,1.3726999759674072,1.3796000480651855,0
3216,2018-09-27,1.377810001373291,1.3868999481201172,1.3756999969482422,1.3782999515533447,0
3217,2018-09-28,1.3878999948501587,1.3880000114440918,1.3808000087738037,1.3877700567245483,0
3218,2018-10-01,1.3842899799346924,1.387410044670105,1.3834999799728394,1.384469985961914,0
3219,2018-10-02,1.3833999633789062,1.3960000276565552,1.381700038909912,1.383489966392517,0
3220,2018-10-03,1.3912999629974363,1.4013999700546265,1.3897000551223757,1.3913999795913696,0
3221,2018-10-04,1.4091999530792236,1.4150899648666382,1.4078999757766724,1.4091099500656128,0
3222,2018-10-05,1.4122300148010254,1.4188599586486816,1.4111100435256958,1.4122999906539917,0
3223,2018-10-08,1.4178600311279297,1.4198299646377563,1.4127999544143677,1.4176000356674194,0
3224,2018-10-09,1.413699984550476,1.4175000190734863,1.4091999530792236,1.4138000011444092,0
3225,2018-10-10,1.405500054359436,1.4107999801635742,1.4020999670028689,1.4057199954986572,0
3226,2018-10-11,1.4155999422073364,1.4163000583648682,1.402899980545044,1.4154000282287598,0
3227,2018-10-12,1.403599977493286,1.4060699939727783,1.4008699655532837,1.403630018234253,0
3228,2018-10-15,1.4069000482559204,1.4085999727249146,1.3990999460220337,1.4071199893951416,0
3229,2018-10-16,1.40146005153656,1.4058400392532349,1.398300051689148,1.4011000394821167,0
3230,2018-10-17,1.400730013847351,1.406000018119812,1.3967100381851196,1.4005999565124512,0
3231,2018-10-18,1.4062700271606443,1.4062999486923218,1.3982000350952148,1.4062999486923218,0
3232,2018-10-19,1.409000039100647,1.4102200269699097,1.3985999822616575,1.4093400239944458,0
3233,2018-10-22,1.4058200120925903,1.4115999937057495,1.4033000469207764,1.4053000211715698,0
3234,2018-10-23,1.41389000415802,1.4172099828720093,1.4101999998092651,1.4141000509262085,0
3235,2018-10-24,1.4101999998092651,1.4147000312805176,1.4069000482559204,1.4098199605941772,0
3236,2018-10-25,1.4158300161361694,1.4169000387191772,1.408400058746338,1.4157999753952026,0
3237,2018-10-26,1.4121999740600586,1.424100041389465,1.410599946975708,1.4125499725341797,0
3238,2018-10-29,1.408900022506714,1.4136300086975098,1.406690001487732,1.4089299440383911,0
3239,2018-10-30,1.4157700538635254,1.416509985923767,1.4043999910354614,1.4155999422073364,0
3240,2018-10-31,1.4085999727249146,1.41349995136261,1.4072200059890747,1.4086099863052368,0
3241,2018-11-01,1.4118000268936155,1.412269949913025,1.3869999647140503,1.4118000268936155,0
3242,2018-11-02,1.3878999948501587,1.3901000022888184,1.3775999546051023,1.3880200386047363,0
3243,2018-11-05,1.3892199993133545,1.3919999599456787,1.3854000568389893,1.3892600536346436,0
3244,2018-11-06,1.3863999843597412,1.38756000995636,1.381100058555603,1.3865000009536743,0
3245,2018-11-07,1.3805299997329712,1.3861000537872314,1.3695000410079956,1.3807200193405151,0
3246,2018-11-08,1.374400019645691,1.3763500452041626,1.36968994140625,1.3744399547576904,0
3247,2018-11-09,1.3761199712753296,1.3841999769210815,1.375300049781799,1.3762999773025513,0
3248,2018-11-12,1.3837000131607056,1.39110004901886,1.3813999891281128,1.383679986000061,0
3249,2018-11-13,1.3935999870300293,1.3954999446868896,1.3844000101089478,1.3940000534057615,0
3250,2018-11-14,1.3828599452972412,1.3910000324249268,1.3816200494766235,1.3828999996185305,0
3251,2018-11-15,1.382200002670288,1.3824199438095093,1.370300054550171,1.3823000192642212,0
3252,2018-11-16,1.3752000331878662,1.379140019416809,1.3661400079727173,1.3751599788665771,0
3253,2018-11-19,1.3665000200271606,1.3723299503326416,1.364799976348877,1.3660999536514282,0
3254,2018-11-20,1.3708000183105469,1.3825299739837646,1.3695000410079956,1.370479941368103,0
3255,2018-11-21,1.385699987411499,1.3868000507354736,1.3739999532699585,1.3855799436569214,0
3256,2018-11-22,1.3769999742507937,1.3819799423217771,1.375499963760376,1.3769899606704712,0
3257,2018-11-23,1.3792699575424194,1.385040044784546,1.378000020980835,1.378999948501587,0
3258,2018-11-26,1.3824000358581543,1.3839000463485718,1.3741999864578247,1.3825000524520874,0
3259,2018-11-27,1.384369969367981,1.3878999948501587,1.375599980354309,1.3840999603271484,0
3260,2018-11-28,1.3832000494003296,1.3845399618148804,1.3795000314712524,1.3832800388336182,0
3261,2018-11-29,1.3693900108337402,1.3706300258636477,1.3615000247955322,1.368899941444397,0
3262,2018-11-30,1.3657699823379517,1.372499942779541,1.364799976348877,1.3655999898910522,0
3263,2018-12-03,1.356279969215393,1.360700011253357,1.3525999784469604,1.3561999797821045,0
3264,2018-12-04,1.3592699766159058,1.360640048980713,1.3525999784469604,1.3595000505447388,0
3265,2018-12-05,1.361299991607666,1.3773200511932373,1.3595999479293823,1.3610999584197998,0
3266,2018-12-06,1.3761999607086182,1.3900099992752075,1.3767000436782837,1.3767000436782837,0
3267,2018-12-07,1.3828999996185305,1.3876399993896484,1.38100004196167,1.3823599815368652,0
3268,2018-12-10,1.391800045967102,1.3925100564956665,1.3834999799728394,1.3920600414276123,0
3269,2018-12-11,1.3906300067901611,1.3916000127792358,1.3837000131607056,1.3902000188827517,0
3270,2018-12-12,1.3863999843597412,1.3882999420166016,1.3825199604034424,1.3863699436187744,0
3271,2018-12-13,1.3847999572753906,1.3863999843597412,1.379899978637695,1.386199951171875,0
3272,2018-12-14,1.3840999603271484,1.3980300426483154,1.3834099769592283,1.384600043296814,0
3273,2018-12-17,1.3935999870300293,1.394700050354004,1.3913400173187256,1.3935999870300293,0
3274,2018-12-18,1.3933000564575195,1.3944300413131714,1.3876999616622925,1.392799973487854,0
3275,2018-12-19,1.3911999464035034,1.3945300579071045,1.3884999752044678,1.3908400535583496,0
3276,2018-12-20,1.4056999683380127,1.4110000133514404,1.3987200260162354,1.4057600498199463,0
3277,2018-12-21,1.4053000211715698,1.4140000343322754,1.4039000272750854,1.4048999547958374,0
3278,2018-12-24,1.4184000492095947,1.4193300008773804,1.4143999814987185,1.4186400175094604,0
3279,2018-12-25,1.4179999828338623,1.4212000370025637,1.4128999710083008,1.4189000129699707,0
3280,2018-12-26,1.419219970703125,1.4218100309371948,1.4140000343322754,1.4185999631881714,0
3281,2018-12-27,1.4134700298309326,1.4249000549316406,1.4128999710083008,1.413849949836731,0
3282,2018-12-28,1.42139995098114,1.4222899675369265,1.4146000146865845,1.4215999841690063,0
3283,2018-12-31,1.4194999933242798,1.4212000370025637,1.4138000011444092,1.419800043106079,0
3284,2019-01-01,1.4200999736785889,1.4255000352859497,1.4063999652862549,1.4200999736785889,0
3285,2019-01-02,1.4188599586486816,1.4316999912261963,1.4187999963760376,1.4190000295639038,0
3286,2019-01-03,1.4452999830245972,1.445199966430664,1.4246000051498413,1.4450700283050537,0
3287,2019-01-04,1.427299976348877,1.4296000003814695,1.406000018119812,1.4270999431610107,0
3288,2019-01-07,1.403749942779541,1.4053800106048584,1.399799942970276,1.4033000469207764,0
3289,2019-01-08,1.399399995803833,1.4049099683761597,1.3983999490737915,1.3993799686431885,0
3290,2019-01-09,1.3960000276565552,1.399799942970276,1.3899999856948853,1.3961999416351318,0
3291,2019-01-10,1.3935999870300293,1.3992999792099,1.389299988746643,1.393440008163452,0
3292,2019-01-11,1.3913999795913696,1.392199993133545,1.382200002670288,1.3906999826431274,0
3293,2019-01-14,1.3878999948501587,1.3933000564575195,1.3855799436569214,1.3882999420166016,0
3294,2019-01-15,1.3890000581741333,1.3917100429534912,1.3839000463485718,1.3886799812316897,0
3295,2019-01-16,1.387410044670105,1.3961000442504885,1.3866000175476074,1.3875999450683594,0
3296,2019-01-17,1.3940999507904053,1.3990999460220337,1.3934999704360962,1.3947199583053589,0
3297,2019-01-18,1.3907599449157717,1.3949999809265137,1.3878999948501587,1.3905999660491943,0
3298,2019-01-21,1.395900011062622,1.400439977645874,1.3930000066757202,1.3960000276565552,0
3299,2019-01-22,1.3968600034713743,1.4040000438690186,1.3964999914169312,1.3968000411987305,0
3300,2019-01-23,1.4040800333023071,1.4043999910354614,1.399399995803833,1.4041999578475952,0
3301,2019-01-24,1.39900004863739,1.4112999439239502,1.395300030708313,1.399109959602356,0
3302,2019-01-25,1.4101999998092651,1.413030028343201,1.3933000564575195,1.410599946975708,0
3303,2019-01-28,1.3928699493408203,1.395799994468689,1.3876999616622925,1.392799973487854,0
3304,2019-01-29,1.395480036735535,1.4006400108337402,1.3934999704360962,1.395480036735535,0
3305,2019-01-30,1.3968000411987305,1.3983999490737915,1.3876999616622925,1.3969999551773071,0
3306,2019-01-31,1.3784199953079224,1.379899978637695,1.3708399534225464,1.3785899877548218,0
3307,2019-02-01,1.3752000331878662,1.3818000555038452,1.3729000091552734,1.375100016593933,0
3308,2019-02-04,1.3795000314712524,1.3866000175476074,1.378499984741211,1.379390001296997,0
3309,2019-02-05,1.3861900568008425,1.3897600173950195,1.376099944114685,1.3861600160598757,0
3310,2019-02-06,1.3804999589920044,1.4039599895477295,1.379699945449829,1.3804999589920044,0
3311,2019-02-07,1.4064799547195437,1.410099983215332,1.4045000076293943,1.4059100151062012,0
3312,2019-02-08,1.4093600511550903,1.416200041770935,1.4081000089645386,1.4095799922943115,0
3313,2019-02-11,1.4081000089645386,1.4163000583648682,1.4069600105285645,1.4084299802780151,0
3314,2019-02-12,1.4157299995422363,1.41729998588562,1.4085999727249146,1.4155999422073364,0
3315,2019-02-13,1.4075000286102295,1.4098999500274658,1.4012000560760498,1.4078999757766724,0
3316,2019-02-14,1.409999966621399,1.412500023841858,1.401900053024292,1.410159945487976,0
3317,2019-02-15,1.4077999591827393,1.4121099710464478,1.403499960899353,1.407580018043518,0
3318,2019-02-18,1.399500012397766,1.4034099578857422,1.3964999914169312,1.3996599912643433,0
3319,2019-02-19,1.4020999670028689,1.4076000452041626,1.3985999822616575,1.402400016784668,0
3320,2019-02-20,1.395300030708313,1.4000999927520752,1.3928899765014648,1.3948999643325806,0
3321,2019-02-21,1.394700050354004,1.412950038909912,1.3871999979019165,1.3945000171661377,0
3322,2019-02-22,1.4067000150680542,1.4113999605178833,1.4002000093460083,1.407039999961853,0
3323,2019-02-25,1.3968000411987305,1.4014999866485596,1.3918999433517456,1.3974299430847168,0
3324,2019-02-26,1.3939000368118286,1.4000999927520752,1.391800045967102,1.3940999507904053,0
3325,2019-02-27,1.3900500535964966,1.4026000499725342,1.3895000219345093,1.389989972114563,0
3326,2019-02-28,1.398900032043457,1.409000039100647,1.3955199718475342,1.399399995803833,0
3327,2019-03-01,1.4078999757766724,1.412500023841858,1.4036999940872192,1.4084099531173706,0
3328,2019-03-04,1.4083900451660156,1.4132000207901,1.4083000421524048,1.4085999727249146,0
3329,2019-03-05,1.409999966621399,1.4163999557495115,1.409999966621399,1.4101999998092651,0
3330,2019-03-06,1.410949945449829,1.42399001121521,1.4101200103759766,1.4106999635696411,0
3331,2019-03-07,1.4214999675750732,1.4237699508666992,1.417799949645996,1.4219000339508057,0
3332,2019-03-08,1.423799991607666,1.427780032157898,1.417799949645996,1.4240599870681765,0
3333,2019-03-11,1.4206000566482544,1.4230600595474243,1.4149999618530271,1.4210799932479858,0
3334,2019-03-12,1.4137500524520874,1.4160499572753906,1.4098000526428225,1.4140299558639526,0
3335,2019-03-13,1.4155999422073364,1.4184000492095947,1.4106999635696411,1.4157999753952026,0
3336,2019-03-14,1.4110000133514404,1.4199999570846558,1.4110000133514404,1.4111700057983398,0
3337,2019-03-15,1.414800047874451,1.4148999452590942,1.409000039100647,1.4144999980926514,0
3338,2019-03-18,1.4118499755859375,1.4156999588012695,1.404099941253662,1.4115999937057495,0
3339,2019-03-19,1.4084999561309814,1.4098800420761108,1.4056999683380127,1.408810019493103,0
3340,2019-03-20,1.4105000495910645,1.416790008544922,1.4076999425888062,1.4107999801635742,0
3341,2019-03-21,1.4014999866485596,1.4078199863433838,1.3950999975204468,1.4012999534606934,0
3342,2019-03-22,1.4069000482559204,1.4131699800491333,1.4053000211715698,1.4069000482559204,0
3343,2019-03-25,1.4118000268936155,1.4151999950408936,1.4048999547958374,1.41225004196167,0
3344,2019-03-26,1.4052599668502808,1.4056999683380127,1.39900004863739,1.4056999683380127,0
3345,2019-03-27,1.4011499881744385,1.4144999980926514,1.4005999565124512,1.4011000394821167,0
3346,2019-03-28,1.4115300178527832,1.4141000509262085,1.4069000482559204,1.412600040435791,0
3347,2019-03-29,1.4118000268936155,1.4130699634552002,1.4075000286102295,1.4119000434875488,0
3348,2019-04-01,1.4056999683380127,1.406599998474121,1.4020999670028689,1.4057999849319458,0
3349,2019-04-02,1.4064899682998655,1.4176000356674194,1.4053000211715698,1.4062999486923218,0
3350,2019-04-03,1.4167499542236328,1.4174000024795532,1.4031000137329102,1.417199969291687,0
3351,2019-04-04,1.4049899578094482,1.4086999893188477,1.4026999473571775,1.4048999547958374,0
3352,2019-04-05,1.4063999652862549,1.4098199605941772,1.4020999670028689,1.406499981880188,0
3353,2019-04-08,1.4081000089645386,1.4106999635696411,1.4026999473571775,1.4081000089645386,0
3354,2019-04-09,1.4041800498962402,1.4041999578475952,1.3976000547409058,1.4041999578475952,0
3355,2019-04-10,1.4026999473571775,1.406350016593933,1.396589994430542,1.4028400182724,0
3356,2019-04-11,1.395300030708313,1.403249979019165,1.3948999643325806,1.3954999446868896,0
3357,2019-04-12,1.4040000438690186,1.405150055885315,1.3904000520706177,1.4042999744415283,0
3358,2019-04-15,1.3940999507904053,1.395709991455078,1.3923699855804443,1.3939000368118286,0
3359,2019-04-16,1.3934999704360962,1.4004000425338743,1.3926000595092771,1.3934999704360962,0
3360,2019-04-17,1.3956899642944336,1.397189974784851,1.3877999782562256,1.395709991455078,0
3361,2019-04-18,1.3939000368118286,1.3990999460220337,1.3900099992752075,1.3939199447631836,0
3362,2019-04-19,1.39900004863739,1.399399995803833,1.396299958229065,1.3991299867630005,0
3363,2019-04-22,1.3983999490737915,1.4027199745178225,1.3982000350952148,1.39900004863739,0
3364,2019-04-23,1.4011000394821167,1.4120999574661257,1.4017000198364258,1.402400016784668,0
3365,2019-04-24,1.4091099500656128,1.4239000082015991,1.4085899591445925,1.4090100526809692,0
3366,2019-04-25,1.4256000518798828,1.4306000471115112,1.4234999418258667,1.4257999658584597,0
3367,2019-04-26,1.4249500036239624,1.426900029182434,1.4162700176239014,1.4250999689102173,0
3368,2019-04-29,1.4195899963378906,1.4205000400543213,1.4155999422073364,1.419399976730347,0
3369,2019-04-30,1.4174000024795532,1.4219499826431274,1.4148999452590942,1.4174699783325195,0
3370,2019-05-01,1.418179988861084,1.421280026435852,1.4155999422073364,1.4186999797821045,0
3371,2019-05-02,1.4256000518798828,1.4294099807739258,1.4225000143051147,1.4258999824523926,0
3372,2019-05-03,1.4294999837875366,1.4311699867248535,1.4234999418258667,1.429900050163269,0
3373,2019-05-06,1.4340399503707886,1.4360599517822266,1.4283699989318848,1.434190034866333,0
3374,2019-05-07,1.4300999641418457,1.4306999444961548,1.4186999797821045,1.4297000169754028,0
3375,2019-05-08,1.4268399477005005,1.4294999837875366,1.4230999946594238,1.4268399477005005,0
3376,2019-05-09,1.4296000003814695,1.435670018196106,1.4293999671936035,1.4301199913024902,0
3377,2019-05-10,1.4312100410461426,1.4314299821853638,1.4247000217437744,1.430799961090088,0
3378,2019-05-13,1.4316200017929075,1.439910054206848,1.4312000274658203,1.4319900274276731,0
3379,2019-05-14,1.4397000074386597,1.4417999982833862,1.436900019645691,1.4398000240325928,0
3380,2019-05-15,1.441100001335144,1.4460300207138062,1.4413000345230105,1.4413000345230105,0
3381,2019-05-16,1.443600058555603,1.4491000175476074,1.4422999620437622,1.4438999891281128,0
3382,2019-05-17,1.450700044631958,1.455299973487854,1.4494999647140503,1.4509999752044678,0
3383,2019-05-20,1.4486000537872314,1.4491499662399292,1.4420000314712524,1.4490200281143188,0
3384,2019-05-21,1.4449599981307983,1.4562000036239624,1.444000005722046,1.44474995136261,0
3385,2019-05-23,1.4539999961853027,1.4565199613571167,1.4496999979019165,1.4537999629974363,0
3386,2019-05-24,1.4493600130081177,1.4530199766159058,1.4443000555038452,1.4493999481201172,0
3387,2019-05-27,1.442399978637695,1.4459999799728394,1.4408999681472778,1.443019986152649,0
3388,2019-05-28,1.445099949836731,1.4457000494003296,1.4417999982833862,1.4450700283050537,0
3389,2019-05-29,1.4437999725341797,1.448099970817566,1.442399978637695,1.443750023841858,0
3390,2019-05-30,1.4454200267791748,1.4490000009536743,1.441499948501587,1.4452099800109863,0
3391,2019-05-31,1.4479999542236328,1.4487500190734863,1.4400999546051023,1.448199987411499,0
3392,2019-06-03,1.443079948425293,1.4433300495147705,1.4354000091552734,1.4432899951934814,0
3393,2019-06-04,1.4342999458312988,1.4358700513839722,1.429900050163269,1.4346400499343872,0
3394,2019-06-05,1.4303300380706787,1.4341000318527222,1.426900029182434,1.4302699565887451,0
3395,2019-06-06,1.434499979019165,1.4357999563217163,1.4300999641418457,1.434559941291809,0
3396,2019-06-07,1.4335999488830566,1.435789942741394,1.4241600036621094,1.433899998664856,0
3397,2019-06-10,1.4294099807739258,1.4366999864578247,1.4284000396728516,1.4293700456619265,0
3398,2019-06-11,1.4365500211715698,1.4392000436782837,1.4355000257492063,1.4362499713897705,0
3399,2019-06-12,1.4365999698638916,1.440400004386902,1.4362000226974487,1.4365999698638916,0
3400,2019-06-13,1.4428999423980713,1.4487700462341309,1.4413000345230105,1.4430999755859375,0
3401,2019-06-14,1.446499943733215,1.455299973487854,1.4458999633789062,1.4467999935150146,0
3402,2019-06-17,1.453719973564148,1.4596400260925293,1.452399969100952,1.4539999961853027,0
3403,2019-06-18,1.4589999914169312,1.4634599685668943,1.4532999992370603,1.4594000577926636,0
3404,2019-06-19,1.4534000158309937,1.4585000276565552,1.4520000219345093,1.4530999660491943,0
3405,2019-06-20,1.4523299932479858,1.4526400566101074,1.4419699907302856,1.452399969100952,0
3406,2019-06-21,1.4445899724960327,1.4484000205993652,1.4413000345230105,1.4450700283050537,0
3407,2019-06-24,1.4400299787521362,1.4400099515914917,1.4347000122070312,1.4396400451660156,0
3408,2019-06-25,1.435610055923462,1.437999963760376,1.4333000183105469,1.4351500272750854,0
3409,2019-06-26,1.436400055885315,1.437440037727356,1.4296000003814695,1.4359999895095823,0
3410,2019-06-27,1.4313100576400757,1.4315600395202637,1.4270999431610107,1.431399941444397,0
3411,2019-06-28,1.4278000593185425,1.4287999868392944,1.4247000217437744,1.42739999294281,0
3412,2019-07-01,1.4238300323486328,1.4365999698638916,1.4234999418258667,1.4240299463272097,0
3413,2019-07-02,1.4357999563217163,1.436269998550415,1.4279999732971191,1.4357099533081057,0
3414,2019-07-03,1.4293999671936035,1.431399941444397,1.420699954032898,1.4294999837875366,0
3415,2019-07-04,1.4222099781036377,1.4251500368118286,1.4184000492095947,1.4222999811172483,0
3416,2019-07-05,1.4234100580215454,1.4370100498199463,1.4225000143051147,1.4234999418258667,0
3417,2019-07-08,1.4321000576019287,1.4350500106811523,1.4293999671936035,1.4323999881744385,0
3418,2019-07-09,1.433899998664856,1.4446099996566772,1.4333000183105469,1.434290051460266,0
3419,2019-07-10,1.443600058555603,1.4469300508499146,1.4357999563217163,1.4434000253677368,0
3420,2019-07-11,1.436400055885315,1.437790036201477,1.430799961090088,1.4370900392532349,0
3421,2019-07-12,1.434190034866333,1.4342299699783323,1.4265999794006348,1.4336999654769895,0
3422,2019-07-15,1.4249500036239624,1.4259599447250366,1.4205000400543213,1.4249099493026731,0
3423,2019-07-16,1.42044997215271,1.4249000549316406,1.419399976730347,1.420639991760254,0
3424,2019-07-17,1.4251999855041504,1.4291399717330933,1.4239000082015991,1.4252699613571167,0
3425,2019-07-18,1.4264999628067017,1.4271999597549438,1.419399976730347,1.426800012588501,0
3426,2019-07-19,1.414989948272705,1.4199999570846558,1.412600040435791,1.4147100448608398,0
3427,2019-07-22,1.4198299646377563,1.422029972076416,1.416800022125244,1.419800043106079,0
3428,2019-07-23,1.4220999479293823,1.4292199611663818,1.4211000204086304,1.4222999811172483,0
3429,2019-07-24,1.4291000366210938,1.433899998664856,1.4292000532150269,1.4292000532150269,0
3430,2019-07-25,1.432800054550171,1.4384299516677856,1.4312000274658203,1.4330500364303589,0
3431,2019-07-26,1.4384000301361084,1.448330044746399,1.437399983406067,1.4386999607086182,0
3432,2019-07-29,1.4479700326919556,1.4498599767684937,1.4455000162124634,1.4478000402450562,0
3433,2019-07-30,1.4493999481201172,1.4557100534439087,1.4470000267028809,1.4494999647140503,0
3434,2019-07-31,1.4544999599456787,1.4569799900054932,1.4491000175476074,1.454800009727478,0
3435,2019-08-01,1.4606000185012815,1.4637999534606934,1.4565800428390503,1.4609400033950806,0
3436,2019-08-02,1.46983003616333,1.4781500101089478,1.4663000106811523,1.4696799516677856,0
3437,2019-08-05,1.472100019454956,1.4815000295639038,1.469499945640564,1.472599983215332,0
3438,2019-08-06,1.4785200357437134,1.4786100387573242,1.4706000089645386,1.4786100387573242,0
3439,2019-08-07,1.4786299467086792,1.497339963912964,1.4743200540542605,1.4788000583648682,0
3440,2019-08-08,1.479699969291687,1.4812999963760376,1.465999960899353,1.479699969291687,0
3441,2019-08-09,1.46806001663208,1.472000002861023,1.4665900468826294,1.468000054359436,0
3442,2019-08-12,1.4756200313568115,1.482319951057434,1.4715800285339355,1.4746999740600586,0
3443,2019-08-13,1.4801900386810305,1.4817999601364136,1.4667999744415283,1.480080008506775,0
3444,2019-08-14,1.4710700511932373,1.4843800067901611,1.4694900512695312,1.4712799787521362,0
3445,2019-08-15,1.4805999994277954,1.4804999828338623,1.473099946975708,1.4803400039672852,0
3446,2019-08-16,1.4765000343322754,1.4767999649047852,1.471500039100647,1.4764900207519531,0
3447,2019-08-19,1.4734899997711182,1.4774999618530271,1.472499966621399,1.4735000133514404,0
3448,2019-08-20,1.4802000522613523,1.4800299406051636,1.47160005569458,1.4800299406051636,0
3449,2019-08-21,1.4759700298309326,1.4763000011444092,1.4706000089645386,1.476099967956543,0
3450,2019-08-22,1.4738399982452393,1.4810999631881714,1.4737999439239502,1.4740999937057495,0
3451,2019-08-23,1.4802000522613523,1.4842499494552612,1.475600004196167,1.4799699783325195,0
3452,2019-08-26,1.4907399415969849,1.4905099868774414,1.473099946975708,1.4905099868774414,0
3453,2019-08-27,1.4772000312805176,1.4819999933242798,1.475600004196167,1.4771000146865845,0
3454,2019-08-28,1.4805200099945068,1.4846299886703491,1.479099988937378,1.4803999662399292,0
3455,2019-08-29,1.4837700128555298,1.4885200262069702,1.4803999662399292,1.4837499856948853,0
3456,2019-08-30,1.4845999479293823,1.4908000230789185,1.4835000038146973,1.4846500158309937,0
3457,2019-09-02,1.4864000082015991,1.4902000427246094,1.4845999479293823,1.4866100549697876,0
3458,2019-09-03,1.4897600412368774,1.4950000047683716,1.4795000553131104,1.4896999597549438,0
3459,2019-09-04,1.4784200191497805,1.479300022125244,1.4706000089645386,1.478219985961914,0
3460,2019-09-05,1.4706000089645386,1.4711999893188477,1.464100003242493,1.4709999561309814,0
3461,2019-09-06,1.4680399894714355,1.4688999652862549,1.4572999477386477,1.4678900241851809,0
3462,2019-09-09,1.460559964179993,1.4621800184249878,1.4541000127792358,1.4606599807739258,0
3463,2019-09-10,1.4565999507904053,1.459920048713684,1.455600023269653,1.4567999839782717,0
3464,2019-09-11,1.4580399990081787,1.459980010986328,1.4524500370025637,1.458299994468689,0
3465,2019-09-12,1.454800009727478,1.4570000171661377,1.4503999948501587,1.4545999765396118,0
3466,2019-09-13,1.4569000005722046,1.45770001411438,1.4509999752044678,1.4565000534057615,0
3467,2019-09-16,1.4535000324249268,1.4588700532913208,1.4522000551223757,1.4535900354385376,0
3468,2019-09-17,1.4571000337600708,1.4638999700546265,1.4562000036239624,1.4570000171661377,0
3469,2019-09-18,1.4564000368118286,1.464210033416748,1.4563699960708618,1.4563699960708618,0
3470,2019-09-19,1.4650499820709229,1.4745999574661257,1.4655200242996216,1.4655200242996216,0
3471,2019-09-20,1.4721499681472778,1.4776999950408936,1.4681999683380127,1.4726999998092651,0
3472,2019-09-23,1.4773199558258057,1.4779000282287598,1.4740999937057495,1.477370023727417,0
3473,2019-09-24,1.4758000373840332,1.4779000282287598,1.469099998474121,1.476199984550476,0
3474,2019-09-25,1.4707000255584717,1.4836000204086304,1.4699000120162964,1.4710400104522705,0
3475,2019-09-26,1.480299949645996,1.4819999933242798,1.4749000072479248,1.4805999994277954,0
3476,2019-09-27,1.4805999994277954,1.482699990272522,1.475000023841858,1.4808900356292725,0
3477,2019-09-30,1.479099988937378,1.483299970626831,1.4774999618530271,1.479009985923767,0
3478,2019-10-01,1.4808000326156616,1.4983999729156494,1.4792699813842771,1.4805999994277954,0
3479,2019-10-02,1.4905999898910522,1.498900055885315,1.4879000186920166,1.4906699657440186,0
3480,2019-10-03,1.490399956703186,1.4916000366210938,1.4805999994277954,1.4904999732971191,0
3481,2019-10-04,1.482509970664978,1.482759952545166,1.4772000312805176,1.4823600053787231,0
3482,2019-10-07,1.4782999753952026,1.4852700233459473,1.4780000448226929,1.4782999753952026,0
3483,2019-10-08,1.4853299856185913,1.4870100021362305,1.4795000553131104,1.485200047492981,0
3484,2019-10-09,1.486299991607666,1.4866399765014648,1.4815800189971924,1.4859999418258667,0
3485,2019-10-10,1.4884999990463257,1.4893399477005005,1.4768999814987185,1.4881000518798828,0
3486,2019-10-11,1.4785900115966797,1.4792200326919556,1.4681999683380127,1.4788299798965454,0
3487,2019-10-14,1.471369981765747,1.4810999631881714,1.4703700542449951,1.4717999696731567,0
3488,2019-10-15,1.4759279489517212,1.4827799797058103,1.4729000329971311,1.476449966430664,0
3489,2019-10-16,1.480780005455017,1.4871439933776855,1.4801900386810305,1.480739951133728,0
3490,2019-10-17,1.480080008506775,1.480515956878662,1.4628440141677856,1.4804500341415403,0
3491,2019-10-18,1.4651000499725342,1.4654159545898438,1.4592150449752808,1.4647719860076904,0
3492,2019-10-21,1.4603400230407717,1.460129976272583,1.4528549909591677,1.460129976272583,0
3493,2019-10-22,1.4554799795150757,1.4596409797668457,1.4527100324630735,1.4554599523544312,0
3494,2019-10-23,1.457450032234192,1.4631400108337402,1.4570889472961426,1.4575999975204468,0
3495,2019-10-24,1.4597899913787842,1.467610001564026,1.457726001739502,1.4597899913787842,0
3496,2019-10-25,1.4670000076293943,1.4682129621505735,1.4628000259399414,1.4668300151824951,0
3497,2019-10-28,1.4654159545898438,1.4680839776992798,1.462030053138733,1.4657399654388428,0
3498,2019-10-29,1.4620740413665771,1.462030053138733,1.454969048500061,1.462030053138733,0
3499,2019-10-30,1.4586000442504885,1.4598499536514282,1.4539109468460083,1.4583419561386108,0
3500,2019-10-31,1.449720025062561,1.4515700340270996,1.442584991455078,1.4490000009536743,0
3501,2019-11-01,1.4507499933242798,1.452538013458252,1.4449609518051147,1.4506419897079468,0
3502,2019-11-04,1.4455050230026243,1.450368046760559,1.443626046180725,1.4457999467849731,0
3503,2019-11-05,1.4513200521469116,1.4537420272827148,1.4432100057601929,1.451990008354187,0
3504,2019-11-06,1.451200008392334,1.454185962677002,1.4471780061721802,1.451442003250122,0
3505,2019-11-07,1.4540590047836304,1.457170009613037,1.4465500116348269,1.45360004901886,0
3506,2019-11-08,1.4575140476226809,1.4601500034332275,1.4558160305023191,1.4564950466156006,0
3507,2019-11-11,1.458150029182434,1.4603229761123655,1.4564520120620728,1.457919955253601,0
3508,2019-11-12,1.4598000049591064,1.463636040687561,1.4579390287399292,1.46015202999115,0
3509,2019-11-13,1.4611339569091797,1.465824007987976,1.458575963973999,1.4616039991378784,0
3510,2019-11-14,1.462095022201538,1.4770179986953735,1.4616680145263672,1.462030053138733,0
3511,2019-11-15,1.4731199741363523,1.4745999574661257,1.4669209718704224,1.4733400344848633,0
3512,2019-11-18,1.4671399593353271,1.470782995223999,1.4654159545898438,1.4672900438308716,0
3513,2019-11-19,1.4694600105285645,1.4736219644546509,1.4634649753570557,1.4694600105285645,0
3514,2019-11-20,1.465222954750061,1.4713020324707031,1.4634859561920166,1.465008020401001,0
3515,2019-11-21,1.470805048942566,1.4734050035476685,1.4675500392913818,1.4707000255584717,0
3516,2019-11-22,1.4728800058364868,1.4745349884033203,1.46983003616333,1.4731450080871582,0
3517,2019-11-25,1.4723199605941772,1.4774099588394165,1.470371961593628,1.4723199605941772,0
3518,2019-11-26,1.4757100343704224,1.4765599966049194,1.472038984298706,1.4756449460983276,0
3519,2019-11-27,1.472970962524414,1.4765809774398804,1.472100019454956,1.4732969999313354,0
3520,2019-11-28,1.4777159690856934,1.478790044784546,1.4760149717330933,1.477300047874451,0
3521,2019-11-29,1.477323055267334,1.480188012123108,1.4747090339660645,1.4773999452590942,0
3522,2019-12-02,1.4782400131225586,1.4782400131225586,1.4654159545898438,1.478219985961914,0
3523,2019-12-03,1.4665299654006958,1.4670100212097168,1.4570889472961426,1.4668099880218506,0
3524,2019-12-04,1.460131049156189,1.4675240516662598,1.4583640098571775,1.4597899913787842,0
3525,2019-12-05,1.4599390029907229,1.4659700393676758,1.4586999416351318,1.4600460529327393,0
3526,2019-12-06,1.4634859561920166,1.4653520584106443,1.458299994468689,1.463189959526062,0
3527,2019-12-09,1.4629900455474854,1.4661040306091309,1.4624160528182983,1.4629700183868408,0
3528,2019-12-10,1.4645580053329468,1.47038996219635,1.4622019529342651,1.4647719860076904,0
3529,2019-12-11,1.4681270122528076,1.4694650173187256,1.4558160305023191,1.467803955078125,0
3530,2019-12-12,1.4555000066757202,1.4554799795150757,1.4474289417266846,1.4554799795150757,0
3531,2019-12-13,1.443600058555603,1.4565999507904053,1.4430010318756104,1.444000005722046,0
3532,2019-12-16,1.4545899629592896,1.4557100534439087,1.449275016784668,1.454503059387207,0
3533,2019-12-17,1.4546899795532229,1.462224006652832,1.453487992286682,1.4545199871063232,0
3534,2019-12-18,1.4593000411987305,1.4619499444961548,1.456663966178894,1.4594279527664185,0
3535,2019-12-19,1.458853006362915,1.4589200019836426,1.451779007911682,1.4586800336837769,0
3536,2019-12-20,1.450747013092041,1.452299952507019,1.4475970268249512,1.451295018196106,0
3537,2019-12-23,1.4484570026397705,1.4497400522232056,1.4427930116653442,1.4479700326919556,0
3538,2019-12-24,1.4440020322799685,1.4465290307998655,1.442584991455078,1.4438799619674685,0
3539,2019-12-25,1.444700002670288,1.4458999633789062,1.443600058555603,1.444499969482422,0
3540,2019-12-26,1.444100022315979,1.444700002670288,1.440500020980835,1.443418025970459,0
3541,2019-12-27,1.4395999908447266,1.440153956413269,1.4314340353012085,1.4392629861831665,0
3542,2019-12-30,1.4320499897003174,1.4318599700927734,1.4271440505981443,1.4318599700927734,0
3543,2019-12-31,1.4282859563827517,1.4286119937896729,1.4219199419021606,1.4279799461364746,0
3544,2020-01-01,1.4251099824905396,1.4255000352859497,1.4194459915161133,1.4255000352859497,0
3545,2020-01-02,1.4246000051498413,1.432397961616516,1.4242990016937256,1.424720048904419,0
3546,2020-01-03,1.4315999746322632,1.442710041999817,1.4313100576400757,1.43190598487854,0
3547,2020-01-06,1.4400500059127808,1.4438300132751465,1.4369879961013794,1.4394099712371826,0
3548,2020-01-07,1.441480040550232,1.4574899673461914,1.440714955329895,1.4415040016174316,0
3549,2020-01-08,1.4576410055160522,1.4599180221557615,1.4522219896316528,1.4578299522399902,0
3550,2020-01-09,1.4547990560531616,1.4594279527664185,1.453341007232666,1.4544600248336792,0
3551,2020-01-10,1.4591699838638306,1.4595999717712402,1.4478700160980225,1.4589200019836426,0
3552,2020-01-13,1.4491490125656128,1.4501999616622925,1.4446690082550049,1.4496699571609497,0
3553,2020-01-14,1.4495060443878174,1.4521169662475586,1.4471780061721802,1.449759006500244,0
3554,2020-01-15,1.4500000476837158,1.4537420272827148,1.446341037750244,1.4505369663238523,0
3555,2020-01-16,1.4476399421691897,1.4508099555969238,1.4419610500335691,1.44760000705719,0
3556,2020-01-17,1.4490649700164795,1.454990029335022,1.4465500116348269,1.449800968170166,0
3557,2020-01-20,1.4531099796295166,1.4585800170898438,1.4513789415359497,1.4528800249099731,0
3558,2020-01-21,1.4542499780654907,1.460919976234436,1.4530659914016724,1.454164981842041,0
3559,2020-01-22,1.460515022277832,1.4645789861679075,1.4581509828567505,1.4604300260543823,0
3560,2020-01-23,1.4613499641418457,1.4639400243759155,1.453487992286682,1.46150004863739,0
3561,2020-01-24,1.462030053138733,1.466210961341858,1.4581509828567505,1.460319995880127,0
3562,2020-01-27,1.4701800346374512,1.480515956878662,1.4664909839630127,1.4699599742889404,0
3563,2020-01-28,1.478917956352234,1.4838600158691406,1.4777599573135376,1.4790489673614502,0
3564,2020-01-29,1.478369951248169,1.484410047531128,1.4749259948730469,1.4783929586410522,0
3565,2020-01-30,1.4809999465942385,1.4921590089797974,1.480870008468628,1.4810199737548828,0
3566,2020-01-31,1.4907000064849854,1.4961999654769895,1.486104965209961,1.4905999898910522,0
3567,2020-02-03,1.4939600229263306,1.496021032333374,1.490535020828247,1.4942500591278076,0
3568,2020-02-04,1.494657039642334,1.496870040893555,1.4847149848937988,1.494770050048828,0
3569,2020-02-05,1.4854899644851685,1.4870100021362305,1.4760149717330933,1.4852440357208252,0
3570,2020-02-06,1.4810869693756104,1.4855799674987793,1.477977991104126,1.4810899496078491,0
3571,2020-02-07,1.485002040863037,1.500892996788025,1.4852999448776243,1.4853999614715576,0
3572,2020-02-10,1.498729944229126,1.4993400573730469,1.4907569885253906,1.4993400573730469,0
3573,2020-02-11,1.4947459697723389,1.4963099956512451,1.4844399690628052,1.4950599670410156,0
3574,2020-02-12,1.4878740310668943,1.4894700050354004,1.481261968612671,1.4881800413131714,0
3575,2020-02-13,1.489603042602539,1.4897140264511108,1.4827300310134888,1.4896249771118164,0
3576,2020-02-14,1.4876530170440674,1.4900909662246704,1.4856630563735962,1.4881399869918823,0
3577,2020-02-17,1.4867700338363647,1.4895139932632446,1.4848999977111816,1.4869699478149414,0
3578,2020-02-18,1.4898689985275269,1.4981900453567505,1.4903000593185425,1.4903600215911863,0
3579,2020-02-19,1.4934289455413818,1.5001729726791382,1.490880012512207,1.4936970472335815,0
3580,2020-02-20,1.496109962463379,1.5126529932022097,1.4943219423294067,1.4968039989471436,0
3581,2020-02-21,1.511989951133728,1.5181879997253418,1.506100058555603,1.5122649669647217,0
3582,2020-02-24,1.5135689973831177,1.5179569721221924,1.5103460550308228,1.5138700008392334,0
3583,2020-02-25,1.5124000310897827,1.518100023269653,1.5096620321273804,1.5125850439071655,0
3584,2020-02-26,1.5139590501785278,1.5259259939193726,1.5137749910354614,1.514119029045105,0
3585,2020-02-27,1.5275299549102783,1.5275599956512451,1.5170999765396118,1.5269700288772583,0
3586,2020-02-28,1.5197099447250366,1.552072048187256,1.5186259746551514,1.519618034362793,0
3587,2020-03-02,1.5346100330352783,1.5409749746322632,1.5223020315170288,1.5348299741744995,0
3588,2020-03-03,1.5273009538650513,1.5361000299453735,1.504889965057373,1.527696967124939,0
3589,2020-03-04,1.5192500352859497,1.5182570219039917,1.5085229873657229,1.5182570219039917,0
3590,2020-03-05,1.5090010166168213,1.5183299779891968,1.506700038909912,1.5091379880905151,0
3591,2020-03-06,1.5116000175476074,1.518349051475525,1.5018999576568604,1.5109599828720093,0
3592,2020-03-09,1.5120400190353394,1.5783079862594604,1.4962220191955566,1.5118900537490845,0
3593,2020-03-10,1.5156110525131226,1.544569969177246,1.5140049457550049,1.5150140523910522,0
3594,2020-03-11,1.5386749505996704,1.5409300327301023,1.529168963432312,1.5394799709320068,0
3595,2020-03-12,1.5433529615402222,1.5949000120162964,1.542971968650818,1.5435669422149658,0
3596,2020-03-13,1.593850016593933,1.624959945678711,1.5815030336380005,1.5918240547180176,0
3597,2020-03-16,1.6187299489974976,1.6443580389022827,1.6157399415969849,1.6184600591659546,0
3598,2020-03-17,1.6395000219345093,1.6776269674301147,1.626544952392578,1.6381360292434692,0
3599,2020-03-18,1.668835997581482,1.7188299894332886,1.6592600345611572,1.669922947883606,0
3600,2020-03-19,1.7212300300598145,1.811594009399414,1.6771769523620603,1.724287033081055,0
3601,2020-03-20,1.74127995967865,1.7507699728012085,1.672659993171692,1.7402199506759644,0
3602,2020-03-23,1.73812997341156,1.7537399530410769,1.7122700214385986,1.7375400066375732,0
3603,2020-03-24,1.7016639709472656,1.7038999795913696,1.6738920211791992,1.7017509937286377,0
3604,2020-03-25,1.6734999418258667,1.685062050819397,1.647449970245361,1.6754909753799438,0
3605,2020-03-26,1.6925920248031616,1.7031420469284058,1.6486690044403076,1.6936520338058472,0
3606,2020-03-27,1.6449799537658691,1.659751057624817,1.631060004234314,1.646062970161438,0
3607,2020-03-30,1.617969989776611,1.6347880363464355,1.6175199747085571,1.620169997215271,0
3608,2020-03-31,1.6210099458694458,1.6442769765853882,1.6103839874267578,1.6222399473190308,0
3609,2020-04-01,1.6294610500335691,1.6553000211715698,1.6269689798355105,1.6286380290985107,0
3610,2020-04-02,1.64165997505188,1.6634509563446045,1.634253978729248,1.642683982849121,0
3611,2020-04-03,1.6492899656295776,1.6717660427093506,1.6458200216293335,1.6477450132369995,0
3612,2020-04-06,1.6681400537490845,1.668779969215393,1.637840986251831,1.6677000522613523,0
3613,2020-04-07,1.6346280574798584,1.639747977256775,1.610700011253357,1.6344399452209473,0
3614,2020-04-08,1.6254349946975708,1.6346800327301023,1.6033899784088137,1.6248270273208618,0
3615,2020-04-09,1.6037700176239014,1.6137880086898804,1.5840330123901367,1.6038000583648682,0
3616,2020-04-10,1.5791300535202026,1.583631992340088,1.5698590278625488,1.5785319805145264,0
3617,2020-04-13,1.5784800052642822,1.579254984855652,1.566100001335144,1.5774600505828855,0
3618,2020-04-14,1.5622299909591677,1.5682300329208374,1.5545799732208252,1.5629639625549316,0
3619,2020-04-15,1.5541709661483765,1.5909899473190308,1.5541000366210938,1.5542999505996704,0
3620,2020-04-16,1.585062026977539,1.5957900285720823,1.5792800188064575,1.5850369930267334,0
3621,2020-04-17,1.572672963142395,1.5830800533294678,1.5667999982833862,1.5719000101089478,0
3622,2020-04-20,1.577239990234375,1.5779600143432615,1.5641100406646729,1.5772600173950195,0
3623,2020-04-21,1.5758700370788574,1.5986700057983398,1.5756720304489136,1.5756720304489136,0
3624,2020-04-22,1.5888149738311768,1.5919259786605835,1.5740599632263184,1.588107943534851,0
3625,2020-04-23,1.5875539779663086,1.590154051780701,1.5612800121307373,1.587805986404419,0
3626,2020-04-24,1.5681849718093872,1.5776350498199463,1.566391944885254,1.5677900314331057,0
3627,2020-04-27,1.563099980354309,1.5636999607086182,1.545356035232544,1.5631999969482422,0
3628,2020-04-28,1.5506000518798828,1.5539530515670776,1.5354100465774536,1.5496670007705688,0
3629,2020-04-29,1.537822961807251,1.5381540060043335,1.5274169445037842,1.5377800464630127,0
3630,2020-04-30,1.5255500078201294,1.5404289960861206,1.5221630334854126,1.5255529880523682,0
3631,2020-05-01,1.5395270586013794,1.5579719543457031,1.5394330024719238,1.5394330024719238,0
3632,2020-05-04,1.568179965019226,1.5690499544143677,1.554819941520691,1.567152976989746,0
3633,2020-05-05,1.556149959564209,1.5580689907073977,1.544592022895813,1.5556700229644775,0
3634,2020-05-06,1.553760051727295,1.5605249404907229,1.5496670007705688,1.5543880462646484,0
3635,2020-05-07,1.5647599697113037,1.563452959060669,1.5384600162506104,1.5627000331878662,0
3636,2020-05-08,1.537680983543396,1.5385600328445437,1.527184009552002,1.5375629663467407,0
3637,2020-05-11,1.529729962348938,1.546766996383667,1.524158000946045,1.530150055885315,0
3638,2020-05-12,1.542099952697754,1.554435968399048,1.5299880504608154,1.5418800115585327,0
3639,2020-05-13,1.5491149425506592,1.5495229959487915,1.53329598903656,1.5486299991607666,0
3640,2020-05-14,1.5492000579833984,1.5612070560455322,1.5479880571365356,1.550050973892212,0
3641,2020-05-15,1.545300006866455,1.561619997024536,1.5446399450302124,1.5453100204467771,0
3642,2020-05-18,1.5562299489974976,1.5573999881744385,1.534540057182312,1.5559600591659546,0
3643,2020-05-19,1.532331943511963,1.5358619689941406,1.5218850374221802,1.532825946807861,0
3644,2020-05-20,1.5290299654006958,1.531769037246704,1.5115790367126465,1.5283279418945312,0
3645,2020-05-21,1.516921043395996,1.5269039869308472,1.5155999660491943,1.5175889730453491,0
3646,2020-05-22,1.5227899551391602,1.536664962768555,1.5211440324783323,1.5222320556640625,0
3647,2020-05-25,1.5276999473571775,1.533506989479065,1.526718020439148,1.5271999835968018,0
3648,2020-05-26,1.5273239612579346,1.528164029121399,1.5016800165176392,1.5270440578460691,0
3649,2020-05-27,1.50450599193573,1.5213749408721924,1.497006058692932,1.5045000314712524,0
3650,2020-05-28,1.510390043258667,1.5175889730453491,1.499699950218201,1.5104600191116333,0
3651,2020-05-29,1.5075000524520874,1.51043701171875,1.4961999654769895,1.5074299573898315,0
3652,2020-06-01,1.5015499591827393,1.5016800165176392,1.4733619689941406,1.5016800165176392,0
3653,2020-06-02,1.4736219644546509,1.4758620262145996,1.4506800174713137,1.473188042640686,0
3654,2020-06-03,1.4462989568710327,1.458240032196045,1.432049036026001,1.4460690021514893,0
3655,2020-06-04,1.4431999921798706,1.4526649713516235,1.4310250282287598,1.443179965019226,0
3656,2020-06-05,1.4409430027008057,1.442584991455078,1.425861954689026,1.4405070543289185,0
3657,2020-06-08,1.42808198928833,1.436203956604004,1.4277559518814087,1.4300010204315186,0
3658,2020-06-09,1.4235899448394775,1.4492119550704956,1.420300006866455,1.4238929748535156,0
3659,2020-06-10,1.4402999877929688,1.442376971244812,1.4242990016937256,1.4409010410308838,0
3660,2020-06-11,1.4350700378417969,1.453192949295044,1.4293880462646484,1.4351940155029297,0
3661,2020-06-12,1.4639400243759155,1.470371961593628,1.4469480514526367,1.4640649557113647,0
3662,2020-06-15,1.4651999473571775,1.4749259948730469,1.4557520151138306,1.4643000364303589,0
3663,2020-06-16,1.4371529817581177,1.4624370336532593,1.434249997138977,1.4364930391311646,0
3664,2020-06-17,1.450260043144226,1.4593000411987305,1.4449820518493652,1.45038902759552,0
3665,2020-06-18,1.4543969631195068,1.4622880220413208,1.4486459493637085,1.4541000127792358,0
3666,2020-06-19,1.4583200216293335,1.4615180492401123,1.4469690322875977,1.4583640098571775,0
3667,2020-06-22,1.465649962425232,1.4662100076675415,1.447072982788086,1.4658900499343872,0
3668,2020-06-23,1.4426679611206057,1.4568339586257937,1.4336999654769895,1.4431500434875488,0
3669,2020-06-24,1.4408600330352783,1.4564520120620728,1.4359560012817385,1.4400089979171753,0
3670,2020-06-25,1.4584100246429443,1.460237979888916,1.4513789415359497,1.458024024963379,0
3671,2020-06-26,1.4517600536346436,1.4614969491958618,1.4496959447860718,1.4517159461975098,0
3672,2020-06-29,1.457319974899292,1.4615819454193115,1.4514210224151611,1.4572800397872925,0
3673,2020-06-30,1.455199956893921,1.4632699489593506,1.4469300508499146,1.4555200338363647,0
3674,2020-07-01,1.4488550424575806,1.4537839889526367,1.440150022506714,1.4491699934005735,0
3675,2020-07-02,1.446499943733215,1.4483729600906372,1.438910961151123,1.446341037750244,0
3676,2020-07-03,1.4452539682388306,1.4462989568710327,1.4397000074386597,1.445065975189209,0
3677,2020-07-06,1.4391800165176392,1.4392629861831665,1.4311269521713257,1.4382280111312866,0
3678,2020-07-07,1.4332809448242188,1.4443349838256836,1.4290000200271606,1.434514045715332,0
3679,2020-07-08,1.440440058708191,1.4431469440460205,1.433769941329956,1.441230058670044,0
3680,2020-07-09,1.430799961090088,1.4385199546813965,1.4281630516052246,1.4315799474716189,0
3681,2020-07-10,1.437000036239624,1.4441059827804563,1.4351940155029297,1.4362000226974487,0
3682,2020-07-13,1.438789963722229,1.440690040588379,1.4302059412002563,1.4390560388565063,0
3683,2020-07-14,1.4408999681472778,1.444543957710266,1.433899998664856,1.44160795211792,0
3684,2020-07-15,1.4308199882507324,1.4311100244522097,1.4210200309753418,1.4310040473937988,0
3685,2020-07-16,1.426699995994568,1.4343500137329102,1.4261000156402588,1.4271440505981443,0
3686,2020-07-17,1.433074951171875,1.4336400032043457,1.4295929670333862,1.4334039688110352,0
3687,2020-07-20,1.4275519847869873,1.4336999654769895,1.4251099824905396,1.4280200004577637,0
3688,2020-07-21,1.42330002784729,1.4252729415893557,1.4045000076293943,1.4235700368881226,0
3689,2020-07-22,1.4014240503311155,1.4057190418243408,1.3925399780273438,1.4005999565124512,0
3690,2020-07-23,1.4004000425338743,1.4097800254821775,1.396299958229065,1.4008150100708008,0
3691,2020-07-24,1.4084299802780151,1.4154000282287598,1.4033000469207764,1.4086289405822754,0
3692,2020-07-27,1.408810019493103,1.408810019493103,1.3986599445343018,1.408450961112976,0
3693,2020-07-28,1.3968429565429688,1.405540943145752,1.3934999704360962,1.3970199823379517,0
3694,2020-07-29,1.3966000080108645,1.3986599445343018,1.3902000188827517,1.3964920043945312,0
3695,2020-07-30,1.3943699598312378,1.4036860466003418,1.3914010524749756,1.3935339450836182,0
3696,2020-07-31,1.3881800174713137,1.3977019786834717,1.3832999467849731,1.3883880376815796,0
3697,2020-08-03,1.399209976196289,1.412969946861267,1.398210048675537,1.399049997329712,0
3698,2020-08-04,1.4048999547958374,1.4071600437164309,1.3969210386276243,1.4052250385284424,0
3699,2020-08-05,1.3933199644088743,1.3952059745788574,1.3813300132751465,1.3933589458465576,0
3700,2020-08-06,1.389063000679016,1.3935149908065796,1.3831260204315186,1.388888955116272,0
3701,2020-08-07,1.3829350471496582,1.396628975868225,1.380643010139465,1.3832019567489624,0
3702,2020-08-10,1.3972100019454956,1.4003839492797852,1.3920789957046509,1.3971199989318848,0
3703,2020-08-11,1.3970379829406738,1.399325966835022,1.3906270265579224,1.3975650072097778,0
3704,2020-08-12,1.3995410203933716,1.4063910245895386,1.3942140340805054,1.3987970352172852,0
3705,2020-08-13,1.395699977874756,1.3972530364990234,1.3911900520324707,1.3945000171661377,0
3706,2020-08-14,1.3988360166549685,1.4019349813461304,1.3940969705581665,1.3990119695663452,0
3707,2020-08-17,1.3903199434280396,1.3942919969558716,1.3837000131607056,1.3900469541549685,0
3708,2020-08-18,1.3854000568389893,1.386981964111328,1.376518964767456,1.3859599828720093,0
3709,2020-08-19,1.3777999877929688,1.3833940029144287,1.3743820190429688,1.378625988960266,0
3710,2020-08-20,1.3911999464035034,1.401051044464111,1.3900469541549685,1.3918700218200684,0
3711,2020-08-21,1.3877099752426147,1.4004230499267578,1.385800004005432,1.3876899480819702,0
3712,2020-08-24,1.3963799476623535,1.3974900245666504,1.388100028038025,1.3964699506759644,0
3713,2020-08-25,1.3949140310287476,1.3978190422058103,1.390241026878357,1.394934058189392,0
3714,2020-08-26,1.3890199661254885,1.3911499977111816,1.3828999996185305,1.3892359733581543,0
3715,2020-08-27,1.380259990692139,1.3852139711380005,1.3717199563980105,1.3803189992904663,0
3716,2020-08-28,1.375535011291504,1.378093957901001,1.3590999841690063,1.3755300045013428,0
3717,2020-08-31,1.3562999963760376,1.361989974975586,1.3513699769973757,1.3567800521850586,0
3718,2020-09-01,1.354830026626587,1.357164978981018,1.3489819765090942,1.3548120260238647,0
3719,2020-09-02,1.3552900552749634,1.3694690465927124,1.354830026626587,1.355656981468201,0
3720,2020-09-03,1.364050030708313,1.3755539655685425,1.3632999658584597,1.3644429445266724,0
3721,2020-09-04,1.3782000541687012,1.3842560052871704,1.370051026344299,1.3775999546051023,0
3722,2020-09-07,1.3732099533081057,1.3752700090408323,1.370100021362305,1.3733999729156494,0
3723,2020-09-08,1.373438000679016,1.3852720260620115,1.3683069944381714,1.3735510110855105,0
3724,2020-09-09,1.387078046798706,1.3876359462738037,1.373438000679016,1.3870199918746948,0
3725,2020-09-10,1.3742680549621582,1.3768789768218994,1.3653000593185425,1.3739999532699585,0
3726,2020-09-11,1.376842021942139,1.3774479627609253,1.368399977684021,1.3765950202941897,0
3727,2020-09-14,1.3733400106430054,1.376481056213379,1.3687000274658203,1.3728899955749512,0
3728,2020-09-15,1.3724950551986694,1.3758939504623413,1.3615000247955322,1.3733999729156494,0
3729,2020-09-16,1.370460033416748,1.3716700077056885,1.3612849712371826,1.3707799911499023,0
3730,2020-09-17,1.3707079887390137,1.378208041191101,1.3672000169754028,1.3705389499664309,0
3731,2020-09-18,1.3674099445343018,1.3729660511016846,1.3636800050735474,1.3665119409561155,0
3732,2020-09-21,1.3710999488830566,1.388772964477539,1.3650009632110596,1.3710099458694458,0
3733,2020-09-22,1.3828999996185305,1.3954980373382568,1.3817880153656006,1.383450984954834,0
3734,2020-09-23,1.393839955329895,1.4107799530029297,1.3933000564575195,1.3939000368118286,0
3735,2020-09-24,1.414626955986023,1.424970030784607,1.4119999408721924,1.41422700881958,0
3736,2020-09-25,1.4170000553131104,1.4271440505981443,1.4106359481811523,1.4171700477600098,0
3737,2020-09-28,1.4200700521469116,1.4217900037765503,1.4134279489517212,1.419800043106079,0
3738,2020-09-29,1.4094040393829346,1.4134080410003662,1.4009530544281006,1.4091999530792236,0
3739,2020-09-30,1.3998539447784424,1.408352017402649,1.3943109512329102,1.3994230031967163,0
3740,2020-10-01,1.3953800201416016,1.397447943687439,1.3869630098342896,1.3951870203018188,0
3741,2020-10-02,1.392199993133545,1.4016200304031372,1.3915950059890747,1.3925399780273438,0
3742,2020-10-05,1.3933000564575195,1.3959070444107056,1.3899999856948853,1.3939199447631836,0
3743,2020-10-06,1.3902000188827517,1.3993840217590332,1.3872100114822388,1.3905689716339111,0
3744,2020-10-07,1.4064500331878662,1.4085899591445925,1.3982889652252195,1.4063899517059326,0
3745,2020-10-08,1.4009130001068115,1.4036500453948977,1.3946609497070312,1.4011000394821167,0
3746,2020-10-09,1.39314603805542,1.394760012626648,1.3808339834213257,1.3936890363693235,0
3747,2020-10-12,1.384160041809082,1.387694001197815,1.381600022315979,1.3844499588012695,0
3748,2020-10-13,1.3866000175476074,1.3971699476242063,1.387120008468628,1.387120008468628,0
3749,2020-10-14,1.3957899808883667,1.3974679708480835,1.3904340267181396,1.3952840566635132,0
3750,2020-10-15,1.4002699851989746,1.4171329736709597,1.3989930152893066,1.4000500440597534,0
3751,2020-10-16,1.41075599193573,1.4142069816589355,1.4088000059127808,1.4109749794006348,0
3752,2020-10-19,1.4092450141906738,1.4115920066833496,1.4048999547958374,1.409641981124878,0
3753,2020-10-20,1.417199969291687,1.42425799369812,1.4163999557495115,1.4177160263061523,0
3754,2020-10-21,1.4184399843215942,1.4182000160217283,1.402917981147766,1.4182000160217283,0
3755,2020-10-22,1.4073400497436523,1.4110339879989624,1.4048889875411987,1.4076579809188845,0
3756,2020-10-23,1.403291940689087,1.408133029937744,1.3970379829406738,1.403095006942749,0
3757,2020-10-26,1.4021300077438354,1.407518982887268,1.3991880416870115,1.402250051498413,0
3758,2020-10-27,1.405066967010498,1.4048700332641602,1.399580001831055,1.4044699668884275,0
3759,2020-10-28,1.4038829803466797,1.4205149412155151,1.3971999883651731,1.404099941253662,0
3760,2020-10-29,1.4173940420150757,1.4276330471038818,1.412600040435791,1.4173539876937866,0
3761,2020-10-30,1.4209389686584473,1.4260900020599363,1.4142470359802246,1.4211809635162354,0
3762,2020-11-02,1.426900029182434,1.429919958114624,1.4176349639892578,1.4265899658203125,0
3763,2020-11-03,1.4176959991455078,1.422580003738403,1.3939000368118286,1.4174339771270752,0
3764,2020-11-04,1.3895000219345093,1.4181979894638062,1.3858089447021484,1.3894490003585815,0
3765,2020-11-05,1.3926609754562378,1.3992279767990112,1.3745139837265017,1.3935339450836182,0
3766,2020-11-06,1.3768980503082275,1.3810440301895142,1.3721369504928589,1.3769700527191162,0
3767,2020-11-09,1.3723599910736084,1.3758399486541748,1.3624720573425293,1.3719300031661987,0
3768,2020-11-10,1.373249053955078,1.3786300420761108,1.3706140518188477,1.3740789890289309,0
3769,2020-11-11,1.3733060359954834,1.3770689964294434,1.3665399551391602,1.3729469776153564,0
3770,2020-11-12,1.3728200197219849,1.3796910047531128,1.3709700107574463,1.3730419874191284,0
3771,2020-11-13,1.3811800479888916,1.3845809698104858,1.376728057861328,1.380910038948059,0
3772,2020-11-16,1.3715900182724,1.373456954956055,1.3650009632110596,1.372230052947998,0
3773,2020-11-17,1.3659340143203735,1.3718169927597046,1.3624000549316406,1.3661400079727173,0
3774,2020-11-18,1.3706140518188477,1.3748730421066284,1.3644429445266724,1.370576024055481,0
3775,2020-11-19,1.3694900274276731,1.3782650232315063,1.3698300123214722,1.3706140518188477,0
3776,2020-11-20,1.3756860494613647,1.3752700090408323,1.3651880025863647,1.3752700090408323,0
3777,2020-11-23,1.3666800260543823,1.3761589527130127,1.3627690076828003,1.3674999475479126,0
3778,2020-11-24,1.3702000379562378,1.371346950531006,1.357035994529724,1.3707460165023804,0
3779,2020-11-25,1.3574600219726562,1.3650200366973877,1.3561160564422607,1.3576070070266724,0
3780,2020-11-26,1.357800006866455,1.3597489595413208,1.3557480573654177,1.3575999736785889,0
3781,2020-11-27,1.359065055847168,1.359971046447754,1.3515000343322754,1.3594160079956057,0
3782,2020-11-30,1.3513000011444092,1.3607300519943235,1.3495279550552368,1.3511099815368652,0
3783,2020-12-01,1.3592870235443115,1.3617299795150757,1.356410026550293,1.3587499856948853,0
3784,2020-12-02,1.3548500537872314,1.360100030899048,1.351973056793213,1.355049967765808,0
3785,2020-12-03,1.3480720520019531,1.3516299724578855,1.3425519466400146,1.3488179445266724,0
3786,2020-12-04,1.3442670106887815,1.3489819765090942,1.3433640003204346,1.3437249660491943,0
3787,2020-12-07,1.3456100225448608,1.3562819957733154,1.3420840501785278,1.3457000255584717,0
3788,2020-12-08,1.3481450080871582,1.3512239456176758,1.3446279764175415,1.348099946975708,0
3789,2020-12-09,1.3493460416793823,1.34967303276062,1.3356000185012815,1.3491640090942385,0
3790,2020-12-10,1.3449900150299072,1.3451529741287231,1.3285510540008545,1.3451529741287231,0
3791,2020-12-11,1.329010009765625,1.3296630382537842,1.3209999799728394,1.3288999795913696,0
3792,2020-12-14,1.3243099451065063,1.328197956085205,1.3195569515228271,1.3244500160217283,0
3793,2020-12-15,1.3264000415802002,1.3319300413131714,1.3232760429382324,1.3271219730377195,0
3794,2020-12-16,1.323519945144653,1.32506000995636,1.319087028503418,1.3232940435409546,0
3795,2020-12-17,1.321004033088684,1.3210389614105225,1.3090399503707886,1.3208099603652954,0
3796,2020-12-18,1.3131459951400757,1.3187220096588137,1.3122999668121338,1.3133200407028198,0
3797,2020-12-21,1.3179700374603271,1.3398200273513794,1.3153599500656128,1.3179199695587158,0
3798,2020-12-22,1.3200969696044922,1.3301060199737549,1.318565011024475,1.3200620412826538,0
3799,2020-12-23,1.3242050409317017,1.3287090063095093,1.3176100254058838,1.3245209455490112,0
3800,2020-12-24,1.3193310499191284,1.3193310499191284,1.3146820068359375,1.319018006324768,0
3801,2020-12-25,1.3146129846572876,1.3194350004196167,1.3051079511642456,1.3146129846572876,0
3802,2020-12-28,1.313730001449585,1.322821021080017,1.3116470575332642,1.3134599924087524,0
3803,2020-12-29,1.317710041999817,1.318429946899414,1.3114750385284424,1.317770004272461,0
3804,2020-12-30,1.3140779733657837,1.3145439624786377,1.3010300397872925,1.3137149810791016,0
3805,2020-12-31,1.300510048866272,1.300915002822876,1.2917560338974,1.3005599975585938,0
3806,2021-01-01,1.298200011253357,1.2990000247955322,1.2183829545974731,1.2867029905319214,0
3807,2021-01-04,1.2966300249099731,1.3060630559921265,1.2916560173034668,1.296512007713318,0
3808,2021-01-05,1.3036110401153564,1.30499005317688,1.289823055267334,1.3038150072097778,0
3809,2021-01-06,1.2876640558242798,1.2929400205612185,1.2787100076675415,1.288195013999939,0
3810,2021-01-07,1.2792630195617676,1.2940460443496704,1.2795250415802002,1.2795250415802002,0
3811,2021-01-08,1.287166953086853,1.2917560338974,1.28221595287323,1.287166953086853,0
3812,2021-01-11,1.2959200143814087,1.3039699792861938,1.2935899496078491,1.294700026512146,0
3813,2021-01-12,1.2974380254745483,1.3008300065994265,1.291890025138855,1.297320008277893,0
3814,2021-01-13,1.2860000133514404,1.294816970825195,1.2848999500274658,1.2862069606781006,0
3815,2021-01-14,1.2907999753952026,1.293861985206604,1.283185958862305,1.2909220457077026,0
3816,2021-01-15,1.286041021347046,1.3016599416732788,1.2838950157165527,1.2860699892044067,0
3817,2021-01-18,1.3005800247192385,1.305380940437317,1.2982300519943235,1.301169991493225,0
3818,2021-01-19,1.3008999824523926,1.3011349439620972,1.294666051864624,1.3011349439620972,0
3819,2021-01-20,1.296713948249817,1.2983640432357788,1.2881619930267334,1.2965999841690063,0
3820,2021-01-21,1.2893739938735962,1.2904900312423706,1.284687042236328,1.289491057395935,0
3821,2021-01-22,1.2884900569915771,1.2980940341949463,1.2871999740600586,1.2884199619293213,0
3822,2021-01-25,1.2960419654846191,1.3014219999313354,1.2906559705734253,1.296090006828308,0
3823,2021-01-26,1.2955050468444824,1.303781032562256,1.289607048034668,1.2961759567260742,0
3824,2021-01-27,1.289800047874451,1.307137966156006,1.2884939908981323,1.2897900342941284,0
3825,2021-01-28,1.3070189952850342,1.3170000314712524,1.3025239706039429,1.3068989515304563,0
3826,2021-01-29,1.3038320541381836,1.309414982795715,1.298077940940857,1.303439974784851,0
3827,2021-02-01,1.3123400211334229,1.3134560585021973,1.304800033569336,1.3122299909591677,0
3828,2021-02-02,1.3098260164260864,1.3215800523757937,1.3051589727401731,1.3100500106811523,0
3829,2021-02-03,1.314370036125183,1.3153740167617798,1.3111319541931152,1.3142329454421997,0
3830,2021-02-04,1.3095860481262207,1.3175230026245115,1.307616949081421,1.3095300197601318,0
3831,2021-02-05,1.315269947052002,1.3184959888458252,1.3054829835891724,1.315629959106445,0
3832,2021-02-08,1.302219033241272,1.3067500591278076,1.296149969100952,1.3022700548171997,0
3833,2021-02-09,1.296849012374878,1.2979090213775637,1.292580008506775,1.297760009765625,0
3834,2021-02-10,1.2919059991836548,1.2953499555587769,1.2895740270614624,1.2918230295181274,0
3835,2021-02-11,1.2944400310516355,1.2964789867401123,1.2865049839019775,1.2945499420166016,0
3836,2021-02-12,1.2896569967269895,1.295454025268555,1.2878299951553345,1.2896569967269895,0
3837,2021-02-15,1.2879799604415894,1.2885769605636597,1.2835320234298706,1.2880100011825562,0
3838,2021-02-16,1.284324049949646,1.2910200357437134,1.2809020280838013,1.2844719886779783,0
3839,2021-02-17,1.2923400402069092,1.294464945793152,1.2871170043945312,1.2924909591674805,0
3840,2021-02-18,1.2888760566711426,1.2933599948883057,1.2838599681854248,1.2888259887695312,0
3841,2021-02-19,1.2873330116271973,1.2889399528503418,1.2695189714431765,1.2872999906539917,0
3842,2021-02-22,1.2676700353622437,1.2727500200271606,1.2625000476837158,1.2685500383377075,0
3843,2021-02-23,1.2633600234985352,1.268407940864563,1.2603189945220947,1.2634719610214231,0
3844,2021-02-24,1.2644100189208984,1.2660000324249268,1.258489966392517,1.264382004737854,0
3845,2021-02-25,1.253600001335144,1.2581000328063965,1.2489229440689087,1.253903031349182,0
3846,2021-02-26,1.2706480026245115,1.2967000007629397,1.2705999612808228,1.2713589668273926,0
3847,2021-03-01,1.2899199724197388,1.294834017753601,1.2840269804000854,1.2897100448608398,0
3848,2021-03-02,1.2866699695587158,1.2924599647521973,1.2781189680099487,1.2866040468215942,0
3849,2021-03-03,1.2779229879379272,1.2863390445709229,1.2755000591278076,1.277791976928711,0
3850,2021-03-04,1.2889750003814695,1.289607048034668,1.2795599699020386,1.289607048034668,0
3851,2021-03-05,1.2960749864578247,1.3113720417022705,1.2943309545516968,1.295923948287964,0
3852,2021-03-08,1.2971680164337158,1.309399962425232,1.296239972114563,1.2974400520324707,0
3853,2021-03-09,1.306049942970276,1.3119100332260132,1.2955050468444824,1.3059799671173096,0
3854,2021-03-10,1.295699954032898,1.303797960281372,1.2913219928741455,1.2960000038146973,0
3855,2021-03-11,1.2933260202407837,1.2945990562438965,1.2846540212631226,1.2934269905090332,0
3856,2021-03-12,1.2840900421142578,1.2942140102386477,1.2818870544433594,1.284505009651184,0
3857,2021-03-15,1.2881619930267334,1.2975599765777588,1.2860080003738403,1.288100004196167,0
3858,2021-03-16,1.2903000116348269,1.2964279651641846,1.2891579866409302,1.29032301902771,0
3859,2021-03-17,1.291059970855713,1.2976560592651367,1.2907999753952026,1.2908899784088137,0
3860,2021-03-18,1.2799179553985596,1.2882449626922607,1.2740479707717896,1.2802300453186035,0
3861,2021-03-19,1.2897069454193115,1.2955379486083984,1.28683602809906,1.2898900508880615,0
3862,2021-03-22,1.2949169874191284,1.297808051109314,1.289491057395935,1.2947499752044678,0
3863,2021-03-23,1.2910720109939575,1.30621600151062,1.2907999753952026,1.291059970855713,0
3864,2021-03-24,1.3149759769439695,1.3184959888458252,1.3106160163879397,1.314229965209961,0
3865,2021-03-25,1.3173489570617676,1.3219599723815918,1.3131979703903198,1.3171590566635132,0
3866,2021-03-26,1.316828966140747,1.3178000450134275,1.309414982795715,1.3166559934616089,0
3867,2021-03-29,1.3093500137329102,1.3130249977111816,1.3063000440597534,1.3092429637908936,0
3868,2021-03-30,1.3086999654769895,1.3163440227508545,1.304988980293274,1.308985948562622,0
3869,2021-03-31,1.3142679929733276,1.3176790475845337,1.3092000484466553,1.3144199848175049,0
3870,2021-04-01,1.3168120384216309,1.3274569511413574,1.3138879537582395,1.3167599439620972,0
3871,2021-04-02,1.3125079870224,1.315790057182312,1.3089009523391724,1.312749981880188,0
3872,2021-04-05,1.3121639490127563,1.3159279823303225,1.3052200078964231,1.3125079870224,0
3873,2021-04-06,1.3056999444961548,1.3145400285720823,1.3049720525741575,1.3059090375900269,0
3874,2021-04-07,1.3042999505996704,1.3135429620742798,1.30239999294281,1.304309964179993,0
3875,2021-04-08,1.313390016555786,1.3150800466537476,1.307360053062439,1.3137840032577517,0
3876,2021-04-09,1.3056529760360718,1.3176449537277222,1.3048019409179688,1.3061310052871704,0
3877,2021-04-12,1.3113030195236206,1.316516995429993,1.3092000484466553,1.3119900226593018,0
3878,2021-04-13,1.3110100030899048,1.3167250156402588,1.3070189952850342,1.3110970258712769,0
3879,2021-04-14,1.307616949081421,1.309599995613098,1.2929919958114624,1.3077880144119265,0
3880,2021-04-15,1.2944819927215576,1.297706961631775,1.2884440422058103,1.2941629886627195,0
3881,2021-04-16,1.2900400161743164,1.2943140268325806,1.288699984550476,1.2899099588394165,0
3882,2021-04-19,1.296339988708496,1.2975399494171145,1.2841919660568235,1.296280026435852,0
3883,2021-04-20,1.2874979972839355,1.2936279773712158,1.2794270515441897,1.2878299951553345,0
3884,2021-04-21,1.294700026512146,1.298359990119934,1.2881619930267334,1.295050024986267,0
3885,2021-04-22,1.2895900011062622,1.2968989610671997,1.2877999544143677,1.2895740270614624,0
3886,2021-04-23,1.2977999448776243,1.298550009727478,1.2909890413284302,1.297260046005249,0
3887,2021-04-26,1.2914700508117676,1.2913719415664673,1.2792630195617676,1.2913719415664673,0
3888,2021-04-27,1.282099962234497,1.2879459857940674,1.2813940048217771,1.2826930284500122,0
3889,2021-04-28,1.2870010137557983,1.2940289974212646,1.2860000133514404,1.287680983543396,0
3890,2021-04-29,1.281838059425354,1.2898399829864502,1.279067039489746,1.2817000150680542,0
3891,2021-04-30,1.2857400178909302,1.2977570295333862,1.284500002861023,1.2856940031051636,0
3892,2021-05-03,1.294834017753601,1.2973870038986206,1.287500023841858,1.29557204246521,0
3893,2021-05-04,1.2888400554656982,1.3025100231170654,1.2881619930267334,1.2883280515670776,0
3894,2021-05-05,1.2963780164718628,1.2976399660110474,1.2896569967269895,1.2961759567260742,0
3895,2021-05-06,1.2901229858398438,1.298313021659851,1.285843014717102,1.2898199558258057,0
3896,2021-05-07,1.2841399908065796,1.2883609533309937,1.2718000411987305,1.2843070030212402,0
3897,2021-05-10,1.2724599838256836,1.2757539749145508,1.266800045967102,1.272860050201416,0
3898,2021-05-11,1.2756730318069458,1.2785929441452026,1.272976994514465,1.275184988975525,0
3899,2021-05-12,1.275820016860962,1.2930099964141846,1.274899959564209,1.275575041770935,0
3900,2021-05-13,1.2932759523391724,1.3003729581832886,1.2907700538635254,1.293560028076172,0
3901,2021-05-14,1.2942969799041748,1.2963110208511353,1.2850699424743652,1.2946829795837402,0
3902,2021-05-17,1.2855600118637085,1.2933930158615112,1.2857999801635742,1.2859100103378296,0
3903,2021-05-18,1.2863889932632446,1.287166953086853,1.2798199653625488,1.2864220142364502,0
3904,2021-05-19,1.2836999893188477,1.2932089567184448,1.28254497051239,1.283869981765747,0
3905,2021-05-20,1.2952860593795776,1.2955050468444824,1.2847000360488892,1.2950010299682615,0
3906,2021-05-21,1.2870010137557983,1.2935899496078491,1.2848520278930664,1.2869000434875488,0
3907,2021-05-24,1.2936609983444214,1.2968499660491943,1.2895070314407349,1.294409990310669,0
3908,2021-05-25,1.2901890277862549,1.2924410104751587,1.2859400510787964,1.290173053741455,0
3909,2021-05-26,1.289800047874451,1.293429970741272,1.2824000120162964,1.290156006813049,0
3910,2021-05-27,1.292006015777588,1.2947499752044678,1.2889920473098757,1.292019963264465,0
3911,2021-05-28,1.2915719747543335,1.3023719787597656,1.2904889583587646,1.2917059659957886,0
3912,2021-05-31,1.2970000505447388,1.2984310388565063,1.2913000583648682,1.2971899509429932,0
3913,2021-06-01,1.2914060354232788,1.293444037437439,1.2869999408721924,1.2913060188293457,0
3914,2021-06-02,1.2893409729003906,1.295907974243164,1.286736011505127,1.2892580032348633,0
3915,2021-06-03,1.2912720441818235,1.3072199821472168,1.289491057395935,1.2909890413284302,0
3916,2021-06-04,1.3044999837875366,1.3067799806594849,1.2909890413284302,1.304630994796753,0
3917,2021-06-07,1.2913219928741455,1.29414701461792,1.2872999906539917,1.2920000553131104,0
3918,2021-06-08,1.289275050163269,1.2930920124053955,1.2878299951553345,1.2891579866409302,0
3919,2021-06-09,1.2924909591674805,1.2941999435424805,1.2879960536956787,1.2924909591674805,0
3920,2021-06-10,1.293745040893555,1.2949010133743286,1.2877999544143677,1.293828010559082,0
3921,2021-06-11,1.2906559705734253,1.300220966339111,1.2861900329589844,1.2907390594482422,0
3922,2021-06-14,1.2971999645233154,1.2997310161590576,1.2941629886627195,1.2969800233840942,0
3923,2021-06-15,1.296679973602295,1.3028639554977417,1.2955000400543213,1.2965600490570068,0
3924,2021-06-16,1.3010300397872925,1.3012700080871582,1.2959400415420532,1.3010669946670532,0
3925,2021-06-17,1.3128999471664429,1.3239599466323853,1.3090720176696775,1.3135939836502075,0
3926,2021-06-18,1.3232940435409546,1.3370059728622437,1.3223999738693235,1.3233799934387207,0
3927,2021-06-21,1.33262300491333,1.3369159698486328,1.3268409967422483,1.33296000957489,0
3928,2021-06-22,1.327157974243164,1.334115982055664,1.3273160457611084,1.3275450468063354,0
3929,2021-06-23,1.3236600160598757,1.3265589475631714,1.315788984298706,1.3235739469528198,0
3930,2021-06-24,1.3202300071716309,1.3213200569152832,1.3170000314712524,1.3201700448989868,0
3931,2021-06-25,1.3188999891281128,1.3190900087356567,1.3125,1.3190900087356567,0
3932,2021-06-28,1.3166559934616089,1.3234690427780151,1.3150969743728638,1.3166559934616089,0
3933,2021-06-29,1.321282982826233,1.331820011138916,1.3207999467849731,1.3212660551071167,0
3934,2021-06-30,1.3309199810028076,1.3346099853515625,1.328197956085205,1.3308310508728027,0
3935,2021-07-01,1.3337420225143433,1.3397639989852903,1.3315579891204834,1.3341690301895142,0
3936,2021-07-02,1.3394399881362915,1.3424099683761597,1.3331559896469116,1.3392080068588257,0
3937,2021-07-05,1.3300349712371826,1.3316999673843384,1.326259970664978,1.330350041389465,0
3938,2021-07-06,1.3257319927215576,1.335309982299805,1.3160320520401,1.326259970664978,0
3939,2021-07-07,1.3342230319976809,1.339656949043274,1.3273160457611084,1.3348640203475952,0
3940,2021-07-08,1.33610999584198,1.3480360507965088,1.336050033569336,1.3363449573516846,0
3941,2021-07-09,1.3452999591827393,1.3495090007781982,1.3356130123138428,1.344599962234497,0
3942,2021-07-12,1.3351000547409058,1.342318058013916,1.3338669538497925,1.3345999717712402,0
3943,2021-07-13,1.336719989776611,1.3462599515914917,1.3323999643325806,1.336719989776611,0
3944,2021-07-14,1.3437249660491943,1.345170974731445,1.3358269929885864,1.344393014907837,0
3945,2021-07-15,1.3368300199508667,1.3451299667358398,1.335800051689148,1.336719989776611,0
3946,2021-07-16,1.3471640348434448,1.3512779474258425,1.3433640003204346,1.346869945526123,0
3947,2021-07-19,1.3529969453811646,1.3642560243606567,1.352813959121704,1.353363037109375,0
3948,2021-07-20,1.3625459671020508,1.3697500228881836,1.3593980073928833,1.3628599643707275,0
3949,2021-07-21,1.3625999689102173,1.3717800378799438,1.35863995552063,1.362583041191101,0
3950,2021-07-22,1.3600599765777588,1.3618229627609253,1.351899027824402,1.3601700067520142,0
3951,2021-07-23,1.35492205619812,1.35908305644989,1.352813959121704,1.3545550107955933,0
3952,2021-07-26,1.3571799993515017,1.3636980056762695,1.3530000448226929,1.3574800491333008,0
3953,2021-07-27,1.3535000085830688,1.362805962562561,1.3531800508499146,1.3538999557495115,0
3954,2021-07-28,1.3575199842453003,1.3653550148010254,1.3557850122451782,1.357239007949829,0
3955,2021-07-29,1.355545997619629,1.3586770296096802,1.3489090204238892,1.3553810119628906,0
3956,2021-07-30,1.35206401348114,1.3614699840545654,1.3502999544143677,1.35207998752594,0
3957,2021-08-02,1.3619699478149414,1.3642940521240234,1.3545000553131104,1.3619699478149414,0
3958,2021-08-03,1.358585000038147,1.358916997909546,1.3497099876403809,1.358253002166748,0
3959,2021-08-04,1.3519359827041626,1.3566679954528809,1.346400022506714,1.3520090579986572,0
3960,2021-08-05,1.35446298122406,1.3553400039672852,1.3482999801635742,1.3545550107955933,0
3961,2021-08-06,1.3508039712905884,1.3609299659729004,1.350100040435791,1.350438952445984,0
3962,2021-08-09,1.3628000020980835,1.3644429445266724,1.3575999736785889,1.3627690076828003,0
3963,2021-08-10,1.3640700578689575,1.3668299913406372,1.3594000339508057,1.3642560243606567,0
3964,2021-08-11,1.361693024635315,1.3651880025863647,1.353948950767517,1.3615449666976929,0
3965,2021-08-12,1.3560999631881714,1.3631219863891602,1.3559000492095947,1.3564469814300537,0
3966,2021-08-13,1.3621200323104858,1.3635679483413696,1.3550139665603638,1.362360954284668,0
3967,2021-08-16,1.357640027999878,1.3660600185394287,1.357035994529724,1.3574199676513672,0
3968,2021-08-17,1.3622000217437744,1.3787000179290771,1.36243999004364,1.3625459671020508,0
3969,2021-08-18,1.3782459497451782,1.3828200101852417,1.3751380443572998,1.3782650232315063,0
3970,2021-08-19,1.3829350471496582,1.399482011795044,1.3821699619293213,1.3828200101852417,0
3971,2021-08-20,1.39934504032135,1.4070039987564087,1.3968429565429688,1.3989930152893066,0
3972,2021-08-23,1.4005999565124512,1.40024995803833,1.3867700099945068,1.400189995765686,0
3973,2021-08-24,1.3870400190353394,1.3885999917984009,1.3753269910812378,1.3872129917144775,0
3974,2021-08-25,1.3795390129089355,1.381672978401184,1.3760299682617188,1.3792150020599363,0
3975,2021-08-26,1.3742680549621582,1.380815029144287,1.3732000589370728,1.3740229606628418,0
3976,2021-08-27,1.3815209865570068,1.3844469785690308,1.368000030517578,1.3820699453353882,0
3977,2021-08-30,1.3668700456619265,1.3724579811096191,1.3661199808120728,1.3665000200271606,0
3978,2021-08-31,1.371510028839111,1.371840000152588,1.3619999885559082,1.371150016784668,0
3979,2021-09-01,1.3665119409561155,1.3682700395584106,1.3564289808273315,1.3661199808120728,0
3980,2021-09-02,1.3572200536727903,1.3593610525131226,1.3496999740600586,1.3570729494094849,0
3981,2021-09-03,1.3514790534973145,1.3520820140838623,1.3372559547424316,1.3517500162124634,0
3982,2021-09-06,1.3431799411773682,1.3463499546051023,1.3430030345916748,1.3434699773788452,0
3983,2021-09-07,1.3446799516677856,1.3554199934005735,1.3395299911499023,1.3446279764175415,0
3984,2021-09-08,1.353803038597107,1.3612699508666992,1.350620985031128,1.3537110090255735,0
3985,2021-09-09,1.3580000400543213,1.3610069751739502,1.3523930311203003,1.358806014060974,0
3986,2021-09-10,1.3566999435424805,1.358510971069336,1.3493000268936155,1.356899976730347,0
3987,2021-09-13,1.357200026512146,1.3629549741744995,1.3555999994277954,1.3575890064239502,0
3988,2021-09-14,1.3576070070266724,1.365280032157898,1.3559319972991943,1.3574049472808838,0
3989,2021-09-15,1.3666620254516602,1.3693000078201294,1.3627690076828003,1.366307020187378,0
3990,2021-09-16,1.3621749877929688,1.374495029449463,1.3610999584197998,1.3627690076828003,0
3991,2021-09-17,1.3714599609375,1.37602698802948,1.3657000064849854,1.3714220523834229,0
3992,2021-09-20,1.3766499757766724,1.3848700523376465,1.3753269910812378,1.3762500286102295,0
3993,2021-09-21,1.3774670362472534,1.3845809698104858,1.372871994972229,1.377400040626526,0
3994,2021-09-22,1.3835090398788452,1.3840830326080322,1.3758939504623413,1.382743000984192,0
3995,2021-09-23,1.3823610544204712,1.3843319416046145,1.3675589561462402,1.3824180364608765,0
3996,2021-09-24,1.3698999881744385,1.3818069696426392,1.3667000532150269,1.369918942451477,0
3997,2021-09-27,1.3762500286102295,1.379196047782898,1.371366024017334,1.3762600421905518,0
3998,2021-09-28,1.3735129833221436,1.3829350471496582,1.367427945137024,1.3733999729156494,0
3999,2021-09-29,1.3803999423980713,1.3923310041427612,1.37699294090271,1.3803000450134275,0
4000,2021-09-30,1.392758011817932,1.3930879831314087,1.37785005569458,1.3930879831314087,0
4001,2021-10-01,1.3828999996185305,1.390089988708496,1.3747589588165283,1.3833550214767456,0
4002,2021-10-04,1.3745299577713013,1.37881600856781,1.368899941444397,1.3743820190429688,0
4003,2021-10-05,1.3717989921569824,1.3790249824523926,1.370144963264465,1.371870040893555,0
4004,2021-10-06,1.3716000318527222,1.383681058883667,1.371899962425232,1.372189998626709,0
4005,2021-10-07,1.37336003780365,1.375288963317871,1.3651880025863647,1.373060941696167,0
4006,2021-10-08,1.366718053817749,1.3718550205230713,1.3627690076828003,1.3667919635772705,0
4007,2021-10-11,1.3708200454711914,1.3706140518188477,1.3561700582504272,1.3706140518188477,0
4008,2021-10-12,1.3608399629592896,1.3635499477386477,1.3538999557495115,1.3608399629592896,0
4009,2021-10-13,1.3633099794387815,1.364927053451538,1.3551969528198242,1.3632999658584597,0
4010,2021-10-14,1.3538999557495115,1.3564289808273315,1.346439003944397,1.3537659645080566,0
4011,2021-10-15,1.3488359451293943,1.350530028343201,1.344122052192688,1.348636031150818,0
4012,2021-10-18,1.3468400239944458,1.3549799919128418,1.34660005569458,1.3468600511550903,0
4013,2021-10-19,1.3482539653778076,1.3481630086898804,1.336184024810791,1.3481630086898804,0
4014,2021-10-20,1.337399959564209,1.3392800092697144,1.3301000595092771,1.3368979692459106,0
4015,2021-10-21,1.330618977546692,1.337149977684021,1.3250000476837158,1.3303359746932983,0
4016,2021-10-22,1.339818000793457,1.3413599729537964,1.3308000564575195,1.3395299911499023,0
4017,2021-10-25,1.338850021362305,1.3395129442214966,1.3319129943847656,1.3386880159378052,0
4018,2021-10-26,1.334792971611023,1.3351130485534668,1.3287270069122314,1.3343119621276855,0
4019,2021-10-27,1.331030011177063,1.3353990316390991,1.3267879486083984,1.3307960033416748,0
4020,2021-10-28,1.333199977874756,1.336933970451355,1.3235000371932983,1.3332600593566897,0
4021,2021-10-29,1.3277390003204346,1.3332300186157229,1.3236000537872314,1.327139973640442,0
4022,2021-11-01,1.330090045928955,1.3356130123138428,1.326964020729065,1.3296300172805786,0
4023,2021-11-02,1.3296990394592283,1.3463300466537476,1.327299952507019,1.3291000127792358,0
4024,2021-11-03,1.3442670106887815,1.3484179973602295,1.3418999910354614,1.3444470167160034,0
4025,2021-11-04,1.338866949081421,1.354300022125244,1.338629961013794,1.338629961013794,0
4026,2021-11-05,1.3496500253677368,1.3579399585723877,1.3491640090942385,1.34961998462677,0
4027,2021-11-08,1.3521000146865845,1.3538390398025513,1.3453999757766724,1.352270007133484,0
4028,2021-11-09,1.34865403175354,1.3583450317382812,1.3454999923706057,1.3485100269317627,0
4029,2021-11-10,1.3557120561599731,1.361636996269226,1.352594017982483,1.3556560277938845,0
4030,2021-11-11,1.3634899854660034,1.3720430135726929,1.3619999885559082,1.3634899854660034,0
4031,2021-11-12,1.371366024017334,1.3742120265960691,1.3650009632110596,1.3715920448303225,0
4032,2021-11-15,1.3637900352478027,1.3653899431228638,1.3566679954528809,1.3637499809265137,0
4033,2021-11-16,1.3614890575408936,1.367969989776611,1.3568520545959473,1.36135995388031,0
4034,2021-11-17,1.3695600032806396,1.3765950202941897,1.3690190315246582,1.3697689771652222,0
4035,2021-11-18,1.3757799863815308,1.379196047782898,1.3709900379180908,1.3757100105285645,0
4036,2021-11-19,1.3738149404525757,1.3831069469451904,1.371366024017334,1.3744200468063354,0
4037,2021-11-22,1.3828010559082031,1.3832999467849731,1.3752319812774658,1.3828200101852417,0
4038,2021-11-23,1.3834999799728394,1.3872900009155271,1.3813999891281128,1.3835469484329224,0
4039,2021-11-24,1.384619951248169,1.3914010524749756,1.3832999467849731,1.3844660520553589,0
4040,2021-11-25,1.3885029554367063,1.392564058303833,1.3868000507354736,1.3883880376815796,0
4041,2021-11-26,1.3939800262451172,1.4056999683380127,1.393339991569519,1.3937300443649292,0
4042,2021-11-29,1.4000099897384644,1.405460000038147,1.396453022956848,1.400189995765686,0
4043,2021-11-30,1.3994230031967163,1.4149479866027832,1.3943109512329102,1.3987970352172852,0
4044,2021-12-01,1.4035090208053589,1.404099941253662,1.3940999507904053,1.4031740427017212,0
4045,2021-12-02,1.406944990158081,1.411389946937561,1.4042999744415283,1.406944990158081,0
4046,2021-12-03,1.4108749628067017,1.42645001411438,1.4104000329971311,1.4107999801635742,0
4047,2021-12-06,1.4249279499053955,1.4270999431610107,1.417739987373352,1.425189971923828,0
4048,2021-12-07,1.4185999631881714,1.420374035835266,1.4035090208053589,1.4182000160217283,0
4049,2021-12-08,1.4039820432662964,1.4049090147018433,1.3946809768676758,1.4040210247039795,0
4050,2021-12-09,1.394700050354004,1.4013450145721436,1.3910000324249268,1.3948999643325806,0
4051,2021-12-10,1.399359941482544,1.4017000198364258,1.3922300338745115,1.3991999626159668,0
4052,2021-12-13,1.39546000957489,1.406190037727356,1.3929519653320312,1.3953499794006348,0
4053,2021-12-14,1.401900053024292,1.4098800420761108,1.4009530544281006,1.4020719528198242,0
4054,2021-12-15,1.4072610139846802,1.4077600240707395,1.398522973060608,1.407420039176941,0
4055,2021-12-16,1.395380973815918,1.3993099927902222,1.3843899965286257,1.394700050354004,0
4056,2021-12-17,1.3936100006103516,1.40106999874115,1.3919819593429563,1.393339991569519,0
4057,2021-12-20,1.4050899744033811,1.4118109941482544,1.4026999473571775,1.4044100046157837,0
4058,2021-12-21,1.406569004058838,1.4082900285720823,1.400130033493042,1.406149983406067,0
4059,2021-12-22,1.3990319967269895,1.4041990041732788,1.385599970817566,1.3989930152893066,0
4060,2021-12-23,1.3861939907073977,1.3892749547958374,1.380262017250061,1.3864049911499023,0
4061,2021-12-24,1.3825139999389648,1.384639024734497,1.3796720504760742,1.3826860189437866,0
4062,2021-12-27,1.3828799724578855,1.387694001197815,1.3804529905319214,1.3829900026321411,0
4063,2021-12-28,1.3817880153656006,1.3850220441818235,1.3764619827270508,1.382073998451233,0
4064,2021-12-29,1.3823610544204712,1.3862320184707642,1.374899983406067,1.3825520277023315,0
4065,2021-12-30,1.3776400089263916,1.380414962768555,1.373890995979309,1.3770309686660769,0
4066,2021-12-31,1.3793480396270752,1.3803189992904663,1.3743820190429688,1.37909996509552,0
4067,2022-01-03,1.3758599758148191,1.3916139602661133,1.3738000392913818,1.3758000135421753,0
4068,2022-01-04,1.3892749547958374,1.3917299509048462,1.3795009851455688,1.3894870281219482,0
4069,2022-01-05,1.381443977355957,1.3843899965286257,1.3751749992370603,1.3810100555419922,0
4070,2022-01-06,1.3848880529403689,1.3992669582366943,1.3844660520553589,1.3844660520553589,0
4071,2022-01-07,1.3961410522460938,1.4023100137710571,1.391610026359558,1.3958699703216553,0
4072,2022-01-10,1.392930030822754,1.3987200260162354,1.3878999948501587,1.3930100202560425,0
4073,2022-01-11,1.392564058303833,1.3974870443344116,1.388700008392334,1.3923699855804443,0
4074,2022-01-12,1.3870010375976562,1.3887150287628174,1.3737770318984983,1.3863860368728638,0
4075,2022-01-13,1.3732099533081057,1.3745900392532349,1.3672410249710083,1.3732500076293943,0
4076,2022-01-14,1.3732000589370728,1.3846960067749023,1.3708000183105469,1.373589038848877,0
4077,2022-01-17,1.3857100009918213,1.3896219730377195,1.3829350471496582,1.3857300281524658,0
4078,2022-01-18,1.38680899143219,1.3934999704360962,1.383550047874451,1.3866549730300903,0
4079,2022-01-19,1.3913040161132812,1.3930100202560425,1.381577968597412,1.3909560441970823,0
4080,2022-01-20,1.3856170177459717,1.3856699466705322,1.3744570016860962,1.3854000568389893,0
4081,2022-01-21,1.385599970817566,1.3924280405044556,1.3855210542678833,1.3855210542678833,0
4082,2022-01-24,1.3912299871444702,1.4099600315093994,1.3910000324249268,1.3914999961853027,0
4083,2022-01-25,1.3977220058441162,1.4041199684143066,1.394232988357544,1.3976049423217771,0
4084,2022-01-26,1.3968820571899414,1.3984450101852417,1.39314603805542,1.3968820571899414,0
4085,2022-01-27,1.4039030075073242,1.4200299978256226,1.4042179584503174,1.4042179584503174,0
4086,2022-01-28,1.4213629961013794,1.4350080490112305,1.4190000295639038,1.4210599660873413,0
4087,2022-01-31,1.428979992866516,1.429960012435913,1.412600040435791,1.4297399520874023,0
4088,2022-02-01,1.4147670269012451,1.421525001525879,1.4048999547958374,1.4152480363845823,0
4089,2022-02-02,1.4017399549484253,1.4046319723129272,1.3969600200653076,1.4017200469970703,0
4090,2022-02-03,1.4043370485305786,1.4064899682998655,1.395089030265808,1.4043200016021729,0
4091,2022-02-04,1.399580001831055,1.417976975440979,1.398015022277832,1.4001879692077637,0
4092,2022-02-07,1.412369966506958,1.4152480363845823,1.4039030075073242,1.4124699831008911,0
4093,2022-02-08,1.4025249481201172,1.406944990158081,1.4007999897003174,1.402917981147766,0
4094,2022-02-09,1.399399995803833,1.3999329805374146,1.3900279998779297,1.3993799686431885,0
4095,2022-02-10,1.3932600021362305,1.398347020149231,1.3796720504760742,1.3933980464935305,0
4096,2022-02-11,1.3963170051574707,1.406370997428894,1.3919999599456787,1.3963359594345093,0
4097,2022-02-14,1.3996200561523438,1.4110499620437622,1.3992700576782229,1.3992700576782229,0
4098,2022-02-15,1.4021120071411133,1.4077399969100952,1.397408962249756,1.4019739627838137,0
4099,2022-02-16,1.3987799882888794,1.3996000289916992,1.391800045967102,1.3989100456237793,0
4100,2022-02-17,1.3899500370025637,1.3982900381088257,1.3855210542678833,1.390336990356445,0
4101,2022-02-18,1.3909499645233154,1.3951669931411743,1.3831260204315186,1.39136004447937,0
4102,2022-02-21,1.3943699598312378,1.395009994506836,1.3844660520553589,1.3942500352859497,0
4103,2022-02-22,1.3918850421905518,1.3923699855804443,1.3823610544204712,1.3915950059890747,0
4104,2022-02-23,1.38372004032135,1.3847919702529907,1.3729100227355957,1.3836430311203003,0
4105,2022-02-24,1.3835090398788452,1.409190058708191,1.383389949798584,1.383389949798584,0
4106,2022-02-25,1.3966089487075806,1.3993799686431885,1.3820600509643557,1.3966089487075806,0
4107,2022-02-28,1.3914999961853027,1.3947999477386477,1.3767000436782837,1.3926000595092771,0
4108,2022-03-01,1.3770309686660769,1.3801499605178833,1.3715540170669556,1.3772000074386597,0
4109,2022-03-02,1.3771400451660156,1.380429983139038,1.3717039823532104,1.3773000240325928,0
4110,2022-03-03,1.3710999488830566,1.3743059635162354,1.360914945602417,1.3712340593338013,0
4111,2022-03-04,1.3629549741744995,1.3692630529403689,1.3559000492095947,1.3630850315093994,0
4112,2022-03-07,1.352300047874451,1.3661949634552002,1.344539999961853,1.3528000116348269,0
4113,2022-03-08,1.3645360469818115,1.3799599409103394,1.3609329462051392,1.364387035369873,0
4114,2022-03-09,1.3759100437164309,1.375838041305542,1.3627690076828003,1.3751380443572998,0
4115,2022-03-10,1.366698980331421,1.3719110488891602,1.3581199645996094,1.3662879467010498,0
4116,2022-03-11,1.3575890064239502,1.36899995803833,1.357643961906433,1.357699990272522,0
4117,2022-03-14,1.370519995689392,1.383584976196289,1.370460033416748,1.370669960975647,0
4118,2022-03-15,1.389140009880066,1.3953419923782349,1.3837569952011108,1.3886959552764893,0
4119,2022-03-16,1.3906270265579224,1.392564058303833,1.3749300241470337,1.3907400369644165,0
4120,2022-03-17,1.3719680309295654,1.372630000114441,1.3532899618148804,1.3717999458312988,0
4121,2022-03-18,1.354830026626587,1.358180046081543,1.3493499755859375,1.3547199964523315,0
4122,2022-03-21,1.3495299816131592,1.355950951576233,1.3467799425125122,1.3494900465011597,0
4123,2022-03-22,1.352120041847229,1.3557850122451782,1.3422820568084717,1.3523399829864502,0
4124,2022-03-23,1.340069055557251,1.3421399593353271,1.3335100412368774,1.3398720026016235,0
4125,2022-03-24,1.3334800004959106,1.3390820026397705,1.3286210298538208,1.3329780101776123,0
4126,2022-03-25,1.3308000564575195,1.3339910507202148,1.3269109725952148,1.3313499689102173,0
4127,2022-03-28,1.3301000595092771,1.3391499519348145,1.326300024986267,1.3301000595092771,0
4128,2022-03-29,1.3334219455718994,1.340090036392212,1.330549955368042,1.3334219455718994,0
4129,2022-03-30,1.3307299613952637,1.3324300050735474,1.326928973197937,1.3307299613952637,0
4130,2022-03-31,1.332800030708313,1.33843994140625,1.3307249546051023,1.332800030708313,0
4131,2022-04-01,1.3347699642181396,1.3380789756774902,1.3285510540008545,1.3347699642181396,0
4132,2022-04-04,1.3357399702072144,1.3361999988555908,1.3233799934387207,1.3357399702072144,0
4133,2022-04-05,1.3255740404129028,1.326892971992493,1.305364012718201,1.3255740404129028,0
4134,2022-04-06,1.318269968032837,1.327180027961731,1.3164819478988647,1.318269968032837,0
4135,2022-04-07,1.3324300050735474,1.339136004447937,1.3310970067977903,1.3324300050735474,0
4136,2022-04-08,1.3371700048446655,1.3464020490646362,1.3345789909362793,1.3371700048446655,0
4137,2022-04-11,1.3429100513458252,1.3479299545288086,1.3403029441833496,1.343309998512268,0
4138,2022-04-12,1.3485599756240845,1.351330041885376,1.3344000577926636,1.3486000299453735,0
4139,2022-04-13,1.3413820266723633,1.352120041847229,1.3378000259399414,1.3413820266723633,0
4140,2022-04-14,1.3420120477676392,1.3515299558639526,1.3387000560760498,1.3419400453567505,0
4141,2022-04-15,1.3494999408721924,1.3523019552230835,1.3480720520019531,1.3494999408721924,0
4142,2022-04-18,1.3524800539016724,1.3602670431137085,1.3517169952392578,1.3524800539016724,0
4143,2022-04-19,1.3591400384902954,1.3612109422683716,1.3513330221176147,1.3591400384902954,0
4144,2022-04-20,1.3524500131607056,1.3558039665222168,1.3409899473190308,1.3524500131607056,0
4145,2022-04-21,1.3428230285644531,1.3561530113220217,1.341040015220642,1.3428230285644531,0
4146,2022-04-22,1.358489990234375,1.3792200088500977,1.3568520545959473,1.358489990234375,0
4147,2022-04-25,1.3818000555038452,1.4013450145721436,1.3824800252914429,1.3818000555038452,0
4148,2022-04-26,1.3930490016937256,1.400089979171753,1.383370041847229,1.3930490016937256,0
4149,2022-04-27,1.3993840217590332,1.407719969749451,1.3907999992370603,1.3993840217590332,0
4150,2022-04-28,1.403370022773743,1.4172940254211426,1.396394968032837,1.403370022773743,0
4151,2022-04-29,1.4067000150680542,1.4094430208206177,1.392758011817932,1.4067000150680542,0
4152,2022-05-02,1.4153499603271484,1.4216500520706177,1.411991000175476,1.4153499603271484,0
4153,2022-05-03,1.4182389974594116,1.4176349639892578,1.4003599882125854,1.4182389974594116,0
4154,2022-05-04,1.4076999425888062,1.410159945487976,1.398561954498291,1.4076999425888062,0
4155,2022-05-05,1.3787590265274048,1.41048002243042,1.3764100074768066,1.3787590265274048,0
4156,2022-05-06,1.4042969942092896,1.4156689643859863,1.4019349813461304,1.4042969942092896,0
4157,2022-05-09,1.419044017791748,1.434617042541504,1.419044017791748,1.419044017791748,0
4158,2022-05-10,1.4373199939727783,1.4465919733047483,1.4314340353012085,1.4373199939727783,0
4159,2022-05-11,1.4417530298233032,1.4429999589920044,1.4180599451065063,1.4417530298233032,0
4160,2022-05-12,1.4435219764709473,1.4609839916229248,1.4384349584579468,1.4435219764709473,0
4161,2022-05-13,1.455199956893921,1.4563000202178955,1.444000005722046,1.455199956893921,0
4162,2022-05-16,1.4396400451660156,1.4543969631195068,1.436946988105774,1.4396400451660156,0
4163,2022-05-17,1.4341399669647217,1.434000015258789,1.4198490381240845,1.4341399669647217,0
4164,2022-05-18,1.4219000339508057,1.432131052017212,1.4190000295639038,1.4219000339508057,0
4165,2022-05-19,1.4369879961013794,1.4375250339508057,1.414770007133484,1.4369879961013794,0
4166,2022-05-20,1.420151948928833,1.4276000261306765,1.4138269424438477,1.420151948928833,0
4167,2022-05-23,1.415850043296814,1.4164700508117676,1.403370976448059,1.415850043296814,0
4168,2022-05-24,1.410640001296997,1.4165910482406616,1.4075779914855957,1.410640001296997,0
4169,2022-05-25,1.4078160524368286,1.421239972114563,1.404613018035889,1.4078160524368286,0
4170,2022-05-26,1.4105570316314695,1.4167920351028442,1.406272053718567,1.4105570316314695,0
4171,2022-05-27,1.4086899757385254,1.4098409414291382,1.3954789638519287,1.4086899757385254,0
4172,2022-05-30,1.3961000442504885,1.396980047225952,1.3883099555969238,1.3961000442504885,0
4173,2022-05-31,1.3898149728775024,1.3983299732208252,1.388232946395874,1.3898149728775024,0
4174,2022-06-01,1.3922499418258667,1.397408962249756,1.3830699920654297,1.3922499418258667,0
4175,2022-06-02,1.3940000534057615,1.4002699851989746,1.377810001373291,1.3940000534057615,0
4176,2022-06-03,1.375705003738403,1.3875590562820437,1.37322998046875,1.375705003738403,0
4177,2022-06-06,1.3879400491714478,1.390779972076416,1.3824000358581543,1.3879400491714478,0
4178,2022-06-07,1.3910900354385376,1.397076964378357,1.381577968597412,1.3910900354385376,0
4179,2022-06-08,1.3849259614944458,1.3934170007705688,1.3822799921035769,1.3849259614944458,0
4180,2022-06-09,1.3914999961853027,1.4054800271987915,1.389899969100952,1.3914999961853027,0
4181,2022-06-10,1.408810019493103,1.420393943786621,1.4007560014724731,1.408810019493103,0
4182,2022-06-13,1.4248499870300293,1.444167971611023,1.4217699766159058,1.4248499870300293,0
4183,2022-06-14,1.4405900239944458,1.4542490243911743,1.4347200393676758,1.4405900239944458,0
4184,2022-06-15,1.4514000415802002,1.4518200159072876,1.4371949434280396,1.4514000415802002,0
4185,2022-06-16,1.425130009651184,1.439823031425476,1.4214999675750732,1.425130009651184,0
4186,2022-06-17,1.4203540086746216,1.44965398311615,1.4204139709472656,1.4203540086746216,0
4187,2022-06-20,1.4382280111312866,1.443626046180725,1.429368019104004,1.4382280111312866,0
4188,2022-06-21,1.4348230361938477,1.4419610500335691,1.4295929670333862,1.4348230361938477,0
4189,2022-06-22,1.4364099502563477,1.4530199766159058,1.4364720582962036,1.4364099502563477,0
4190,2022-06-23,1.4481799602508545,1.4556299448013306,1.4437930583953855,1.4481799602508545,0
4191,2022-06-24,1.448539972305298,1.4512900114059448,1.437399983406067,1.448539972305298,0
4192,2022-06-27,1.4402199983596802,1.447350025177002,1.4390560388565063,1.4402199983596802,0
4193,2022-06-28,1.4445600509643557,1.4463800191879272,1.435829997062683,1.4445600509643557,0
4194,2022-06-29,1.4483519792556765,1.4570889472961426,1.4450700283050537,1.4483519792556765,0
4195,2022-06-30,1.4533900022506714,1.4589380025863647,1.4464900493621826,1.4533900022506714,0
4196,2022-07-01,1.449779987335205,1.4780700206756592,1.448539972305298,1.449779987335205,0
4197,2022-07-04,1.4671800136566162,1.471519947052002,1.4513789415359497,1.4671800136566162,0
4198,2022-07-05,1.454800009727478,1.4781099557876587,1.4502999782562256,1.454800009727478,0
4199,2022-07-06,1.472059965133667,1.477607011795044,1.465309977531433,1.472059965133667,0
4200,2022-07-07,1.4736219644546509,1.4781299829483032,1.4599000215530396,1.4736219644546509,0
4201,2022-07-08,1.4600670337677002,1.471410036087036,1.454859972000122,1.4600670337677002,0
4202,2022-07-11,1.4607499837875366,1.4885599613189695,1.4607069492340088,1.4607499837875366,0
4203,2022-07-12,1.48294997215271,1.4897600412368774,1.4752299785614014,1.48294997215271,0
4204,2022-07-13,1.4821399450302124,1.4862600564956665,1.4697879552841189,1.4821399450302124,0
4205,2022-07-14,1.485376000404358,1.4962890148162842,1.4734050035476685,1.485376000404358,0
4206,2022-07-15,1.4804099798202517,1.4880290031433103,1.4694000482559204,1.4804099798202517,0
4207,2022-07-18,1.4673999547958374,1.4717350006103516,1.4589589834213257,1.4673999547958374,0
4208,2022-07-19,1.4683860540390017,1.469939947128296,1.4475599527359009,1.4683860540390017,0
4209,2022-07-20,1.4496999979019165,1.4526020288467407,1.4429810047149658,1.4496999979019165,0
4210,2022-07-21,1.451930046081543,1.4577499628067017,1.4455039501190186,1.451930046081543,0
4211,2022-07-22,1.4444810152053833,1.4502209424972534,1.4336299896240234,1.4444810152053833,0
4212,2022-07-25,1.44828999042511,1.4526900053024292,1.4357999563217163,1.44828999042511,0
4213,2022-07-26,1.438599944114685,1.4443600177764893,1.4320000410079956,1.438599944114685,0
4214,2022-07-27,1.439389944076538,1.4458999633789062,1.437000036239624,1.439389944076538,0
4215,2022-07-28,1.4296129941940308,1.4373199939727783,1.4253000020980835,1.4296129941940308,0
4216,2022-07-29,1.4284000396728516,1.4462569952011108,1.422171950340271,1.4284000396728516,0
4217,2022-08-01,1.4344700574874878,1.4344700574874878,1.4191440343856812,1.4344700574874878,0
4218,2022-08-02,1.4237099885940552,1.4461699724197388,1.422353982925415,1.4237099885940552,0
4219,2022-08-03,1.451315999031067,1.451990008354187,1.4398000240325928,1.451315999031067,0
4220,2022-08-04,1.4411300420761108,1.4417120218276978,1.430400013923645,1.4411300420761108,0
4221,2022-08-05,1.436946988105774,1.4551169872283936,1.4337530136108398,1.436946988105774,0
4222,2022-08-08,1.4487500190734863,1.4494199752807615,1.426859974861145,1.4487500190734863,0
4223,2022-08-09,1.4310859441757202,1.435539960861206,1.4296000003814695,1.4310859441757202,0
4224,2022-08-10,1.437399983406067,1.439324975013733,1.407855987548828,1.437399983406067,0
4225,2022-08-11,1.4127999544143677,1.4156689643859863,1.4013450145721436,1.4127999544143677,0
4226,2022-08-12,1.4078760147094729,1.4111740589141846,1.4026999473571775,1.4078760147094729,0
4227,2022-08-15,1.405150055885315,1.4261059761047363,1.4036699533462524,1.405150055885315,0
4228,2022-08-16,1.4245009422302246,1.4301650524139404,1.420253038406372,1.4245009422302246,0
4229,2022-08-17,1.4246230125427246,1.4467380046844482,1.4232850074768066,1.4246230125427246,0
4230,2022-08-18,1.4429179430007937,1.4493800401687622,1.434499979019165,1.4429179430007937,0
4231,2022-08-19,1.4469269514083862,1.4578109979629517,1.44508695602417,1.4469269514083862,0
4232,2022-08-22,1.4541000127792358,1.4570250511169434,1.4443349838256836,1.4541000127792358,0
4233,2022-08-23,1.4537630081176758,1.4583419561386108,1.4363499879837036,1.4537630081176758,0
4234,2022-08-24,1.4444600343704224,1.45353102684021,1.4380799531936646,1.4444600343704224,0
4235,2022-08-25,1.44760000705719,1.4486249685287476,1.4300010204315186,1.44760000705719,0
4236,2022-08-26,1.435960054397583,1.4460899829864502,1.4273500442504885,1.435960054397583,0
4237,2022-08-29,1.4562599658966064,1.4615819454193115,1.443600058555603,1.4562599658966064,0
4238,2022-08-30,1.447700023651123,1.457746982574463,1.437199950218201,1.447700023651123,0
4239,2022-08-31,1.458279013633728,1.4612619876861572,1.448390007019043,1.458279013633728,0
4240,2022-09-01,1.4644500017166138,1.4767299890518188,1.4612189531326294,1.4644500017166138,0
4241,2022-09-02,1.4716049432754517,1.4746899604797363,1.4590450525283811,1.4716049432754517,0
4242,2022-09-05,1.4726899862289429,1.4763200283050537,1.4696999788284302,1.4726899862289429,0
4243,2022-09-06,1.467566967010498,1.4852219820022583,1.4630579948425293,1.467566967010498,0
4244,2022-09-07,1.485859990119934,1.4925199747085571,1.4844939708709717,1.485859990119934,0
4245,2022-09-08,1.4811739921569824,1.489446997642517,1.4785239696502686,1.4811739921569824,0
4246,2022-09-09,1.4780000448226929,1.478327989578247,1.4541000127792358,1.4780000448226929,0
4247,2022-09-12,1.460494041442871,1.4651199579238892,1.4515470266342163,1.460494041442871,0
4248,2022-09-13,1.4505399465560913,1.4788739681243896,1.4455039501190186,1.4505399465560913,0
4249,2022-09-14,1.48301899433136,1.491245985031128,1.4792499542236328,1.48301899433136,0
4250,2022-09-15,1.4810869693756104,1.4911799430847168,1.4771699905395508,1.4810869693756104,0
4251,2022-09-16,1.4953720569610596,1.4991400241851809,1.4865469932556152,1.4953720569610596,0
4252,2022-09-19,1.4865469932556152,1.4986000061035156,1.485640048980713,1.4865469932556152,0
4253,2022-09-20,1.4850679636001587,1.4958000183105469,1.4820499420166016,1.4850679636001587,0
4254,2022-09-21,1.4938299655914309,1.502493977546692,1.4916470050811768,1.4938299655914309,0
4255,2022-09-22,1.51283597946167,1.5208200216293335,1.49891996383667,1.51283597946167,0
4256,2022-09-23,1.5047999620437622,1.5297540426254272,1.502519965171814,1.5047999620437622,0
4257,2022-09-26,1.5312299728393557,1.548395037651062,1.5298000574111938,1.5312299728393557,0
4258,2022-09-27,1.5441629886627195,1.5522650480270386,1.535531997680664,1.5441629886627195,0
4259,2022-09-28,1.5532770156860352,1.5708199739456177,1.5355099439620972,1.5532770156860352,0
4260,2022-09-29,1.5372799634933472,1.553591012954712,1.5363340377807615,1.5372799634933472,0
4261,2022-09-30,1.5353909730911257,1.5556999444961548,1.5336250066757202,1.5353909730911257,0
4262,2022-10-03,1.5573999881744385,1.5594300031661987,1.5344500541687012,1.5573999881744385,0
4263,2022-10-04,1.5380359888076782,1.5497900247573853,1.5278370380401611,1.5380359888076782,0
4264,2022-10-05,1.5351309776306152,1.5583610534667969,1.532660961151123,1.5351309776306152,0
4265,2022-10-06,1.5354620218276978,1.5645500421524048,1.5288180112838743,1.5354620218276978,0
4266,2022-10-07,1.5589900016784668,1.5686269998550415,1.5542429685592651,1.5589900016784668,0
4267,2022-10-10,1.5699000358581543,1.593119978904724,1.357772946357727,1.358327031135559,0
4268,2022-10-11,1.588610053062439,1.6004350185394287,1.5801000595092771,1.588610053062439,0
4269,2022-10-12,1.595810055732727,1.6026400327682495,1.5900779962539673,1.595810055732727,0
4270,2022-10-13,1.5930399894714355,1.6191190481185913,1.5875790119171145,1.5930399894714355,0
4271,2022-10-14,1.587049961090088,1.6088290214538574,1.5756219625473022,1.587049961090088,0
4272,2022-10-17,1.6066999435424805,1.6098389625549316,1.584535002708435,1.6066999435424805,0
4273,2022-10-18,1.5875999927520752,1.5951759815216064,1.5773370265960691,1.5875999927520752,0
4274,2022-10-19,1.583179950714111,1.594689965248108,1.5805280208587646,1.583179950714111,0
4275,2022-10-20,1.596500039100647,1.6053400039672852,1.5737899541854858,1.596500039100647,0
4276,2022-10-21,1.5937000513076782,1.6095540523529053,1.5703519582748413,1.5937000513076782,0
4277,2022-10-24,1.569390058517456,1.59375,1.569290041923523,1.569390058517456,0
4278,2022-10-25,1.5798790454864502,1.5860430002212524,1.5598700046539309,1.5798790454864502,0
4279,2022-10-26,1.5659990310668943,1.568922996520996,1.5358619689941406,1.5659990310668943,0
4280,2022-10-27,1.5400019884109497,1.5556939840316772,1.5328019857406616,1.5400019884109497,0
4281,2022-10-28,1.5501699447631836,1.5645500421524048,1.5432100296020508,1.5501699447631836,0
4282,2022-10-31,1.5621800422668457,1.570104956626892,1.5551999807357788,1.5621800422668457,0
4283,2022-11-01,1.560086965560913,1.5664650201797483,1.5470999479293823,1.560086965560913,0
4284,2022-11-02,1.5633059740066528,1.5656800270080566,1.5549999475479126,1.5633059740066528,0
4285,2022-11-03,1.5776599645614624,1.59375,1.5692670345306396,1.5776599645614624,0
4286,2022-11-04,1.5901999473571775,1.5908600091934204,1.5443099737167358,1.5901999473571775,0
4287,2022-11-07,1.5529600381851196,1.5606199502944946,1.5410699844360352,1.5529600381851196,0
4288,2022-11-08,1.544450044631958,1.551609992980957,1.526718020439148,1.544450044631958,0
4289,2022-11-09,1.5362900495529177,1.5543899536132812,1.5337419509887695,1.5362900495529177,0
4290,2022-11-10,1.5542000532150269,1.5652639865875244,1.515841007232666,1.5542000532150269,0
4291,2022-11-11,1.5135689973831177,1.5196880102157593,1.4918689727783203,1.5135689973831177,0
4292,2022-11-14,1.492799997329712,1.5005329847335815,1.4889999628067017,1.492799997329712,0
4293,2022-11-15,1.4943439960479736,1.4953720569610596,1.472146987915039,1.4943439960479736,0
4294,2022-11-16,1.477213978767395,1.485659956932068,1.4718869924545288,1.477213978767395,0
4295,2022-11-17,1.4837900400161743,1.507114052772522,1.48131000995636,1.4837900400161743,0
4296,2022-11-18,1.4949469566345217,1.501006007194519,1.4859100580215454,1.4949469566345217,0
4297,2022-11-21,1.4965399503707886,1.5184179544448853,1.4961800575256348,1.4965399503707886,0
4298,2022-11-22,1.513363003730774,1.5139100551605225,1.503559947013855,1.513363003730774,0
4299,2022-11-23,1.5038000345230105,1.5072040557861328,1.4874999523162842,1.5038000345230105,0
4300,2022-11-24,1.4829089641571045,1.4852440357208252,1.4751440286636353,1.4829089641571045,0
4301,2022-11-25,1.4780659675598145,1.4877849817276,1.474491000175476,1.4780659675598145,0
4302,2022-11-28,1.4898899793624878,1.5000829696655271,1.487210035324097,1.4898899793624878,0
4303,2022-11-29,1.503309965133667,1.5058200359344482,1.481788992881775,1.503309965133667,0
4304,2022-11-30,1.496090054512024,1.4979699850082395,1.48363995552063,1.496090054512024,0
4305,2022-12-01,1.470674991607666,1.472385048866272,1.4617749452590942,1.470674991607666,0
4306,2022-12-02,1.468209981918335,1.4821619987487793,1.4630800485610962,1.468209981918335,0
4307,2022-12-05,1.4677799940109253,1.4903130531311035,1.4597469568252563,1.4677799940109253,0
4308,2022-12-06,1.4908000230789185,1.494657039642334,1.4828649759292605,1.4908000230789185,0
4309,2022-12-07,1.492799997329712,1.4993629455566406,1.484339952468872,1.492799997329712,0
4310,2022-12-08,1.4865469932556152,1.4924479722976685,1.4746999740600586,1.4865469932556152,0
4311,2022-12-09,1.4756879806518557,1.4813940525054932,1.467350959777832,1.4756879806518557,0
4312,2022-12-12,1.47461998462677,1.485859990119934,1.472038984298706,1.47461998462677,0
4313,2022-12-13,1.48060405254364,1.4834200143814087,1.450747013092041,1.48060405254364,0
4314,2022-12-14,1.4614969491958618,1.4658459424972534,1.4546300172805786,1.4614969491958618,0
4315,2022-12-15,1.4581940174102783,1.4928699731826782,1.4555829763412476,1.4581940174102783,0
4316,2022-12-16,1.491219997406006,1.4977459907531738,1.484339952468872,1.491219997406006,0
4317,2022-12-19,1.495329976081848,1.4955500364303589,1.48478102684021,1.495329976081848,0
4318,2022-12-20,1.4908000230789185,1.508296012878418,1.4837019443511963,1.4908000230789185,0
4319,2022-12-21,1.49510395526886,1.5021560192108154,1.4864139556884766,1.49510395526886,0
4320,2022-12-22,1.488800048828125,1.499250054359436,1.4775409698486328,1.488800048828125,0
4321,2022-12-23,1.497454047203064,1.501189947128296,1.4895999431610107,1.497454047203064,0
4322,2022-12-26,1.4897600412368774,1.4966000318527222,1.4758620262145996,1.4897600412368774,0
4323,2022-12-27,1.4826699495315552,1.4868119955062866,1.4749259948730469,1.4826699495315552,0
4324,2022-12-28,1.4859000444412231,1.488070011138916,1.470371961593628,1.4859000444412231,0
4325,2022-12-29,1.482118010520935,1.4900239706039429,1.4751440286636353,1.482118010520935,0
4326,2022-12-30,1.477977991104126,1.4799690246582031,1.4687739610671997,1.477977991104126,0
4327,2023-01-02,1.4656100273132324,1.4719090461730957,1.4612619876861572,1.4656100273132324,0
4328,2023-01-03,1.4693779945373535,1.4949500560760498,1.4628000259399414,1.4693779945373535,0
4329,2023-01-04,1.486325979232788,1.4868600368499756,1.451104998588562,1.486325979232788,0
4330,2023-01-05,1.464319944381714,1.4843839406967163,1.4607000350952148,1.464319944381714,0
4331,2023-01-06,1.480232000350952,1.4875199794769287,1.4556039571762085,1.480232000350952,0
4332,2023-01-09,1.4505399465560913,1.4523099660873413,1.438599944114685,1.4505399465560913,0
4333,2023-01-10,1.447240948677063,1.4576200246810913,1.443418025970459,1.447240948677063,0
4334,2023-01-11,1.4503259658813477,1.4546509981155396,1.444000005722046,1.4503259658813477,0
4335,2023-01-12,1.4469690322875977,1.451653003692627,1.4322949647903442,1.4469690322875977,0
4336,2023-01-13,1.43517005443573,1.4457299709320068,1.4297970533370972,1.43517005443573,0
4337,2023-01-16,1.434000015258789,1.440382957458496,1.4245009422302246,1.434000015258789,0
4338,2023-01-17,1.4354619979858398,1.442729949951172,1.429919958114624,1.4354619979858398,0
4339,2023-01-18,1.43094003200531,1.4338769912719729,1.416450023651123,1.43094003200531,0
4340,2023-01-19,1.4400919675827026,1.4551199674606323,1.4388489723205566,1.4400919675827026,0
4341,2023-01-20,1.446341037750244,1.4478689432144165,1.4358700513839722,1.446341037750244,0
4342,2023-01-23,1.4321099519729614,1.436182975769043,1.42058002948761,1.431839942932129,0
4343,2023-01-24,1.4226200580596924,1.4289389848709106,1.417233943939209,1.4226200580596924,0
4344,2023-01-25,1.419100046157837,1.4206199645996094,1.4040800333023071,1.419100046157837,0
4345,2023-01-26,1.4068260192871094,1.4120310544967651,1.4005399942398071,1.4068260192871094,0
4346,2023-01-27,1.4056990146636963,1.4114500284194946,1.4023000001907349,1.4056990146636963,0
4347,2023-01-30,1.4068700075149536,1.4149880409240725,1.4042999744415283,1.4068700075149536,0
4348,2023-01-31,1.4168119430541992,1.4315370321273804,1.415809988975525,1.4168119430541992,0
4349,2023-02-01,1.4181580543518066,1.4210200309753418,1.410038948059082,1.4181580543518066,0
4350,2023-02-02,1.399580001831055,1.4140470027923584,1.397408962249756,1.399580001831055,0
4351,2023-02-03,1.4134900569915771,1.44228994846344,1.413627028465271,1.4134900569915771,0
4352,2023-02-06,1.4449199438095093,1.4584490060806274,1.4391000270843506,1.4449199438095093,0
4353,2023-02-07,1.451841950416565,1.451990008354187,1.4387249946594238,1.451841950416565,0
4354,2023-02-08,1.435832977294922,1.4435429573059082,1.4295719861984253,1.435832977294922,0
4355,2023-02-09,1.4430010318756104,1.4445019960403442,1.4264099597930908,1.4430010318756104,0
4356,2023-02-10,1.4410500526428225,1.4466999769210815,1.4368020296096802,1.4410500526428225,0
4357,2023-02-13,1.4464499950408936,1.4509999752044678,1.4351940155029297,1.4464499950408936,0
4358,2023-02-14,1.4347200393676758,1.4443769454956057,1.4230799674987793,1.4347200393676758,0
4359,2023-02-15,1.4311100244522097,1.4565160274505615,1.4315999746322632,1.4311100244522097,0
4360,2023-02-16,1.4478280544281006,1.460685968399048,1.441918969154358,1.4478280544281006,0
4361,2023-02-17,1.4572160243988037,1.4679299592971802,1.454800009727478,1.4572160243988037,0
4362,2023-02-20,1.4557299613952637,1.4569000005722046,1.4446690082550049,1.4557299613952637,0
4363,2023-02-21,1.4473869800567627,1.457980990409851,1.4454799890518188,1.4473869800567627,0
4364,2023-02-22,1.4573220014572144,1.4686440229415894,1.4568300247192385,1.4573220014572144,0
4365,2023-02-23,1.4678000211715698,1.473796010017395,1.4616249799728394,1.4678000211715698,0
4366,2023-02-24,1.468400001525879,1.4881620407104492,1.465000033378601,1.468400001525879,0
4367,2023-02-27,1.4846299886703491,1.492805004119873,1.482800006866455,1.4846299886703491,0
4368,2023-02-28,1.48301899433136,1.4911799430847168,1.479290008544922,1.48301899433136,0
4369,2023-03-01,1.4857100248336792,1.4934509992599487,1.47406005859375,1.4857100248336792,0
4370,2023-03-02,1.479333996772766,1.4906909465789795,1.4780000448226929,1.479333996772766,0
4371,2023-03-03,1.48478102684021,1.4859100580215454,1.4780000448226929,1.48478102684021,0
4372,2023-03-06,1.4804699420928955,1.4887160062789917,1.4768869876861572,1.4804699420928955,0
4373,2023-03-07,1.485200047492981,1.5161620378494265,1.4817010164260864,1.485200047492981,0
4374,2023-03-08,1.5172200202941897,1.522279977798462,1.50861394405365,1.5172200202941897,0
4375,2023-03-09,1.5165300369262695,1.5203399658203125,1.507140040397644,1.5165300369262695,0
4376,2023-03-10,1.5172200202941897,1.522812008857727,1.5063400268554688,1.5172200202941897,0
4377,2023-03-13,1.5073399543762207,1.5145299434661863,1.488980054855347,1.5073399543762207,0
4378,2023-03-14,1.5016820430755615,1.507544994354248,1.4937189817428589,1.5016820430755615,0
4379,2023-03-15,1.4949699640274048,1.5148760080337524,1.48989999294281,1.4949699640274048,0
4380,2023-03-16,1.5109620094299316,1.5116020441055298,1.500309944152832,1.5109620094299316,0
4381,2023-03-17,1.50073504447937,1.502400040626526,1.4873650074005127,1.50073504447937,0
4382,2023-03-20,1.4895999431610107,1.4999250173568726,1.4854429960250854,1.4895999431610107,0
4383,2023-03-21,1.4887820482254028,1.503669023513794,1.4868780374526978,1.4887820482254028,0
4384,2023-03-22,1.4974770545959473,1.500938057899475,1.492050051689148,1.4974770545959473,0
4385,2023-03-23,1.4926899671554563,1.4943660497665403,1.480252981185913,1.4926899671554563,0
4386,2023-03-24,1.4966479539871216,1.5091400146484375,1.4936519861221311,1.4966479539871216,0
4387,2023-03-27,1.502560019493103,1.507135987281799,1.5003299713134766,1.502560019493103,0
4388,2023-03-28,1.501479983329773,1.502519965171814,1.4901000261306765,1.501479983329773,0
4389,2023-03-29,1.491000056266785,1.501006007194519,1.4896689653396606,1.491000056266785,0
4390,2023-03-30,1.4964499473571775,1.5009829998016355,1.4887160062789917,1.4964499473571775,0
4391,2023-03-31,1.488800048828125,1.498870015144348,1.4840799570083618,1.488800048828125,0
4392,2023-04-03,1.5017499923706057,1.502879977226257,1.473188042640686,1.5017499923706057,0
4393,2023-04-04,1.473078966140747,1.4874999523162842,1.4720170497894287,1.473078966140747,0
4394,2023-04-05,1.4797099828720093,1.4974100589752195,1.4757970571517944,1.4797099828720093,0
4395,2023-04-06,1.4888299703598022,1.5028300285339355,1.4882099628448486,1.4888299703598022,0
4396,2023-04-07,1.4979000091552734,1.504979968070984,1.4940999746322632,1.4979000091552734,0
4397,2023-04-10,1.4984639883041382,1.5105279684066772,1.496938943862915,1.4984639883041382,0
4398,2023-04-11,1.5041439533233645,1.5048229694366455,1.496999979019165,1.5041439533233645,0
4399,2023-04-12,1.5028549432754517,1.5034199953079224,1.4876970052719116,1.5028549432754517,0
4400,2023-04-13,1.4927599430084229,1.4957070350646973,1.4746999740600586,1.4927599430084229,0
4401,2023-04-14,1.4740569591522217,1.493183970451355,1.4718869924545288,1.4740569591522217,0
4402,2023-04-17,1.491379976272583,1.4965800046920776,1.4883400201797483,1.491379976272583,0
4403,2023-04-18,1.4924479722976685,1.4929800033569336,1.4822700023651123,1.4924479722976685,0
4404,2023-04-19,1.4846270084381104,1.494480013847351,1.4834589958190918,1.4846270084381104,0
4405,2023-04-20,1.4913100004196167,1.492961049079895,1.4771490097045898,1.4913100004196167,0
4406,2023-04-21,1.4829800128936768,1.4973200559616089,1.48301899433136,1.4829800128936768,0
4407,2023-04-24,1.4939899444580078,1.4999250173568726,1.4930720329284668,1.4939899444580078,0
4408,2023-04-25,1.4916900396347046,1.5092519521713257,1.491000056266785,1.4916900396347046,0
4409,2023-04-26,1.5068409442901611,1.5161160230636597,1.5060240030288696,1.5068409442901611,0
4410,2023-04-27,1.5132299661636353,1.5160499811172483,1.5071589946746826,1.5132299661636353,0
4411,2023-04-28,1.5082050561904907,1.520658016204834,1.5055299997329712,1.5082050561904907,0
4412,2023-05-01,1.512310028076172,1.512699007987976,1.4990259408950806,1.512310028076172,0
4413,2023-05-02,1.5099350214004517,1.5103689432144165,1.4884999990463257,1.5099350214004517,0
4414,2023-05-03,1.498576045036316,1.5037399530410769,1.4976789951324463,1.498576045036316,0
4415,2023-05-04,1.505679965019226,1.5058430433273315,1.492671012878418,1.505679965019226,0
4416,2023-05-05,1.4934070110321045,1.4935179948806765,1.4814809560775757,1.4934070110321045,0
4417,2023-05-08,1.4819899797439575,1.4833929538726809,1.4696999788284302,1.4819899797439575,0
4418,2023-05-09,1.4747099876403809,1.482051968574524,1.473188042640686,1.4747099876403809,0
4419,2023-05-10,1.477779984474182,1.4825600385665894,1.466770052909851,1.477779984474182,0
4420,2023-05-11,1.4745099544525146,1.494860053062439,1.4711999893188477,1.4745099544525146,0
4421,2023-05-12,1.4925600290298462,1.505321025848389,1.4908000230789185,1.4925600290298462,0
4422,2023-05-15,1.5044599771499634,1.505457043647766,1.492799997329712,1.5044599771499634,0
4423,2023-05-16,1.4918689727783203,1.5030399560928345,1.4901000261306765,1.4918689727783203,0
4424,2023-05-17,1.5019999742507937,1.508409023284912,1.4991400241851809,1.5019999742507937,0
4425,2023-05-18,1.5024900436401367,1.513890027999878,1.499500036239624,1.5024900436401367,0
4426,2023-05-19,1.5082999467849731,1.5110529661178589,1.498576045036316,1.5082999467849731,0
4427,2023-05-22,1.5012760162353516,1.5086820125579834,1.4998400211334229,1.5012760162353516,0
4428,2023-05-23,1.5038299560546875,1.5125800371170044,1.500599980354309,1.5038299560546875,0
4429,2023-05-24,1.5120400190353394,1.5305999517440796,1.5116699934005735,1.5120400190353394,0
4430,2023-05-25,1.5278600454330444,1.5381499528884888,1.527649998664856,1.5278600454330444,0
4431,2023-05-26,1.5388200283050537,1.5403339862823486,1.528090000152588,1.5388200283050537,0
4432,2023-05-29,1.532099962234497,1.5328700542449951,1.5257999897003174,1.532099962234497,0
4433,2023-05-30,1.5317449569702148,1.537634015083313,1.5249249935150146,1.5317449569702148,0
4434,2023-05-31,1.5342600345611572,1.546910047531128,1.5336999893188477,1.5342600345611572,0
4435,2023-06-01,1.5369479656219482,1.541782021522522,1.519987940788269,1.5369479656219482,0
4436,2023-06-02,1.5202200412750244,1.5208699703216553,1.506477952003479,1.5202200412750244,0
4437,2023-06-05,1.5151519775390625,1.5196599960327148,1.5073859691619873,1.5151519775390625,0
4438,2023-06-06,1.512060046195984,1.5128140449523926,1.4964009523391724,1.512060046195984,0
4439,2023-06-07,1.4972100257873535,1.5016599893569946,1.488759994506836,1.4972100257873535,0
4440,2023-06-08,1.501816987991333,1.502539038658142,1.488759994506836,1.501816987991333,0
4441,2023-06-09,1.4897359609603882,1.493880033493042,1.481261968612671,1.4897359609603882,0
4442,2023-06-12,1.4825799465179443,1.4853990077972412,1.4758000373840332,1.4825799465179443,0
4443,2023-06-13,1.480800986289978,1.483944058418274,1.4691840410232544,1.480800986289978,0
4444,2023-06-14,1.4772599935531616,1.4783060550689695,1.462630033493042,1.4772599935531616,0
4445,2023-06-15,1.4712599515914917,1.477300047874451,1.454800009727478,1.4712599515914917,0
4446,2023-06-16,1.453425049781799,1.4583200216293335,1.4495689868927002,1.453425049781799,0
4447,2023-06-19,1.454334020614624,1.4630359411239624,1.4536999464035034,1.454334020614624,0
4448,2023-06-20,1.4595600366592407,1.4804290533065796,1.4587889909744265,1.4595600366592407,0
4449,2023-06-21,1.4730099439620972,1.482759952545166,1.4706000089645386,1.4730099439620972,0
4450,2023-06-22,1.4708689451217651,1.4815499782562256,1.469249963760376,1.4708689451217651,0
4451,2023-06-23,1.479136943817139,1.50068998336792,1.4777380228042605,1.479136943817139,0
4452,2023-06-26,1.4968899488449097,1.4995900392532349,1.4936519861221311,1.4968899488449097,0
4453,2023-06-27,1.4982399940490725,1.4989999532699585,1.4878740310668943,1.4982399940490725,0
4454,2023-06-28,1.4966919422149658,1.515470027923584,1.4953999519348145,1.4966919422149658,0
4455,2023-06-29,1.5150099992752075,1.5160470008850098,1.505797028541565,1.5150099992752075,0
4456,2023-06-30,1.510640025138855,1.5140700340270996,1.5005099773406982,1.510640025138855,0
4457,2023-07-03,1.5018800497055054,1.5065230131149292,1.4948999881744385,1.5018800497055054,0
4458,2023-07-04,1.498329997062683,1.5050499439239502,1.49098002910614,1.498329997062683,0
4459,2023-07-05,1.4941649436950684,1.5018850564956665,1.4923150539398191,1.4941649436950684,0
4460,2023-07-06,1.5022000074386597,1.5151100158691406,1.4949920177459717,1.5022000074386597,0
4461,2023-07-07,1.5086599588394165,1.5103000402450562,1.4953999519348145,1.5086599588394165,0
4462,2023-07-10,1.495129942893982,1.509529948234558,1.4935630559921265,1.495129942893982,0
4463,2023-07-11,1.497230052947998,1.503489971160889,1.493630051612854,1.497230052947998,0
4464,2023-07-12,1.4939199686050415,1.496155023574829,1.4716490507125854,1.4939199686050415,0
4465,2023-07-13,1.4721499681472778,1.4735349416732788,1.4499059915542605,1.4721499681472778,0
4466,2023-07-14,1.4516700506210327,1.4615999460220337,1.4500999450683594,1.4516700506210327,0
4467,2023-07-17,1.4624600410461426,1.4729490280151367,1.462000012397766,1.4624600410461426,0
4468,2023-07-18,1.4683209657669067,1.4727970361709597,1.46275794506073,1.4683209657669067,0
4469,2023-07-19,1.4673899412155151,1.4811079502105713,1.4664909839630127,1.4673899412155151,0
4470,2023-07-20,1.4771050214767456,1.4767340421676636,1.4604099988937378,1.4771050214767456,0
4471,2023-07-21,1.4753199815750122,1.487408995628357,1.473188042640686,1.4753199815750122,0
4472,2023-07-24,1.4868119955062866,1.4888490438461304,1.4801199436187744,1.4868119955062866,0
4473,2023-07-25,1.485219955444336,1.4866570234298706,1.472499966621399,1.485219955444336,0
4474,2023-07-26,1.4732749462127686,1.4855530261993408,1.4724500179290771,1.4732749462127686,0
4475,2023-07-27,1.479290008544922,1.487589955329895,1.4660799503326416,1.479290008544922,0
4476,2023-07-28,1.48989999294281,1.509706974029541,1.4900909662246704,1.48989999294281,0
4477,2023-07-31,1.5013200044631958,1.5016599893569946,1.48389995098114,1.5013200044631958,0
4478,2023-08-01,1.488800048828125,1.5138399600982666,1.48738694190979,1.488800048828125,0
4479,2023-08-02,1.5111199617385864,1.5318599939346311,1.508067965507507,1.5111199617385864,0
4480,2023-08-03,1.527884006500244,1.5349429845809937,1.524158000946045,1.527884006500244,0
4481,2023-08-04,1.524109959602356,1.5275100469589231,1.513129949569702,1.524109959602356,0
4482,2023-08-07,1.521209955215454,1.5252970457077026,1.516759991645813,1.521209955215454,0
4483,2023-08-08,1.5214699506759644,1.5389800071716309,1.5207040309906006,1.5214699506759644,0
4484,2023-08-09,1.5310180187225342,1.5335099697113037,1.5219310522079468,1.5310180187225342,0
4485,2023-08-10,1.5298000574111938,1.5316499471664429,1.5126099586486816,1.5298000574111938,0
4486,2023-08-11,1.5355089902877808,1.54135000705719,1.5305730104446411,1.5355089902877808,0
4487,2023-08-14,1.5395499467849731,1.5489200353622437,1.5376100540161133,1.5395499467849731,0
4488,2023-08-15,1.54121196269989,1.5481549501419067,1.534000039100647,1.54121196269989,0
4489,2023-08-16,1.548490047454834,1.555500030517578,1.5432100296020508,1.548490047454834,0
4490,2023-08-17,1.5589200258255005,1.570180058479309,1.5504800081253052,1.5589200258255005,0
4491,2023-08-18,1.5608199834823608,1.5672999620437622,1.5553799867630005,1.5608199834823608,0
4492,2023-08-21,1.5589200258255005,1.5651400089263916,1.5569000244140625,1.5589200258255005,0
4493,2023-08-22,1.5590699911117554,1.5614299774169922,1.5482269525527954,1.5590699911117554,0
4494,2023-08-23,1.5556939840316772,1.559623956680298,1.5450700521469116,1.5556939840316772,0
4495,2023-08-24,1.5430699586868286,1.5567799806594849,1.5410699844360352,1.5430699586868286,0
4496,2023-08-25,1.5591000318527222,1.566809058189392,1.5532100200653076,1.5591000318527222,0
4497,2023-08-28,1.5584299564361572,1.5618170499801636,1.5533000230789185,1.5584299564361572,0
4498,2023-08-29,1.555649995803833,1.561987042427063,1.545833945274353,1.555649995803833,0
4499,2023-08-30,1.5440200567245483,1.5499789714813232,1.5335999727249146,1.5440200567245483,0
4500,2023-08-31,1.5434999465942385,1.5473899841308594,1.5368540287017822,1.5434999465942385,0
4501,2023-09-01,1.541210055351257,1.5518070459365845,1.534119963645935,1.541210055351257,0
4502,2023-09-04,1.5497000217437744,1.5501699447631836,1.5432100296020508,1.5497000217437744,0
4503,2023-09-05,1.5484429597854614,1.5727200508117676,1.5472999811172483,1.5484429597854614,0
4504,2023-09-06,1.5685299634933472,1.5728219747543335,1.5614019632339478,1.5685299634933472,0
4505,2023-09-07,1.56666100025177,1.5716350078582764,1.56379497051239,1.56666100025177,0
4506,2023-09-08,1.568037033081055,1.5702279806137085,1.5588500499725342,1.568037033081055,0
4507,2023-09-11,1.5629899501800537,1.5649199485778809,1.5506279468536377,1.5629899501800537,0
4508,2023-09-12,1.554726004600525,1.5598900318145752,1.5527950525283811,1.554726004600525,0
4509,2023-09-13,1.555649995803833,1.5654350519180298,1.5542000532150269,1.555649995803833,0
4510,2023-09-14,1.557240009307861,1.5575350522994995,1.5486350059509275,1.557240009307861,0
4511,2023-09-15,1.5546300411224363,1.5546499490737915,1.544600009918213,1.5546300411224363,0
4512,2023-09-18,1.5526740550994873,1.5580450296401978,1.550387978553772,1.5526740550994873,0
4513,2023-09-19,1.5528910160064695,1.5555729866027832,1.544402003288269,1.5528910160064695,0
4514,2023-09-20,1.546550989151001,1.5507700443267822,1.5372790098190308,1.546550989151001,0
4515,2023-09-21,1.5537359714508057,1.565440058708191,1.5526000261306765,1.5537359714508057,0
4516,2023-09-22,1.5601600408554075,1.561400055885315,1.5467900037765503,1.5601600408554075,0
4517,2023-09-25,1.5525540113449097,1.561305046081543,1.5511000156402588,1.5525540113449097,0
4518,2023-09-26,1.5571470260620115,1.5653860569000244,1.555137038230896,1.5571470260620115,0
4519,2023-09-27,1.5640000104904177,1.5718330144882202,1.560230016708374,1.5640000104904177,0
4520,2023-09-28,1.5753990411758425,1.575029969215393,1.5561779737472534,1.5753990411758425,0
4521,2023-09-29,1.5556999444961548,1.5572199821472168,1.5377520322799685,1.5556999444961548,0
4522,2023-10-02,1.553470015525818,1.5702279806137085,1.5511000156402588,1.553470015525818,0
4523,2023-10-03,1.571660041809082,1.5904569625854492,1.5710920095443726,1.571660041809082,0
4524,2023-10-04,1.585062026977539,1.5903799533843994,1.5765000581741333,1.585062026977539,0
4525,2023-10-05,1.580003023147583,1.580880045890808,1.5680099725723269,1.580003023147583,0
4526,2023-10-06,1.569599986076355,1.5836299657821655,1.5637710094451904,1.569599986076355,0
4527,2023-10-09,1.5693659782409668,1.576043963432312,1.5651999711990356,1.5693659782409668,0
4528,2023-10-10,1.5574140548706057,1.5645049810409546,1.5544849634170532,1.5574140548706057,0
4529,2023-10-11,1.5543700456619265,1.561329007148743,1.551108956336975,1.5543700456619265,0
4530,2023-10-12,1.5580940246582031,1.5795789957046509,1.554967999458313,1.5580940246582031,0
4531,2023-10-13,1.5830800533294678,1.5905840396881104,1.5790300369262695,1.5830800533294678,0
4532,2023-10-16,1.5840330123901367,1.586521029472351,1.5770000219345093,1.5840330123901367,0
4533,2023-10-17,1.577834963798523,1.5778839588165283,1.5678900480270386,1.577834963798523,0
4534,2023-10-18,1.571660041809082,1.5785820484161377,1.564234972000122,1.571660041809082,0
4535,2023-10-19,1.5791800022125244,1.5880329608917236,1.5779340267181396,1.5791800022125244,0
4536,2023-10-20,1.5805280208587646,1.587327003479004,1.5805280208587646,1.5805280208587646,0
4537,2023-10-23,1.5821800231933594,1.5898760557174685,1.577299952507019,1.5821800231933594,0
4538,2023-10-24,1.5781079530715942,1.578233003616333,1.5677419900894165,1.5781079530715942,0
4539,2023-10-25,1.5720800161361694,1.5817530155181885,1.5625,1.5720800161361694,0
4540,2023-10-26,1.5880579948425293,1.5944889783859253,1.5803029537200928,1.5880579948425293,0
4541,2023-10-27,1.5782829523086548,1.5808030366897583,1.570400953292847,1.5782829523086548,0
4542,2023-10-30,1.5775599479675293,1.5778800249099731,1.5663700103759766,1.5775599479675293,0
4543,2023-10-31,1.5696120262145996,1.5833810567855835,1.5683809518814087,1.5696120262145996,0
4544,2023-11-01,1.577299952507019,1.582453966140747,1.5641599893569946,1.577299952507019,0
4545,2023-11-02,1.5570019483566284,1.5590649843215942,1.5489230155944824,1.5570019483566284,0
4546,2023-11-03,1.555717945098877,1.5573899745941162,1.5362999439239502,1.555717945098877,0
4547,2023-11-06,1.5344799757003784,1.539883017539978,1.532567024230957,1.5344799757003784,0
4548,2023-11-07,1.540969967842102,1.561182975769043,1.5375629663467407,1.540969967842102,0
4549,2023-11-08,1.5551860332489014,1.560670018196106,1.5506000518798828,1.5551860332489014,0
4550,2023-11-09,1.561110019683838,1.564136981964111,1.555690050125122,1.561110019683838,0
4551,2023-11-10,1.5719070434570312,1.5773619413375854,1.5703999996185305,1.5719070434570312,0
4552,2023-11-13,1.5711909532546997,1.5741300582885742,1.5647000074386597,1.5711909532546997,0
4553,2023-11-14,1.5671520233154297,1.5721540451049805,1.539409041404724,1.5671520233154297,0
4554,2023-11-15,1.53849995136261,1.542186975479126,1.5300110578536987,1.53849995136261,0
4555,2023-11-16,1.5357439517974854,1.5476759672164917,1.5344699621200562,1.5357439517974854,0
4556,2023-11-17,1.5454000234603882,1.5495229959487915,1.5355559587478638,1.5454000234603882,0
4557,2023-11-20,1.535249948501587,1.5380799770355225,1.5234609842300415,1.535249948501587,0
4558,2023-11-21,1.5234609842300415,1.5249019861221311,1.5174510478973389,1.5234609842300415,0
4559,2023-11-22,1.5246000289916992,1.5329899787902832,1.5218379497528076,1.5246000289916992,0
4560,2023-11-23,1.52839994430542,1.5284680128097534,1.520900011062622,1.52839994430542,0
4561,2023-11-24,1.5243669748306274,1.5265100002288818,1.5172200202941897,1.5243669748306274,0
4562,2023-11-27,1.51945698261261,1.5226490497589111,1.5120819807052612,1.51945698261261,0
4563,2023-11-28,1.5122870206832886,1.5155400037765503,1.5003999471664429,1.5122870206832886,0
4564,2023-11-29,1.5017269849777222,1.5135200023651123,1.4984420537948608,1.5017269849777222,0
4565,2023-11-30,1.510800004005432,1.521399974822998,1.50308096408844,1.510800004005432,0
4566,2023-12-01,1.513592004776001,1.515036940574646,1.5005600452423096,1.513592004776001,0
4567,2023-12-04,1.496359944343567,1.512539029121399,1.4952800273895264,1.496359944343567,0
4568,2023-12-05,1.5112359523773191,1.5278609991073608,1.50872802734375,1.5112359523773191,0
4569,2023-12-06,1.5256229639053345,1.5255500078201294,1.5153809785842896,1.5256229639053345,0
4570,2023-12-07,1.5263910293579102,1.5323090553283691,1.514899969100952,1.5263910293579102,0
4571,2023-12-08,1.5164200067520142,1.523926019668579,1.5103000402450562,1.5164200067520142,0
4572,2023-12-11,1.5198030471801758,1.526553988456726,1.519269943237305,1.5198030471801758,0
4573,2023-12-12,1.5232290029525757,1.52851402759552,1.5129740238189695,1.5232290029525757,0
4574,2023-12-13,1.5233219861984253,1.528164029121399,1.518602967262268,1.5233219861984253,0
4575,2023-12-14,1.5003750324249268,1.5006500482559204,1.486325979232788,1.5003750324249268,0
4576,2023-12-15,1.4919400215148926,1.5002399682998655,1.4861929416656494,1.4919400215148926,0
4577,2023-12-18,1.4927799701690674,1.494433045387268,1.4845999479293823,1.4927799701690674,0
4578,2023-12-19,1.4917099475860596,1.4916690587997437,1.476101994514465,1.4917099475860596,0
4579,2023-12-20,1.478633999824524,1.4816800355911257,1.4751440286636353,1.478633999824524,0
4580,2023-12-21,1.4837199449539185,1.4844059944152832,1.4709999561309814,1.4837199449539185,0
4581,2023-12-22,1.4712799787521362,1.4761890172958374,1.46498703956604,1.4712799787521362,0
4582,2023-12-25,1.468690037727356,1.475100040435791,1.409980058670044,1.468690037727356,0
4583,2023-12-26,1.469290018081665,1.4709299802780151,1.466060996055603,1.469290018081665,0
4584,2023-12-27,1.4654589891433716,1.4665770530700684,1.4594000577926636,1.4654589891433716,0
4585,2023-12-28,1.458853006362915,1.4651199579238892,1.455350041389465,1.458853006362915,0
4586,2023-12-29,1.464921951293945,1.474578022956848,1.4602999687194824,1.464921951293945,0
4587,2024-01-01,1.4661699533462524,1.4675999879837036,1.467350959777832,1.4661699533462524,0
4588,2024-01-02,1.4683200120925903,1.4785900115966797,1.4617999792099,1.4683200120925903,0
4589,2024-01-03,1.478044033050537,1.491847038269043,1.4766689538955688,1.478044033050537,0
4590,2024-01-04,1.4845600128173828,1.4928940534591677,1.479071021080017,1.4845600128173828,0
4591,2024-01-05,1.491070032119751,1.5054999589920044,1.4823379516601562,1.491070032119751,0
4592,2024-01-08,1.4888900518417358,1.497431993484497,1.4845999479293823,1.4888900518417358,0
4593,2024-01-09,1.4880950450897217,1.4974770545959473,1.48478102684021,1.4880950450897217,0
4594,2024-01-10,1.4959529638290403,1.4961769580841064,1.4894249439239502,1.4959529638290403,0
4595,2024-01-11,1.4916470050811768,1.5043480396270752,1.486299991607666,1.4916470050811768,0
4596,2024-01-12,1.4928719997406006,1.4972079992294312,1.486240029335022,1.4928719997406006,0
4597,2024-01-15,1.4949699640274048,1.5034879446029663,1.494860053062439,1.4949699640274048,0
4598,2024-01-16,1.503669023513794,1.5181879997253418,1.5035330057144165,1.503669023513794,0
4599,2024-01-17,1.5177040100097656,1.5318200588226318,1.5165070295333862,1.5177040100097656,0
4600,2024-01-18,1.526252031326294,1.529191970825195,1.5208499431610107,1.526252031326294,0
4601,2024-01-19,1.5190999507904053,1.5231130123138428,1.5147839784622192,1.5190999507904053,0
4602,2024-01-22,1.5161900520324707,1.5194100141525269,1.5117160081863403,1.5161900520324707,0
4603,2024-01-23,1.5219310522079468,1.523692965507507,1.512402057647705,1.5219310522079468,0
4604,2024-01-24,1.5183030366897583,1.52292799949646,1.5105279684066772,1.5183030366897583,0
4605,2024-01-25,1.5205199718475342,1.5228350162506104,1.5129510164260864,1.5205199718475342,0
4606,2024-01-26,1.518399953842163,1.520449995994568,1.5130419731140137,1.518399953842163,0
4607,2024-01-29,1.5200799703598022,1.5210100412368774,1.5137749910354614,1.5200799703598022,0
4608,2024-01-30,1.5118999481201172,1.520658016204834,1.5095499753952026,1.5118999481201172,0
4609,2024-01-31,1.5163459777832031,1.5244829654693604,1.5101410150527954,1.5163459777832031,0
4610,2024-02-01,1.5240399837493896,1.5361930131912231,1.5200109481811523,1.5240399837493896,0
4611,2024-02-02,1.5209360122680664,1.536736011505127,1.51283597946167,1.5209360122680664,0
4612,2024-02-05,1.5372600555419922,1.5456199645996094,1.5336999893188477,1.5372600555419922,0
4613,2024-02-06,1.5431400537490845,1.5431150197982788,1.5336999893188477,1.5431400537490845,0
4614,2024-02-07,1.5314699411392212,1.5344010591506958,1.5288000106811523,1.5314699411392212,0
4615,2024-02-08,1.5333000421524048,1.5428529977798462,1.5304559469223022,1.5333000421524048,0
4616,2024-02-09,1.5390299558639526,1.541401982307434,1.5309200286865234,1.5390299558639526,0
4617,2024-02-12,1.5324300527572632,1.5353200435638428,1.5295430421829224,1.5324300527572632,0
4618,2024-02-13,1.5316519737243652,1.549402952194214,1.5305969715118408,1.5316519737243652,0
4619,2024-02-14,1.5495710372924805,1.5510799884796145,1.5405950546264648,1.5495710372924805,0
4620,2024-02-15,1.538745999336243,1.543570041656494,1.5316050052642822,1.538745999336243,0
4621,2024-02-16,1.5324499607086182,1.5387929677963257,1.5301799774169922,1.5324499607086182,0
4622,2024-02-19,1.529539942741394,1.530460000038147,1.5264849662780762,1.5296599864959717,0
4623,2024-02-20,1.531209945678711,1.5331779718399048,1.5201959609985352,1.531209945678711,0
4624,2024-02-21,1.5259020328521729,1.5289349555969238,1.5211000442504885,1.5259020328521729,0
4625,2024-02-22,1.5259720087051392,1.5287950038909912,1.5162309408187866,1.5259720087051392,0
4626,2024-02-23,1.5245989561080933,1.5263400077819824,1.519063949584961,1.5245989561080933,0
4627,2024-02-26,1.5231399536132812,1.5305700302124023,1.5233500003814695,1.5234800577163696,0
4628,2024-02-27,1.5291459560394287,1.5322380065917969,1.5229740142822266,1.5291459560394287,0
4629,2024-02-28,1.5281410217285156,1.5408320426940918,1.5264849662780762,1.5281410217285156,0
4630,2024-02-29,1.5397169589996338,1.5414730310440063,1.5313470363616943,1.5397169589996338,0
4631,2024-03-01,1.5388400554656982,1.5406179428100586,1.530619978904724,1.5388400554656982,0
4632,2024-03-04,1.531890034675598,1.5358619689941406,1.5297540426254272,1.531890034675598,0
4633,2024-03-05,1.5366599559783936,1.5433499813079834,1.5334999561309814,1.5366599559783936,0
4634,2024-03-06,1.537539005279541,1.5400960445404053,1.5196199417114258,1.537539005279541,0
4635,2024-03-07,1.52292799949646,1.523300051689148,1.5094109773635864,1.52292799949646,0
4636,2024-03-08,1.5102770328521729,1.5118069648742676,1.5000150203704834,1.5102770328521729,0
4637,2024-03-11,1.5095900297164917,1.5157949924468994,1.5084999799728394,1.5095900297164917,0
4638,2024-03-12,1.5116000175476074,1.518394947052002,1.5067729949951172,1.5116000175476074,0
4639,2024-03-13,1.5134780406951904,1.515036940574646,1.508978009223938,1.5134780406951904,0
4640,2024-03-14,1.5088419914245603,1.521630048751831,1.50797700881958,1.5088419914245603,0
4641,2024-03-15,1.5199190378189087,1.5259499549865725,1.5199600458145142,1.5199190378189087,0
4642,2024-03-18,1.5248600244522097,1.5256199836730957,1.520913004875183,1.5248600244522097,0
4643,2024-03-19,1.5249700546264648,1.5374209880828855,1.52195405960083,1.5249700546264648,0
4644,2024-03-20,1.5322380065917969,1.5356500148773191,1.528599977493286,1.5322380065917969,0
4645,2024-03-21,1.5156569480895996,1.5238560438156128,1.50729501247406,1.5156569480895996,0
4646,2024-03-22,1.5211000442504885,1.5358599424362185,1.52020001411438,1.5211000442504885,0
4647,2024-03-25,1.5347299575805664,1.535889983177185,1.527184009552002,1.5347299575805664,0
4648,2024-03-26,1.5293099880218506,1.530948042869568,1.524158000946045,1.5293099880218506,0
4649,2024-03-27,1.529289960861206,1.5354139804840088,1.5292860269546509,1.529289960861206,0
4650,2024-03-28,1.5332720279693604,1.541782021522522,1.5285849571228027,1.5332720279693604,0
4651,2024-03-29,1.534500002861023,1.5362629890441897,1.530128002166748,1.534500002861023,0
4652,2024-04-01,1.5306899547576904,1.5429480075836182,1.5290520191192627,1.5306899547576904,0
4653,2024-04-02,1.5413299798965454,1.5419009923934937,1.5329899787902832,1.5413299798965454,0
4654,2024-04-03,1.535061001777649,1.537585973739624,1.523926019668579,1.535061001777649,0
4655,2024-04-04,1.5223020315170288,1.5230439901351929,1.510800004005432,1.5223020315170288,0
4656,2024-04-05,1.5179799795150757,1.526669979095459,1.5164999961853027,1.5179799795150757,0
4657,2024-04-08,1.5220199823379517,1.5243209600448608,1.5124000310897827,1.5220199823379517,0
4658,2024-04-09,1.5140049457550049,1.5153579711914062,1.5051850080490112,1.5140049457550049,0
4659,2024-04-10,1.5086369514465332,1.5368770360946655,1.5073859691619873,1.5086369514465332,0
4660,2024-04-11,1.5367590188980105,1.5377990007400513,1.526087999343872,1.5367590188980105,0
4661,2024-04-12,1.5289100408554075,1.546862006187439,1.5283509492874146,1.5289100408554075,0
4662,2024-04-15,1.5442099571228027,1.5493309497833252,1.5396000146865845,1.5442099571228027,0
4663,2024-04-16,1.552191972732544,1.5629899501800537,1.5521399974822998,1.552191972732544,0
4664,2024-04-17,1.5593810081481934,1.5615500211715698,1.5532770156860352,1.5593810081481934,0
4665,2024-04-18,1.552839994430542,1.5560569763183594,1.548467040061951,1.552839994430542,0
4666,2024-04-19,1.556493043899536,1.5709439516067505,1.5547749996185305,1.556493043899536,0
4667,2024-04-22,1.5561800003051758,1.5563960075378418,1.5492099523544312,1.5562700033187866,0
4668,2024-04-23,1.5497000217437744,1.552482008934021,1.5405999422073364,1.5497000217437744,0
4669,2024-04-24,1.5410929918289185,1.54237699508667,1.5316280126571655,1.5410929918289185,0
4670,2024-04-25,1.5391720533370972,1.54168701171875,1.5299880504608154,1.5391720533370972,0
4671,2024-04-26,1.5329899787902832,1.534212946891785,1.5255999565124512,1.5329899787902832,0
4672,2024-04-29,1.528725028038025,1.5297540426254272,1.518100023269653,1.528725028038025,0
4673,2024-04-30,1.5239490270614624,1.5415899753570557,1.52299702167511,1.5239490270614624,0
4674,2024-05-01,1.543686032295227,1.546455979347229,1.539101004600525,1.543686032295227,0
4675,2024-05-02,1.530948042869568,1.5345430374145508,1.5271600484848022,1.530948042869568,0
4676,2024-05-03,1.521746039390564,1.5232290029525757,1.5035560131072998,1.521746039390564,0
4677,2024-05-06,1.513069987297058,1.513821005821228,1.506477952003479,1.513069987297058,0
4678,2024-05-07,1.5096800327301023,1.5180959701538086,1.5055710077285769,1.5096800327301023,0
4679,2024-05-08,1.5176349878311155,1.524716019630432,1.5164999961853027,1.5176349878311155,0
4680,2024-05-09,1.5204960107803345,1.5230200290679932,1.5123790502548218,1.5204960107803345,0
4681,2024-05-10,1.5103460550308228,1.5158859491348269,1.508955955505371,1.5103460550308228,0
4682,2024-05-13,1.514919996261597,1.5183030366897583,1.5081000328063965,1.514919996261597,0
4683,2024-05-14,1.5121999979019165,1.516759991645813,1.5084999799728394,1.5121999979019165,0
4684,2024-05-15,1.5091999769210815,1.5096160173416138,1.4955060482025146,1.5091999769210815,0
4685,2024-05-16,1.492300033569336,1.5026969909667969,1.4892699718475342,1.492300033569336,0
4686,2024-05-17,1.4962999820709229,1.5040099620819092,1.494433045387268,1.4962999820709229,0
4687,2024-05-20,1.4923800230026243,1.500870943069458,1.4901000261306765,1.4923800230026243,0
4688,2024-05-21,1.4987800121307373,1.5043480396270752,1.497006058692932,1.4987800121307373,0
4689,2024-05-22,1.4999029636383057,1.507544994354248,1.4959100484848022,1.4999029636383057,0
4690,2024-05-23,1.510759949684143,1.5115000009536743,1.501816987991333,1.510759949684143,0
4691,2024-05-24,1.5148099660873413,1.5167139768600464,1.5068999528884888,1.5148099660873413,0
4692,2024-05-27,1.509660005569458,1.5098700523376465,1.5010509490966797,1.509660005569458,0
4693,2024-05-28,1.5024900436401367,1.502990961074829,1.496999979019165,1.5024900436401367,0
4694,2024-05-29,1.5042120218276978,1.5116469860076904,1.500825047492981,1.5042120218276978,0
4695,2024-05-30,1.512012958526611,1.5171740055084229,1.503999948501587,1.512012958526611,0
4696,2024-05-31,1.508226990699768,1.5087740421295166,1.4979000091552734,1.508226990699768,0
4697,2024-06-03,1.5022000074386597,1.507544994354248,1.4938299655914309,1.5022000074386597,0
4698,2024-06-04,1.4947500228881836,1.507909059524536,1.49282705783844,1.4947500228881836,0
4699,2024-06-05,1.504619002342224,1.508999943733215,1.5001499652862549,1.504619002342224,0
4700,2024-06-06,1.5019999742507937,1.5074089765548706,1.496243953704834,1.5019999742507937,0
4701,2024-06-07,1.4993400573730469,1.5194100141525269,1.4966000318527222,1.4993400573730469,0
4702,2024-06-10,1.519129991531372,1.5205659866333008,1.5126299858093262,1.519129991531372,0
4703,2024-06-11,1.513100028038025,1.517657995223999,1.5126299858093262,1.513100028038025,0
4704,2024-06-12,1.5133860111236572,1.515679955482483,1.4920920133590698,1.5133860111236572,0
4705,2024-06-13,1.5008480548858645,1.507681965827942,1.498170018196106,1.5008480548858645,0
4706,2024-06-14,1.5075900554656982,1.5168520212173462,1.505774974822998,1.5075900554656982,0
4707,2024-06-17,1.5121999979019165,1.5184409618377686,1.5105739831924438,1.5121999979019165,0
4708,2024-06-18,1.51010000705719,1.514417052268982,1.5022900104522705,1.51010000705719,0
4709,2024-06-19,1.5012309551239014,1.5014339685440063,1.497230052947998,1.5012309551239014,0
4710,2024-06-20,1.4980599880218506,1.5027400255203247,1.497230052947998,1.4980599880218506,0
4711,2024-06-21,1.5013439655303955,1.5078200101852417,1.4990259408950806,1.5013439655303955,0
4712,2024-06-24,1.5071589946746826,1.5091149806976318,1.499722957611084,1.5071589946746826,0
4713,2024-06-25,1.5027199983596802,1.506932020187378,1.4987109899520874,1.5027199983596802,0
4714,2024-06-26,1.5049359798431396,1.5067960023880005,1.4945449829101562,1.5049359798431396,0
4715,2024-06-27,1.5049400329589844,1.5059599876403809,1.49835205078125,1.5049400329589844,0
4716,2024-06-28,1.5036239624023438,1.5103689432144165,1.4959529638290403,1.5036239624023438,0
4717,2024-07-01,1.4983500242233276,1.5047999620437622,1.4952000379562378,1.4983500242233276,0
4718,2024-07-02,1.5027199983596802,1.5071589946746826,1.4989579916000366,1.5027199983596802,0
4719,2024-07-03,1.4996329545974731,1.5002180337905884,1.48511004447937,1.4996329545974731,0
4720,2024-07-04,1.4901130199432373,1.490069031715393,1.4852219820022583,1.4901130199432373,0
4721,2024-07-05,1.4869699478149414,1.488271951675415,1.481855034828186,1.4869699478149414,0
4722,2024-07-08,1.4822299480438232,1.4846930503845217,1.479099988937378,1.4822299480438232,0
4723,2024-07-09,1.4829750061035156,1.4871439933776855,1.4817010164260864,1.4829750061035156,0
4724,2024-07-10,1.4833500385284424,1.485177993774414,1.4808000326156616,1.4833500385284424,0
4725,2024-07-11,1.4810869693756104,1.482010006904602,1.4708900451660156,1.4810869693756104,0
4726,2024-07-12,1.4774320125579834,1.4804730415344238,1.4718869924545288,1.4774320125579834,0
4727,2024-07-15,1.4766689538955688,1.4785900115966797,1.472499966621399,1.4766689538955688,0
4728,2024-07-16,1.4785679578781128,1.4891149997711182,1.47871994972229,1.4785679578781128,0
4729,2024-07-17,1.4854429960250854,1.4870549440383911,1.4799469709396362,1.4854429960250854,0
4730,2024-07-18,1.4857300519943235,1.4889370203018188,1.482800006866455,1.4857300519943235,0
4731,2024-07-19,1.4913129806518557,1.4960429668426514,1.4907569885253906,1.4913129806518557,0
4732,2024-07-22,1.4933600425720217,1.507863998413086,1.493399977684021,1.4933600425720217,0
4733,2024-07-23,1.50600004196167,1.5124249458312988,1.5047999620437622,1.50600004196167,0
4734,2024-07-24,1.5123800039291382,1.518741011619568,1.5118999481201172,1.5123800039291382,0
4735,2024-07-25,1.5209590196609497,1.5337419509887695,1.520699977874756,1.5209590196609497,0
4736,2024-07-26,1.5283509492874146,1.5289820432662964,1.521675944328308,1.5283509492874146,0
4737,2024-07-29,1.5255529880523682,1.5326600074768066,1.5220999717712402,1.5255529880523682,0
4738,2024-07-30,1.5263899564743042,1.5313940048217771,1.523692965507507,1.5263899564743042,0
4739,2024-07-31,1.5287009477615356,1.543138027191162,1.5285379886627195,1.5287009477615356,0
4740,2024-08-01,1.5274169445037842,1.5349899530410769,1.524412989616394,1.5274169445037842,0
4741,2024-08-02,1.5396699905395508,1.5413780212402344,1.5272769927978516,1.5396699905395508,0
4742,2024-08-05,1.5391199588775637,1.570970058441162,1.535889983177185,1.5391199588775637,0
4743,2024-08-06,1.534801959991455,1.544399976730347,1.5291199684143066,1.534801959991455,0
4744,2024-08-07,1.534919023513794,1.5352729558944702,1.5208699703216553,1.534919023513794,0
4745,2024-08-08,1.534690022468567,1.5354399681091309,1.5192949771881104,1.534690022468567,0
4746,2024-08-09,1.5169899463653564,1.5226490497589111,1.5134999752044678,1.5169899463653564,0
4747,2024-08-12,1.5221199989318848,1.5220199823379517,1.5140000581741333,1.5221199989318848,0
4748,2024-08-13,1.518530011177063,1.519826054573059,1.5113500356674194,1.518530011177063,0
4749,2024-08-14,1.5063420534133911,1.5129510164260864,1.5051000118255615,1.5063420534133911,0
4750,2024-08-15,1.51514995098114,1.5208430290222168,1.506432056427002,1.51514995098114,0
4751,2024-08-16,1.5122900009155271,1.5126529932022097,1.5039399862289429,1.5122900009155271,0
4752,2024-08-19,1.498579978942871,1.4985100030899048,1.4874000549316406,1.498579978942871,0
4753,2024-08-20,1.4847099781036377,1.489429950714111,1.4819209575653076,1.4847099781036377,0
4754,2024-08-21,1.4820799827575684,1.4852440357208252,1.4799469709396362,1.4820799827575684,0
4755,2024-08-22,1.4815469980239868,1.4924700260162354,1.4805999994277954,1.4815469980239868,0
4756,2024-08-23,1.4907130002975464,1.491245985031128,1.4724299907684326,1.4907130002975464,0
4757,2024-08-26,1.473230004310608,1.4777599573135376,1.4712369441986084,1.473230004310608,0
4758,2024-08-27,1.4764699935913086,1.478790044784546,1.4723199605941772,1.4764699935913086,0
4759,2024-08-28,1.4732099771499634,1.4768869876861572,1.4679299592971802,1.4732099771499634,0
4760,2024-08-29,1.4742519855499268,1.4740350246429443,1.4651999473571775,1.4742519855499268,0
4761,2024-08-30,1.4714970588684082,1.479552984237671,1.4670499563217163,1.4714970588684082,0
4762,2024-09-02,1.4775409698486328,1.4797099828720093,1.4717350006103516,1.4775409698486328,0
4763,2024-09-03,1.4733400344848633,1.489603042602539,1.4718869924545288,1.4733400344848633,0
4764,2024-09-04,1.4894249439239502,1.4953490495681765,1.481899976730347,1.4894249439239502,0
4765,2024-09-05,1.4889400005340576,1.4893590211868286,1.4835000038146973,1.4889400005340576,0
4766,2024-09-06,1.4835690259933472,1.4985090494155884,1.4779599905014038,1.4835690259933472,0
4767,2024-09-09,1.4990700483322144,1.5041899681091309,1.4950000047683716,1.4990700483322144,0
4768,2024-09-10,1.501979947090149,1.5056389570236206,1.4978100061416626,1.501979947090149,0
4769,2024-09-11,1.5030139684677124,1.5098899602890017,1.4981000423431396,1.5030139684677124,0
4770,2024-09-12,1.4976789951324463,1.5012990236282349,1.492537021636963,1.4976789951324463,0
4771,2024-09-13,1.486569046974182,1.494189977645874,1.485200047492981,1.486569046974182,0
4772,2024-09-16,1.4894700050354004,1.4910680055618286,1.4816999435424805,1.4894700050354004,0
4773,2024-09-17,1.481065034866333,1.4832390546798706,1.4771050214767456,1.481065034866333,0
4774,2024-09-18,1.478700041770935,1.4813940525054932,1.4727540016174316,1.478700041770935,0
4775,2024-09-19,1.4784810543060305,1.4834810495376587,1.4619879722595217,1.4784810543060305,0
4776,2024-09-20,1.4685200452804563,1.4741870164871216,1.4638999700546265,1.4685200452804563,0
4777,2024-09-23,1.4684300422668457,1.4702210426330566,1.4590870141983032,1.4684300422668457,0
4778,2024-09-24,1.4632500410079956,1.4672399759292605,1.4539109468460083,1.4632500410079956,0
4779,2024-09-25,1.4481420516967771,1.4630579948425293,1.4475970268249512,1.4481420516967771,0
4780,2024-09-26,1.465932011604309,1.4664479494094849,1.4481420516967771,1.465932011604309,0
4781,2024-09-27,1.450788974761963,1.455839991569519,1.4411300420761108,1.450788974761963,0
4782,2024-09-30,1.4453400373458862,1.4463200569152832,1.440693974494934,1.4453400373458862,0
4783,2024-10-01,1.445963978767395,1.4551169872283936,1.4420859813690186,1.445963978767395,0
4784,2024-10-02,1.4534900188446045,1.4544190168380735,1.445942997932434,1.4534900188446045,0
4785,2024-10-03,1.451990008354187,1.46391499042511,1.451799988746643,1.451990008354187,0
4786,2024-10-04,1.4597899913787842,1.473101019859314,1.4594279527664185,1.4597899913787842,0
4787,2024-10-07,1.470460057258606,1.4795310497283936,1.468000054359436,1.470460057258606,0
4788,2024-10-08,1.480165958404541,1.4884719848632812,1.4771000146865845,1.480165958404541,0
4789,2024-10-09,1.4837679862976074,1.4906909465789795,1.4791589975357056,1.4837679862976074,0
4790,2024-10-10,1.4886709451675415,1.4895139932632446,1.4833049774169922,1.4886709451675415,0
4791,2024-10-11,1.4834599494934082,1.4869450330734253,1.479552984237671,1.4834599494934082,0
4792,2024-10-14,1.485640048980713,1.4919580221176147,1.4823600053787231,1.485640048980713,0
4793,2024-10-15,1.4867680072784424,1.491981029510498,1.485200047492981,1.4867680072784424,0
4794,2024-10-16,1.4965399503707886,1.5015690326690674,1.492300033569336,1.4965399503707886,0
4795,2024-10-17,1.5003999471664429,1.5004899501800537,1.4900909662246704,1.5003999471664429,0
4796,2024-10-18,1.4925999641418457,1.4937189817428589,1.4882060289382937,1.4925999641418457,0
4797,2024-10-21,1.488800048828125,1.5023590326309204,1.48738694190979,1.488800048828125,0
4798,2024-10-22,1.503059983253479,1.5033999681472778,1.4937410354614258,1.503059983253479,0
4799,2024-10-23,1.495663046836853,1.5085699558258057,1.4940979480743408,1.495663046836853,0
4800,2024-10-24,1.506932020187378,1.5098210573196411,1.501099944114685,1.506932020187378,0
4801,2024-10-25,1.506700038909912,1.5106420516967771,1.504438042640686,1.506700038909912,0
4802,2024-10-28,1.5143699645996094,1.5197299718856812,1.5125999450683594,1.5143699645996094,0
4803,2024-10-29,1.5191400051116943,1.5276739597320557,1.5183720588684082,1.5191400051116943,0
4804,2024-10-30,1.523692965507507,1.5296599864959717,1.5162080526351929,1.523692965507507,0
4805,2024-10-31,1.521422028541565,1.528939962387085,1.5197570323944092,1.521422028541565,0
4806,2024-11-01,1.5204960107803345,1.5249710083007812,1.517266035079956,1.5204960107803345,0
4807,2024-11-04,1.517009973526001,1.5195950269699097,1.510800004005432,1.517009973526001,0
4808,2024-11-05,1.5188100337982178,1.5197570323944092,1.505344033241272,1.5188100337982178,0
4809,2024-11-06,1.5056840181350708,1.5348700284957886,1.5054349899291992,1.5056840181350708,0
4810,2024-11-07,1.522765040397644,1.523229956626892,1.4952399730682373,1.522765040397644,0
4811,2024-11-08,1.4977200031280518,1.5218379497528076,1.4976789951324463,1.4977200031280518,0
4812,2024-11-11,1.5187000036239624,1.5229300260543823,1.5156110525131226,1.5187000036239624,0
4813,2024-11-12,1.5203100442886353,1.5333900451660156,1.519987940788269,1.5203100442886353,0
4814,2024-11-13,1.53153395652771,1.5428049564361572,1.5281599760055542,1.53153395652771,0
4815,2024-11-14,1.5401899814605713,1.5494990348815918,1.5389349460601809,1.5401899814605713,0
4816,2024-11-15,1.5490670204162598,1.5518310070037842,1.5426150560379028,1.5490670204162598,0
4817,2024-11-18,1.5471700429916382,1.550747990608215,1.538699984550476,1.5471700429916382,0
4818,2024-11-19,1.5370659828186035,1.5422580242156982,1.532120943069458,1.5370659828186035,0
4819,2024-11-20,1.5287009477615356,1.5419960021972656,1.527649998664856,1.5287009477615356,0
4820,2024-11-21,1.5351550579071045,1.5386040210723877,1.5302220582962036,1.5351550579071045,0
4821,2024-11-22,1.5360300540924072,1.54454505443573,1.5333000421524048,1.5360300540924072,0
4822,2024-11-25,1.5290800333023071,1.5413800477981567,1.5268800258636477,1.5290800333023071,0
4823,2024-11-26,1.547078013420105,1.5539530515670776,1.53678297996521,1.547078013420105,0
4824,2024-11-27,1.5443600416183472,1.54659903049469,1.5386040210723877,1.5443600416183472,0
4825,2024-11-28,1.5391199588775637,1.543570041656494,1.5363110303878784,1.5391199588775637,0
4826,2024-11-29,1.5367120504379272,1.539147973060608,1.532073974609375,1.5367120504379272,0
4827,2024-12-02,1.5378899574279783,1.5519269704818726,1.535889983177185,1.5379899740219116,0
4828,2024-12-03,1.5443300008773804,1.5485869646072388,1.5373740196228027,1.544350028038025,0
4829,2024-12-04,1.5419000387191772,1.5622800588607788,1.5407999753952026,1.5419490337371826,0
4830,2024-12-05,1.5544999837875366,1.556980013847351,1.5496670007705688,1.5547510385513306,0
4831,2024-12-06,1.5504120588302612,1.5674959421157837,1.5503400564193726,1.5503400564193726,0
4832,2024-12-09,1.5625200271606443,1.567199945449829,1.5451170206069946,1.563230037689209,0
4833,2024-12-10,1.5533000230789185,1.5708199739456177,1.5529999732971191,1.5534499883651731,0
4834,2024-12-11,1.5683809518814087,1.577834963798523,1.5650899410247805,1.5684549808502195,0
4835,2024-12-12,1.5664399862289429,1.5701299905776978,1.555359959602356,1.5666120052337646,0
4836,2024-12-13,1.5686269998550415,1.5742080211639404,1.56666100025177,1.5700559616088867,0
4837,2024-12-16,1.5705699920654297,1.5756700038909912,1.5661710500717163,1.5702799558639526,0
4838,2024-12-17,1.568282961845398,1.5790059566497805,1.5671520233154297,1.5681849718093872,0
4839,2024-12-18,1.5770000219345093,1.5872260332107544,1.577286958694458,1.5777100324630735,0
4840,2024-12-19,1.611292004585266,1.6125400066375732,1.5960899591445925,1.610772967338562,0
4841,2024-12-20,1.6041070222854614,1.6089069843292236,1.595579981803894,1.604364037513733,0
4842,2024-12-23,1.5992599725723269,1.6077430248260498,1.595900058746338,1.5989500284194946,0
4843,2024-12-24,1.6013000011444092,1.6064000129699707,1.600160002708435,1.6015889644622805,0
4844,2024-12-25,1.6028000116348269,1.6051000356674194,1.5043480396270752,1.602563977241516,0
4845,2024-12-26,1.60139000415802,1.6086740493774414,1.5984649658203125,1.6010249853134155,0
4846,2024-12-27,1.6069400310516355,1.612565040588379,1.6059099435806274,1.606760025024414,0
4847,2024-12-30,1.6064000129699707,1.6120970249176023,1.600870966911316,1.606660008430481,0
4848,2024-12-31,1.6077170372009275,1.6175470352172852,1.604599952697754,1.608078956604004,0
4849,2025-01-02,1.6144130229949951,1.615820050239563,1.6070189476013184,1.6139440536499023,0
4850,2025-01-03,1.6126949787139893,1.613319993019104,1.606369972229004,1.612460017204285,0
4851,2025-01-06,1.6076899766921997,1.6078499555587769,1.5868990421295166,1.607409954071045,0
4852,2025-01-07,1.6027950048446655,1.6031039953231812,1.5904569625854492,1.6029499769210815,0
4853,2025-01-08,1.6038700342178345,1.6159789562225342,1.6017940044403076,1.603950023651123,0
4854,2025-01-09,1.6098899841308594,1.6199580430984497,1.6095000505447388,1.6097400188446045,0
4855,2025-01-10,1.6155869960784912,1.6282140016555786,1.610564947128296,1.614987015724182,0
4856,2025-01-13,1.624699950218201,1.6307100057601929,1.6223230361938477,1.6249099969863892,0
4857,2025-01-14,1.61496102809906,1.6211899518966677,1.611135959625244,1.6152700185775757,0
4858,2025-01-15,1.615090012550354,1.6175990104675293,1.600896954536438,1.6151700019836426,0
4859,2025-01-16,1.6037460565567017,1.6145440340042114,1.6019740104675293,1.6032999753952026,0
4860,2025-01-17,1.6102279424667358,1.622059941291809,1.606039047241211,1.6103800535202026,0
4861,2025-01-20,1.6140999794006348,1.6136319637298584,1.5909630060195925,1.6133500337600708,0
4862,2025-01-21,1.5921030044555664,1.6099690198898315,1.5901789665222168,1.592051982879639,0
4863,2025-01-22,1.5969300270080566,1.598950982093811,1.588386058807373,1.5964499711990356,0
4864,2025-01-23,1.5936249494552612,1.5984649658203125,1.588865041732788,1.5939600467681885,0
4865,2025-01-24,1.5915299654006958,1.5925339460372925,1.5790300369262695,1.5914700031280518,0
4866,2025-01-27,1.5890899896621704,1.5933719873428345,1.5855400562286377,1.5887900590896606,0
4867,2025-01-28,1.5964750051498413,1.6029800176620483,1.5936000347137451,1.5975970029830933,0
4868,2025-01-29,1.598829984664917,1.6100499629974363,1.5982099771499634,1.5993599891662598,0
4869,2025-01-30,1.602620005607605,1.6088030338287354,1.6010249853134155,1.6027400493621826,0
4870,2025-01-31,1.6090099811553955,1.611340045928955,1.60166597366333,1.6092400550842283,0
4871,2025-02-03,1.6275500059127808,1.6423059701919556,1.6138099431991575,1.6280800104141235,0
4872,2025-02-04,1.608389973640442,1.620378017425537,1.5975199937820437,1.6080000400543213,0
4873,2025-02-05,1.5997200012207031,1.6024359464645386,1.5881799459457395,1.59961998462677,0
4874,2025-02-06,1.5909700393676758,1.5985419750213623,1.590330958366394,1.5908000469207764,0
4875,2025-02-07,1.5918999910354614,1.5975719690322876,1.587049961090088,1.5918999910354614,0
4876,2025-02-10,1.5977250337600708,1.5992100238800049,1.5900779962539673,1.5977200269699097,0
4877,2025-02-11,1.5945700407028198,1.5971629619598389,1.588107943534851,1.5945500135421753,0
4878,2025-02-12,1.587730050086975,1.6033610105514526,1.5848000049591064,1.5879299640655518,0
4879,2025-02-13,1.591599941253662,1.5986700057983398,1.586300015449524,1.5916500091552734,0
4880,2025-02-14,1.583050012588501,1.5843299627304075,1.5705000162124634,1.5828800201416016,0
4881,2025-02-17,1.5731899738311768,1.573740005493164,1.5681350231170654,1.5732200145721436,0
4882,2025-02-18,1.57328999042511,1.5779600143432615,1.5710920095443726,1.572574019432068,0
4883,2025-02-19,1.5740300416946411,1.577510952949524,1.5698590278625488,1.573564052581787,0
4884,2025-02-20,1.5769699811935425,1.5797799825668335,1.5632330179214478,1.576889991760254,0
4885,2025-02-21,1.5614999532699585,1.5696860551834106,1.560768961906433,1.5609999895095823,0
4886,2025-02-24,1.5697799921035769,1.5760940313339231,1.5644999742507937,1.5700299739837646,0
4887,2025-02-25,1.5777599811553955,1.5807030200958252,1.5728000402450562,1.5772900581359863,0
4888,2025-02-26,1.5740900039672852,1.5872260332107544,1.5739699602127075,1.5743099451065063,0
4889,2025-02-27,1.584589958190918,1.5998460054397583,1.5840330123901367,1.5850399732589722,0
4890,2025-02-28,1.6045700311660769,1.6109299659729004,1.6029800176620483,1.6044700145721436,0
4891,2025-03-03,1.6075400114059448,1.610509991645813,1.5997200012207031,1.6076699495315552,0
4892,2025-03-04,1.6088000535964966,1.6159499883651731,1.601613998413086,1.6087499856948853,0
4893,2025-03-05,1.5949000120162964,1.603824019432068,1.5819000005722046,1.595460057258606,0
4894,2025-03-06,1.5777599811553955,1.581380009651184,1.5721789598464966,1.5779099464416504,0
4895,2025-03-07,1.5792100429534912,1.5912419557571411,1.5775359869003296,1.579300045967102,0
4896,2025-03-10,1.5863200426101685,1.5870200395584106,1.5794999599456787,1.5865700244903564,0
4897,2025-03-11,1.592479944229126,1.597239971160889,1.587805986404419,1.5921000242233276,0
4898,2025-03-12,1.588490009307861,1.5929909944534302,1.5820029973983765,1.5881799459457395,0
4899,2025-03-13,1.5803799629211426,1.5949729681015017,1.5782829523086548,1.5799800157546997,0
4900,2025-03-14,1.5904799699783323,1.592640042304993,1.5802780389785769,1.5906800031661987,0
4901,2025-03-17,1.5807299613952637,1.581779956817627,1.5684000253677368,1.5808500051498413,0
4902,2025-03-18,1.5669100284576416,1.576019048690796,1.564460039138794,1.5668100118637085,0
4903,2025-03-19,1.572029948234558,1.5818029642105105,1.570099949836731,1.5719300508499146,0
4904,2025-03-20,1.571310043334961,1.5941590070724487,1.5713599920272827,1.5714399814605713,0
4905,2025-03-21,1.5863200426101685,1.5973169803619385,1.5855400562286377,1.58650004863739,0
4906,2025-03-24,1.590250015258789,1.594133973121643,1.5859999656677246,1.5901800394058228,0
4907,2025-03-25,1.5908600091934204,1.5925849676132202,1.5809500217437744,1.590630054473877,0
4908,2025-03-26,1.5850369930267334,1.5915000438690186,1.5792800188064575,1.5852890014648438,0
4909,2025-03-27,1.5905799865722656,1.5906599760055542,1.582028031349182,1.5906599760055542,0
4910,2025-03-28,1.586899995803833,1.592051982879639,1.5843340158462524,1.587049961090088,0
4911,2025-03-31,1.5916199684143066,1.607923984527588,1.5872000455856323,1.5917199850082395,0
4912,2025-04-01,1.60207998752594,1.6044670343399048,1.5917500257492063,1.6024600267410278,0
4913,2025-04-02,1.5899300575256348,1.5940070152282717,1.5829999446868896,1.590149998664856,0
4914,2025-04-03,1.5962460041046145,1.598006010055542,1.5657299757003784,1.596400022506714,0
4915,2025-04-04,1.5814000368118286,1.6625699996948242,1.5793999433517456,1.580680012702942,0
4916,2025-04-07,1.6700899600982666,1.6781100034713743,1.6355639696121216,1.6675000190734863,0
4917,2025-04-08,1.667330026626587,1.6713190078735352,1.6435470581054688,1.668720006942749,0
4918,2025-04-09,1.6791800260543823,1.6883100271224976,1.650545954704285,1.6792609691619873,0
4919,2025-04-10,1.6303600072860718,1.6343339681625366,1.600409984588623,1.6294599771499634,0
4920,2025-04-11,1.6068400144577026,1.6175730228424072,1.5911200046539309,1.6065000295639038,0
4921,2025-04-14,1.586969971656799,1.5928889513015747,1.576043963432312,1.585790991783142,0
4922,2025-04-15,1.5822999477386477,1.582450032234192,1.566809058189392,1.582450032234192,0
4923,2025-04-16,1.5778100490570068,1.5792800188064575,1.564769983291626,1.5775359869003296,0
4924,2025-04-17,1.5691200494766235,1.5787060260772705,1.564725041389465,1.5699299573898315,0
4925,2025-04-22,1.5571500062942505,1.5677670240402222,1.5525540113449097,1.557289958000183,0
4926,2025-04-23,1.568331956863403,1.569193959236145,1.5554800033569336,1.5680400133132937,0
4927,2025-04-24,1.571020007133484,1.576043963432312,1.5610369443893433,1.5714900493621826,0
4928,2025-04-25,1.561650037765503,1.568578004837036,1.558069944381714,1.5620900392532349,0
4929,2025-04-28,1.5664000511169434,1.5701550245285034,1.5552599430084229,1.566830039024353,0
4930,2025-04-29,1.555500030517578,1.5682339668273926,1.5506759881973269,1.5556199550628662,0
4931,2025-04-30,1.5657000541687012,1.5729700326919556,1.5578999519348145,1.5651999711990356,0
4932,2025-05-01,1.559309959411621,1.5703020095825195,1.5561100244522097,1.559620022773743,0
4933,2025-05-02,1.5657299757003784,1.5665099620819092,1.545642971992493,1.5659500360488892,0
4934,2025-05-05,1.55145001411438,1.5539000034332275,1.539883017539978,1.5516899824142456,0
4935,2025-05-06,1.5476499795913696,1.553109049797058,1.5411880016326904,1.547652006149292,0
4936,2025-05-07,1.5368800163269043,1.5486830472946167,1.535933017730713,1.5372320413589478,0
4937,2025-05-08,1.5540499687194824,1.5615999698638916,1.5467400550842283,1.554919958114624,0
4938,2025-05-09,1.5643099546432495,1.5691200494766235,1.555109977722168,1.5638200044631958,0
4939,2025-05-12,1.5574100017547607,1.570992946624756,1.5502899885177612,1.55771005153656,0
4940,2025-05-13,1.5694199800491333,1.5717300176620483,1.5447100400924685,1.569100022315979,0
4941,2025-05-14,1.5449700355529783,1.5531569719314575,1.5382250547409058,1.5447100400924685,0
4942,2025-05-15,1.555500030517578,1.5644999742507937,1.549186944961548,1.5557899475097656,0
4943,2025-05-16,1.5610899925231934,1.5652400255203247,1.5532770156860352,1.5614299774169922,0
4944,2025-05-19,1.560062050819397,1.562769055366516,1.546862006187439,1.5595760345458984,0
4945,2025-05-20,1.54899001121521,1.564329981803894,1.548946976661682,1.548946976661682,0
4946,2025-05-21,1.5561779737472534,1.5567840337753296,1.546429991722107,1.556149959564209,0
4947,2025-05-22,1.554460048675537,1.5605249404907229,1.5484429597854614,1.5544099807739258,0
4948,2025-05-23,1.5601099729537964,1.560230016708374,1.5434240102767944,1.5600099563598633,0
4949,2025-05-26,1.5381799936294556,1.5397599935531616,1.52961003780365,1.5378700494766235,0
4950,2025-05-27,1.5429699420928955,1.5539530515670776,1.5391720533370972,1.5430699586868286,0
4951,2025-05-28,1.5510799884796145,1.5598700046539309,1.548946976661682,1.550819993019104,0
4952,2025-05-29,1.5563700199127195,1.5602329969406128,1.5477479696273804,1.5571999549865725,0
4953,2025-05-30,1.5513499975204468,1.5605249404907229,1.5497900247573853,1.5516400337219238,0
4954,2025-06-02,1.5520199537277222,1.5520199537277222,1.5383909940719604,1.5520199537277222,0
4955,2025-06-03,1.5388400554656982,1.550555944442749,1.5386300086975098,1.538699984550476,0
4956,2025-06-04,1.54653000831604,1.5499789714813232,1.537500023841858,1.5467699766159058,0
4957,2025-06-05,1.5406700372695925,1.5416630506515503,1.5292860269546509,1.5408300161361694,0
4958,2025-06-06,1.535979986190796,1.5431619882583618,1.5341999530792236,1.535789966583252,0
4959,2025-06-09,1.538409948348999,1.539692997932434,1.530385971069336,1.5385799407958984,0
4960,2025-06-10,1.534188985824585,1.5405950546264648,1.5306999683380127,1.534566044807434,0
4961,2025-06-11,1.5320500135421753,1.538699984550476,1.5278600454330444,1.531630039215088,0
4962,2025-06-12,1.5362160205841064,1.5437819957733154,1.5307140350341797,1.5362399816513062,0
4963,2025-06-13,1.53186297416687,1.5479899644851685,1.531980037689209,1.531980037689209,0
4964,2025-06-16,1.5384620428085327,1.546239972114563,1.5255999565124512,1.5405499935150146,0
4965,2025-06-17,1.5358619689941406,1.537727952003479,1.528120040893555,1.535578966140747,0
4966,2025-06-18,1.5432579517364502,1.543496012687683,1.5328019857406616,1.5429240465164185,0
4967,2025-06-19,1.5367100238800049,1.5510369539260864,1.535899996757507,1.536687970161438,0
4968,2025-06-20,1.5411200523376465,1.5497900247573853,1.5393999814987185,1.5416899919509888,0
4969,2025-06-23,1.5511800050735474,1.5689970254898071,1.5510599613189695,1.5510599613189695,0
4970,2025-06-24,1.5437339544296265,1.545094013214111,1.5341399908065796,1.5432000160217283,0
4971,2025-06-25,1.539409041404724,1.5418540239334106,1.5360980033874512,1.5396219491958618,0
4972,2025-06-26,1.5330100059509275,1.5358150005340576,1.5246230363845823,1.5335780382156372,0
4973,2025-06-27,1.5275800228118896,1.5328500270843506,1.523692965507507,1.5271600484848022,0
4974,2025-06-30,1.5306400060653689,1.5328019857406616,1.5215400457382202,1.530500054359436,0
4975,2025-07-01,1.52020001411438,1.5250179767608645,1.516800045967102,1.5205199718475342,0
4976,2025-07-02,1.5190399885177612,1.5278799533843994,1.5185999870300293,1.5197800397872925,0
4977,2025-07-03,1.5190869569778442,1.5294729471206665,1.5181419849395752,1.5190000534057615,0
4978,2025-07-04,1.520380973815918,1.5275800228118896,1.5197570323944092,1.5205429792404177,0
4979,2025-07-07,1.5262999534606934,1.541592001914978,1.526110053062439,1.5268800258636477,0
4980,2025-07-08,1.537019968032837,1.5367590188980105,1.5266499519348145,1.5366400480270386,0
4981,2025-07-09,1.5326800346374512,1.535770058631897,1.5273200273513794,1.532829999923706,0
4982,2025-07-10,1.5300099849700928,1.5302499532699585,1.521399974822998,1.529960036277771,0
4983,2025-07-11,1.5165300369262695,1.524899959564209,1.5165799856185913,1.5166000127792358,0
4984,2025-07-14,1.52020001411438,1.5269739627838137,1.5176810026168823,1.5201300382614136,0
4985,2025-07-15,1.5279500484466553,1.5362399816513062,1.520959973335266,1.528090000152588,0
4986,2025-07-16,1.5339800119400024,1.539430022239685,1.5263910293579102,1.5333900451660156,0
4987,2025-07-17,1.532567024230957,1.5489699840545654,1.5329400300979614,1.5329400300979614,0
4988,2025-07-18,1.53889000415802,1.5391499996185305,1.5288900136947632,1.5388200283050537,0
4989,2025-07-20,1.535599946975708,1.535599946975708,1.535599946975708,1.535599946975708,0
