,price,close,high,low,open,volume
0,2003-12-01,0.8357700109481812,0.8372399806976318,0.830560028553009,0.8309800028800964,0
1,2003-12-02,0.8271999955177307,0.8371000289916992,0.8258299827575684,0.8360499739646912,0
2,2003-12-03,0.8248800039291382,0.8280199766159058,0.824400007724762,0.8271300196647644,0
3,2003-12-04,0.827750027179718,0.8302900195121765,0.8234500288963318,0.8250799775123596,0
4,2003-12-05,0.8205500245094299,0.8287799954414368,0.8202800154685974,0.8279500007629395,0
5,2003-12-08,0.8183299899101257,0.8227699995040894,0.8169900178909302,0.8218299746513367,0
6,2003-12-09,0.8163300156593323,0.8198099732398987,0.8145300149917603,0.8182600140571594,0
7,2003-12-10,0.8202800154685974,0.8222299814224243,0.8152599930763245,0.8163899779319763,0
8,2003-12-11,0.8180599808692932,0.8248800039291382,0.817330002784729,0.8202800154685974,0
9,2003-12-12,0.8144000172615051,0.8187999725341797,0.8126099705696106,0.8178600072860718,0
10,2003-12-15,0.8116899728775024,0.821150004863739,0.8113600015640259,0.8205500245094299,0
11,2003-12-16,0.8115599751472473,0.8126800060272217,0.8091300129890442,0.8120800256729126,0
12,2003-12-17,0.8063200116157532,0.8130099773406982,0.8051499724388123,0.8116899728775024,0
13,2003-12-18,0.8049600124359131,0.8086699843406677,0.8037300109863281,0.8063200116157532,0
14,2003-12-19,0.8074300289154053,0.8096500039100647,0.8041800260543823,0.8050199747085571,0
15,2003-12-22,0.8065199851989746,0.8092600107192993,0.8034700155258179,0.8092600107192993,0
16,2003-12-23,0.8064500093460083,0.8072299957275391,0.789139986038208,0.8065199851989746,0
17,2003-12-24,0.8030200004577637,0.8064500093460083,0.801800012588501,0.8063899874687195,0
18,2003-12-25,0.8033400177955627,0.803659975528717,0.8019199967384338,0.8027600049972534,0
19,2003-12-26,0.8043799996376038,0.8047000169754028,0.801859974861145,0.8032100200653076,0
20,2003-12-29,0.8010299801826477,0.8045099973678589,0.7994899749755859,0.8042500019073486,0
21,2003-12-30,0.7968800067901611,0.8010900020599365,0.795989990234375,0.8008999824523926,0
22,2003-12-31,0.7942799925804138,0.7980800271034241,0.7905799746513367,0.79680997133255,0
23,2004-01-01,0.7947900295257568,0.8016700148582458,0.793150007724762,0.7942799925804138,0
24,2004-01-02,0.7947900295257568,0.7982800006866455,0.791890025138855,0.7947900295257568,0
25,2004-01-05,0.7882099747657776,0.7913299798965454,0.7877699732780457,0.7911999821662903,0
26,2004-01-06,0.7860999703407288,0.789139986038208,0.7807599902153015,0.7880799770355225,0
27,2004-01-07,0.7910799980163574,0.7920799851417542,0.7849299907684326,0.7859200239181519,0
28,2004-01-08,0.7827799916267395,0.7958599925041199,0.782039999961853,0.7910799980163574,0
29,2004-01-09,0.7776700258255005,0.7865999937057495,0.777180016040802,0.7827799916267395,0
30,2004-01-12,0.7848700284957886,0.7850499749183655,0.7753700017929077,0.7783300280570984,0
31,2004-01-13,0.7821099758148193,0.7862300276756287,0.7814300060272217,0.7846800088882446,0
32,2004-01-14,0.7904499769210815,0.8060600161552429,0.7819799780845642,0.7819799780845642,0
33,2004-01-15,0.7935900092124939,0.7956100106239319,0.7892000079154968,0.7901399731636047,0
34,2004-01-16,0.8065800070762634,0.8087999820709229,0.7930200099945068,0.7936499714851379,0
35,2004-01-19,0.8094499707221985,0.8103700280189514,0.804889976978302,0.8072999715805054,0
36,2004-01-20,0.7943400144577026,0.809719979763031,0.7935199737548828,0.8096500039100647,0
37,2004-01-21,0.7899500131607056,0.795799970626831,0.7892699837684631,0.7948499917984009,0
38,2004-01-22,0.7858499884605408,0.7908300161361694,0.7843800187110901,0.7900099754333496,0
39,2004-01-23,0.7947199940681458,0.7955399751663208,0.7827200293540955,0.7859200239181519,0
40,2004-01-26,0.8007699847221375,0.8025000095367432,0.792959988117218,0.795229971408844,0
41,2004-01-27,0.7913299798965454,0.803409993648529,0.7898899912834167,0.8008999824523926,0
42,2004-01-28,0.8037300109863281,0.8051499724388123,0.7908899784088135,0.7915099859237671,0
43,2004-01-29,0.8058000206947327,0.8083400130271912,0.7982800006866455,0.8037899732589722,0
44,2004-01-30,0.802049994468689,0.8093900084495544,0.8009600043296814,0.8058000206947327,0
45,2004-02-02,0.8043100237846375,0.8067100048065186,0.8011500239372253,0.8015400171279907,0
46,2004-02-03,0.7977700233459473,0.7996799945831299,0.7961099743843079,0.7975800037384033,0
47,2004-02-04,0.7974500060081482,0.7996799945831299,0.7961099743843079,0.7970700263977051,0
48,2004-02-05,0.7954199910163879,0.7984700202941895,0.7913900017738342,0.7975800037384033,0
49,2004-02-06,0.7874000072479248,0.7987899780273438,0.7857900261878967,0.7955399751663208,0
50,2004-02-09,0.7877699732780457,0.7901999950408936,0.7838799953460693,0.7901999950408936,0
51,2004-02-10,0.7883300185203552,0.7890200018882751,0.782039999961853,0.7878400087356567,0
52,2004-02-11,0.779420018196106,0.7900099754333496,0.7783899903297424,0.7884600162506104,0
53,2004-02-12,0.7801499962806702,0.7814900279045105,0.7783899903297424,0.7792400121688843,0
54,2004-02-13,0.7856699824333191,0.7858499884605408,0.7757999897003174,0.780210018157959,0
55,2004-02-16,0.7833899855613708,0.7860400080680847,0.7818599939346313,0.7855499982833862,0
56,2004-02-17,0.7777299880981445,0.7835100293159485,0.7765200138092041,0.7834500074386597,0
57,2004-02-18,0.7858499884605408,0.7895200252532959,0.7738699913024902,0.7774199843406677,0
58,2004-02-19,0.7838799953460693,0.7898899912834167,0.783270001411438,0.785610020160675,0
59,2004-02-20,0.7973200082778931,0.799809992313385,0.7836400270462036,0.7838199734687805,0
60,2004-02-23,0.7954199910163879,0.8027600049972534,0.7940300107002258,0.7999399900436401,0
61,2004-02-24,0.7887700200080872,0.7981500029563904,0.7867199778556824,0.7954199910163879,0
62,2004-02-25,0.8001899719238281,0.8010299801826477,0.7871500253677368,0.7887099981307983,0
63,2004-02-26,0.8033400177955627,0.8066499829292297,0.7988499999046326,0.7999399900436401,0
64,2004-02-27,0.8003799915313721,0.8076900243759155,0.7995499968528748,0.8033400177955627,0
65,2004-03-01,0.8033400177955627,0.8045099973678589,0.7973799705505371,0.797510027885437,0
66,2004-03-02,0.8194000124931335,0.8194699883460999,0.8032100200653076,0.8032100200653076,0
67,2004-03-03,0.8202800154685974,0.8285700082778931,0.8183299899101257,0.8195400238037109,0
68,2004-03-04,0.8191999793052673,0.8235200047492981,0.8169299960136414,0.8200799822807312,0
69,2004-03-05,0.8085399866104126,0.8210200071334839,0.8047000169754028,0.8193399906158447,0
70,2004-03-08,0.8047599792480469,0.8099799752235413,0.8047599792480469,0.8087300062179565,0
71,2004-03-09,0.8117499947547913,0.8138700127601624,0.8023099899291992,0.8047599792480469,0
72,2004-03-10,0.8175299763679504,0.8191999793052673,0.8023099899291992,0.8047599792480469,0
73,2004-03-11,0.8096500039100647,0.8214200139045715,0.8077499866485596,0.8175299763679504,0
74,2004-03-12,0.8180599808692932,0.8210899829864502,0.8094499707221985,0.809719979763031,0
75,2004-03-15,0.8148599863052368,0.8187999725341797,0.8120800256729126,0.8187299966812134,0
76,2004-03-16,0.8155900239944458,0.8165900111198425,0.8082799911499023,0.815060019493103,0
77,2004-03-17,0.8178600072860718,0.8208199739456177,0.813539981842041,0.8156599998474121,0
78,2004-03-18,0.8071699738502502,0.8179299831390381,0.8052200078964233,0.8178600072860718,0
79,2004-03-19,0.815060019493103,0.8153899908065796,0.8059999942779541,0.8072999715805054,0
80,2004-03-22,0.8099799752235413,0.8178600072860718,0.8067100048065186,0.8145300149917603,0
81,2004-03-23,0.8100399971008301,0.8148000240325928,0.8084099888801575,0.8099799752235413,0
82,2004-03-24,0.8237900137901306,0.8256999850273132,0.8084099888801575,0.8099799752235413,0
83,2004-03-25,0.823930025100708,0.8259000182151794,0.8198699951171875,0.8237199783325195,0
84,2004-03-26,0.8246099948883057,0.8271300196647644,0.8190000057220459,0.8238599896430969,0
85,2004-03-29,0.8219599723815918,0.8288400173187256,0.821690022945404,0.8254899978637695,0
86,2004-03-30,0.8206800222396851,0.8226400017738342,0.8179299831390381,0.8219599723815918,0
87,2004-03-31,0.8121500015258789,0.8212900161743164,0.8115599751472473,0.8208799958229065,0
88,2004-04-01,0.8087300062179565,0.8157299757003784,0.8074300289154053,0.8122199773788452,0
89,2004-04-02,0.8244699835777283,0.8259000182151794,0.8082799911499023,0.8086699843406677,0
90,2004-04-05,0.8324300050735474,0.8340299725532532,0.8246700167655945,0.8254200220108032,0
91,2004-04-06,0.8243299722671509,0.8341000080108643,0.8233199715614319,0.8320900201797485,0
92,2004-04-07,0.8219599723815918,0.829259991645813,0.8198099732398987,0.824400007724762,0
93,2004-04-08,0.8280199766159058,0.8287100195884705,0.8185300230979919,0.8220999836921692,0
94,2004-04-09,0.8274000287055969,0.8287100195884705,0.8255599737167358,0.8278800249099731,0
95,2004-04-12,0.8282899856567383,0.8293200135231018,0.8267199993133545,0.8270599842071533,0
96,2004-04-13,0.837660014629364,0.8396300077438354,0.8276100158691406,0.8282899856567383,0
97,2004-04-14,0.8370299935340881,0.8419600129127502,0.8352100253105164,0.8378700017929077,0
98,2004-04-15,0.8342400193214417,0.8403400182723999,0.8340299725532532,0.8371000289916992,0
99,2004-04-16,0.8331300020217896,0.8381500244140625,0.8300099968910217,0.8341699838638306,0
100,2004-04-19,0.8328499794006348,0.8331300020217896,0.8279500007629395,0.8319500088691711,0
101,2004-04-20,0.8440200090408325,0.8454499840736389,0.8319500088691711,0.8341699838638306,0
102,2004-04-21,0.8467400074005127,0.8459500074386597,0.8394899964332581,0.8440200090408325,0
103,2004-04-22,0.8385699987411499,0.8481000065803528,0.8381500244140625,0.8469600081443787,0
104,2004-04-23,0.8438799977302551,0.8473100066184998,0.8375899791717529,0.8387200236320496,0
105,2004-04-26,0.8430299758911133,0.8499799966812134,0.8412600159645081,0.8473899960517883,0
106,2004-04-27,0.8382899761199951,0.8448100090026855,0.8371000289916992,0.842960000038147,0
107,2004-04-28,0.8443800210952759,0.8454499840736389,0.8372399806976318,0.8381500244140625,0
108,2004-04-29,0.8361200094223022,0.8468800187110901,0.8343799710273743,0.8443800210952759,0
109,2004-04-30,0.8345199823379517,0.8382899761199951,0.8329899907112122,0.8361899852752686,0
110,2004-05-03,0.8378000259399414,0.8385699987411499,0.8334699869155884,0.8337500095367432,0
111,2004-05-04,0.8260999917984009,0.8378700017929077,0.8252900242805481,0.8378000259399414,0
112,2004-05-05,0.8224400281906128,0.8263099789619446,0.821150004863739,0.8260999917984009,0
113,2004-05-06,0.8280199766159058,0.8285700082778931,0.8213599920272827,0.8224400281906128,0
114,2004-05-07,0.8417500257492065,0.8421099781990051,0.8273400068283081,0.8279500007629395,0
115,2004-05-10,0.8441699743270874,0.846310019493103,0.840690016746521,0.840690016746521,0
116,2004-05-11,0.8416100144386292,0.8477399945259094,0.840969979763031,0.8441699743270874,0
117,2004-05-12,0.8399800062179565,0.8447399735450745,0.8374500274658203,0.8417500257492065,0
118,2004-05-13,0.8471699953079224,0.8489000201225281,0.8381500244140625,0.8398399949073792,0
119,2004-05-14,0.8416100144386292,0.8482499718666077,0.8407599925994873,0.8471699953079224,0
120,2004-05-17,0.83160001039505,0.8416100144386292,0.829259991645813,0.840690016746521,0
121,2004-05-18,0.8371700048446655,0.8378000259399414,0.8306999802589417,0.8316699862480164,0
122,2004-05-19,0.8330600261688232,0.8372399806976318,0.8306300044059753,0.8372399806976318,0
123,2004-05-20,0.836329996585846,0.8402699828147888,0.832360029220581,0.8330600261688232,0
124,2004-05-21,0.8313900232315063,0.836329996585846,0.8286399841308594,0.8361899852752686,0
125,2004-05-24,0.8334000110626221,0.8375899791717529,0.83160001039505,0.8332599997520447,0
126,2004-05-25,0.8263800144195557,0.8341699838638306,0.8246700167655945,0.8334699869155884,0
127,2004-05-26,0.8256999850273132,0.827269971370697,0.8237199783325195,0.8263800144195557,0
128,2004-05-27,0.8145999908447266,0.8269199728965759,0.8139299750328064,0.825760006904602,0
129,2004-05-28,0.8184599876403809,0.8191999793052673,0.8133999705314636,0.8148000240325928,0
130,2004-05-31,0.8197399973869324,0.8208799958229065,0.8166599869728088,0.8169900178909302,0
131,2004-06-01,0.8166599869728088,0.8223699927330017,0.8153300285339355,0.8197399973869324,0
132,2004-06-02,0.8184000253677368,0.8190000057220459,0.8126800060272217,0.8165900111198425,0
133,2004-06-03,0.8182600140571594,0.8212900161743164,0.8161900043487549,0.8184000253677368,0
134,2004-06-04,0.8146600127220154,0.820609986782074,0.8130099773406982,0.8184000253677368,0
135,2004-06-07,0.8118199706077576,0.8124099969863892,0.8103700280189514,0.8118199706077576,0
136,2004-06-08,0.8155900239944458,0.8163300156593323,0.809719979763031,0.8114200234413147,0
137,2004-06-09,0.8303599953651428,0.8313900232315063,0.8146600127220154,0.815530002117157,0
138,2004-06-10,0.8258299827575684,0.8310499787330627,0.8253499865531921,0.8302199840545654,0
139,2004-06-11,0.83228999376297,0.835349977016449,0.8256999850273132,0.8260999917984009,0
140,2004-06-14,0.8290500044822693,0.836329996585846,0.827269971370697,0.8355600237846375,0
141,2004-06-15,0.8219599723815918,0.8309800028800964,0.8216300010681152,0.8293200135231018,0
142,2004-06-16,0.8328499794006348,0.8342400193214417,0.8218299746513367,0.8219599723815918,0
143,2004-06-17,0.8309800028800964,0.8335400223731995,0.8280900120735168,0.8329899907112122,0
144,2004-06-18,0.8233799934387207,0.8348600268363953,0.8231099843978882,0.8310499787330627,0
145,2004-06-21,0.8246700167655945,0.827750027179718,0.8233199715614319,0.8238599896430969,0
146,2004-06-22,0.8249499797821045,0.828499972820282,0.8242700099945068,0.8247399926185608,0
147,2004-06-23,0.8274000287055969,0.8282899856567383,0.8203399777412415,0.8250100016593933,0
148,2004-06-24,0.8214200139045715,0.8301500082015991,0.8203399777412415,0.827269971370697,0
149,2004-06-25,0.8194699883460999,0.8255599737167358,0.8194699883460999,0.8216300010681152,0
150,2004-06-28,0.8205500245094299,0.8245400190353394,0.8178600072860718,0.8213599920272827,0
151,2004-06-29,0.8265799880027771,0.8281599879264832,0.8202800154685974,0.8205500245094299,0
152,2004-06-30,0.8207499980926514,0.8286399841308594,0.8194699883460999,0.8267899751663208,0
153,2004-07-01,0.8222299814224243,0.8237900137901306,0.819130003452301,0.8208199739456177,0
154,2004-07-02,0.812279999256134,0.8231099843978882,0.8110299706459045,0.8222299814224243,0
155,2004-07-05,0.8130099773406982,0.8146600127220154,0.8108999729156494,0.8110299706459045,0
156,2004-07-06,0.8140000104904175,0.8149300217628479,0.8111000061035156,0.8130099773406982,0
157,2004-07-07,0.8083400130271912,0.8144599795341492,0.8072299957275391,0.8140699863433838,0
158,2004-07-08,0.8067799806594849,0.8101800084114075,0.8062599897384644,0.8084099888801575,0
159,2004-07-09,0.8052200078964233,0.8081499934196472,0.804889976978302,0.8066499829292297,0
160,2004-07-12,0.8059300184249878,0.8072999715805054,0.8041200041770935,0.8056700229644775,0
161,2004-07-13,0.8108299970626831,0.8127400279045105,0.8056700229644775,0.806190013885498,0
162,2004-07-14,0.8074300289154053,0.8113600015640259,0.8051499724388123,0.8108299970626831,0
163,2004-07-15,0.8093199729919434,0.810699999332428,0.8069700002670288,0.8074300289154053,0
164,2004-07-16,0.8028299808502197,0.8108299970626831,0.8025699853897095,0.8091899752616882,0
165,2004-07-19,0.8038600087165833,0.8061299920082092,0.8023099899291992,0.8028900027275085,0
166,2004-07-20,0.8107699751853943,0.8123499751091003,0.8028299808502197,0.8039900064468384,0
167,2004-07-21,0.8154600262641907,0.8186699748039246,0.8097800016403198,0.810699999332428,0
168,2004-07-22,0.8159300088882446,0.8170599937438965,0.8136699795722961,0.8155900239944458,0
169,2004-07-23,0.8267199993133545,0.826990008354187,0.8151999711990356,0.8157899975776672,0
170,2004-07-26,0.8237900137901306,0.8269199728965759,0.821690022945404,0.8259000182151794,0
171,2004-07-27,0.8289099931716919,0.830560028553009,0.8203399777412415,0.8235899806022644,0
172,2004-07-28,0.8302900195121765,0.8326399922370911,0.8278800249099731,0.828980028629303,0
173,2004-07-29,0.8306999802589417,0.8334699869155884,0.8267899751663208,0.8301500082015991,0
174,2004-07-30,0.8322200179100037,0.8329899907112122,0.8253499865531921,0.8306999802589417,0
175,2004-08-02,0.8318099975585938,0.8319500088691711,0.8268600106239319,0.8304299712181091,0
176,2004-08-03,0.8296700119972229,0.8331900238990784,0.8279500007629395,0.8318099975585938,0
177,2004-08-04,0.8291900157928467,0.835070013999939,0.8287799954414368,0.8296700119972229,0
178,2004-08-05,0.8297399878501892,0.8312600255012512,0.8281599879264832,0.829259991645813,0
179,2004-08-06,0.8124799728393555,0.8299400210380554,0.8124799728393555,0.8293899893760681,0
180,2004-08-09,0.8148000240325928,0.8162599802017212,0.8136000037193298,0.8149999976158142,0
181,2004-08-10,0.8172600269317627,0.8180599808692932,0.8116899728775024,0.8144599795341492,0
182,2004-08-11,0.8181999921798706,0.8197399973869324,0.8164600133895874,0.8171300292015076,0
183,2004-08-12,0.8170599937438965,0.8184000253677368,0.8136000037193298,0.8181999921798706,0
184,2004-08-13,0.8080199956893921,0.8206800222396851,0.8078200221061707,0.8169900178909302,0
185,2004-08-16,0.8091300129890442,0.8113600015640259,0.8076900243759155,0.8076900243759155,0
186,2004-08-17,0.8100399971008301,0.8118900060653687,0.8078200221061707,0.8091899752616882,0
187,2004-08-18,0.8103700280189514,0.8134700059890747,0.8087300062179565,0.8098499774932861,0
188,2004-08-19,0.8082799911499023,0.8106399774551392,0.8078200221061707,0.8103100061416626,0
189,2004-08-20,0.8115599751472473,0.8140000104904175,0.8074300289154053,0.808210015296936,0
190,2004-08-23,0.8229100108146667,0.8241299986839294,0.8118199706077576,0.8124799728393555,0
191,2004-08-24,0.8276799917221069,0.8287100195884705,0.8219000101089478,0.8229799866676331,0
192,2004-08-25,0.8274000287055969,0.8293899893760681,0.8255599737167358,0.827750027179718,0
193,2004-08-26,0.8265100121498108,0.8294600248336792,0.8254899978637695,0.8275399804115295,0
194,2004-08-27,0.8319500088691711,0.8327100276947021,0.823930025100708,0.8265100121498108,0
195,2004-08-30,0.8299400210380554,0.8338900208473206,0.8287100195884705,0.8321499824523926,0
196,2004-08-31,0.821150004863739,0.830079972743988,0.8200799822807312,0.8299400210380554,0
197,2004-09-01,0.8203399777412415,0.8229100108146667,0.8182600140571594,0.8212199807167053,0
198,2004-09-02,0.8214899897575378,0.8233799934387207,0.819599986076355,0.8202099800109863,0
199,2004-09-03,0.8295300006866455,0.8301500082015991,0.8208199739456177,0.8213599920272827,0
200,2004-09-06,0.8287799954414368,0.8297399878501892,0.8276100158691406,0.828980028629303,0
201,2004-09-07,0.8265100121498108,0.8293899893760681,0.8255599737167358,0.8286399841308594,0
202,2004-09-08,0.8204100131988525,0.8310499787330627,0.8200799822807312,0.8265100121498108,0
203,2004-09-09,0.816860020160675,0.8221700191497803,0.8166599869728088,0.8202800154685974,0
204,2004-09-10,0.8148000240325928,0.8192700147628784,0.8126099705696106,0.8167300224304199,0
205,2004-09-13,0.8153899908065796,0.8178600072860718,0.8137400150299072,0.8141300082206726,0
206,2004-09-14,0.8156599998474121,0.8176599740982056,0.8133400082588196,0.8153300285339355,0
207,2004-09-15,0.8225700259208679,0.8237900137901306,0.8154600262641907,0.8155900239944458,0
208,2004-09-16,0.8203399777412415,0.8247399926185608,0.8198099732398987,0.8225700259208679,0
209,2004-09-17,0.8208799958229065,0.8221700191497803,0.8180599808692932,0.8204100131988525,0
210,2004-09-20,0.8214200139045715,0.8244699835777283,0.8208799958229065,0.8213599920272827,0
211,2004-09-21,0.8111000061035156,0.8215600252151489,0.8100399971008301,0.8215600252151489,0
212,2004-09-22,0.8151999711990356,0.8174600005149841,0.8108999729156494,0.8111000061035156,0
213,2004-09-23,0.8148599863052368,0.8156599998474121,0.8107699751853943,0.8152599930763245,0
214,2004-09-24,0.8145999908447266,0.8164600133895874,0.8092600107192993,0.8148599863052368,0
215,2004-09-27,0.8124799728393555,0.8161299824714661,0.8120200037956238,0.8139299750328064,0
216,2004-09-28,0.8116199970245361,0.8140000104904175,0.8097800016403198,0.8125500082969666,0
217,2004-09-29,0.8105700016021729,0.8130099773406982,0.8102399706840515,0.8117499947547913,0
218,2004-09-30,0.8042500019073486,0.8116199970245361,0.803600013256073,0.8105000257492065,0
219,2004-10-01,0.8054800033569336,0.8071699738502502,0.8039900064468384,0.8041800260543823,0
220,2004-10-04,0.8136699795722961,0.8153899908065796,0.8063200116157532,0.8063200116157532,0
221,2004-10-05,0.8119500279426575,0.8151299953460693,0.8109599947929382,0.8136000037193298,0
222,2004-10-06,0.81427001953125,0.8156599998474121,0.8114200234413147,0.8119500279426575,0
223,2004-10-07,0.8130699992179871,0.8145300149917603,0.8121500015258789,0.8141999840736389,0
224,2004-10-08,0.8058000206947327,0.8137400150299072,0.8041800260543823,0.8128799796104431,0
225,2004-10-11,0.8074899911880493,0.8081499934196472,0.8054100275039673,0.8056700229644775,0
226,2004-10-12,0.8116199970245361,0.8134700059890747,0.8072999715805054,0.8074899911880493,0
227,2004-10-13,0.8097800016403198,0.817330002784729,0.8095899820327759,0.8116199970245361,0
228,2004-10-14,0.8071699738502502,0.8112300038337708,0.8054100275039673,0.8098499774932861,0
229,2004-10-15,0.8013499975204468,0.8076199889183044,0.800000011920929,0.8070399761199951,0
230,2004-10-18,0.8007000088691711,0.8022500276565552,0.7978299856185913,0.8010900020599365,0
231,2004-10-19,0.7987899780273438,0.8028900027275085,0.7982800006866455,0.8007699847221375,0
232,2004-10-20,0.794979989528656,0.7999399900436401,0.7917699813842773,0.7992299795150757,0
233,2004-10-21,0.792389988899231,0.795229971408844,0.7905099987983704,0.7949100136756897,0
234,2004-10-22,0.7879599928855896,0.79339998960495,0.7877699732780457,0.7923300266265869,0
235,2004-10-25,0.7805799841880798,0.7856699824333191,0.779420018196106,0.7855499982833862,0
236,2004-10-26,0.7833899855613708,0.7853000164031982,0.7786300182342529,0.7806400060653687,0
237,2004-10-27,0.7870299816131592,0.7874600291252136,0.7807000279426575,0.7833899855613708,0
238,2004-10-29,0.7817400097846985,0.7897599935531616,0.7813699841499329,0.7869099974632263,0
239,2004-11-01,0.7845600247383118,0.7860999703407288,0.7795400023460388,0.7795400023460388,0
240,2004-11-02,0.7861599922180176,0.7892000079154968,0.784309983253479,0.784500002861023,0
241,2004-11-03,0.7797300219535828,0.7895200252532959,0.7792999744415283,0.7862300276756287,0
242,2004-11-04,0.7768200039863586,0.7814300060272217,0.7755500078201294,0.7799100279808044,0
243,2004-11-05,0.7711899876594543,0.7821699976921082,0.7704200148582458,0.7768200039863586,0
244,2004-11-08,0.7747099995613098,0.774590015411377,0.7699400186538696,0.771369993686676,0
245,2004-11-09,0.7752500176429749,0.7759199738502502,0.7729200124740601,0.774590015411377,0
246,2004-11-10,0.7760400176048279,0.7774800062179565,0.7701799869537354,0.775189995765686,0
247,2004-11-11,0.774590015411377,0.7774199843406677,0.773930013179779,0.7761600017547607,0
248,2004-11-12,0.7710099816322327,0.7760400176048279,0.7698799967765808,0.7747099995613098,0
249,2004-11-15,0.7728000283241272,0.7738699913024902,0.7692899703979492,0.769819974899292,0
250,2004-11-16,0.7714899778366089,0.7738100290298462,0.7696999907493591,0.7729799747467041,0
251,2004-11-17,0.7669900059700012,0.7718999981880188,0.7663400173187256,0.7715499997138977,0
252,2004-11-18,0.7722600102424622,0.7725600004196167,0.7649400234222412,0.7669900059700012,0
253,2004-11-19,0.7669299840927124,0.7726799845695496,0.7654600143432617,0.7723199725151062,0
254,2004-11-22,0.7668700218200684,0.7682300209999084,0.7661700248718262,0.7677000164985657,0
255,2004-11-23,0.7635300159454346,0.7704200148582458,0.7631800174713135,0.7667499780654907,0
256,2004-11-24,0.758840024471283,0.7641199827194214,0.7580900192260742,0.7633600234985352,0
257,2004-11-25,0.7542600035667419,0.7594699859619141,0.752839982509613,0.7586699724197388,0
258,2004-11-26,0.7521600127220154,0.7576299905776978,0.7502400279045105,0.7543200254440308,0
259,2004-11-29,0.7538599967956543,0.7556300163269043,0.7517099976539612,0.7534700036048889,0
260,2004-11-30,0.751990020275116,0.7553399801254272,0.7502400279045105,0.7539799809455872,0
261,2004-12-01,0.7492899894714355,0.7527899742126465,0.7486699819564819,0.751990020275116,0
262,2004-12-02,0.7540900111198425,0.754830002784729,0.7475000023841858,0.749180018901825,0
263,2004-12-03,0.742609977722168,0.7541999816894531,0.742609977722168,0.7539799809455872,0
264,2004-12-06,0.7464900016784668,0.7467100024223328,0.7431100010871887,0.7434899806976318,0
265,2004-12-07,0.7445499897003174,0.7465999722480774,0.742389976978302,0.7465500235557556,0
266,2004-12-08,0.7493399977684021,0.7564299702644348,0.7444400191307068,0.7444400191307068,0
267,2004-12-09,0.7516499757766724,0.7542600035667419,0.7485600113868713,0.7492899894714355,0
268,2004-12-10,0.756659984588623,0.7604600191116333,0.7516499757766724,0.75177001953125,0
269,2004-12-13,0.7507500052452087,0.7563700079917908,0.7503600120544434,0.7562599778175354,0
270,2004-12-14,0.7513700127601624,0.7539200186729431,0.7502999901771545,0.7506899833679199,0
271,2004-12-15,0.7460500001907349,0.7538599967956543,0.744159996509552,0.7514299750328064,0
272,2004-12-16,0.7546600103378296,0.7568299770355225,0.7445999979972839,0.7461599707603455,0
273,2004-12-17,0.7511500120162964,0.7557399868965149,0.7507500052452087,0.7544900178909302,0
274,2004-12-20,0.7467100024223328,0.7518200278282166,0.7457699775695801,0.751259982585907,0
275,2004-12-21,0.7480000257492065,0.7486199736595154,0.745710015296936,0.7465999722480774,0
276,2004-12-22,0.7467700242996216,0.749180018901825,0.7461000084877014,0.7480000257492065,0
277,2004-12-23,0.7400799989700317,0.747160017490387,0.7397500276565552,0.7467700242996216,0
278,2004-12-24,0.7386599779129028,0.7412899732589722,0.7381200194358826,0.7399700284004211,0
279,2004-12-27,0.734000027179718,0.7397000193595886,0.7330300211906433,0.7392100095748901,0
280,2004-12-28,0.7356200218200684,0.7356200218200684,0.7328199744224548,0.7341099977493286,0
281,2004-12-29,0.7349200248718262,0.7372499704360962,0.7328699827194214,0.7355599999427795,0
282,2004-12-30,0.733780026435852,0.7363200187683105,0.7320600152015686,0.734969973564148,0
283,2004-12-31,0.7371900081634521,0.7395399808883667,0.7319599986076355,0.733680009841919,0
284,2005-01-03,0.742389976978302,0.7461599707603455,0.7363200187683105,0.7363200187683105,0
285,2005-01-04,0.7529000043869019,0.7540900111198425,0.7409600019454956,0.742389976978302,0
286,2005-01-05,0.7530099749565125,0.7562599778175354,0.7517099976539612,0.752839982509613,0
287,2005-01-06,0.7585499882698059,0.7596499919891357,0.7530699968338013,0.7530699968338013,0
288,2005-01-07,0.7656400203704834,0.7674599885940552,0.754830002784729,0.7586100101470947,0
289,2005-01-10,0.7627800107002258,0.7654600143432617,0.7621999979019165,0.7647600173950195,0
290,2005-01-11,0.7623699903488159,0.7630699872970581,0.7592399716377258,0.7625399827957153,0
291,2005-01-12,0.7543799877166748,0.7641199827194214,0.7523900270462036,0.7625399827957153,0
292,2005-01-13,0.7569400072097778,0.7573999762535095,0.7538099884986877,0.7541999816894531,0
293,2005-01-14,0.7634199857711792,0.7652300000190735,0.7568899989128113,0.7568899989128113,0
294,2005-01-17,0.766219973564148,0.7668099999427795,0.7616699934005737,0.7633600234985352,0
295,2005-01-18,0.7681699991226196,0.7690500020980835,0.7649400234222412,0.7663400173187256,0
296,2005-01-19,0.7690500020980835,0.7709500193595886,0.7625399827957153,0.7681699991226196,0
297,2005-01-20,0.7714300155639648,0.7732800245285034,0.7678099870681763,0.7691100239753723,0
298,2005-01-21,0.7692899703979492,0.7730399966239929,0.7652300000190735,0.7714899778366089,0
299,2005-01-24,0.7669299840927124,0.7671700119972229,0.7635899782180786,0.7667499780654907,0
300,2005-01-25,0.7709500193595886,0.7719600200653076,0.7647600173950195,0.7669299840927124,0
301,2005-01-26,0.7646399736404419,0.7710700035095215,0.7631800174713135,0.7708899974822998,0
302,2005-01-27,0.7668099999427795,0.768339991569519,0.7621399760246277,0.7645800113677979,0
303,2005-01-28,0.7665799856185913,0.7694699764251709,0.7646399736404419,0.7666900157928467,0
304,2005-01-31,0.7661700248718262,0.7704200148582458,0.7656400203704834,0.7678099870681763,0
305,2005-02-01,0.7669299840927124,0.7689899802207947,0.7653499841690063,0.7662799954414368,0
306,2005-02-02,0.7673400044441223,0.7684000134468079,0.7637100219726562,0.766219973564148,0
307,2005-02-03,0.7708899974822998,0.7723199725151062,0.7669900059700012,0.7671700119972229,0
308,2005-02-04,0.7777299880981445,0.7778499722480774,0.7673400044441223,0.7709500193595886,0
309,2005-02-07,0.7834500074386597,0.7848700284957886,0.7773000001907349,0.7778499722480774,0
310,2005-02-08,0.7830899953842163,0.7851099967956543,0.7814900279045105,0.7834500074386597,0
311,2005-02-09,0.780460000038147,0.7846199870109558,0.780210018157959,0.7832099795341492,0
312,2005-02-10,0.776639997959137,0.7841899991035461,0.7749500274658203,0.7806400060653687,0
313,2005-02-11,0.7777900099754333,0.7780299782752991,0.7753700017929077,0.7765200138092041,0
314,2005-02-14,0.770829975605011,0.7760400176048279,0.7699400186538696,0.7758600115776062,0
315,2005-02-15,0.7682300209999084,0.77183997631073,0.7663999795913696,0.7708899974822998,0
316,2005-02-16,0.7678700089454651,0.7711300253868103,0.7661700248718262,0.7684000134468079,0
317,2005-02-17,0.7648199796676636,0.7680500149726868,0.7639399766921997,0.7677500247955322,0
318,2005-02-18,0.7651699781417847,0.7677000164985657,0.7642899751663208,0.7648199796676636,0
319,2005-02-21,0.7654600143432617,0.76705002784729,0.7646399736404419,0.764989972114563,0
320,2005-02-22,0.7540900111198425,0.7658100128173828,0.7536900043487549,0.7653999924659729,0
321,2005-02-23,0.7573999762535095,0.7580400109291077,0.7534099817276001,0.7542600035667419,0
322,2005-02-24,0.7585499882698059,0.7586100101470947,0.7535799741744995,0.7574599981307983,0
323,2005-02-25,0.7549399733543396,0.7605100274085999,0.7546600103378296,0.7584400177001953,0
324,2005-02-28,0.756600022315979,0.7569400072097778,0.7530099749565125,0.7544900178909302,0
325,2005-03-01,0.759190022945404,0.7592999935150146,0.756089985370636,0.7564899921417236,0
326,2005-03-02,0.7612699866294861,0.7637100219726562,0.7587800025939941,0.759190022945404,0
327,2005-03-03,0.7630100250244141,0.7633000016212463,0.7596499919891357,0.7611500024795532,0
328,2005-03-04,0.7548900246620178,0.7634199857711792,0.7544299960136414,0.7630100250244141,0
329,2005-03-07,0.7563199996948242,0.7584400177001953,0.7548900246620178,0.7556300163269043,0
330,2005-03-08,0.7489500045776367,0.7568899989128113,0.7483299970626831,0.7563700079917908,0
331,2005-03-09,0.7475500106811523,0.7498499751091003,0.7450500130653381,0.7491199970245361,0
332,2005-03-10,0.744159996509552,0.7477800250053406,0.7434399724006653,0.7475000023841858,0
333,2005-03-11,0.7422299981117249,0.745930016040802,0.7419499754905701,0.7442100048065186,0
334,2005-03-14,0.7482200264930725,0.7496299743652344,0.741890013217926,0.742169976234436,0
335,2005-03-15,0.7513099908828735,0.7517099976539612,0.7461000084877014,0.7480599880218506,0
336,2005-03-16,0.7456600069999695,0.7521100044250488,0.7440500259399414,0.7512000203132629,0
337,2005-03-17,0.747439980506897,0.7491199970245361,0.7451000213623047,0.7455499768257141,0
338,2005-03-18,0.7506399750709534,0.7535799741744995,0.7469900250434875,0.747439980506897,0
339,2005-03-21,0.7598199844360352,0.7606899738311768,0.7508100271224976,0.7508100271224976,0
340,2005-03-22,0.7646999955177307,0.7656400203704834,0.756659984588623,0.7595900297164917,0
341,2005-03-23,0.7696499824523926,0.7711899876594543,0.7640600204467773,0.7646999955177307,0
342,2005-03-24,0.7732800245285034,0.7732800245285034,0.7674599885940552,0.7696999907493591,0
343,2005-03-25,0.77183997631073,0.7732200026512146,0.7709500193595886,0.7732200026512146,0
344,2005-03-28,0.7754899859428406,0.7775400280952454,0.7716599702835083,0.7717199921607971,0
345,2005-03-29,0.7729200124740601,0.7763400077819824,0.7720199823379517,0.7754899859428406,0
346,2005-03-30,0.7742900252342224,0.7743499875068665,0.7704200148582458,0.7729200124740601,0
347,2005-03-31,0.7711899876594543,0.7742300033569336,0.7682300209999084,0.7742300033569336,0
348,2005-04-01,0.774649977684021,0.7764599919319153,0.7666900157928467,0.7711300253868103,0
349,2005-04-04,0.7782099843025208,0.7799699902534485,0.7747700214385986,0.7753700017929077,0
350,2005-04-05,0.7777299880981445,0.7810099720954895,0.7765799760818481,0.7782700061798096,0
351,2005-04-06,0.777180016040802,0.7786300182342529,0.7747700214385986,0.7777299880981445,0
352,2005-04-07,0.7782099843025208,0.7785699963569641,0.7728599905967712,0.7770000100135803,0
353,2005-04-08,0.7731000185012817,0.7803999781608582,0.7725600004196167,0.7782700061798096,0
354,2005-04-11,0.7709500193595886,0.7745299935340881,0.7692300081253052,0.773930013179779,0
355,2005-04-12,0.7742900252342224,0.7770599722862244,0.7692300081253052,0.7709500193595886,0
356,2005-04-13,0.7744699716567993,0.7775400280952454,0.7719600200653076,0.7742300033569336,0
357,2005-04-14,0.7815600037574768,0.7825300097465515,0.7743499875068665,0.7744100093841553,0
358,2005-04-15,0.7770000100135803,0.782289981842041,0.7728000283241272,0.7815600037574768,0
359,2005-04-18,0.7681699991226196,0.7763400077819824,0.7668099999427795,0.7744100093841553,0
360,2005-04-19,0.7653999924659729,0.7699999809265137,0.7646399736404419,0.7681699991226196,0
361,2005-04-20,0.7641199827194214,0.7694100141525269,0.7631800174713135,0.7653999924659729,0
362,2005-04-21,0.7664600014686584,0.7674599885940552,0.7623699903488159,0.7639399766921997,0
363,2005-04-22,0.7655799984931946,0.7677500247955322,0.7638300061225891,0.7663400173187256,0
364,2005-04-25,0.7695900201797485,0.7716000080108643,0.7656999826431274,0.7659299969673157,0
365,2005-04-26,0.7701200246810913,0.7721999883651733,0.768339991569519,0.7695299983024597,0
366,2005-04-27,0.773930013179779,0.774590015411377,0.7699999809265137,0.7701799869537354,0
367,2005-04-28,0.7748900055885315,0.7760999798774719,0.7728000283241272,0.7738100290298462,0
368,2005-04-29,0.776639997959137,0.7777299880981445,0.7704799771308899,0.7748900055885315,0
369,2005-05-02,0.7784500122070312,0.778689980506897,0.7767000198364258,0.7774800062179565,0
370,2005-05-03,0.7759799957275391,0.7792400121688843,0.775189995765686,0.7782700061798096,0
371,2005-05-04,0.7721999883651733,0.7764599919319153,0.7708899974822998,0.7759799957275391,0
372,2005-05-05,0.77183997631073,0.7732800245285034,0.7699999809265137,0.7721999883651733,0
373,2005-05-06,0.7805200219154358,0.7805799841880798,0.771369993686676,0.7718999981880188,0
374,2005-05-09,0.7779099941253662,0.7815600037574768,0.7768800258636475,0.7800899744033813,0
375,2005-05-10,0.7759799957275391,0.7800300121307373,0.7759199738502502,0.7778499722480774,0
376,2005-05-11,0.7803999781608582,0.7818599939346313,0.7750099897384644,0.7760400176048279,0
377,2005-05-12,0.7885800004005432,0.789330005645752,0.780460000038147,0.780460000038147,0
378,2005-05-13,0.792639970779419,0.792959988117218,0.7879599928855896,0.7888299822807312,0
379,2005-05-16,0.7911400198936462,0.7945299744606018,0.7906399965286255,0.7932699918746948,0
380,2005-05-17,0.7934600114822388,0.7936499714851379,0.7898300290107727,0.7911999821662903,0
381,2005-05-18,0.7885800004005432,0.7943400144577026,0.7879599928855896,0.7935199737548828,0
382,2005-05-19,0.791450023651123,0.792460024356842,0.7879599928855896,0.7887099981307983,0
383,2005-05-20,0.7963700294494629,0.7973200082778931,0.7901999950408936,0.7911999821662903,0
384,2005-05-23,0.7954800128936768,0.797510027885437,0.7938399910926819,0.7965599894523621,0
385,2005-05-24,0.7956699728965759,0.796180009841919,0.7918300032615662,0.7955399751663208,0
386,2005-05-25,0.7937099933624268,0.7964299917221069,0.792460024356842,0.7956699728965759,0
387,2005-05-26,0.7991099953651428,0.7998700141906738,0.79271000623703,0.7937099933624268,0
388,2005-05-27,0.7947900295257568,0.7993599772453308,0.7940899729728699,0.7992299795150757,0
389,2005-05-30,0.8010900020599365,0.8021799921989441,0.796999990940094,0.7982100248336792,0
390,2005-05-31,0.8124799728393555,0.8130099773406982,0.8007000088691711,0.8009600043296814,0
391,2005-06-01,0.8199399709701538,0.8219000101089478,0.8103100061416626,0.8123499751091003,0
392,2005-06-02,0.8151999711990356,0.8204799890518188,0.8133400082588196,0.8197399973869324,0
393,2005-06-03,0.8176599740982056,0.8190699815750122,0.8118900060653687,0.8149999976158142,0
394,2005-06-06,0.8156599998474121,0.8181300163269043,0.8133400082588196,0.8175899982452393,0
395,2005-06-07,0.8144000172615051,0.8167300224304199,0.8120200037956238,0.8156599998474121,0
396,2005-06-08,0.8171300292015076,0.8185999989509583,0.8099799752235413,0.814329981803894,0
397,2005-06-09,0.817799985408783,0.8204799890518188,0.8162599802017212,0.8170599937438965,0
398,2005-06-10,0.823930025100708,0.8256999850273132,0.8163300156593323,0.8176599740982056,0
399,2005-06-13,0.825219988822937,0.8309800028800964,0.8248800039291382,0.8252900242805481,0
400,2005-06-14,0.831529974937439,0.8313900232315063,0.8230500221252441,0.8252900242805481,0
401,2005-06-15,0.8249499797821045,0.8318099975585938,0.8243299722671509,0.831529974937439,0
402,2005-06-16,0.8265100121498108,0.8289099931716919,0.8222299814224243,0.8247399926185608,0
403,2005-06-17,0.8144000172615051,0.8268600106239319,0.813539981842041,0.8265799880027771,0
404,2005-06-20,0.8229100108146667,0.824400007724762,0.8164600133895874,0.8198099732398987,0
405,2005-06-21,0.8214200139045715,0.8280900120735168,0.8162599802017212,0.8229799866676331,0
406,2005-06-22,0.8250100016593933,0.826170027256012,0.8196700215339661,0.8214200139045715,0
407,2005-06-23,0.8313199877738953,0.83160001039505,0.8237199783325195,0.8250799775123596,0
408,2005-06-24,0.8265799880027771,0.8329200148582458,0.8259000182151794,0.8311899900436401,0
409,2005-06-27,0.8220999836921692,0.8258299827575684,0.820609986782074,0.8258299827575684,0
410,2005-06-28,0.8282899856567383,0.8296700119972229,0.8215600252151489,0.8223000168800354,0
411,2005-06-29,0.8279500007629395,0.8316699862480164,0.8259000182151794,0.8287799954414368,0
412,2005-06-30,0.8270599842071533,0.830079972743988,0.8251500129699707,0.8266500234603882,0
413,2005-07-01,0.8378000259399414,0.8378000259399414,0.8263800144195557,0.827269971370697,0
414,2005-07-04,0.8396999835968018,0.8408300280570984,0.8368899822235107,0.8394899964332581,0
415,2005-07-05,0.8381500244140625,0.8423200249671936,0.837660014629364,0.8396999835968018,0
416,2005-07-06,0.8382899761199951,0.8404800295829773,0.8370299935340881,0.8382899761199951,0
417,2005-07-07,0.8371700048446655,0.8394899964332581,0.8312600255012512,0.8382899761199951,0
418,2005-07-08,0.8346499800682068,0.8413299918174744,0.8345900177955627,0.8372399806976318,0
419,2005-07-11,0.8285700082778931,0.8359100222587585,0.8274700045585632,0.835349977016449,0
420,2005-07-12,0.8176599740982056,0.8293899893760681,0.8161299824714661,0.8286399841308594,0
421,2005-07-13,0.8278099894523621,0.8282899856567383,0.817330002784729,0.8175299763679504,0
422,2005-07-14,0.8268600106239319,0.8291199803352356,0.8246700167655945,0.8280199766159058,0
423,2005-07-15,0.8301500082015991,0.8313900232315063,0.8238599896430969,0.8268600106239319,0
424,2005-07-18,0.8294600248336792,0.8309100270271301,0.827269971370697,0.8306999802589417,0
425,2005-07-19,0.8312600255012512,0.8361899852752686,0.8288400173187256,0.8295999765396118,0
426,2005-07-20,0.8224999904632568,0.8328499794006348,0.8212900161743164,0.8313199877738953,0
427,2005-07-21,0.8223000168800354,0.8256999850273132,0.8178600072860718,0.8224999904632568,0
428,2005-07-22,0.8291199803352356,0.8293200135231018,0.8203399777412415,0.8223000168800354,0
429,2005-07-25,0.8288400173187256,0.8310499787330627,0.827269971370697,0.8298100233078003,0
430,2005-07-26,0.8321499824523926,0.8344500064849854,0.8290500044822693,0.8290500044822693,0
431,2005-07-27,0.8287100195884705,0.8349999785423279,0.8274000287055969,0.8320900201797485,0
432,2005-07-28,0.8242700099945068,0.8304299712181091,0.8230500221252441,0.8286399841308594,0
433,2005-07-29,0.8248100280761719,0.827750027179718,0.8220999836921692,0.8243299722671509,0
434,2005-08-01,0.8207499980926514,0.8249499797821045,0.8166599869728088,0.8248800039291382,0
435,2005-08-02,0.8200799822807312,0.8207499980926514,0.8166599869728088,0.8207499980926514,0
436,2005-08-03,0.810699999332428,0.8226400017738342,0.8100399971008301,0.8202800154685974,0
437,2005-08-04,0.8074300289154053,0.8126800060272217,0.8068400025367737,0.8106399774551392,0
438,2005-08-05,0.8086699843406677,0.8118900060653687,0.8067100048065186,0.8074300289154053,0
439,2005-08-08,0.8096500039100647,0.8116899728775024,0.8070999979972839,0.8105700016021729,0
440,2005-08-09,0.8078799843788147,0.810699999332428,0.8056100010871887,0.8095200061798096,0
441,2005-08-10,0.8073599934577942,0.8099799752235413,0.8050199747085571,0.8079500198364258,0
442,2005-08-11,0.8017299771308899,0.8076900243759155,0.8014699816703796,0.8072999715805054,0
443,2005-08-12,0.8035399913787842,0.8070999979972839,0.8010299801826477,0.801859974861145,0
444,2005-08-15,0.8083400130271912,0.8096500039100647,0.8026999831199646,0.8029500246047974,0
445,2005-08-16,0.809719979763031,0.8126099705696106,0.8081499934196472,0.8084099888801575,0
446,2005-08-17,0.8144599795341492,0.8153899908065796,0.8084700107574463,0.809719979763031,0
447,2005-08-18,0.8207499980926514,0.8220999836921692,0.8132699728012085,0.8144599795341492,0
448,2005-08-19,0.8227099776268005,0.8241999745368958,0.8199399709701538,0.8208199739456177,0
449,2005-08-22,0.8173900246620178,0.8223699927330017,0.8169299960136414,0.8217599987983704,0
450,2005-08-23,0.817330002784729,0.8200100064277649,0.8160600066184998,0.8175299763679504,0
451,2005-08-24,0.8147299885749817,0.8220300078392029,0.81427001953125,0.8173900246620178,0
452,2005-08-25,0.8128799796104431,0.8156599998474121,0.8114200234413147,0.8148000240325928,0
453,2005-08-26,0.8133999705314636,0.8145300149917603,0.8103700280189514,0.8128100037574768,0
454,2005-08-29,0.817330002784729,0.8183299899101257,0.8099799752235413,0.8126099705696106,0
455,2005-08-30,0.8184599876403809,0.8212900161743164,0.8169900178909302,0.8172600269317627,0
456,2005-08-31,0.8103100061416626,0.82014000415802,0.8093900084495544,0.8185999989509583,0
457,2005-09-01,0.8006399869918823,0.8111000061035156,0.7994199991226196,0.8105000257492065,0
458,2005-09-02,0.7978900074958801,0.801859974861145,0.794409990310669,0.8006399869918823,0
459,2005-09-05,0.7982800006866455,0.7989799976348877,0.7945299744606018,0.797510027885437,0
460,2005-09-06,0.8026999831199646,0.8033400177955627,0.7982800006866455,0.7982800006866455,0
461,2005-09-07,0.8054100275039673,0.8057399988174438,0.7977700233459473,0.8026999831199646,0
462,2005-09-08,0.8068400025367737,0.8073599934577942,0.8032100200653076,0.8054100275039673,0
463,2005-09-09,0.8057399988174438,0.8076199889183044,0.803409993648529,0.8067799806594849,0
464,2005-09-12,0.8136000037193298,0.8145999908447266,0.8055400252342224,0.8063200116157532,0
465,2005-09-13,0.814329981803894,0.8159300088882446,0.8120200037956238,0.8136699795722961,0
466,2005-09-14,0.8144000172615051,0.8151299953460693,0.8112300038337708,0.8145300149917603,0
467,2005-09-15,0.8172600269317627,0.8195400238037109,0.8139299750328064,0.8144599795341492,0
468,2005-09-16,0.8170599937438965,0.8192700147628784,0.8126099705696106,0.8172600269317627,0
469,2005-09-19,0.8237900137901306,0.826170027256012,0.8212900161743164,0.8227699995040894,0
470,2005-09-20,0.8251500129699707,0.8254200220108032,0.820609986782074,0.8237900137901306,0
471,2005-09-22,0.8227699995040894,0.823930025100708,0.815060019493103,0.8219000101089478,0
472,2005-09-23,0.8305000066757202,0.830560028553009,0.8222299814224243,0.8227099776268005,0
473,2005-09-26,0.8282899856567383,0.8322200179100037,0.8278099894523621,0.831529974937439,0
474,2005-09-27,0.8320199847221375,0.834309995174408,0.8278800249099731,0.8282300233840942,0
475,2005-09-28,0.8290500044822693,0.8335400223731995,0.8286399841308594,0.8320900201797485,0
476,2005-09-29,0.8318799734115601,0.8324300050735474,0.8281599879264832,0.8290500044822693,0
477,2005-09-30,0.8313900232315063,0.8329899907112122,0.8280199766159058,0.8319500088691711,0
478,2005-10-03,0.8394200205802917,0.8400499820709229,0.8312600255012512,0.8318799734115601,0
479,2005-10-04,0.8389999866485596,0.8396999835968018,0.8370299935340881,0.8393499851226807,0
480,2005-10-05,0.8324999809265137,0.839139997959137,0.8325700163841248,0.8390700221061707,0
481,2005-10-06,0.8215600252151489,0.8331300020217896,0.8193399906158447,0.8326399922370911,0
482,2005-10-07,0.824400007724762,0.8262400031089783,0.8210200071334839,0.8217599987983704,0
483,2005-10-10,0.8299400210380554,0.8302199840545654,0.8229100108146667,0.8253499865531921,0
484,2005-10-11,0.8343799710273743,0.8346499800682068,0.8293899893760681,0.8296700119972229,0
485,2005-10-12,0.8313900232315063,0.8362600207328796,0.830079972743988,0.8344500064849854,0
486,2005-10-13,0.8320199847221375,0.8389999866485596,0.8307700157165527,0.83160001039505,0
487,2005-10-14,0.8280199766159058,0.8343799710273743,0.8260999917984009,0.8321499824523926,0
488,2005-10-17,0.8325700163841248,0.8326399922370911,0.8250100016593933,0.828499972820282,0
489,2005-10-18,0.8364700078964233,0.8387200236320496,0.8320900201797485,0.8324300050735474,0
490,2005-10-19,0.8351399898529053,0.8416100144386292,0.8331900238990784,0.836650013923645,0
491,2005-10-20,0.8320900201797485,0.8365399837493896,0.83160001039505,0.835349977016449,0
492,2005-10-21,0.8365399837493896,0.8378000259399414,0.8281599879264832,0.8320199847221375,0
493,2005-10-24,0.8349999785423279,0.8385699987411499,0.8320900201797485,0.8371700048446655,0
494,2005-10-25,0.8256300091743469,0.8373799920082092,0.8252900242805481,0.8349999785423279,0
495,2005-10-26,0.828980028629303,0.8293200135231018,0.82396000623703,0.8256999850273132,0
496,2005-10-27,0.8235200047492981,0.8299400210380554,0.8215600252151489,0.8293200135231018,0
497,2005-10-28,0.8284299969673157,0.8295999765396118,0.8217899799346924,0.8233199715614319,0
498,2005-10-31,0.8341000080108643,0.8351100087165833,0.8271999955177307,0.8288400173187256,0
499,2005-11-01,0.8316699862480164,0.8349300026893616,0.830560028553009,0.8341000080108643,0
500,2005-11-02,0.8286700248718262,0.8339599967002869,0.8278099894523621,0.8317400217056274,0
501,2005-11-03,0.836679995059967,0.8375899791717529,0.8278099894523621,0.8287100195884705,0
502,2005-11-04,0.8465200066566467,0.8468800187110901,0.8340299725532532,0.8370299935340881,0
503,2005-11-07,0.8479599952697754,0.8489999771118164,0.8453099727630615,0.8469600081443787,0
504,2005-11-08,0.8497599959373474,0.8536800146102905,0.847819983959198,0.8481799960136414,0
505,2005-11-09,0.8490399718284607,0.8528800010681152,0.8482499718666077,0.8496900200843811,0
506,2005-11-10,0.8564900159835815,0.8565999865531921,0.8481799960136414,0.8492599725723267,0
507,2005-11-11,0.852150022983551,0.8565300107002258,0.8517900109291077,0.8565300107002258,0
508,2005-11-14,0.8552899956703186,0.8574100136756897,0.849399983882904,0.8520799875259399,0
509,2005-11-15,0.852370023727417,0.8584799766540527,0.8520100116729736,0.8552899956703186,0
510,2005-11-16,0.8563799858093262,0.8584399819374084,0.852370023727417,0.8524399995803833,0
511,2005-11-17,0.8512099981307983,0.8584799766540527,0.8502299785614014,0.8560900092124939,0
512,2005-11-18,0.8491799831390381,0.8568999767303467,0.8487499952316284,0.851140022277832,0
513,2005-11-21,0.8520100116729736,0.8532099723815918,0.8450199961662292,0.8492599725723267,0
514,2005-11-22,0.8464499711990356,0.855400025844574,0.845740020275116,0.8520799875259399,0
515,2005-11-23,0.8468800187110901,0.8496900200843811,0.8433799743652344,0.846560001373291,0
516,2005-11-24,0.8488199710845947,0.8491799831390381,0.8458099961280823,0.8467400074005127,0
517,2005-11-25,0.8528800010681152,0.8537499904632568,0.8489300012588501,0.8489300012588501,0
518,2005-11-28,0.8438799977302551,0.8557199835777283,0.8414000272750854,0.8540400266647339,0
519,2005-11-29,0.8497599959373474,0.8514299988746643,0.8431000113487244,0.8438799977302551,0
520,2005-11-30,0.847100019454956,0.850409984588623,0.8473100066184998,0.8497599959373474,0
521,2005-12-01,0.851639986038208,0.855139970779419,0.8474599719047546,0.8475300073623657,0
522,2005-12-02,0.8533200025558472,0.8570399880409241,0.8515700101852417,0.851639986038208,0
523,2005-12-05,0.8483899831771851,0.8553599715232849,0.8460999727249146,0.8532400131225586,0
524,2005-12-06,0.847599983215332,0.8503000140190125,0.8468800187110901,0.8485000133514404,0
525,2005-12-07,0.8533899784088135,0.8541200160980225,0.8475300073623657,0.84757000207901,0
526,2005-12-08,0.8465200066566467,0.8540400266647339,0.8440200090408325,0.8533200025558472,0
527,2005-12-09,0.8464499711990356,0.8495500087738037,0.8448100090026855,0.8460999727249146,0
528,2005-12-12,0.8363999724388123,0.8478500247001648,0.8345900177955627,0.847819983959198,0
529,2005-12-13,0.8368899822235107,0.8394200205802917,0.8346499800682068,0.836679995059967,0
530,2005-12-14,0.8351399898529053,0.8369600176811218,0.8293899893760681,0.8368899822235107,0
531,2005-12-15,0.8356299996376038,0.8375200033187866,0.8306999802589417,0.8347200155258179,0
532,2005-12-16,0.832360029220581,0.8372399806976318,0.8313199877738953,0.8355600237846375,0
533,2005-12-19,0.8328499794006348,0.8348600268363953,0.8306300044059753,0.830839991569519,0
534,2005-12-20,0.8421099781990051,0.8443099856376648,0.832360029220581,0.8327800035476685,0
535,2005-12-21,0.8450199961662292,0.8471300005912781,0.8397700190544128,0.8418899774551392,0
536,2005-12-22,0.8422499895095825,0.846310019493103,0.8406199812889099,0.8452399969100952,0
537,2005-12-23,0.8423200249671936,0.8448100090026855,0.8412600159645081,0.8422499895095825,0
538,2005-12-26,0.8447399735450745,0.8448799848556519,0.8404800295829773,0.8430299758911133,0
539,2005-12-27,0.8434500098228455,0.8454899787902832,0.8420299887657166,0.8448100090026855,0
540,2005-12-28,0.8440200090408325,0.8462399840354919,0.8381500244140625,0.843529999256134,0
541,2005-12-29,0.8438799977302551,0.8458799719810486,0.8420299887657166,0.8439499735832214,0
542,2005-12-30,0.8445199728012085,0.8486800193786621,0.8410400152206421,0.8439499735832214,0
543,2006-01-02,0.8462399840354919,0.8463799953460693,0.8428199887275696,0.8444499969482422,0
544,2006-01-03,0.8310499787330627,0.8462399840354919,0.8309100270271301,0.8462399840354919,0
545,2006-01-04,0.8256300091743469,0.8313199877738953,0.8235899806022644,0.8311899900436401,0
546,2006-01-05,0.8259699940681458,0.8283600211143494,0.8249499797821045,0.8254899978637695,0
547,2006-01-06,0.8227699995040894,0.8274000287055969,0.8214200139045715,0.8260999917984009,0
548,2006-01-09,0.8281599879264832,0.8293200135231018,0.8227099776268005,0.8237199783325195,0
549,2006-01-10,0.8289099931716919,0.8305000066757202,0.8260400295257568,0.8281599879264832,0
550,2006-01-11,0.8237900137901306,0.8300099968910217,0.8233799934387207,0.8289099931716919,0
551,2006-01-12,0.8302199840545654,0.8324300050735474,0.8223000168800354,0.8237199783325195,0
552,2006-01-13,0.8235200047492981,0.8309800028800964,0.8232499957084656,0.830560028553009,0
553,2006-01-16,0.8253499865531921,0.825760006904602,0.8216300010681152,0.8220300078392029,0
554,2006-01-17,0.8258699774742126,0.8295999765396118,0.8236600160598755,0.8252900242805481,0
555,2006-01-18,0.8259000182151794,0.8279899954795837,0.8227699995040894,0.8258299827575684,0
556,2006-01-19,0.8270599842071533,0.8290500044822693,0.8250100016593933,0.8259699940681458,0
557,2006-01-20,0.823989987373352,0.8293200135231018,0.8235899806022644,0.8271300196647644,0
558,2006-01-23,0.8127400279045105,0.8218299746513367,0.8116199970245361,0.8218299746513367,0
559,2006-01-24,0.8153300285339355,0.8154299855232239,0.8124799728393555,0.8127400279045105,0
560,2006-01-25,0.8166599869728088,0.8169900178909302,0.8116599917411804,0.8152599930763245,0
561,2006-01-26,0.8186699748039246,0.8195400238037109,0.8151299953460693,0.8165900111198425,0
562,2006-01-27,0.8268600106239319,0.8270599842071533,0.8175899982452393,0.8185999989509583,0
563,2006-01-30,0.8274000287055969,0.828499972820282,0.8254899978637695,0.8260400295257568,0
564,2006-01-31,0.8231499791145325,0.8276100158691406,0.8207100033760071,0.8274000287055969,0
565,2006-02-01,0.8287100195884705,0.8295999765396118,0.8220300078392029,0.8231099843978882,0
566,2006-02-02,0.8275399804115295,0.8306300044059753,0.8260400295257568,0.8287799954414368,0
567,2006-02-03,0.8314599990844727,0.835070013999939,0.8258299827575684,0.8275399804115295,0
568,2006-02-06,0.8359100222587585,0.8368200063705444,0.8303599953651428,0.8311899900436401,0
569,2006-02-07,0.8338199853897095,0.8366100192070007,0.8324300050735474,0.8360499739646912,0
570,2006-02-08,0.8357700109481812,0.8384000062942505,0.8337500095367432,0.8338900208473206,0
571,2006-02-09,0.8337500095367432,0.836679995059967,0.8336799740791321,0.8356999754905701,0
572,2006-02-10,0.8398399949073792,0.840690016746521,0.8316699862480164,0.8332599997520447,0
573,2006-02-13,0.8394899964332581,0.8414700031280518,0.8390700221061707,0.8402699828147888,0
574,2006-02-14,0.8392099738121033,0.842739999294281,0.8386399745941162,0.8394899964332581,0
575,2006-02-15,0.8413299918174744,0.8420000076293945,0.8368899822235107,0.8392099738121033,0
576,2006-02-16,0.8398399949073792,0.8436700105667114,0.8395599722862244,0.8416100144386292,0
577,2006-02-17,0.8373799920082092,0.8430299758911133,0.8373799920082092,0.8397700190544128,0
578,2006-02-20,0.837939977645874,0.8382899761199951,0.835070013999939,0.8368600010871887,0
579,2006-02-21,0.8389300107955933,0.8405500054359436,0.8377299904823303,0.8378700017929077,0
580,2006-02-22,0.8392099738121033,0.8425300121307373,0.8382200002670288,0.8389300107955933,0
581,2006-02-23,0.8387899994850159,0.840690016746521,0.8355600237846375,0.8394200205802917,0
582,2006-02-24,0.8418899774551392,0.8426700234413147,0.8380799889564514,0.8386399745941162,0
583,2006-02-27,0.8438799977302551,0.8451700210571289,0.8419600129127502,0.8443099856376648,0
584,2006-02-28,0.8382200002670288,0.8447399735450745,0.8374900221824646,0.8439499735832214,0
585,2006-03-01,0.8389300107955933,0.8405799865722656,0.8355600237846375,0.8382899761199951,0
586,2006-03-02,0.8306300044059753,0.8392400145530701,0.8301500082015991,0.8390300273895264,0
587,2006-03-03,0.8301500082015991,0.8327100276947021,0.8298799991607666,0.8307700157165527,0
588,2006-03-06,0.8322200179100037,0.8336799740791321,0.826990008354187,0.8273699879646301,0
589,2006-03-07,0.8410400152206421,0.8423500061035156,0.8318099975585938,0.8319500088691711,0
590,2006-03-08,0.8384299874305725,0.8420299887657166,0.8375899791717529,0.8409000039100647,0
591,2006-03-09,0.8400499820709229,0.8401899933815002,0.8369600176811218,0.8383600115776062,0
592,2006-03-10,0.8395599722862244,0.8426700234413147,0.8382899761199951,0.8402699828147888,0
593,2006-03-13,0.8356299996376038,0.838890016078949,0.8354899883270264,0.8387200236320496,0
594,2006-03-14,0.8320199847221375,0.8372399806976318,0.8313199877738953,0.8356299996376038,0
595,2006-03-15,0.8284299969673157,0.832539975643158,0.8280900120735168,0.8321499824523926,0
596,2006-03-16,0.8213599920272827,0.8306300044059753,0.8203399777412415,0.8283600211143494,0
597,2006-03-17,0.8202099800109863,0.8229799866676331,0.8194000124931335,0.8212900161743164,0
598,2006-03-20,0.8221700191497803,0.8228399753570557,0.8200100064277649,0.8209499716758728,0
599,2006-03-21,0.8259000182151794,0.8276799917221069,0.8223000168800354,0.8224999904632568,0
600,2006-03-22,0.8278800249099731,0.828499972820282,0.8259000182151794,0.8260400295257568,0
601,2006-03-23,0.8352800011634827,0.8362600207328796,0.827750027179718,0.827750027179718,0
602,2006-03-24,0.8309100270271301,0.836329996585846,0.8300099968910217,0.8355600237846375,0
603,2006-03-27,0.8325700163841248,0.8328499794006348,0.8293200135231018,0.8310499787330627,0
604,2006-03-28,0.8325700163841248,0.8335400223731995,0.826170027256012,0.83228999376297,0
605,2006-03-29,0.8311899900436401,0.834309995174408,0.8298799991607666,0.8327100276947021,0
606,2006-03-30,0.8218299746513367,0.8314599990844727,0.8213599920272827,0.8312600255012512,0
607,2006-03-31,0.8254200220108032,0.8271600008010864,0.8212900161743164,0.8218299746513367,0
608,2006-04-03,0.8237900137901306,0.8306999802589417,0.8231099843978882,0.8250100016593933,0
609,2006-04-04,0.8156599998474121,0.8246700167655945,0.8145999908447266,0.823930025100708,0
610,2006-04-05,0.8137999773025513,0.8165299892425537,0.8125500082969666,0.8155900239944458,0
611,2006-04-06,0.8187299966812134,0.8195400238037109,0.8111000061035156,0.8139299750328064,0
612,2006-04-07,0.8267899751663208,0.8274700045585632,0.8183299899101257,0.8186699748039246,0
613,2006-04-10,0.8256300091743469,0.8276100158691406,0.8244699835777283,0.8256999850273132,0
614,2006-04-11,0.8231800198554993,0.8267199993133545,0.8227699995040894,0.8256300091743469,0
615,2006-04-12,0.8254899978637695,0.8279500007629395,0.8217599987983704,0.8232499957084656,0
616,2006-04-13,0.8253499865531921,0.8278800249099731,0.8241999745368958,0.8254200220108032,0
617,2006-04-14,0.8256300091743469,0.8263800144195557,0.825219988822937,0.8253499865531921,0
618,2006-04-17,0.8160600066184998,0.8244699835777283,0.8137999773025513,0.8244699835777283,0
619,2006-04-18,0.8086000084877014,0.817799985408783,0.8084099888801575,0.8161900043487549,0
620,2006-04-19,0.8078799843788147,0.8134700059890747,0.8067799806594849,0.8086000084877014,0
621,2006-04-20,0.8124099969863892,0.8131399750709534,0.8077499866485596,0.8078200221061707,0
622,2006-04-21,0.8103100061416626,0.8148599863052368,0.8093199729919434,0.8124099969863892,0
623,2006-04-24,0.8071699738502502,0.8102399706840515,0.8055400252342224,0.8080800175666809,0
624,2006-04-25,0.8045700192451477,0.8085100054740906,0.8039900064468384,0.8072299957275391,0
625,2006-04-26,0.8032799959182739,0.8070999979972839,0.8019199967384338,0.8045700192451477,0
626,2006-04-27,0.7979599833488464,0.8056100010871887,0.7970700263977051,0.8032100200653076,0
627,2006-04-28,0.7913900017738342,0.7983999848365784,0.7912600040435791,0.7979599833488464,0
628,2006-05-01,0.7949100136756897,0.795799970626831,0.7881500124931335,0.7920799851417542,0
629,2006-05-02,0.7925800085067749,0.7960500121116638,0.7895799875259399,0.7949100136756897,0
630,2006-05-03,0.7922000288963318,0.7937800288200378,0.789330005645752,0.79271000623703,0
631,2006-05-04,0.787339985370636,0.7950400114059448,0.7862300276756287,0.7922700047492981,0
632,2006-05-05,0.7856699824333191,0.7888000011444092,0.7835100293159485,0.7872800230979919,0
633,2006-05-08,0.7872200012207031,0.7875900268554688,0.7821699976921082,0.7853599786758423,0
634,2006-05-09,0.783270001411438,0.7894499897956848,0.7827799916267395,0.7872200012207031,0
635,2006-05-10,0.7828099727630615,0.7840700149536133,0.7798500061035156,0.783270001411438,0
636,2006-05-11,0.7780900001525879,0.7876499891281128,0.7773000001907349,0.7826600074768066,0
637,2006-05-12,0.7734000086784363,0.7784500122070312,0.7725600004196167,0.7778499722480774,0
638,2006-05-15,0.7818599939346313,0.7823500037193298,0.770829975605011,0.770829975605011,0
639,2006-05-16,0.7782099843025208,0.7826300263404846,0.777239978313446,0.7821099758148193,0
640,2006-05-17,0.7848100066184998,0.7869099974632263,0.7741699814796448,0.7781500220298767,0
641,2006-05-18,0.7781500220298767,0.7854200005531311,0.7768800258636475,0.7847399711608887,0
642,2006-05-19,0.783270001411438,0.7872800230979919,0.7775999903678894,0.7783300280570984,0
643,2006-05-22,0.7780299782752991,0.7872200012207031,0.7762799859046936,0.7832099795341492,0
644,2006-05-23,0.782289981842041,0.7829599976539612,0.7765799760818481,0.7783300280570984,0
645,2006-05-24,0.7828400135040283,0.7851799726486206,0.7759199738502502,0.7821699976921082,0
646,2006-05-25,0.7806400060653687,0.784280002117157,0.7797899842262268,0.7828999757766724,0
647,2006-05-26,0.7849900126457214,0.7869099974632263,0.779699981212616,0.7807000279426575,0
648,2006-05-29,0.784250020980835,0.7851099967956543,0.7831500172615051,0.7849299907684326,0
649,2006-05-30,0.7773000001907349,0.7844399809837341,0.7748900055885315,0.7841899991035461,0
650,2006-05-31,0.780269980430603,0.7807000279426575,0.775189995765686,0.777239978313446,0
651,2006-06-01,0.7805799841880798,0.7856699824333191,0.7799100279808044,0.780269980430603,0
652,2006-06-02,0.7741100192070007,0.781220018863678,0.7729200124740601,0.7805200219154358,0
653,2006-06-05,0.7751299738883972,0.775189995765686,0.7706199884414673,0.7736899852752686,0
654,2006-06-06,0.7799100279808044,0.7805799841880798,0.7732800245285034,0.775189995765686,0
655,2006-06-07,0.7811300158500671,0.783270001411438,0.7789999842643738,0.7799400091171265,0
656,2006-06-08,0.7905799746513367,0.7916399836540222,0.7807000279426575,0.7811300158500671,0
657,2006-06-09,0.7910799980163574,0.7932699918746948,0.7885800004005432,0.7905799746513367,0
658,2006-06-12,0.7945299744606018,0.7954199910163879,0.7905799746513367,0.792680025100708,0
659,2006-06-13,0.7970700263977051,0.7978299856185913,0.792900025844574,0.7944700121879578,0
660,2006-06-14,0.7930799722671509,0.7973799705505371,0.7910799980163574,0.7970700263977051,0
661,2006-06-15,0.7911400198936462,0.7940899729728699,0.7905799746513367,0.7930200099945068,0
662,2006-06-16,0.7908300161361694,0.7922700047492981,0.789139986038208,0.7911700010299683,0
663,2006-06-19,0.7949100136756897,0.7964000105857849,0.7908899784088135,0.7912600040435791,0
664,2006-06-20,0.7943400144577026,0.7971299886703491,0.792639970779419,0.7949100136756897,0
665,2006-06-21,0.7898300290107727,0.7942799925804138,0.7887700200080872,0.7942799925804138,0
666,2006-06-22,0.7946000099182129,0.7963700294494629,0.7887099981307983,0.7898300290107727,0
667,2006-06-23,0.7984700202941895,0.8008999824523926,0.794409990310669,0.7946599721908569,0
668,2006-06-26,0.7943400144577026,0.7995499968528748,0.7937099933624268,0.7994199991226196,0
669,2006-06-27,0.7956100106239319,0.7957299947738647,0.792460024356842,0.794160008430481,0
670,2006-06-28,0.7970700263977051,0.7985900044441223,0.7945299744606018,0.7955399751663208,0
671,2006-06-29,0.7896400094032288,0.7985299825668335,0.7892699837684631,0.7970700263977051,0
672,2006-06-30,0.782289981842041,0.7898899912834167,0.7815600037574768,0.7896999716758728,0
673,2006-07-03,0.7811899781227112,0.7833899855613708,0.7799699902534485,0.7819200158119202,0
674,2006-07-04,0.7818599939346313,0.7823500037193298,0.7799100279808044,0.7811899781227112,0
675,2006-07-05,0.7853000164031982,0.7867199778556824,0.7790300250053406,0.7817400097846985,0
676,2006-07-06,0.7827200293540955,0.7859799861907959,0.782289981842041,0.7853299975395203,0
677,2006-07-07,0.7797899842262268,0.7831500172615051,0.777970016002655,0.7826600074768066,0
678,2006-07-10,0.7846199870109558,0.7857900261878967,0.7803999781608582,0.7807000279426575,0
679,2006-07-11,0.783240020275116,0.7867799997329712,0.7825300097465515,0.7847399711608887,0
680,2006-07-12,0.7866600155830383,0.7884899973869324,0.7826300263404846,0.7831500172615051,0
681,2006-07-13,0.7875900268554688,0.7892000079154968,0.7855499982833862,0.7864699959754944,0
682,2006-07-14,0.7908899784088135,0.7917699813842773,0.7875300049781799,0.7875300049781799,0
683,2006-07-17,0.7988499999046326,0.7991099953651428,0.7910799980163574,0.7911999821662903,0
684,2006-07-18,0.7998700141906738,0.8009300231933594,0.7963700294494629,0.7987899780273438,0
685,2006-07-19,0.7937099933624268,0.8021799921989441,0.793150007724762,0.7998700141906738,0
686,2006-07-20,0.7915800213813782,0.794160008430481,0.7903299927711487,0.7936499714851379,0
687,2006-07-21,0.7870299816131592,0.7916399836540222,0.7869700193405151,0.791450023651123,0
688,2006-07-24,0.792140007019043,0.7927700281143188,0.7869700193405151,0.7869700193405151,0
689,2006-07-25,0.7946599721908569,0.7957299947738647,0.7892699837684631,0.7922400236129761,0
690,2006-07-26,0.7865999937057495,0.7959200143814087,0.7858499884605408,0.7946599721908569,0
691,2006-07-27,0.7876499891281128,0.7882699966430664,0.7831500172615051,0.7866600155830383,0
692,2006-07-28,0.784250020980835,0.7896999716758728,0.7830899953842163,0.7877100110054016,0
693,2006-07-31,0.7828400135040283,0.7845600247383118,0.7823500037193298,0.7833899855613708,0
694,2006-08-01,0.7800300121307373,0.7859799861907959,0.7793599963188171,0.7828400135040283,0
695,2006-08-02,0.7817400097846985,0.7823500037193298,0.7791200280189514,0.7801200151443481,0
696,2006-08-03,0.7813100218772888,0.784500002861023,0.7793599963188171,0.7817699909210205,0
697,2006-08-04,0.7764599919319153,0.7824699878692627,0.774649977684021,0.78125,0
698,2006-08-07,0.7800899744033813,0.7805799841880798,0.7755500078201294,0.7761600017547607,0
699,2006-08-08,0.783270001411438,0.7825300097465515,0.7760999798774719,0.7800899744033813,0
700,2006-08-09,0.7767000198364258,0.7828999757766724,0.775189995765686,0.7828999757766724,0
701,2006-08-10,0.7816799879074097,0.7841299772262573,0.774590015411377,0.7768499851226807,0
702,2006-08-11,0.7858499884605408,0.7860999703407288,0.7811899781227112,0.7817400097846985,0
703,2006-08-14,0.7859799861907959,0.7865999937057495,0.7835800051689148,0.7853000164031982,0
704,2006-08-15,0.7817999720573425,0.7867199778556824,0.7810699939727783,0.7860400080680847,0
705,2006-08-16,0.7786300182342529,0.7827799916267395,0.7773600220680237,0.7819200158119202,0
706,2006-08-17,0.7792999744415283,0.7803400158882141,0.7759799957275391,0.778689980506897,0
707,2006-08-18,0.7795400023460388,0.7821999788284302,0.7785400152206421,0.779420018196106,0
708,2006-08-21,0.7768200039863586,0.7790600061416626,0.7729799747467041,0.7788800001144409,0
709,2006-08-22,0.7805200219154358,0.782010018825531,0.7762200236320496,0.7768800258636475,0
710,2006-08-23,0.7824100255966187,0.7824699878692627,0.7784199714660645,0.7805200219154358,0
711,2006-08-24,0.7835800051689148,0.7839400172233582,0.7788800001144409,0.782230019569397,0
712,2006-08-25,0.7838799953460693,0.7853599786758423,0.782289981842041,0.7835800051689148,0
713,2006-08-28,0.7817100286483765,0.7838799953460693,0.7800899744033813,0.7836400270462036,0
714,2006-08-29,0.77947998046875,0.7841299772262573,0.7788800001144409,0.7816500067710876,0
715,2006-08-30,0.7787600159645081,0.7803999781608582,0.7782700061798096,0.77947998046875,0
716,2006-08-31,0.7807000279426575,0.7818599939346313,0.7765200138092041,0.7788500189781189,0
717,2006-09-01,0.7790600061416626,0.7836999893188477,0.7785099744796753,0.7807000279426575,0
718,2006-09-04,0.7777900099754333,0.7786300182342529,0.776639997959137,0.7780299782752991,0
719,2006-09-05,0.7797899842262268,0.78125,0.7773000001907349,0.7777900099754333,0
720,2006-09-06,0.7800899744033813,0.7828400135040283,0.7792999744415283,0.7798500061035156,0
721,2006-09-07,0.7854200005531311,0.7867500185966492,0.779420018196106,0.7799699902534485,0
722,2006-09-08,0.789080023765564,0.7898899912834167,0.7849900126457214,0.7854800224304199,0
723,2006-09-11,0.7867799997329712,0.7902600169181824,0.7851799726486206,0.789080023765564,0
724,2006-09-12,0.7877100110054016,0.7887399792671204,0.7854800224304199,0.7869099974632263,0
725,2006-09-13,0.7875900268554688,0.7892000079154968,0.7865999937057495,0.7879599928855896,0
726,2006-09-14,0.7859799861907959,0.7887099981307983,0.7842199802398682,0.7875900268554688,0
727,2006-09-15,0.7904499769210815,0.7913600206375122,0.7851099967956543,0.7859799861907959,0
728,2006-09-18,0.7869700193405151,0.791450023651123,0.7867199778556824,0.7909500002861023,0
729,2006-09-19,0.7888299822807312,0.7903299927711487,0.7857300043106079,0.78684002161026,0
730,2006-09-20,0.7881500124931335,0.7893900275230408,0.7860999703407288,0.7887099981307983,0
731,2006-09-21,0.7824100255966187,0.7882999777793884,0.78125,0.7882099747657776,0
732,2006-09-22,0.78125,0.7826600074768066,0.779420018196106,0.7823500037193298,0
733,2006-09-25,0.7846199870109558,0.7851799726486206,0.7800300121307373,0.7816799879074097,0
734,2006-09-26,0.7882099747657776,0.7894499897956848,0.7835800051689148,0.7843800187110901,0
735,2006-09-27,0.7870299816131592,0.7889500260353088,0.7865300178527832,0.7881500124931335,0
736,2006-09-28,0.7871800065040588,0.7883899807929993,0.7853599786758423,0.7869700193405151,0
737,2006-09-29,0.7897599935531616,0.7908899784088135,0.7864699959754944,0.7870000004768372,0
738,2006-10-02,0.7848100066184998,0.7895799875259399,0.7837600111961365,0.788640022277832,0
739,2006-10-03,0.7852399945259094,0.7860400080680847,0.7833300232887268,0.7848100066184998,0
740,2006-10-04,0.7865999937057495,0.789139986038208,0.7849900126457214,0.7851799726486206,0
741,2006-10-05,0.7876799702644348,0.788860023021698,0.7858499884605408,0.7864699959754944,0
742,2006-10-06,0.79339998960495,0.7950999736785889,0.7875900268554688,0.7876499891281128,0
743,2006-10-09,0.7935900092124939,0.794409990310669,0.7927700281143188,0.794219970703125,0
744,2006-10-10,0.7979599833488464,0.7984700202941895,0.7928599715232849,0.7935900092124939,0
745,2006-10-11,0.7984700202941895,0.7996199727058411,0.7963700294494629,0.7979599833488464,0
746,2006-10-12,0.796180009841919,0.7987899780273438,0.7957299947738647,0.7983999848365784,0
747,2006-10-13,0.7996799945831299,0.8007699847221375,0.794979989528656,0.7961099743843079,0
748,2006-10-16,0.7973799705505371,0.8005099892616272,0.7972599864006042,0.7996799945831299,0
749,2006-10-17,0.7971299886703491,0.7987200021743774,0.795799970626831,0.7974500060081482,0
750,2006-10-18,0.797510027885437,0.799780011177063,0.796180009841919,0.7971900105476379,0
751,2006-10-19,0.791949987411499,0.7977700233459473,0.7911400198936462,0.7974500060081482,0
752,2006-10-20,0.792639970779419,0.7935199737548828,0.7910799980163574,0.7918300032615662,0
753,2006-10-23,0.796750009059906,0.7974799871444702,0.7922000288963318,0.792900025844574,0
754,2006-10-24,0.796239972114563,0.7982100248336792,0.7950400114059448,0.7966899871826172,0
755,2006-10-25,0.792639970779419,0.7963700294494629,0.792389988899231,0.7963100075721741,0
756,2006-10-26,0.7877699732780457,0.7928000092506409,0.7874000072479248,0.7927700281143188,0
757,2006-10-27,0.7847399711608887,0.7894799709320068,0.7839400172233582,0.7878699898719788,0
758,2006-10-30,0.7862899899482727,0.7872200012207031,0.7852399945259094,0.7854800224304199,0
759,2006-10-31,0.783270001411438,0.7883899807929993,0.782289981842041,0.7862300276756287,0
760,2006-11-01,0.7840399742126465,0.784529983997345,0.7816200256347656,0.7833899855613708,0
761,2006-11-02,0.7824699878692627,0.7848700284957886,0.7821699976921082,0.7840099930763245,0
762,2006-11-03,0.7869700193405151,0.7880200147628784,0.7823500037193298,0.7825300097465515,0
763,2006-11-06,0.7858200073242188,0.7878000140190125,0.7853000164031982,0.7862300276756287,0
764,2006-11-07,0.7825300097465515,0.7858499884605408,0.7801499962806702,0.7856699824333191,0
765,2006-11-08,0.7836999893188477,0.7841299772262573,0.7808799743652344,0.7825300097465515,0
766,2006-11-09,0.7792699933052063,0.7841299772262573,0.7784500122070312,0.7837299704551697,0
767,2006-11-10,0.777970016002655,0.7792099714279175,0.7755500078201294,0.7789999842643738,0
768,2006-11-13,0.779670000076294,0.7813400030136108,0.7764599919319153,0.7783899903297424,0
769,2006-11-14,0.7803999781608582,0.78125,0.7770000100135803,0.7800899744033813,0
770,2006-11-15,0.7797300219535828,0.7823500037193298,0.7791799902915955,0.7803999781608582,0
771,2006-11-16,0.7816200256347656,0.7819200158119202,0.7791200280189514,0.7797899842262268,0
772,2006-11-17,0.7782099843025208,0.7833899855613708,0.7782099843025208,0.7817400097846985,0
773,2006-11-20,0.7801499962806702,0.7807599902153015,0.7781500220298767,0.7799699902534485,0
774,2006-11-21,0.7784500122070312,0.7811599969863892,0.7780299782752991,0.780269980430603,0
775,2006-11-22,0.7728599905967712,0.7785699963569641,0.77183997631073,0.7785699963569641,0
776,2006-11-23,0.7720800042152405,0.7785699963569641,0.7706500291824341,0.7785699963569641,0
777,2006-11-24,0.7642300128936768,0.7721999883651733,0.7630699872970581,0.7720800042152405,0
778,2006-11-27,0.7614399790763855,0.7633000016212463,0.7599899768829346,0.7599899768829346,0
779,2006-11-28,0.7573500275611877,0.7620800137519836,0.7570000290870667,0.7613800168037415,0
780,2006-11-29,0.7605699896812439,0.7610399723052979,0.7567700147628784,0.7574599981307983,0
781,2006-11-30,0.7546600103378296,0.7606300115585327,0.7535499930381775,0.7605699896812439,0
782,2006-12-01,0.7495700120925903,0.7562299966812134,0.7492300271987915,0.7541499733924866,0
783,2006-12-04,0.7498499751091003,0.7526199817657471,0.7487599849700928,0.7487599849700928,0
784,2006-12-05,0.7508100271224976,0.7521899938583374,0.7486699819564819,0.7498499751091003,0
785,2006-12-06,0.7526400089263916,0.7540299892425537,0.7495700120925903,0.7508599758148193,0
786,2006-12-07,0.7526699900627136,0.7530099749565125,0.750469982624054,0.7526699900627136,0
787,2006-12-08,0.7465999722480774,0.7575799822807312,0.7445999979972839,0.7526699900627136,0
788,2006-12-11,0.7546600103378296,0.7613199949264526,0.7540299892425537,0.7584999799728394,0
789,2006-12-12,0.7527300119400024,0.756089985370636,0.7524999976158142,0.7546600103378296,0
790,2006-12-13,0.7565400004386902,0.7576900124549866,0.752560019493103,0.7527300119400024,0
791,2006-12-14,0.7600799798965454,0.760860025882721,0.7547699809074402,0.7565400004386902,0
792,2006-12-15,0.7634199857711792,0.7654600143432617,0.7587000131607056,0.7602800130844116,0
793,2006-12-18,0.7630100250244141,0.7659299969673157,0.7623100280761719,0.7642599940299988,0
794,2006-12-19,0.7571700215339661,0.76419997215271,0.7567200064659119,0.7630699872970581,0
795,2006-12-20,0.7583199739456177,0.7595900297164917,0.7549999952316284,0.7571200132369995,0
796,2006-12-21,0.7584999799728394,0.7608000040054321,0.7568299770355225,0.7583199739456177,0
797,2006-12-22,0.761210024356842,0.7625399827957153,0.7568899989128113,0.7584999799728394,0
798,2006-12-25,0.7612699866294861,0.7629500031471252,0.7595300078392029,0.761210024356842,0
799,2006-12-26,0.7627800107002258,0.7637100219726562,0.760860025882721,0.7612699866294861,0
800,2006-12-27,0.761900007724762,0.7630699872970581,0.758899986743927,0.7625399827957153,0
801,2006-12-28,0.7605699896812439,0.7628300189971924,0.7576299905776978,0.761900007724762,0
802,2006-12-29,0.7576900124549866,0.7610399723052979,0.7571200132369995,0.7605699896812439,0
803,2007-01-01,0.7564899921417236,0.7589600086212158,0.7564299702644348,0.7576900124549866,0
804,2007-01-02,0.7532399892807007,0.7565699815750122,0.7522199749946594,0.7564899921417236,0
805,2007-01-03,0.7592399716377258,0.7601400017738342,0.7523900270462036,0.7532399892807007,0
806,2007-01-04,0.7637699842453003,0.7644699811935425,0.7586699724197388,0.7592399716377258,0
807,2007-01-05,0.7701200246810913,0.7701799869537354,0.7631300091743469,0.7639399766921997,0
808,2007-01-08,0.7668700218200684,0.7700600028038025,0.7668700218200684,0.7687600255012512,0
809,2007-01-09,0.7694100141525269,0.7697299718856812,0.7663400173187256,0.76705002784729,0
810,2007-01-10,0.7728000283241272,0.7731000185012817,0.7691100239753723,0.7694699764251709,0
811,2007-01-11,0.7754899859428406,0.7760400176048279,0.7688800096511841,0.7728599905967712,0
812,2007-01-12,0.7735099792480469,0.7769399881362915,0.7726799845695496,0.7754300236701965,0
813,2007-01-15,0.7730399966239929,0.7740499973297119,0.7717800140380859,0.7734599709510803,0
814,2007-01-16,0.7739899754524231,0.7744100093841553,0.7699400186538696,0.7729799747467041,0
815,2007-01-17,0.7728000283241272,0.7750099897384644,0.7721999883651733,0.7739899754524231,0
816,2007-01-18,0.7715499997138977,0.7749800086021423,0.7705900073051453,0.7728000283241272,0
817,2007-01-19,0.7710700035095215,0.7740499973297119,0.7690500020980835,0.7714899778366089,0
818,2007-01-22,0.7721999883651733,0.7734599709510803,0.7705299854278564,0.7714300155639648,0
819,2007-01-23,0.7678700089454651,0.7730399966239929,0.7666400074958801,0.7721999883651733,0
820,2007-01-24,0.7714300155639648,0.7720800042152405,0.7669900059700012,0.7678099870681763,0
821,2007-01-25,0.7728000283241272,0.7740499973297119,0.7692300081253052,0.7713099718093872,0
822,2007-01-26,0.7734599709510803,0.7759199738502502,0.7726799845695496,0.7730399966239929,0
823,2007-01-29,0.7714300155639648,0.775189995765686,0.771369993686676,0.7738100290298462,0
824,2007-01-30,0.7712500095367432,0.7723199725151062,0.770359992980957,0.7714300155639648,0
825,2007-01-31,0.7678700089454651,0.7734599709510803,0.76705002784729,0.7712500095367432,0
826,2007-02-01,0.7681099772453308,0.7688199877738953,0.7668099999427795,0.7678099870681763,0
827,2007-02-02,0.771369993686676,0.7720199823379517,0.7663099765777588,0.7681099772453308,0
828,2007-02-05,0.7732800245285034,0.7742000222206116,0.7711899876594543,0.7714300155639648,0
829,2007-02-06,0.7701799869537354,0.7742300033569336,0.769760012626648,0.7731599807739258,0
830,2007-02-07,0.7678700089454651,0.7707700133323669,0.7677000164985657,0.7700600028038025,0
831,2007-02-08,0.7668700218200684,0.7704799771308899,0.7665799856185913,0.7678999900817871,0
832,2007-02-09,0.7688199877738953,0.7699999809265137,0.7665799856185913,0.7668700218200684,0
833,2007-02-12,0.7714300155639648,0.7725600004196167,0.76705002784729,0.7680500149726868,0
834,2007-02-13,0.7673400044441223,0.7717800140380859,0.7667499780654907,0.7714300155639648,0
835,2007-02-14,0.7610399723052979,0.767579972743988,0.7605699896812439,0.7673400044441223,0
836,2007-02-15,0.7613199949264526,0.7620199918746948,0.7593600153923035,0.7610899806022644,0
837,2007-02-16,0.7611500024795532,0.7631800174713135,0.7606300115585327,0.7614399790763855,0
838,2007-02-19,0.7603399753570557,0.761900007724762,0.7597100138664246,0.7605100274085999,0
839,2007-02-20,0.7605699896812439,0.7614399790763855,0.7582700252532959,0.7602300047874451,0
840,2007-02-21,0.7610899806022644,0.7624300122261047,0.7595900297164917,0.7606899738311768,0
841,2007-02-22,0.761900007724762,0.7642300128936768,0.760919988155365,0.7610399723052979,0
842,2007-02-23,0.7593600153923035,0.7628899812698364,0.7583799958229065,0.761900007724762,0
843,2007-02-26,0.7579200267791748,0.7601699829101562,0.7575799822807312,0.7586100101470947,0
844,2007-02-27,0.7557399868965149,0.7596499919891357,0.7540299892425537,0.7578099966049194,0
845,2007-02-28,0.7559199929237366,0.7584999799728394,0.7554000020027161,0.7558599710464478,0
846,2007-03-01,0.7592999935150146,0.7597600221633911,0.7552300095558167,0.7558900117874146,0
847,2007-03-02,0.7595900297164917,0.7606300115585327,0.7573999762535095,0.7592099905014038,0
848,2007-03-05,0.7641199827194214,0.7646700143814087,0.7579200267791748,0.7583799958229065,0
849,2007-03-06,0.7611500024795532,0.7642300128936768,0.760919988155365,0.7641800045967102,0
850,2007-03-07,0.7588099837303162,0.7625399827957153,0.7583799958229065,0.7610899806022644,0
851,2007-03-08,0.760919988155365,0.7622500061988831,0.7585499882698059,0.758840024471283,0
852,2007-03-09,0.7624300122261047,0.7639399766921997,0.7597600221633911,0.7611500024795532,0
853,2007-03-12,0.7582700252532959,0.7626299858093262,0.7576299905776978,0.7618499994277954,0
854,2007-03-13,0.7581499814987183,0.7597600221633911,0.7563700079917908,0.7583799958229065,0
855,2007-03-14,0.7555699944496155,0.7585499882698059,0.7551199793815613,0.7580400109291077,0
856,2007-03-15,0.752839982509613,0.7576900124549866,0.7529000043869019,0.7556300163269043,0
857,2007-03-16,0.7508599758148193,0.7532399892807007,0.7495700120925903,0.7527899742126465,0
858,2007-03-19,0.7511500120162964,0.7527300119400024,0.7505300045013428,0.7507500052452087,0
859,2007-03-20,0.750980019569397,0.7531300187110901,0.750469982624054,0.7512000203132629,0
860,2007-03-21,0.7463200092315674,0.7523900270462036,0.745710015296936,0.7510899901390076,0
861,2007-03-22,0.7499600052833557,0.7510300278663635,0.7462700009346008,0.7462700009346008,0
862,2007-03-23,0.75204998254776,0.7527899742126465,0.7495099902153015,0.7499099969863892,0
863,2007-03-26,0.7500799894332886,0.7542700171470642,0.7492899894714355,0.7535799741744995,0
864,2007-03-27,0.7482200264930725,0.750469982624054,0.748170018196106,0.7500200271606445,0
865,2007-03-28,0.7510300278663635,0.7512000203132629,0.7478899955749512,0.7483900189399719,0
866,2007-03-29,0.7499099969863892,0.7516499757766724,0.7489500045776367,0.7510899901390076,0
867,2007-03-30,0.7485600113868713,0.7524200081825256,0.7464600205421448,0.7497400045394897,0
868,2007-04-02,0.7479400038719177,0.7498499751091003,0.7473800182342529,0.7486199736595154,0
869,2007-04-03,0.750469982624054,0.7505300045013428,0.7472699880599976,0.7478899955749512,0
870,2007-04-04,0.7477200031280518,0.7506399750709534,0.7475000023841858,0.750469982624054,0
871,2007-04-05,0.7444900274276733,0.7487300038337708,0.7439900040626526,0.7478299736976624,0
872,2007-04-06,0.7461599707603455,0.7481099963188171,0.7444900274276733,0.7444900274276733,0
873,2007-04-09,0.7487800121307373,0.7494000196456909,0.7473800182342529,0.7477200031280518,0
874,2007-04-10,0.7444900274276733,0.7489500045776367,0.7433300018310547,0.7487300038337708,0
875,2007-04-11,0.7440500259399414,0.7454900145530701,0.7439900040626526,0.7445999979972839,0
876,2007-04-12,0.7412300109863281,0.7442700266838074,0.740909993648529,0.7440500259399414,0
877,2007-04-13,0.7395899891853333,0.7415599822998047,0.7380599975585938,0.741129994392395,0
878,2007-04-16,0.7391499876976013,0.7391499876976013,0.73649001121521,0.73649001121521,0
879,2007-04-17,0.736810028553009,0.7391499876976013,0.735729992389679,0.7390400171279907,0
880,2007-04-18,0.7345399856567383,0.7371900081634521,0.7344300150871277,0.736810028553009,0
881,2007-04-19,0.7339800000190735,0.7370799779891968,0.733680009841919,0.7344300150871277,0
882,2007-04-20,0.7358899712562561,0.7360000014305115,0.733269989490509,0.7339400053024292,0
883,2007-04-23,0.7361599802970886,0.7381200194358826,0.734969973564148,0.7350199818611145,0
884,2007-04-24,0.7333499789237976,0.7379000186920166,0.7328699827194214,0.7362099885940552,0
885,2007-04-25,0.7331900000572205,0.7338899970054626,0.7318999767303467,0.7333800196647644,0
886,2007-04-26,0.7358899712562561,0.7358899712562561,0.7323899865150452,0.733269989490509,0
887,2007-04-27,0.7323300242424011,0.7358899712562561,0.7312099933624268,0.7358400225639343,0
888,2007-04-30,0.7324900031089783,0.735729992389679,0.7312099933624268,0.7330800294876099,0
889,2007-05-01,0.7352399826049805,0.7356200218200684,0.7314199805259705,0.7323899865150452,0
890,2007-05-02,0.7359399795532227,0.7373200058937073,0.7347000241279602,0.735289990901947,0
891,2007-05-03,0.7376800179481506,0.7380099892616272,0.7342100143432617,0.7359399795532227,0
892,2007-05-04,0.7358899712562561,0.7387199997901917,0.7348099946975708,0.7376800179481506,0
893,2007-05-07,0.735289990901947,0.735729992389679,0.7338399887084961,0.7354000210762024,0
894,2007-05-08,0.7384999990463257,0.7395899891853333,0.7340499758720398,0.735289990901947,0
895,2007-05-09,0.7392600178718567,0.7394800186157227,0.7371900081634521,0.7384399771690369,0
896,2007-05-10,0.7416700124740601,0.7423400282859802,0.7372999787330627,0.7392600178718567,0
897,2007-05-11,0.7395899891853333,0.7425299882888794,0.7389900088310242,0.7416200041770935,0
898,2007-05-14,0.7383900284767151,0.7392100095748901,0.7375699877738953,0.7388299703598022,0
899,2007-05-15,0.735509991645813,0.7391300201416016,0.7349200248718262,0.7383900284767151,0
900,2007-05-16,0.7394300103187561,0.7402499914169312,0.7347000241279602,0.7355599999427795,0
901,2007-05-17,0.740909993648529,0.7417299747467041,0.7383300065994263,0.7394800186157227,0
902,2007-05-18,0.7400299906730652,0.7423400282859802,0.7394800186157227,0.7409600019454956,0
903,2007-05-21,0.742609977722168,0.7439900040626526,0.7393199801445007,0.7393699884414673,0
904,2007-05-22,0.7433800101280212,0.743939995765686,0.7420600056648254,0.7424499988555908,0
905,2007-05-23,0.7430499792098999,0.7452700138092041,0.7407400012016296,0.7433800101280212,0
906,2007-05-24,0.7445999979972839,0.7450500130653381,0.7428299784660339,0.7429400086402893,0
907,2007-05-25,0.7434899806976318,0.7454299926757812,0.7422800064086914,0.7445999979972839,0
908,2007-05-28,0.7433800101280212,0.7436000108718872,0.7429400086402893,0.7434399724006653,0
909,2007-05-29,0.7437199950218201,0.7449899911880493,0.7397500276565552,0.7434399724006653,0
910,2007-05-30,0.7444900274276733,0.7454900145530701,0.7430499792098999,0.7436599731445312,0
911,2007-05-31,0.7431600093841553,0.7447699904441833,0.7422800064086914,0.7444900274276733,0
912,2007-06-01,0.743939995765686,0.7464399933815002,0.7430499792098999,0.7431600093841553,0
913,2007-06-04,0.7411800026893616,0.744159996509552,0.7408499717712402,0.743939995765686,0
914,2007-06-05,0.7396399974822998,0.7412899732589722,0.7380099892616272,0.7412300109863281,0
915,2007-06-06,0.741129994392395,0.7413399815559387,0.738610029220581,0.7396399974822998,0
916,2007-06-07,0.7447100281715393,0.7448199987411499,0.7399700284004211,0.740909993648529,0
917,2007-06-08,0.7484999895095825,0.750190019607544,0.7445999979972839,0.7447100281715393,0
918,2007-06-11,0.7487300038337708,0.7497900128364563,0.7482799887657166,0.7483900189399719,0
919,2007-06-12,0.7515400052070618,0.7517099976539612,0.7479400038719177,0.7488399744033813,0
920,2007-06-13,0.7513099908828735,0.7538099884986877,0.750980019569397,0.7515400052070618,0
921,2007-06-14,0.750980019569397,0.7523900270462036,0.7506399750709534,0.7513099908828735,0
922,2007-06-15,0.747439980506897,0.7513700127601624,0.7465500235557556,0.7510899901390076,0
923,2007-06-18,0.7453799843788147,0.7472699880599976,0.7452099919319153,0.747160017490387,0
924,2007-06-19,0.7449300289154053,0.7469900250434875,0.7442100048065186,0.7453799843788147,0
925,2007-06-20,0.7464900016784668,0.7464900016784668,0.7440999746322632,0.7449899911880493,0
926,2007-06-21,0.7465999722480774,0.7476599812507629,0.745930016040802,0.7465999722480774,0
927,2007-06-22,0.7423400282859802,0.747160017490387,0.7422299981117249,0.7465999722480774,0
928,2007-06-25,0.7425000071525574,0.7438799738883972,0.742169976234436,0.742609977722168,0
929,2007-06-26,0.7435500025749207,0.744159996509552,0.7419499754905701,0.742609977722168,0
930,2007-06-27,0.7432199716567993,0.7451000213623047,0.7431100010871887,0.7435500025749207,0
931,2007-06-28,0.7436599731445312,0.7447100281715393,0.7420600056648254,0.7432199716567993,0
932,2007-06-29,0.7387700080871582,0.744379997253418,0.7379500269889832,0.7436599731445312,0
933,2007-07-02,0.7334100008010864,0.7390400171279907,0.7331399917602539,0.7383900284767151,0
934,2007-07-03,0.7346500158309937,0.7358400225639343,0.733460009098053,0.7335699796676636,0
935,2007-07-04,0.7344800233840942,0.7348600029945374,0.7336199879646301,0.7346500158309937,0
936,2007-07-05,0.7353500127792358,0.7361599802970886,0.7323300242424011,0.7344300150871277,0
937,2007-07-06,0.733680009841919,0.7366999983787537,0.7331399917602539,0.7354000210762024,0
938,2007-07-09,0.734000027179718,0.7345899939537048,0.7331900000572205,0.733780026435852,0
939,2007-07-10,0.7267400026321411,0.7351899743080139,0.7256900072097778,0.734000027179718,0
940,2007-07-11,0.7270600199699402,0.7281699776649475,0.7256399989128113,0.7266899943351746,0
941,2007-07-12,0.7252699732780457,0.727590024471283,0.7247400283813477,0.7270600199699402,0
942,2007-07-13,0.7254300117492676,0.7264299988746643,0.7241700291633606,0.7253699898719788,0
943,2007-07-16,0.725849986076355,0.7263699769973755,0.7244300246238708,0.7260100245475769,0
944,2007-07-17,0.7251600027084351,0.7264800071716309,0.7247400283813477,0.7257900238037109,0
945,2007-07-18,0.7242699861526489,0.7264800071716309,0.7229099869728088,0.725059986114502,0
946,2007-07-19,0.7247400283813477,0.7251600027084351,0.7230700254440308,0.7241700291633606,0
947,2007-07-20,0.7228599786758423,0.7254800200462341,0.7223299741744995,0.7246400117874146,0
948,2007-07-23,0.7243800163269043,0.7247400283813477,0.7222300171852112,0.7227500081062317,0
949,2007-07-24,0.723330020904541,0.7245299816131592,0.7220699787139893,0.7244799733161926,0
950,2007-07-25,0.7285400032997131,0.7298700213432312,0.7232199907302856,0.7232199907302856,0
951,2007-07-26,0.7272700071334839,0.7300900220870972,0.7263699769973755,0.728600025177002,0
952,2007-07-27,0.7333499789237976,0.733680009841919,0.7270600199699402,0.7273799777030945,0
953,2007-07-30,0.7292900085449219,0.7338899970054626,0.7289699912071228,0.7336199879646301,0
954,2007-07-31,0.7314199805259705,0.7314199805259705,0.7284899950027466,0.7292900085449219,0
955,2007-08-01,0.7311499714851379,0.7328199744224548,0.729390025138855,0.7315300107002258,0
956,2007-08-02,0.7295500040054321,0.7324399948120117,0.7294999957084656,0.7312099933624268,0
957,2007-08-03,0.7253199815750122,0.7305099964141846,0.723800003528595,0.729610025882721,0
958,2007-08-06,0.7247999906539917,0.7254800200462341,0.722599983215332,0.7236899733543396,0
959,2007-08-07,0.7277500033378601,0.7279099822044373,0.723800003528595,0.7247400283813477,0
960,2007-08-08,0.7244799733161926,0.7284899950027466,0.723330020904541,0.7276999950408936,0
961,2007-08-09,0.7313100099563599,0.7318500280380249,0.723800003528595,0.7244799733161926,0
962,2007-08-10,0.7305099964141846,0.7327100038528442,0.7296599745750427,0.7313699722290039,0
963,2007-08-13,0.7345899939537048,0.734969973564148,0.7293400168418884,0.7304099798202515,0
964,2007-08-14,0.7388299703598022,0.7389900088310242,0.7338899970054626,0.7345899939537048,0
965,2007-08-15,0.7447100281715393,0.7450500130653381,0.7388299703598022,0.7388799786567688,0
966,2007-08-16,0.7448800206184387,0.747219979763031,0.7436599731445312,0.7447699904441833,0
967,2007-08-17,0.7410699725151062,0.7470499873161316,0.7388299703598022,0.7447699904441833,0
968,2007-08-20,0.7421200275421143,0.7426699995994568,0.7402999997138977,0.7414500117301941,0
969,2007-08-21,0.7432199716567993,0.7431100010871887,0.7396399974822998,0.742169976234436,0
970,2007-08-22,0.7380099892616272,0.7432699799537659,0.7375699877738953,0.7431600093841553,0
971,2007-08-23,0.7376300096511841,0.7385500073432922,0.7359399795532227,0.7380599975585938,0
972,2007-08-24,0.731689989566803,0.7376800179481506,0.7306200265884399,0.7375699877738953,0
973,2007-08-27,0.7332500219345093,0.733299970626831,0.7306200265884399,0.7312099933624268,0
974,2007-08-28,0.7353500127792358,0.7353500127792358,0.7310500144958496,0.7332500219345093,0
975,2007-08-29,0.7313100099563599,0.7371900081634521,0.7308899760246277,0.7352399826049805,0
976,2007-08-30,0.7330300211906433,0.735509991645813,0.7311499714851379,0.7315800189971924,0
977,2007-08-31,0.7330300211906433,0.7340499758720398,0.7288600206375122,0.7328199744224548,0
978,2007-09-03,0.7345399856567383,0.7348600029945374,0.7323300242424011,0.733460009098053,0
979,2007-09-04,0.7342100143432617,0.7376800179481506,0.733780026435852,0.7345399856567383,0
980,2007-09-05,0.7323899865150452,0.736810028553009,0.7314199805259705,0.7343199849128723,0
981,2007-09-06,0.730139970779419,0.7332500219345093,0.729390025138855,0.7323899865150452,0
982,2007-09-07,0.7259500026702881,0.7317399978637695,0.725059986114502,0.7301899790763855,0
983,2007-09-11,0.722540020942688,0.7256900072097778,0.7221800088882446,0.7241700291633606,0
984,2007-09-12,0.7190099954605103,0.7232199907302856,0.7186999917030334,0.7226499915122986,0
985,2007-09-13,0.7211400270462036,0.7211899757385254,0.7181800007820129,0.7190600037574768,0
986,2007-09-14,0.7205600142478943,0.7221800088882446,0.7195799946784973,0.7209799885749817,0
987,2007-09-17,0.7212399840354919,0.7217599749565125,0.7199900150299072,0.7210800051689148,0
988,2007-09-18,0.7153099775314331,0.7228599786758423,0.7148000001907349,0.7211400270462036,0
989,2007-09-19,0.7158700227737427,0.7173600196838379,0.714900016784668,0.7153099775314331,0
990,2007-09-20,0.7102800011634827,0.7158700227737427,0.7093200087547302,0.7158700227737427,0
991,2007-09-21,0.7096199989318848,0.7118499875068665,0.7083200216293335,0.7103800177574158,0
992,2007-09-24,0.7105299830436707,0.7106299996376038,0.7077599763870239,0.7096700072288513,0
993,2007-09-25,0.7066100239753723,0.7109299898147583,0.7066100239753723,0.7104799747467041,0
994,2007-09-26,0.7075600028038025,0.7085199952125549,0.7061100006103516,0.7067099809646606,0
995,2007-09-27,0.7066100239753723,0.7079100012779236,0.7049700021743774,0.707610011100769,0
996,2007-09-28,0.7010200023651123,0.7066100239753723,0.7004799842834473,0.7066100239753723,0
997,2007-10-01,0.7024400234222412,0.7034800052642822,0.7004799842834473,0.7007200121879578,0
998,2007-10-02,0.7066100239753723,0.7070599794387817,0.7023000121116638,0.7024400234222412,0
999,2007-10-03,0.7092199921607971,0.7098699808120728,0.704230010509491,0.7065600156784058,0
1000,2007-10-04,0.7074599862098694,0.7104300260543823,0.7069100141525269,0.7092700004577637,0
1001,2007-10-05,0.7075600028038025,0.7119500041007996,0.7064099907875061,0.7074599862098694,0
1002,2007-10-08,0.7117900252342224,0.7123000025749207,0.7066100239753723,0.7067599892616272,0
1003,2007-10-09,0.708869993686676,0.7134199738502502,0.7085199952125549,0.7118499875068665,0
1004,2007-10-10,0.7071599960327148,0.7093700170516968,0.7056699991226196,0.7088199853897095,0
1005,2007-10-11,0.7041299939155579,0.7073100209236145,0.7022500038146973,0.7071599960327148,0
1006,2007-10-12,0.7047200202941895,0.7061600089073181,0.7035800218582153,0.7041299939155579,0
1007,2007-10-15,0.7040299773216248,0.7060199975967407,0.7020999789237976,0.7057700157165527,0
1008,2007-10-16,0.7053700089454651,0.7068600058555603,0.7030400037765503,0.703980028629303,0
1009,2007-10-17,0.7033799886703491,0.7060700058937073,0.7028399705886841,0.7053700089454651,0
1010,2007-10-18,0.6995499730110168,0.704230010509491,0.6990100145339966,0.7034299969673157,0
1011,2007-10-19,0.6994500160217285,0.7017499804496765,0.698419988155365,0.6994500160217285,0
1012,2007-10-22,0.7052199840545654,0.7079100012779236,0.69691002368927,0.6977400183677673,0
1013,2007-10-23,0.7013599872589111,0.7055699825286865,0.7005699872970581,0.7052199840545654,0
1014,2007-10-24,0.7011100053787231,0.7044699788093567,0.7007700204849243,0.7014600038528442,0
1015,2007-10-25,0.6980299949645996,0.7017099857330322,0.6975899934768677,0.7011100053787231,0
1016,2007-10-26,0.6947799921035767,0.6983699798583984,0.6944900155067444,0.6980299949645996,0
1017,2007-10-29,0.6935799717903137,0.6954600214958191,0.6927099823951721,0.6940600275993347,0
1018,2007-10-30,0.692520022392273,0.6955100297927856,0.692330002784729,0.6936299800872803,0
1019,2007-10-31,0.6909899711608887,0.6931899785995483,0.6897500157356262,0.692520022392273,0
1020,2007-11-01,0.6931399703025818,0.6940600275993347,0.6908000111579895,0.6910799741744995,0
1021,2007-11-02,0.6902300119400024,0.6931899785995483,0.6885200142860413,0.6930999755859375,0
1022,2007-11-05,0.6906999945640564,0.6919900178909302,0.689079999923706,0.6893699765205383,0
1023,2007-11-06,0.6866199970245361,0.6909899711608887,0.6863399744033813,0.6906599998474121,0
1024,2007-11-07,0.6838099956512451,0.6869500279426575,0.6792100071907043,0.6867700219154358,0
1025,2007-11-08,0.6811500191688538,0.6837599873542786,0.6802300214767456,0.6837599873542786,0
1026,2007-11-09,0.6814299821853638,0.6827300190925598,0.6779699921607971,0.6811500191688538,0
1027,2007-11-12,0.6885200142860413,0.6885200142860413,0.6819400191307068,0.682129979133606,0
1028,2007-11-13,0.6839500069618225,0.6885200142860413,0.6834800243377686,0.6884199976921082,0
1029,2007-11-14,0.6825900077819824,0.6841300129890442,0.6793500185012817,0.6840400099754333,0
1030,2007-11-15,0.6839500069618225,0.6844199895858765,0.6802300214767456,0.682449996471405,0
1031,2007-11-16,0.6833400130271912,0.6854900121688843,0.681659996509552,0.6839500069618225,0
1032,2007-11-19,0.6817100048065186,0.6838099956512451,0.6807399988174438,0.6815699934959412,0
1033,2007-11-20,0.6741700172424316,0.6831499934196472,0.6734499931335449,0.6817600131034851,0
1034,2007-11-21,0.673039972782135,0.6764100193977356,0.672540009021759,0.6742200255393982,0
1035,2007-11-22,0.6731299757957458,0.6745399832725525,0.6723099946975708,0.6730800271034241,0
1036,2007-11-23,0.6756299734115601,0.6762199997901917,0.6685799956321716,0.6731699705123901,0
1037,2007-11-27,0.6739500164985657,0.6751300096511841,0.6709200143814087,0.67221999168396,0
1038,2007-11-28,0.6738100051879883,0.6795799732208252,0.673039972782135,0.6739500164985657,0
1039,2007-11-29,0.6775100231170654,0.679069995880127,0.6736699938774109,0.6737200021743774,0
1040,2007-11-30,0.6804599761962891,0.6835299730300903,0.6764100193977356,0.6775500178337097,0
1041,2007-12-03,0.681659996509552,0.683709979057312,0.6800900101661682,0.6820399761199951,0
1042,2007-12-04,0.6772300004959106,0.6831499934196472,0.6770899891853333,0.6816200017929077,0
1043,2007-12-05,0.6849799752235413,0.6850299835205078,0.6769999861717224,0.6773200035095215,0
1044,2007-12-06,0.6821699738502502,0.6877099871635437,0.6821699738502502,0.6848400235176086,0
1045,2007-12-07,0.6823099851608276,0.6847400069236755,0.6817600131034851,0.6822699904441833,0
1046,2007-12-10,0.67985999584198,0.6829699873924255,0.678659975528717,0.6823599934577942,0
1047,2007-12-11,0.6819000244140625,0.6827800273895264,0.6779699921607971,0.6797199845314026,0
1048,2007-12-12,0.6795300245285034,0.682449996471405,0.6784300208091736,0.6819900274276733,0
1049,2007-12-13,0.6835299730300903,0.6855400204658508,0.6787499785423279,0.6796200275421143,0
1050,2007-12-14,0.6926599740982056,0.6937199831008911,0.6823099851608276,0.683709979057312,0
1051,2007-12-17,0.6938199996948242,0.6975399851799011,0.6919900178909302,0.6934800148010254,0
1052,2007-12-19,0.6952199935913086,0.697350025177002,0.6932899951934814,0.6934800148010254,0
1053,2007-12-20,0.6976900100708008,0.6984699964523315,0.6948800086975098,0.6952199935913086,0
1054,2007-12-21,0.6950200200080872,0.6977400183677673,0.6940100193023682,0.6976900100708008,0
1055,2007-12-24,0.6945899724960327,0.6955100297927856,0.6937699913978577,0.6953099966049194,0
1056,2007-12-25,0.6946399807929993,0.6948800086975098,0.6936699748039246,0.6946399807929993,0
1057,2007-12-26,0.6902300119400024,0.6947299838066101,0.6893699765205383,0.6945400238037109,0
1058,2007-12-27,0.6842799782752991,0.6909899711608887,0.6830599904060364,0.6902300119400024,0
1059,2007-12-28,0.6794400215148926,0.6851199865341187,0.6788899898529053,0.6842799782752991,0
1060,2007-12-31,0.6848800182342529,0.6862000226974487,0.6779699921607971,0.6785600185394287,0
1061,2008-01-01,0.6839900016784668,0.6857799887657166,0.6835299730300903,0.6848800182342529,0
1062,2008-01-02,0.6794899702072144,0.6848800182342529,0.6782900094985962,0.6838499903678894,0
1063,2008-01-03,0.6782000064849854,0.6805499792098999,0.676639974117279,0.6794899702072144,0
1064,2008-01-04,0.6777399778366089,0.6803200244903564,0.6748499870300293,0.6780999898910522,0
1065,2008-01-07,0.6810600161552429,0.6818000078201294,0.677869975566864,0.677869975566864,0
1066,2008-01-08,0.6422200202941895,0.6439200043678284,0.641319990158081,0.6413499712944031,0
1067,2008-01-09,0.6819400191307068,0.682919979095459,0.6784300208091736,0.6799499988555908,0
1068,2008-01-10,0.6756299734115601,0.6825000047683716,0.6751300096511841,0.6819900274276733,0
1069,2008-01-11,0.6761299967765808,0.6772300004959106,0.6749500036239624,0.6755800247192383,0
1070,2008-01-14,0.672540009021759,0.6756299734115601,0.6705999970436096,0.6753100156784058,0
1071,2008-01-15,0.6755800247192383,0.676639974117279,0.6702399849891663,0.672540009021759,0
1072,2008-01-16,0.6819400191307068,0.6844199895858765,0.6729900240898132,0.6755800247192383,0
1073,2008-01-17,0.6830599904060364,0.6851199865341187,0.6800400018692017,0.6821699738502502,0
1074,2008-01-18,0.6840900182723999,0.6848400235176086,0.6807399988174438,0.6829699873924255,0
1075,2008-01-21,0.6934800148010254,0.6935300230979919,0.6849300265312195,0.6849300265312195,0
1076,2008-01-22,0.6826900243759155,0.6957499980926514,0.6809700131416321,0.693340003490448,0
1077,2008-01-23,0.683430016040802,0.6887500286102295,0.6825500130653381,0.6828699707984924,0
1078,2008-01-24,0.676859974861145,0.6850299835205078,0.6767699718475342,0.6835299730300903,0
1079,2008-01-25,0.6814299821853638,0.6819400191307068,0.676859974861145,0.676859974861145,0
1080,2008-01-28,0.6762199997901917,0.681850016117096,0.6757199764251709,0.6805999875068665,0
1081,2008-01-29,0.6769599914550781,0.6782900094985962,0.6762199997901917,0.6763200163841248,0
1082,2008-01-30,0.6742600202560425,0.6776000261306763,0.6723099946975708,0.6769599914550781,0
1083,2008-01-31,0.6727200150489807,0.6750800013542175,0.6705099940299988,0.674310028553009,0
1084,2008-02-01,0.6756799817085266,0.6758099794387817,0.669700026512146,0.6726800203323364,0
1085,2008-02-04,0.6743999719619751,0.6758599877357483,0.6735799908638,0.6755399703979492,0
1086,2008-02-05,0.6831499934196472,0.6837599873542786,0.6741700172424316,0.6741700172424316,0
1087,2008-02-06,0.6841300129890442,0.6851199865341187,0.6818000078201294,0.6832000017166138,0
1088,2008-02-07,0.6906599998474121,0.6919500231742859,0.682640016078949,0.6841800212860107,0
1089,2008-02-08,0.6422200202941895,0.6434599757194519,0.6422200202941895,0.6422200202941895,0
1090,2008-02-11,0.6895599961280823,0.6903200149536133,0.6860100030899048,0.6881399750709534,0
1091,2008-02-12,0.6857799887657166,0.6895599961280823,0.6845099925994873,0.6895099878311157,0
1092,2008-02-13,0.6869999766349792,0.6878499984741211,0.6852099895477295,0.6860100030899048,0
1093,2008-02-14,0.6828699707984924,0.6872400045394897,0.6827300190925598,0.6869099736213684,0
1094,2008-02-15,0.6813799738883972,0.6833400130271912,0.6799899935722351,0.6829699873924255,0
1095,2008-02-18,0.6825900077819824,0.6841300129890442,0.6806899905204773,0.6813799738883972,0
1096,2008-02-19,0.6788899898529053,0.6827800273895264,0.6776400208473206,0.6826900243759155,0
1097,2008-02-20,0.6792100071907043,0.6837599873542786,0.6787499785423279,0.6788399815559387,0
1098,2008-02-21,0.6749899983406067,0.6798999905586243,0.6740400195121765,0.6791599988937378,0
1099,2008-02-22,0.6744899749755859,0.67603999376297,0.6731299757957458,0.6749500036239624,0
1100,2008-02-25,0.6740400195121765,0.6756799817085266,0.6737200021743774,0.6741300225257874,0
1101,2008-02-26,0.6668400168418884,0.6764100193977356,0.6649399995803833,0.6740400195121765,0
1102,2008-02-27,0.6614599823951721,0.6673799753189087,0.6604999899864197,0.6667600274085999,0
1103,2008-02-28,0.6580700278282166,0.6632599830627441,0.6566900014877319,0.6614599823951721,0
1104,2008-02-29,0.658240020275116,0.659850001335144,0.65625,0.6584600210189819,0
1105,2008-03-03,0.6578900218009949,0.6594600081443787,0.6548799872398376,0.6577600240707397,0
1106,2008-03-04,0.6574599742889404,0.6588900089263916,0.6559100151062012,0.6579399704933167,0
1107,2008-03-05,0.6545799970626831,0.6599400043487549,0.6540200114250183,0.657509982585907,0
1108,2008-03-06,0.6499800086021423,0.6547099947929382,0.649429976940155,0.6545400023460388,0
1109,2008-03-07,0.6520599722862244,0.6524900197982788,0.6477900147438049,0.6499800086021423,0
1110,2008-03-10,0.6518499851226807,0.6526100039482117,0.6499000191688538,0.6502000093460083,0
1111,2008-03-11,0.6518099904060364,0.6541100144386292,0.6456599831581116,0.6518099904060364,0
1112,2008-03-12,0.6434999704360962,0.6518499851226807,0.6422200202941895,0.6518499851226807,0
1113,2008-03-13,0.6401200294494629,0.6441199779510498,0.6391800045967102,0.6434199810028076,0
1114,2008-03-14,0.6402900218963623,0.6435400247573853,0.6376699805259705,0.6400799751281738,0
1115,2008-03-17,0.6349999904632568,13.717000007629396,0.6288099884986877,0.6349999904632568,0
1116,2008-03-18,0.6386500000953674,0.6403300166130066,0.6317899823188782,0.6350399851799011,0
1117,2008-03-19,0.6394299864768982,0.6415600180625916,0.6337500214576721,0.6386100053787231,0
1118,2008-03-20,0.6475800275802612,0.6492199897766113,0.6393499970436096,0.6393499970436096,0
1119,2008-03-21,0.6370599865913391,0.648930013179779,0.6370599865913391,0.6477500200271606,0
1120,2008-03-24,0.6478800177574158,0.651639997959137,0.6473299860954285,0.6490600109100342,0
1121,2008-03-25,0.640529990196228,0.6486300230026245,0.6386899948120117,0.6477100253105164,0
1122,2008-03-26,0.6319500207901001,0.6413999795913696,0.6305999755859375,0.640529990196228,0
1123,2008-03-27,0.6323500275611877,0.6356099843978882,0.6311100125312805,0.6321099996566772,0
1124,2008-03-28,0.6344799995422363,0.6349200010299683,0.6314700245857239,0.6325500011444092,0
1125,2008-03-31,0.6345999836921692,0.634880006313324,0.629289984703064,0.6331899762153625,0
1126,2008-04-02,0.6378399729728699,0.6434199810028076,0.6369799971580505,0.6403300166130066,0
1127,2008-04-03,0.6382799744606018,0.6444500088691711,0.6375100016593933,0.6377999782562256,0
1128,2008-04-04,0.635450005531311,0.6392199993133545,0.6348000168800354,0.6383299827575684,0
1129,2008-04-07,0.6367400288581848,0.6394299864768982,0.6354900002479553,0.6357300281524658,0
1130,2008-04-08,0.6419299840927124,0.6427599787712097,0.6398100256919861,0.6422600150108337,0
1131,2008-04-09,0.6319500207901001,0.6373100280761719,0.6304799914360046,0.6372299790382385,0
1132,2008-04-10,0.6352400183677673,0.6358100175857544,0.6288099884986877,0.6319900155067444,0
1133,2008-04-11,0.6320300102233887,0.6352800130844116,0.6309099793434143,0.635200023651123,0
1134,2008-04-14,0.6319100260734558,0.6377999782562256,0.6294900178909302,0.6361299753189087,0
1135,2008-04-15,0.6334699988365173,0.6344000101089478,0.6299999952316284,0.6318699717521667,0
1136,2008-04-16,0.6266400218009949,0.6337100267410278,0.6259400248527527,0.6335499882698059,0
1137,2008-04-17,0.628849983215332,0.6305599808692932,0.6259400248527527,0.626800000667572,0
1138,2008-04-18,0.6355699896812439,0.6360899806022644,0.626800000667572,0.6287699937820435,0
1139,2008-04-21,0.6284599900245667,0.6329600214958191,0.6272299885749817,0.6327499747276306,0
1140,2008-04-22,0.625469982624054,0.6311900019645691,0.6244900226593018,0.6284800171852112,0
1141,2008-04-23,0.6299600005149841,0.6303200125694275,0.6250799894332886,0.6257100105285645,0
1142,2008-04-24,0.6375899910926819,0.63919997215271,0.6295300126075745,0.6298800110816956,0
1143,2008-04-25,0.6395099759101868,0.6426500082015991,0.6366599798202515,0.6375799775123596,0
1144,2008-04-28,0.6388599872589111,0.6409800052642822,0.6374300122261047,0.6409800052642822,0
1145,2008-04-29,0.6423799991607666,0.6429299712181091,0.6385300159454346,0.6389399766921997,0
1146,2008-04-30,0.6401200294494629,0.6439200043678284,0.6394400000572205,0.6423100233078003,0
1147,2008-05-02,0.6479200124740601,0.6503199934959412,0.6452400088310242,0.6460800170898438,0
1148,2008-05-05,0.6452400088310242,0.6480000019073486,0.6444100141525269,0.6478800177574158,0
1149,2008-05-06,0.6436700224876404,0.6467900276184082,0.6413699984550476,0.6452299952507019,0
1150,2008-05-07,0.6499800086021423,0.6505799889564514,0.6435800194740295,0.6435800194740295,0
1151,2008-05-08,0.6466599702835083,0.6471800208091736,0.642009973526001,0.642009973526001,0
1152,2008-05-09,0.645579993724823,0.6495100259780884,0.645579993724823,0.6494799852371216,0
1153,2008-05-12,0.6434999704360962,0.6502400040626526,0.6423100233078003,0.6470000147819519,0
1154,2008-05-13,0.646120011806488,0.6477100253105164,0.6425999999046326,0.6436499953269958,0
1155,2008-05-14,0.6464499831199646,0.649179995059967,0.6457899808883667,0.6462900042533875,0
1156,2008-05-15,0.6472100019454956,0.648169994354248,0.6432899832725525,0.6464999914169312,0
1157,2008-05-16,0.6411899924278259,0.647629976272583,0.6411899924278259,0.6471499800682068,0
1158,2008-05-19,0.6439999938011169,0.6454899907112122,0.6398000121116638,0.6417199969291687,0
1159,2008-05-20,0.6388099789619446,0.6447299718856812,0.6378399729728699,0.6439200043678284,0
1160,2008-05-21,0.6333900094032288,0.6393899917602539,0.6329500079154968,0.6392199993133545,0
1161,2008-05-22,0.6356499791145325,0.6370199918746948,0.6325600147247314,0.633430004119873,0
1162,2008-05-23,0.6335099935531616,0.6367400288581848,0.6331899762153625,0.6356499791145325,0
1163,2008-05-26,0.6337400078773499,0.635129988193512,0.6331899762153625,0.6341800093650818,0
1164,2008-05-27,0.6373100280761719,0.6378800272941589,0.6321899890899658,0.6337900161743164,0
1165,2008-05-28,0.638729989528656,0.6403599977493286,0.6346799731254578,0.6372399926185608,0
1166,2008-05-29,0.6444100141525269,0.645579993724823,0.6384099721908569,0.6388900279998779,0
1167,2008-05-30,0.6434599757194519,0.6464999914169312,0.6423299908638,0.6445000171661377,0
1168,2008-06-02,0.6432499885559082,0.6452400088310242,0.6421399712562561,0.6425099968910217,0
1169,2008-06-03,0.6472399830818176,0.6483399868011475,0.6399400234222412,0.6432499885559082,0
1170,2008-06-04,0.6479799747467041,0.6483799815177917,0.6460400223731995,0.6472200155258179,0
1171,2008-06-05,0.641480028629303,0.6502400040626526,0.6410300135612488,0.6479200124740601,0
1172,2008-06-06,0.6335099935531616,0.6419699788093567,0.6334699988365173,0.6413999795913696,0
1173,2008-06-09,0.639240026473999,0.6400799751281738,0.6312299966812134,0.6333100199699402,0
1174,2008-06-10,0.6466599702835083,0.6473699808120728,0.6387699842453003,0.6391000151634216,0
1175,2008-06-11,0.6427599787712097,0.6469100117683411,0.6417700052261353,0.646619975566864,0
1176,2008-06-12,0.6467900276184082,0.6497899889945984,0.6424300074577332,0.6429200172424316,0
1177,2008-06-13,0.65065997838974,0.6529499888420105,0.6467099785804749,0.6471700072288513,0
1178,2008-06-16,0.6462500095367432,0.6513400077819824,0.6444500088691711,0.6496999859809875,0
1179,2008-06-17,0.6442499756813049,0.6466299891471863,0.6431300044059753,0.6462500095367432,0
1180,2008-06-18,0.6435800194740295,0.6464499831199646,0.6434999704360962,0.6443300247192383,0
1181,2008-06-19,0.6447499990463257,0.6464499831199646,0.641569972038269,0.6435400247573853,0
1182,2008-06-20,0.6398800015449524,0.6453700065612793,0.6388999819755554,0.6447499990463257,0
1183,2008-06-23,0.6442099809646606,0.6462500095367432,0.6399800181388855,0.6410700082778931,0
1184,2008-06-24,0.6422600150108337,0.6452900171279907,0.6402000188827515,0.6440799832344055,0
1185,2008-06-25,0.6380000114440918,0.6434199810028076,0.6375100016593933,0.6422500014305115,0
1186,2008-06-26,0.6348000168800354,0.6392999887466431,0.6342800259590149,0.6379600167274475,0
1187,2008-06-27,0.6348000168800354,0.635890007019043,0.6329500079154968,0.6348999738693237,0
1188,2008-06-30,0.6349200010299683,0.6355299949645996,0.6315100193023682,0.6331499814987183,0
1189,2008-07-02,0.629800021648407,0.6335899829864502,0.6292499899864197,0.6332299709320068,0
1190,2008-07-03,0.6369400024414062,0.6375499963760376,0.6287299990653992,0.6297199726104736,0
1191,2008-07-04,0.6363800168037415,0.6381999850273132,0.635890007019043,0.6370199918746948,0
1192,2008-07-07,0.6361299753189087,0.6403700113296509,0.6349599957466125,0.6367400288581848,0
1193,2008-07-08,0.6521499752998352,0.652999997138977,0.6450799703598022,0.6485900282859802,0
1194,2008-07-09,0.6354900002479553,0.6388199925422668,0.6349599957466125,0.638260006904602,0
1195,2008-07-10,0.6335099935531616,0.6371099948883057,0.6329900026321411,0.6355299949645996,0
1196,2008-07-11,0.6269999742507935,0.6341999769210815,0.6269999742507935,0.633430004119873,0
1197,2008-07-14,0.629289984703064,0.6310700178146362,0.6276199817657471,0.6283400058746338,0
1198,2008-07-15,0.6289700269699097,0.6299600005149841,0.6238999962806702,0.6293399930000305,0
1199,2008-07-16,0.6320300102233887,0.632669985294342,0.6271200180053711,0.6289200186729431,0
1200,2008-07-17,0.6306800246238708,0.6332100033760071,0.6292499899864197,0.632070004940033,0
1201,2008-07-18,0.6307600140571594,0.6324300169944763,0.6296399831771851,0.6307600140571594,0
1202,2008-07-21,0.6283800005912781,0.631630003452301,0.6277099847793579,0.6315500140190125,0
1203,2008-07-22,0.6332299709320068,0.6341999769210815,0.627269983291626,0.6284099817276001,0
1204,2008-07-23,0.6372500061988831,0.6380400061607361,0.6329900026321411,0.6331800222396851,0
1205,2008-07-24,0.6373999714851379,0.639549970626831,0.636489987373352,0.6372299790382385,0
1206,2008-07-25,0.6380400061607361,0.6383699774742126,0.634880006313324,0.6373900175094604,0
1207,2008-07-28,0.6352699995040894,0.637470006942749,0.6343200206756592,0.6370199918746948,0
1208,2008-07-29,0.6413999795913696,0.6427900195121765,0.6345999836921692,0.6353200078010559,0
1209,2008-07-30,0.6421099901199341,0.6440799832344055,0.6404799818992615,0.641480028629303,0
1210,2008-07-31,0.6413099765777588,0.6421800255775452,0.6370599865913391,0.6421200037002563,0
1211,2008-08-08,0.6644999980926514,0.666670024394989,0.6520599722862244,0.6521400213241577,0
1212,2008-08-26,0.6826900243759155,0.6859700083732605,0.6811500191688538,0.6840400099754333,0
1213,2008-08-27,0.6790800094604492,0.6829699873924255,0.6769599914550781,0.6826900243759155,0
1214,2008-08-28,0.6796200275421143,0.6811500191688538,0.6753100156784058,0.6792100071907043,0
1215,2008-08-29,0.6816200017929077,0.6827800273895264,0.6773300170898438,0.6797199845314026,0
1216,2008-09-01,0.6861100196838379,0.6865800023078918,0.6801300048828125,0.6806100010871887,0
1217,2008-09-02,0.6888999938964844,0.6908900141716003,0.6851199865341187,0.6859700083732605,0
1218,2008-09-03,0.6903200149536133,0.6949899792671204,0.6881499886512756,0.6887999773025513,0
1219,2008-09-04,0.7010200023651123,0.7028899788856506,0.6877599954605103,0.6902999877929688,0
1220,2008-09-05,0.7005299925804138,0.7040799856185913,0.6974999904632568,0.701259970664978,0
1221,2008-09-08,0.6644499897956848,0.6648899912834167,0.6644499897956848,0.6644999980926514,0
1222,2008-09-09,0.7067899703979492,0.7114899754524231,0.7029899954795837,0.7066100239753723,0
1223,2008-09-10,0.7150999903678894,0.7163299918174744,0.7056199908256531,0.7067099809646606,0
1224,2008-09-11,0.7144899964332581,0.7195799946784973,0.7123000025749207,0.715149998664856,0
1225,2008-09-12,0.7022500038146973,0.7154099941253662,0.7022500038146973,0.714389979839325,0
1226,2008-09-15,0.7008200287818909,0.7091699838638306,0.6908900141716003,0.6990299820899963,0
1227,2008-09-16,0.7074599862098694,0.7097700238227844,0.700469970703125,0.7010700106620789,0
1228,2008-09-17,0.6978700160980225,0.708899974822998,0.6954100131988525,0.7074599862098694,0
1229,2008-09-18,0.6990600228309631,0.6997900009155273,0.6883699893951416,0.6979299783706665,0
1230,2008-09-19,0.6935799717903137,0.7062100172042847,0.6898000240325928,0.6990600228309631,0
1231,2008-09-22,0.6758599877357483,0.6919000148773193,0.6730800271034241,0.6919000148773193,0
1232,2008-09-23,0.6805999875068665,0.6836199760437012,0.6744800209999084,0.6758599877357483,0
1233,2008-09-24,0.6833800077438354,0.6843199729919434,0.6784200072288513,0.6806899905204773,0
1234,2008-09-25,0.6829699873924255,0.6856799721717834,0.6772800087928772,0.6833400130271912,0
1235,2008-09-26,0.6849799752235413,0.6866700053215027,0.6812400221824646,0.682919979095459,0
1236,2008-09-29,0.6947699785232544,0.6988099813461304,0.6868000030517578,0.6873800158500671,0
1237,2008-09-30,0.7093999981880188,0.7132200002670288,0.6935799717903137,0.6947299838066101,0
1238,2008-10-01,0.7134600281715393,0.7149500250816345,0.7056999802589417,0.7090700268745422,0
1239,2008-10-02,0.7242199778556824,0.726639986038208,0.7132200002670288,0.7132200002670288,0
1240,2008-10-03,0.7254300117492676,0.7288600206375122,0.7195900082588196,0.7243199944496155,0
1241,2008-10-06,0.7404699921607971,0.7433199882507324,0.7313100099563599,0.7325900197029114,0
1242,2008-10-07,0.7359399795532227,0.7413399815559387,0.7283300161361694,0.7401900291442871,0
1243,2008-10-08,0.6685799956321716,0.6705099940299988,0.6644499897956848,0.6644499897956848,0
1244,2008-10-09,0.7354000210762024,0.7361500263214111,0.7254899740219116,0.7337300181388855,0
1245,2008-10-10,0.7463799715042114,0.752839982509613,0.7333599925041199,0.735289990901947,0
1246,2008-10-13,0.7341099977493286,0.7428500056266785,0.7313100099563599,0.7343199849128723,0
1247,2008-10-14,0.7343199849128723,0.734529972076416,0.7266899943351746,0.7341099977493286,0
1248,2008-10-15,0.7438300251960754,0.7445999979972839,0.73089998960495,0.7344800233840942,0
1249,2008-10-16,0.7412899732589722,0.7486199736595154,0.7389900088310242,0.7438799738883972,0
1250,2008-10-17,0.7449899911880493,0.7466599941253662,0.7399200201034546,0.7412899732589722,0
1251,2008-10-20,0.7511299848556519,0.7523300051689148,0.7392699718475342,0.745989978313446,0
1252,2008-10-21,0.7656300067901611,0.7661100029945374,0.7489500045776367,0.7510899901390076,0
1253,2008-10-22,0.7802299857139587,0.7817999720573425,0.7652300000190735,0.7657300233840942,0
1254,2008-10-23,0.7724999785423279,0.7853000164031982,0.769349992275238,0.7803099751472473,0
1255,2008-10-24,0.7917699813842773,0.7996799945831299,0.7727299928665161,0.7727299928665161,0
1256,2008-10-27,0.8022699952125549,0.8095200061798096,0.7897599935531616,0.7912600040435791,0
1257,2008-10-28,0.7807000279426575,0.8101800084114075,0.779420018196106,0.8020300269126892,0
1258,2008-10-29,0.7716500163078308,0.7913900017738342,0.7705600261688232,0.7803400158882141,0
1259,2008-10-30,0.7771199941635132,0.7800899744033813,0.7538099884986877,0.7716000080108643,0
1260,2008-10-31,0.7872800230979919,0.788640022277832,0.7764000296592712,0.7764000296592712,0
1261,2008-11-03,0.7925199866294861,0.7947900295257568,0.7755299806594849,0.7827799916267395,0
1262,2008-11-04,0.7701799869537354,0.7980700135231018,0.7665200233459473,0.7923799753189087,0
1263,2008-11-05,0.7741100192070007,0.7806500196456909,0.7631800174713135,0.7701200246810913,0
1264,2008-11-06,0.7877100110054016,0.788640022277832,0.7735700011253357,0.7743399739265442,0
1265,2008-11-07,0.7865300178527832,0.7900099754333496,0.7783700227737427,0.7878400087356567,0
1266,2008-11-10,0.7844399809837341,0.7857900261878967,0.7736300230026245,0.7797399759292603,0
1267,2008-11-11,0.7989799976348877,0.8008300065994263,0.7814099788665771,0.7844300270080566,0
1268,2008-11-12,0.8026300072669983,0.8036800026893616,0.7917699813842773,0.7983400225639343,0
1269,2008-11-13,0.7819399833679199,0.8063899874687195,0.7791799902915955,0.8021199703216553,0
1270,2008-11-14,0.7938399910926819,0.7942799925804138,0.7813699841499329,0.7819799780845642,0
1271,2008-11-17,0.7908899784088135,0.7988499999046326,0.7850199937820435,0.7981500029563904,0
1272,2008-11-18,0.7913299798965454,0.7954199910163879,0.7879599928855896,0.7907999753952026,0
1273,2008-11-19,0.7996600270271301,0.8012800216674805,0.7813599705696106,0.7915099859237671,0
1274,2008-11-20,0.8039199709892273,0.8042500019073486,0.7946599721908569,0.7997900247573853,0
1275,2008-11-21,0.794219970703125,0.8040500283241272,0.7914000153541565,0.8037899732589722,0
1276,2008-11-24,0.7741299867630005,0.7954300045967102,0.77183997631073,0.7912899851799011,0
1277,2008-11-25,0.7672200202941895,0.7805200219154358,0.7648699879646301,0.7742300033569336,0
1278,2008-11-26,0.7752400040626526,0.7797300219535828,0.7672200202941895,0.7672200202941895,0
1279,2008-11-27,0.7754899859428406,0.7773000001907349,0.7717800140380859,0.7754200100898743,0
1280,2008-11-28,0.7875300049781799,0.7902500033378601,0.7721400260925293,0.7754300236701965,0
1281,2008-12-01,0.7937099933624268,0.7945299744606018,0.7872999906539917,0.7889500260353088,0
1282,2008-12-02,0.7865800261497498,0.7955300211906433,0.7836199998855591,0.7937800288200378,0
1283,2008-12-03,0.7869099974632263,0.792959988117218,0.7849299907684326,0.7868300080299377,0
1284,2008-12-04,0.7828400135040283,0.795989990234375,0.778689980506897,0.7871500253677368,0
1285,2008-12-05,0.7863500118255615,0.7912600040435791,0.7817400097846985,0.7826600074768066,0
1286,2008-12-08,0.6703299880027771,0.6748499870300293,0.6682699918746948,0.6711900234222412,0
1287,2008-12-09,0.7736300230026245,0.7807000279426575,0.7694699764251709,0.7743499875068665,0
1288,2008-12-10,0.7684000134468079,0.7747099995613098,0.7661700248718262,0.7735499739646912,0
1289,2008-12-11,0.750190019607544,0.7687199711799622,0.7465500235557556,0.7682899832725525,0
1290,2008-12-12,0.7488399744033813,0.7544100284576416,0.7457200288772583,0.7502300143241882,0
1291,2008-12-15,0.730139970779419,0.7442700266838074,0.7287600040435791,0.7440500259399414,0
1292,2008-12-16,0.711139976978302,0.733299970626831,0.7075600028038025,0.7301300168037415,0
1293,2008-12-17,0.6940400004386902,0.7131199836730957,0.69309002161026,0.7110400199890137,0
1294,2008-12-18,0.6996399760246277,0.7036799788475037,0.6812000274658203,0.6941099762916565,0
1295,2008-12-19,0.7180799841880798,0.7230700254440308,0.69896000623703,0.6996899843215942,0
1296,2008-12-22,0.7163800001144409,0.7185999751091003,0.7085199952125549,0.7153099775314331,0
1297,2008-12-23,0.7174699902534485,0.7184399962425232,0.7132700085639954,0.7164400219917297,0
1298,2008-12-24,0.7138299942016602,0.7174100279808044,0.7133700251579285,0.7173100113868713,0
1299,2008-12-25,0.7135199904441833,0.7150999903678894,0.7072100043296814,0.7139300107955933,0
1300,2008-12-26,0.712909996509552,0.7145500183105469,0.7085700035095215,0.7134699821472168,0
1301,2008-12-29,0.7123000025749207,0.7181299924850464,0.6963800191879272,0.7089200019836426,0
1302,2008-12-30,0.7072100043296814,0.7141799926757812,0.7032300233840942,0.7124800086021423,0
1303,2008-12-31,0.7153099775314331,0.7217599749565125,0.7069600224494934,0.7074099779129028,0
1304,2009-01-01,0.7143399715423584,0.7165899872779846,0.7115399837493896,0.7153099775314331,0
1305,2009-01-02,0.7182400226593018,0.7223899960517883,0.7131100296974182,0.7141500115394592,0
1306,2009-01-05,0.7328199744224548,0.7376800179481506,0.7164400219917297,0.7164400219917297,0
1307,2009-01-06,0.7401900291442871,0.7508599758148193,0.7335799932479858,0.7335799932479858,0
1308,2009-01-07,0.7347000241279602,0.7441999912261963,0.7276999950408936,0.7407699823379517,0
1309,2009-01-08,0.7299799919128418,0.7386599779129028,0.7254599928855896,0.7345700263977051,0
1310,2009-01-09,0.7432199716567993,0.7452099919319153,0.7286099791526794,0.7299399971961975,0
1311,2009-01-12,0.7484999895095825,0.7516000270843506,0.7438300251960754,0.7447699904441833,0
1312,2009-01-13,0.7574599981307983,0.7600499987602234,0.7484999895095825,0.7484999895095825,0
1313,2009-01-14,0.756600022315979,0.7632399797439575,0.7503600120544434,0.7571700215339661,0
1314,2009-01-15,0.7599899768829346,0.7666900157928467,0.7558599710464478,0.7572900056838989,0
1315,2009-01-16,0.7523300051689148,0.7604600191116333,0.749970018863678,0.7597600221633911,0
1316,2009-01-19,0.7637100219726562,0.7656000256538391,0.7475900053977966,0.7486199736595154,0
1317,2009-01-20,0.7760999798774719,0.7779600024223328,0.7634000182151794,0.763480007648468,0
1318,2009-01-21,0.7689300179481506,0.7781500220298767,0.7650799751281738,0.7760400176048279,0
1319,2009-01-22,0.7688300013542175,0.7739899754524231,0.7649400234222412,0.7698799967765808,0
1320,2009-01-23,0.7713099718093872,0.7827200293540955,0.7683299779891968,0.7688500285148621,0
1321,2009-01-26,0.7580400109291077,0.777239978313446,0.7556300163269043,0.7750700116157532,0
1322,2009-01-27,0.756659984588623,0.7615600228309631,0.7510300278663635,0.7582399845123291,0
1323,2009-01-28,0.7602699995040894,0.7628899812698364,0.7512000203132629,0.7564200162887573,0
1324,2009-01-29,0.7729200124740601,0.7738699913024902,0.7593700289726257,0.7603999972343445,0
1325,2009-01-30,0.7789999842643738,0.7823500037193298,0.7728599905967712,0.7728599905967712,0
1326,2009-02-02,0.7803400158882141,0.7867799997329712,0.7756100296974182,0.7840700149536133,0
1327,2009-02-03,0.7684699892997742,0.7809299826622009,0.766219973564148,0.7805200219154358,0
1328,2009-02-04,0.7778699994087219,0.7798500061035156,0.7652699947357178,0.7684000134468079,0
1329,2009-02-05,0.781790018081665,0.7827799916267395,0.7753099799156189,0.7777900099754333,0
1330,2009-02-06,0.7735700011253357,0.7838799953460693,0.7699499726295471,0.7818400263786316,0
1331,2009-02-09,0.7716599702835083,0.7760400176048279,0.7642899751663208,0.7715499997138977,0
1332,2009-02-10,0.7743499875068665,0.780460000038147,0.7662799954414368,0.7711300253868103,0
1333,2009-02-11,0.7771199941635132,0.7788900136947632,0.7697799801826477,0.7741100192070007,0
1334,2009-02-12,0.7757400274276733,0.7854800224304199,0.7729300260543823,0.777239978313446,0
1335,2009-02-13,0.777239978313446,0.779670000076294,0.7726799845695496,0.7760400176048279,0
1336,2009-02-16,0.7813100218772888,0.7854200005531311,0.7800300121307373,0.7816200256347656,0
1337,2009-02-17,0.7947900295257568,0.795799970626831,0.7816399931907654,0.7816399931907654,0
1338,2009-02-18,0.7956100106239319,0.7986099720001221,0.7915099859237671,0.7939000129699707,0
1339,2009-02-19,0.7899500131607056,0.7961099743843079,0.7840099930763245,0.7957599759101868,0
1340,2009-02-20,0.7732200026512146,0.7959200143814087,0.7732200026512146,0.789929986000061,0
1341,2009-02-23,0.7887600064277649,0.7877200245857239,0.7701200246810913,0.7817999720573425,0
1342,2009-02-24,0.7767599821090698,0.789330005645752,0.7765799760818481,0.7889500260353088,0
1343,2009-02-25,0.7858999967575073,0.7876499891281128,0.7754300236701965,0.777239978313446,0
1344,2009-02-26,0.7861300110816956,0.7877100110054016,0.7808799743652344,0.7861700057983398,0
1345,2009-02-27,0.7887099981307983,0.7927700281143188,0.7843800187110901,0.7860999703407288,0
1346,2009-03-02,0.7959200143814087,0.7970700263977051,0.7920200228691101,0.7937600016593933,0
1347,2009-03-03,0.7979699969291687,0.7980800271034241,0.7891299724578857,0.7960500121116638,0
1348,2009-03-04,0.7912600040435791,0.8019899725914001,0.7896400094032288,0.7979599833488464,0
1349,2009-03-05,0.7970200181007385,0.8009600043296814,0.7912600040435791,0.7917900085449219,0
1350,2009-03-06,0.7912600040435791,0.7970700263977051,0.7848700284957886,0.79694002866745,0
1351,2009-03-09,0.7922199964523315,0.796180009841919,0.7859200239181519,0.7863500118255615,0
1352,2009-03-10,0.7863699793815613,0.7922700047492981,0.7801499962806702,0.7922700047492981,0
1353,2009-03-11,0.7808399796485901,0.7916399836540222,0.7774199843406677,0.7864500284194946,0
1354,2009-03-12,0.7752599716186523,0.7851799726486206,0.7726799845695496,0.7808700203895569,0
1355,2009-03-13,0.7734000086784363,0.7769399881362915,0.7719399929046631,0.775189995765686,0
1356,2009-03-16,0.7706500291824341,0.7768800258636475,0.7652900218963623,0.7760199904441833,0
1357,2009-03-17,0.767270028591156,0.7730399966239929,0.7668700218200684,0.7710199952125549,0
1358,2009-03-18,0.7416200041770935,0.7696499824523926,0.7390999794006348,0.7672200202941895,0
1359,2009-03-19,0.7319599986076355,0.7449300289154053,0.7282299995422363,0.7413399815559387,0
1360,2009-03-20,0.736270010471344,0.7390400171279907,0.7288100123405457,0.7318500280380249,0
1361,2009-03-23,0.7341899871826172,0.7404000163078308,0.7283899784088135,0.7337700128555298,0
1362,2009-03-24,0.7417700290679932,0.7439699769020081,0.7310600280761719,0.7343800067901611,0
1363,2009-03-25,0.7365400195121765,0.7446600198745728,0.7344800233840942,0.7415099740028381,0
1364,2009-03-26,0.7390599846839905,0.7402999997138977,0.7334100008010864,0.7365400195121765,0
1365,2009-03-27,0.7523300051689148,0.7536399960517883,0.7358400225639343,0.7390999794006348,0
1366,2009-03-30,0.7583699822425842,0.7619600296020508,0.7527300119400024,0.7539200186729431,0
1367,2009-03-31,0.7548900246620178,0.7586100101470947,0.7497900128364563,0.7584400177001953,0
1368,2009-04-01,0.7552300095558167,0.7589600086212158,0.7530699968338013,0.7549999952316284,0
1369,2009-04-02,0.7425600290298462,0.7552899718284607,0.7403600215911865,0.7551699876785278,0
1370,2009-04-03,0.7413399815559387,0.7476099729537964,0.7410699725151062,0.742609977722168,0
1371,2009-04-06,0.7459499835968018,0.7482799887657166,0.73649001121521,0.7392600178718567,0
1372,2009-04-07,0.7531599998474121,0.7555199861526489,0.7458800077438354,0.7459700107574463,0
1373,2009-04-08,0.7546399831771851,0.7599200010299683,0.7514299750328064,0.7529000043869019,0
1374,2009-04-09,0.759880006313324,0.7610899806022644,0.7500200271606445,0.7545999884605408,0
1375,2009-04-10,0.7589600086212158,0.763260006904602,0.7576900124549866,0.7601100206375122,0
1376,2009-04-13,0.7482799887657166,0.7611299753189087,0.7467100024223328,0.758650004863739,0
1377,2009-04-14,0.753350019454956,0.7553399801254272,0.7475000023841858,0.74795001745224,0
1378,2009-04-15,0.756089985370636,0.7600499987602234,0.7524499893188477,0.753350019454956,0
1379,2009-04-16,0.7587000131607056,0.7613199949264526,0.7537699937820435,0.7559700012207031,0
1380,2009-04-17,0.7665799856185913,0.7678099870681763,0.7576900124549866,0.7584499716758728,0
1381,2009-04-20,0.7734599709510803,0.7751299738883972,0.7663900256156921,0.7663900256156921,0
1382,2009-04-21,0.7731000185012817,0.7751200199127197,0.7699999809265137,0.7734400033950806,0
1383,2009-04-22,0.7688900232315063,0.7751399874687195,0.7672799825668335,0.7731599807739258,0
1384,2009-04-23,0.7609800100326538,0.7701200246810913,0.7601100206375122,0.7689399719238281,0
1385,2009-04-24,0.7542600035667419,0.7622500061988831,0.7519400119781494,0.7610399723052979,0
1386,2009-04-27,0.7681099772453308,0.7688000202178955,0.7557399868965149,0.7561399936676025,0
1387,2009-04-28,0.7615600228309631,0.7708699703216553,0.7595700025558472,0.7677000164985657,0
1388,2009-04-29,0.7538099884986877,0.761900007724762,0.7497400045394897,0.7616699934005737,0
1389,2009-04-30,0.7555599808692932,0.7575799822807312,0.7472699880599976,0.7540199756622314,0
1390,2009-05-01,0.7536900043487549,0.7556899785995483,0.7503600120544434,0.7556899785995483,0
1391,2009-05-04,0.7452300190925598,0.7567200064659119,0.7440500259399414,0.7528499960899353,0
1392,2009-05-05,0.750980019569397,0.7524499893188477,0.7442200183868408,0.7452099919319153,0
1393,2009-05-06,0.7511500120162964,0.754830002784729,0.7478299736976624,0.7509099841117859,0
1394,2009-05-07,0.7467100024223328,0.7544299960136414,0.7423400282859802,0.7509899735450745,0
1395,2009-05-08,0.7331900000572205,0.7493199706077576,0.7324900031089783,0.7465100288391113,0
1396,2009-05-11,0.7358400225639343,0.7373499870300293,0.7316399812698364,0.734000027179718,0
1397,2009-05-12,0.7328699827194214,0.737030029296875,0.7294999957084656,0.7357800006866455,0
1398,2009-05-13,0.7359099984169006,0.7366499900817871,0.7288100123405457,0.7328199744224548,0
1399,2009-05-14,0.7333499789237976,0.7389900088310242,0.7318099737167358,0.7356699705123901,0
1400,2009-05-15,0.7406299710273743,0.7426699995994568,0.7327100038528442,0.7333700060844421,0
1401,2009-05-18,0.7375699877738953,0.7447100281715393,0.7372499704360962,0.7417700290679932,0
1402,2009-05-19,0.7335500121116638,0.7388299703598022,0.7316399812698364,0.7373800277709961,0
1403,2009-05-20,0.7260599732398987,0.7361099720001221,0.7230700254440308,0.7335500121116638,0
1404,2009-05-21,0.7191100120544434,0.7281200289726257,0.7181199789047241,0.7260000109672546,0
1405,2009-05-22,0.7141299843788147,0.7192400097846985,0.7117400169372559,0.7191500067710876,0
1406,2009-05-25,0.7139300107955933,0.7160300016403198,0.7125200033187866,0.7130500078201294,0
1407,2009-05-26,0.7145900130271912,0.7214000225067139,0.7131100296974182,0.7140399813652039,0
1408,2009-05-27,0.7228599786758423,0.7233800292015076,0.7141799926757812,0.7146400213241577,0
1409,2009-05-28,0.7178199887275696,0.7248499989509583,0.7152600288391113,0.722760021686554,0
1410,2009-05-29,0.7063599824905396,0.7179800271987915,0.7059599757194519,0.7178300023078918,0
1411,2009-06-01,0.7060199975967407,0.709089994430542,0.7020000219345093,0.7082700133323669,0
1412,2009-06-02,0.6988800168037415,0.708899974822998,0.6977199912071228,0.7061600089073181,0
1413,2009-06-03,0.7067300081253052,0.708620011806488,0.6974999904632568,0.6989399790763855,0
1414,2009-06-04,0.7053200006484985,0.7105299830436707,0.7024400234222412,0.7064599990844727,0
1415,2009-06-05,0.715719997882843,0.7175700068473816,0.7008699774742126,0.7052599787712097,0
1416,2009-06-08,0.7192699909210205,0.7240700125694275,0.7142999768257141,0.7173699736595154,0
1417,2009-06-09,0.7110700011253357,0.7217599749565125,0.7092700004577637,0.7186999917030334,0
1418,2009-06-10,0.7151100039482117,0.7184900045394897,0.7070800065994263,0.7112399935722351,0
1419,2009-06-11,0.7086700201034546,0.7166399955749512,0.7054700255393982,0.7150999903678894,0
1420,2009-06-12,0.7142300009727478,0.7172099947929382,0.7077100276947021,0.7087699770927429,0
1421,2009-06-15,0.7254300117492676,0.7266799807548523,0.7142099738121033,0.7150200009346008,0
1422,2009-06-16,0.7230700254440308,0.7271699905395508,0.7178800106048584,0.7253699898719788,0
1423,2009-06-17,0.7174599766731262,0.7240099906921387,0.7153099775314331,0.7230499982833862,0
1424,2009-06-18,0.7186499834060669,0.7206699848175049,0.7142900228500366,0.7175099849700928,0
1425,2009-06-19,0.7170000076293945,0.7201499938964844,0.7141799926757812,0.7186999917030334,0
1426,2009-06-22,0.7212299704551697,0.7230600118637085,0.7174000144004822,0.7174500226974487,0
1427,2009-06-23,0.7106299996376038,0.7229599952697754,0.7088099718093872,0.7212399840354919,0
1428,2009-06-24,0.7173100113868713,0.7198200225830078,0.7073100209236145,0.7103899717330933,0
1429,2009-06-25,0.7150200009346008,0.719789981842041,0.7136899828910828,0.7173600196838379,0
1430,2009-06-26,0.7115899920463562,0.7150200009346008,0.7084100246429443,0.7150200009346008,0
1431,2009-06-29,0.7099199891090393,0.7150499820709229,0.709119975566864,0.7111300230026245,0
1432,2009-06-30,0.7123100161552429,0.7139899730682373,0.7066599726676941,0.7098299860954285,0
1433,2009-07-01,0.7071700096130371,0.7140799760818481,0.704230010509491,0.7123000025749207,0
1434,2009-07-02,0.7164599895477295,0.7175899744033813,0.7067700028419495,0.7075600028038025,0
1435,2009-07-03,0.7163299918174744,0.7170299887657166,0.7128900289535522,0.7163000106811523,0
1436,2009-07-06,0.7154600024223328,0.7202699780464172,0.714389979839325,0.7164400219917297,0
1437,2009-07-07,0.7185999751091003,0.7191200256347656,0.7117400169372559,0.7154800295829773,0
1438,2009-07-08,0.7205100059509277,0.7228000164031982,0.7174299955368042,0.7185500264167786,0
1439,2009-07-09,0.7128599882125854,0.7214999794960022,0.7107999920845032,0.7204399704933167,0
1440,2009-07-10,0.7176700234413147,0.7203099727630615,0.712909996509552,0.7130299806594849,0
1441,2009-07-13,0.7147899866104126,0.7192500233650208,0.7142500281333923,0.7158700227737427,0
1442,2009-07-14,0.7157400250434875,0.7186800241470337,0.7135000228881836,0.7149500250816345,0
1443,2009-07-15,0.709119975566864,0.7160699963569641,0.707610011100769,0.7157300114631653,0
1444,2009-07-16,0.7071599960327148,0.7112900018692017,0.7061600089073181,0.7089200019836426,0
1445,2009-07-17,0.7089700102806091,0.7108200192451477,0.7068799734115601,0.7071599960327148,0
1446,2009-07-20,0.7036399841308594,0.7036399841308594,0.7027900218963623,0.7028899788856506,0
1447,2009-07-21,0.7042999863624573,0.7042999863624573,0.7033100128173828,0.7033500075340271,0
1448,2009-07-22,0.7039300203323364,0.7041900157928467,0.7036600112915039,0.7038900256156921,0
1449,2009-07-23,0.7060499787330627,0.7061600089073181,0.7057200074195862,0.7060700058937073,0
1450,2009-07-24,0.7036299705505371,0.7036299705505371,0.7036299705505371,0.7036299705505371,0
1451,2009-07-27,0.7019000053405762,0.7026699781417847,0.7018899917602539,0.7021200060844421,0
1452,2009-07-28,0.7069100141525269,0.7070800065994263,0.7057700157165527,0.7060499787330627,0
1453,2009-07-29,0.7135400176048279,0.7136499881744385,0.7124999761581421,0.712909996509552,0
1454,2009-07-30,0.7099800109863281,0.7106299996376038,0.7097700238227844,0.7104300260543823,0
1455,2009-07-31,0.701259970664978,0.701259970664978,0.701259970664978,0.701259970664978,0
1456,2009-08-03,0.6938700079917908,0.6938700079917908,0.6933900117874146,0.6935799717903137,0
1457,2009-08-04,0.6934999823570251,0.6944400072097778,0.69336998462677,0.6944400072097778,0
1458,2009-08-05,0.693880021572113,0.6939100027084351,0.6934099793434143,0.6935300230979919,0
1459,2009-08-06,0.6957499980926514,0.6964799761772156,0.6957499980926514,0.6962900161743164,0
1460,2009-08-07,0.7046700119972229,0.7046700119972229,0.7046700119972229,0.7046700119972229,0
1461,2009-08-10,0.7076600193977356,0.707830011844635,0.7073299884796143,0.7073299884796143,0
1462,2009-08-11,0.7067099809646606,0.7067599892616272,0.7063599824905396,0.7064700126647949,0
1463,2009-08-12,0.7033799886703491,0.7040600180625916,0.70319002866745,0.7040600180625916,0
1464,2009-08-13,0.7004799842834473,0.7004799842834473,0.6999300122261047,0.7001799941062927,0
1465,2009-08-14,0.7038800120353699,0.7038800120353699,0.7038800120353699,0.7038800120353699,0
1466,2009-08-17,0.7089200019836426,0.710129976272583,0.7089200019836426,0.710129976272583,0
1467,2009-08-18,0.7059599757194519,0.7076600193977356,0.7058500051498413,0.7076600193977356,0
1468,2009-08-19,0.7015600204467773,0.7029100060462952,0.7015100121498108,0.7029100060462952,0
1469,2009-08-20,0.701259970664978,0.7015100121498108,0.7008200287818909,0.7015100121498108,0
1470,2009-08-21,0.6982799768447876,0.6982799768447876,0.6982799768447876,0.6982799768447876,0
1471,2009-08-24,0.6996399760246277,0.6999899744987488,0.6993899941444397,0.6996399760246277,0
1472,2009-08-25,0.7000799775123596,0.7001000046730042,0.699150025844574,0.6992400288581848,0
1473,2009-08-26,0.702430009841919,0.7024400234222412,0.7015600204467773,0.7018499970436096,0
1474,2009-08-27,0.6957499980926514,0.6968200206756592,0.6955599784851074,0.6967700123786926,0
1475,2009-08-28,0.6963800191879272,0.6991999745368958,0.6963800191879272,0.6991999745368958,0
1476,2009-08-31,0.6972200274467468,0.6974499821662903,0.6971399784088135,0.6974499821662903,0
1477,2009-09-01,0.7036299705505371,0.704069972038269,0.7030400037765503,0.703220009803772,0
1478,2009-09-02,0.7005699872970581,0.700659990310669,0.7002800107002258,0.7005699872970581,0
1479,2009-09-03,0.7014399766921997,0.7015600204467773,0.7011100053787231,0.7013800144195557,0
1480,2009-09-04,0.6995900273323059,0.6995900273323059,0.6995900273323059,0.6995900273323059,0
1481,2009-09-07,0.6977400183677673,0.6977400183677673,0.6972799897193909,0.6974999904632568,0
1482,2009-09-08,0.6894599795341492,0.6894699931144714,0.689079999923706,0.6894400119781494,0
1483,2009-09-09,0.6873800158500671,0.6874300241470337,0.6869000196456909,0.6870200037956238,0
1484,2009-09-10,0.6858100295066833,0.6860100030899048,0.6856399774551392,0.6856799721717834,0
1485,2009-09-11,0.6858699917793274,0.6858699917793274,0.6858699917793274,0.6858699917793274,0
1486,2009-09-14,0.6829100251197815,0.6837300062179565,0.6829100251197815,0.683210015296936,0
1487,2009-09-15,0.6816200017929077,0.6820999979972839,0.6814500093460083,0.6819900274276733,0
1488,2009-09-16,0.6797199845314026,0.6799899935722351,0.679390013217926,0.6798999905586243,0
1489,2009-09-17,0.6787499785423279,0.6788399815559387,0.6782400012016296,0.678380012512207,0
1490,2009-09-18,0.6795300245285034,0.6795300245285034,0.6795300245285034,0.6795300245285034,0
1491,2009-09-21,0.6810100078582764,0.6810899972915649,0.6804999709129333,0.6809700131416321,0
1492,2009-09-22,0.6751300096511841,0.6758000254631042,0.6739699840545654,0.6758000254631042,0
1493,2009-09-23,0.679069995880127,0.6799499988555908,0.6789299845695496,0.679669976234436,0
1494,2009-09-24,0.6825500130653381,0.6836199760437012,0.6820799708366394,0.6822699904441833,0
1495,2009-09-25,0.6809700131416321,0.6809700131416321,0.6809700131416321,0.6809700131416321,0
1496,2009-09-28,0.6839200258255005,0.6839200258255005,0.6832900047302246,0.6836000084877014,0
1497,2009-09-29,0.6853200197219849,0.68572998046875,0.6850699782371521,0.68545001745224,0
1498,2009-09-30,0.6823599934577942,0.6830099821090698,0.6822699904441833,0.6830099821090698,0
1499,2009-10-01,0.6888999938964844,0.6890000104904175,0.6876000165939331,0.6876000165939331,0
1500,2009-10-02,0.6854000091552734,0.6858699917793274,0.6854000091552734,0.6858699917793274,0
1501,2009-10-05,0.682129979133606,0.6826000213623047,0.6819999814033508,0.6826000213623047,0
1502,2009-10-06,0.6792700290679932,0.6794599890708923,0.6785600185394287,0.6794400215148926,0
1503,2009-10-07,0.6797400116920471,0.6807500123977661,0.6794400215148926,0.6807500123977661,0
1504,2009-10-08,0.6765300035476685,0.677299976348877,0.6764100193977356,0.6766800284385681,0
1505,2009-10-09,0.6786999702453613,0.6786999702453613,0.6786999702453613,0.6786999702453613,0
1506,2009-10-12,0.6759999990463257,0.6764299869537354,0.6756799817085266,0.6764299869537354,0
1507,2009-10-13,0.6735799908638,0.6738200187683105,0.6732199788093567,0.6734899878501892,0
1508,2009-10-14,0.669700026512146,0.6698200106620789,0.6693900227546692,0.6697900295257568,0
1509,2009-10-15,0.6686300039291382,0.6695899963378906,0.6685400009155273,0.6692399978637695,0
1510,2009-10-16,0.6707800030708313,0.6707800030708313,0.6707800030708313,0.6707800030708313,0
1511,2009-10-19,0.6682299971580505,0.6683599948883057,0.6676899790763855,0.6682699918746948,0
1512,2009-10-20,0.6695899963378906,0.6700400114059448,0.6695200204849243,0.6695200204849243,0
1513,2009-10-21,0.6663600206375122,0.6663600206375122,0.665690004825592,0.6658700108528137,0
1514,2009-10-22,0.6648100018501282,0.665340006351471,0.6647199988365173,0.665340006351471,0
1515,2009-10-23,0.6662200093269348,0.6662200093269348,0.6662200093269348,0.6662200093269348,0
1516,2009-10-26,0.6728699803352356,0.6735399961471558,0.6640499830245972,0.666890025138855,0
1517,2009-10-27,0.6748999953269958,0.676859974861145,0.6699699759483337,0.6730499863624573,0
1518,2009-10-28,0.6794400215148926,0.6804999709129333,0.6738499999046326,0.6745799779891968,0
1519,2009-10-29,0.6738499999046326,0.680869996547699,0.6729699969291687,0.679390013217926,0
1520,2009-10-30,0.6787499785423279,0.6800400018692017,0.6729900240898132,0.6738100051879883,0
1521,2009-11-02,0.676859974861145,0.6797199845314026,0.6737499833106995,0.6797199845314026,0
1522,2009-11-03,0.6788399815559387,0.6835700273513794,0.6754000186920166,0.6768900156021118,0
1523,2009-11-04,0.672540009021759,0.6800600290298462,0.6711000204086304,0.6790199875831604,0
1524,2009-11-05,0.6721299886703491,0.6750400066375732,0.6704199910163879,0.6728100180625916,0
1525,2009-11-06,0.6734499931335449,0.6750400066375732,0.6705600023269653,0.6723099946975708,0
1526,2009-11-09,0.6663100123405457,0.6731500029563904,0.6658099889755249,0.6728100180625916,0
1527,2009-11-10,0.6671199798583984,0.6692100167274475,0.6657999753952026,0.6664400100708008,0
1528,2009-11-11,0.6673799753189087,0.6686099767684937,0.6645399928092957,0.6666200160980225,0
1529,2009-11-12,0.6730899810791016,0.6744999885559082,0.66593998670578,0.6673600077629089,0
1530,2009-11-13,0.670740008354187,0.6741700172424316,0.6695700287818909,0.6730200052261353,0
1531,2009-11-16,0.667389988899231,0.671750009059906,0.6659799814224243,0.6683599948883057,0
1532,2009-11-17,0.6721799969673157,0.6751300096511841,0.6667600274085999,0.6674200296401978,0
1533,2009-11-18,0.668720006942749,0.6724900007247925,0.667110025882721,0.6722099781036377,0
1534,2009-11-19,0.6704099774360657,0.6735799908638,0.6685400009155273,0.6685400009155273,0
1535,2009-11-20,0.6727700233459473,0.6753600239753723,0.6695200204849243,0.6704199910163879,0
1536,2009-11-23,0.6683599948883057,0.6723999977111816,0.6667600274085999,0.6723999977111816,0
1537,2009-11-24,0.668150007724762,0.6715899705886841,0.6672400236129761,0.6685400009155273,0
1538,2009-11-25,0.6610299944877625,0.6683599948883057,0.6602699756622314,0.6681299805641174,0
1539,2009-11-26,0.6678699851036072,0.6686699986457825,0.6606600284576416,0.661109983921051,0
1540,2009-11-27,0.6670699715614319,0.6741300225257874,0.6667600274085999,0.6678199768066406,0
1541,2009-11-30,0.6649399995803833,0.6677799820899963,0.6629499793052673,0.6666300296783447,0
1542,2009-12-01,0.6626899838447571,0.667739987373352,0.6614599823951721,0.6651399731636047,0
1543,2009-12-02,0.6635800004005432,0.6651600003242493,0.6618099808692932,0.6626600027084351,0
1544,2009-12-03,0.6637700200080872,0.6648499965667725,0.6606000065803528,0.6636999845504761,0
1545,2009-12-04,0.6730800271034241,0.6745799779891968,0.662559986114502,0.6638799905776978,0
1546,2009-12-07,0.673799991607666,0.6772400140762329,0.670960009098053,0.6722800135612488,0
1547,2009-12-08,0.6804100275039673,0.6813200116157532,0.6726800203323364,0.6741300225257874,0
1548,2009-12-09,0.6785200238227844,0.6812899708747864,0.6766800284385681,0.6805499792098999,0
1549,2009-12-10,0.6789100170135498,0.6807799935340881,0.6775100231170654,0.6785100102424622,0
1550,2009-12-11,0.6840400099754333,0.6853500008583069,0.6767299771308899,0.6788899898529053,0
1551,2009-12-14,0.6822699904441833,0.6844199895858765,0.6809700131416321,0.6836199760437012,0
1552,2009-12-15,0.6876599788665771,0.68927001953125,0.6821699738502502,0.6823099851608276,0
1553,2009-12-16,0.6884199976921082,0.6892300248146057,0.6854900121688843,0.6877599954605103,0
1554,2009-12-17,0.6970099806785583,0.6988499760627747,0.688040018081665,0.6884999871253967,0
1555,2009-12-18,0.69691002368927,0.7010300159454346,0.6940600275993347,0.6970599889755249,0
1556,2009-12-21,0.6999499797821045,0.7008699774742126,0.6958500146865845,0.6976400017738342,0
1557,2009-12-22,0.7015399932861328,0.7031400203704834,0.6977400183677673,0.6998999714851379,0
1558,2009-12-23,0.6975399851799011,0.7022799849510193,0.6960899829864502,0.7014700174331665,0
1559,2009-12-24,0.695169985294342,0.6976900100708008,0.6935799717903137,0.6974999904632568,0
1560,2009-12-25,0.6944900155067444,0.6962299942970276,0.6926199793815613,0.695169985294342,0
1561,2009-12-28,0.6956499814987183,0.6965600252151489,0.6937199831008911,0.6956599950790405,0
1562,2009-12-29,0.6972000002861023,0.6973999738693237,0.6917499899864197,0.6956499814987183,0
1563,2009-12-30,0.6972500085830688,0.7003800272941589,0.6962800025939941,0.6969599723815918,0
1564,2009-12-31,0.6979799866676331,0.6987900137901306,0.6925699710845947,0.6972500085830688,0
1565,2010-01-01,0.6949300169944763,0.6979799866676331,0.694350004196167,0.6979799866676331,0
1566,2010-01-04,0.6932899951934814,0.7011600136756897,0.6919500231742859,0.6988099813461304,0
1567,2010-01-05,0.6960899829864502,0.6967700123786926,0.6904600262641907,0.6931399703025818,0
1568,2010-01-06,0.6942499876022339,0.6997299790382385,0.6927800178527832,0.6960899829864502,0
1569,2010-01-07,0.698419988155365,0.6991999745368958,0.6922900080680847,0.6942999958992004,0
1570,2010-01-08,0.6939100027084351,0.7007200121879578,0.6927099823951721,0.6982799768447876,0
1571,2010-01-11,0.6891199946403503,0.6913300156593323,0.6870800256729126,0.6913300156593323,0
1572,2010-01-12,0.6907699704170227,0.6915799975395203,0.6875799894332886,0.6892300248146057,0
1573,2010-01-13,0.6885200142860413,0.6916300058364868,0.6860100030899048,0.6906999945640564,0
1574,2010-01-14,0.6896600127220154,0.6914399862289429,0.6871899962425232,0.688510000705719,0
1575,2010-01-15,0.6948800086975098,0.6970700025558472,0.6894599795341492,0.6897000074386597,0
1576,2010-01-18,0.6941199898719788,0.6974999904632568,0.6941199898719788,0.6957799792289734,0
1577,2010-01-19,0.7002300024032593,0.7014099955558777,0.6937699913978577,0.6941999793052673,0
1578,2010-01-20,0.7087000012397766,0.7098699808120728,0.6997900009155273,0.7000799775123596,0
1579,2010-01-21,0.7093700170516968,0.7127100229263306,0.7071999907493591,0.7086600065231323,0
1580,2010-01-22,0.7071599960327148,0.7097700238227844,0.7051200270652771,0.7092999815940857,0
1581,2010-01-25,0.7067099809646606,0.7076600193977356,0.704509973526001,0.7065100073814392,0
1582,2010-01-26,0.7101100087165833,0.7120400071144104,0.705269992351532,0.7068099975585938,0
1583,2010-01-27,0.7127100229263306,0.7142000198364258,0.7093499898910522,0.7101799845695496,0
1584,2010-01-28,0.7159199714660645,0.7168499827384949,0.7117599844932556,0.7127599716186523,0
1585,2010-01-29,0.7211400270462036,0.7212499976158142,0.7149500250816345,0.715969979763031,0
1586,2010-02-01,0.7180299758911133,0.7217199802398682,0.7175099849700928,0.7206699848175049,0
1587,2010-02-02,0.715499997138977,0.7199900150299072,0.715499997138977,0.7182999849319458,0
1588,2010-02-03,0.7193700075149536,0.7201399803161621,0.7130600214004517,0.7155200242996216,0
1589,2010-02-04,0.7275400161743164,0.7288600206375122,0.7191100120544434,0.7193300127983093,0
1590,2010-02-05,0.7309899926185608,0.7359399795532227,0.7274799942970276,0.7275500297546387,0
1591,2010-02-08,0.7323499917984009,0.7339299917221069,0.7291799783706665,0.7328699827194214,0
1592,2010-02-09,0.7255799770355225,0.7325500249862671,0.72257000207901,0.7322400212287903,0
1593,2010-02-10,0.7271000146865845,0.7309200167655945,0.7240599989891052,0.7255799770355225,0
1594,2010-02-11,0.73089998960495,0.735289990901947,0.7246599793434143,0.7272700071334839,0
1595,2010-02-12,0.7334100008010864,0.7389299869537354,0.7304900288581848,0.7304900288581848,0
1596,2010-02-15,0.7351300120353699,0.7362099885940552,0.7335699796676636,0.733780026435852,0
1597,2010-02-16,0.7263699769973755,0.735729992389679,0.7258099913597107,0.7354400157928467,0
1598,2010-02-17,0.7349200248718262,0.7357100248336792,0.7252299785614014,0.7264599800109863,0
1599,2010-02-18,0.7428600192070007,0.7434800267219543,0.7324299812316895,0.73471999168396,0
1600,2010-02-19,0.7344800233840942,0.7431100010871887,0.7342100143432617,0.74235999584198,0
1601,2010-02-22,0.7349900007247925,0.7365300059318542,0.7324399948120117,0.7337300181388855,0
1602,2010-02-23,0.7392600178718567,0.7408599853515625,0.7303199768066406,0.7349600195884705,0
1603,2010-02-24,0.7383800148963928,0.7405800223350525,0.7341099977493286,0.7392699718475342,0
1604,2010-02-25,0.7387700080871582,0.7433800101280212,0.7369199991226196,0.7383000254631042,0
1605,2010-02-26,0.7336199879646301,0.7387700080871582,0.7310699820518494,0.7386900186538696,0
1606,2010-03-01,0.7373499870300293,0.7427999973297119,0.7323899865150452,0.7329800128936768,0
1607,2010-03-02,0.7341799736022949,0.7437599897384644,0.7340499758720398,0.7374799847602844,0
1608,2010-03-03,0.7298399806022644,0.7353799939155579,0.7281200289726257,0.7342100143432617,0
1609,2010-03-04,0.7361599802970886,0.7376000285148621,0.7292900085449219,0.7298600077629089,0
1610,2010-03-05,0.7337300181388855,0.7387400269508362,0.7337300181388855,0.7362099885940552,0
1611,2010-03-08,0.7343800067901611,0.7347300052642822,0.7297300100326538,0.7330800294876099,0
1612,2010-03-09,0.7349200248718262,0.7386299967765808,0.7333599925041199,0.73430997133255,0
1613,2010-03-10,0.7329599857330322,0.7380800247192383,0.7311699986457825,0.734790027141571,0
1614,2010-03-11,0.7307100296020508,0.7340499758720398,0.7305700182914734,0.7326400279998779,0
1615,2010-03-12,0.7262200117111206,0.7313399910926819,0.7249500155448914,0.7307299971580505,0
1616,2010-03-15,0.7311300039291382,0.7328199744224548,0.7260100245475769,0.7260100245475769,0
1617,2010-03-16,0.7262799739837646,0.732010006904602,0.7255399823188782,0.7313299775123596,0
1618,2010-03-17,0.7278900146484375,0.7282800078392029,0.723770022392273,0.7262700200080872,0
1619,2010-03-18,0.7345399856567383,0.7357800006866455,0.7278000116348267,0.7280700206756592,0
1620,2010-03-19,0.7387199997901917,0.7404699921607971,0.733780026435852,0.7346299886703491,0
1621,2010-03-22,0.7370799779891968,0.7424600124359131,0.7369700074195862,0.7399700284004211,0
1622,2010-03-23,0.7425000071525574,0.7426699995994568,0.7369700074195862,0.7370799779891968,0
1623,2010-03-24,0.7501299977302551,0.7514299750328064,0.7415400147438049,0.742389976978302,0
1624,2010-03-25,0.751479983329773,0.7535799741744995,0.7479100227355957,0.750190019607544,0
1625,2010-03-26,0.745710015296936,0.7517200112342834,0.7449300289154053,0.751479983329773,0
1626,2010-03-29,0.7417799830436707,0.7450799942016602,0.7404599785804749,0.7436000108718872,0
1627,2010-03-30,0.7449300289154053,0.7462400197982788,0.7388299703598022,0.7419599890708923,0
1628,2010-03-31,0.7402999997138977,0.746940016746521,0.7382299900054932,0.7449300289154053,0
1629,2010-04-01,0.7361599802970886,0.7427899837493896,0.7357699871063232,0.7402799725532532,0
1630,2010-04-02,0.7404699921607971,0.7419499754905701,0.735729992389679,0.7361999750137329,0
1631,2010-04-05,0.7413399815559387,0.7427899837493896,0.738610029220581,0.740909993648529,0
1632,2010-04-06,0.7461599707603455,0.7486000061035156,0.7408599853515625,0.7413399815559387,0
1633,2010-04-07,0.7491499781608582,0.750190019607544,0.745710015296936,0.7462599873542786,0
1634,2010-04-08,0.7484400272369385,0.7526900172233582,0.7481099963188171,0.7495099902153015,0
1635,2010-04-09,0.7406899929046631,0.7494000196456909,0.7406899929046631,0.748449981212616,0
1636,2010-04-12,0.735509991645813,0.7369199991226196,0.7305700182914734,0.733299970626831,0
1637,2010-04-13,0.7348300218582153,0.7380300164222717,0.7341099977493286,0.735509991645813,0
1638,2010-04-14,0.7322800159454346,0.7351400256156921,0.7311000227928162,0.7343900203704834,0
1639,2010-04-15,0.7366999983787537,0.7393699884414673,0.7316399812698364,0.7322199940681458,0
1640,2010-04-16,0.7405200004577637,0.7418599724769592,0.7366499900817871,0.7366999983787537,0
1641,2010-04-19,0.7414399981498718,0.7451599836349487,0.7411100268363953,0.7413399815559387,0
1642,2010-04-20,0.7443199753761292,0.7445999979972839,0.7395399808883667,0.7413399815559387,0
1643,2010-04-21,0.7468299865722656,0.7482799887657166,0.7436000108718872,0.7442899942398071,0
1644,2010-04-22,0.7535799741744995,0.7536900043487549,0.7451599836349487,0.7469099760055542,0
1645,2010-04-23,0.747160017490387,0.7570499777793884,0.7462700009346008,0.7535899877548218,0
1646,2010-04-26,0.7462000250816345,0.7521100044250488,0.7454900145530701,0.7482799887657166,0
1647,2010-04-27,0.7592599987983704,0.7605699896812439,0.7455300092697144,0.7460600137710571,0
1648,2010-04-28,0.7568399906158447,0.7622500061988831,0.7538099884986877,0.7591300010681152,0
1649,2010-04-29,0.7539799809455872,0.7584099769592285,0.7531999945640564,0.7568899989128113,0
1650,2010-04-30,0.751990020275116,0.7559700012207031,0.7495099902153015,0.7538099884986877,0
1651,2010-05-03,0.7575799822807312,0.759880006313324,0.7503600120544434,0.7505800127983093,0
1652,2010-05-04,0.771369993686676,0.771369993686676,0.7567499876022339,0.7575799822807312,0
1653,2010-05-05,0.7803400158882141,0.7814800143241882,0.7695299983024597,0.7711300253868103,0
1654,2010-05-06,0.7915800213813782,0.7974200248718262,0.7779300212860107,0.7802799940109253,0
1655,2010-05-07,0.7839400172233582,0.7941399812698364,0.781499981880188,0.7918599843978882,0
1656,2010-05-10,0.7825199961662292,0.7834699749946594,0.7638300061225891,0.7764599919319153,0
1657,2010-05-11,0.7917699813842773,0.792460024356842,0.7811899781227112,0.7825199961662292,0
1658,2010-05-12,0.7911999821662903,0.7931200265884399,0.7850300073623657,0.791450023651123,0
1659,2010-05-13,0.7973799705505371,0.798829972743988,0.7883300185203552,0.7913900017738342,0
1660,2010-05-14,0.8090599775314331,0.8091899752616882,0.7950999736785889,0.797510027885437,0
1661,2010-05-17,0.80690997838974,0.8165900111198425,0.8057600259780884,0.8082600235939026,0
1662,2010-05-18,0.8210899829864502,0.8218399882316589,0.8037499785423279,0.8070200085639954,0
1663,2010-05-19,0.806879997253418,0.8233199715614319,0.8043100237846375,0.8206200003623962,0
1664,2010-05-20,0.8013499975204468,0.8130699992179871,0.7937800288200378,0.8070999979972839,0
1665,2010-05-21,0.7957299947738647,0.8014699816703796,0.789139986038208,0.8011599779129028,0
1666,2010-05-24,0.809719979763031,0.8107699751853943,0.7971299886703491,0.7978299856185913,0
1667,2010-05-25,0.8099799752235413,0.8209499716758728,0.8073599934577942,0.8095899820327759,0
1668,2010-05-26,0.8214899897575378,0.8226600289344788,0.8091899752616882,0.8099799752235413,0
1669,2010-05-27,0.8098499774932861,0.8219599723815918,0.8067799806594849,0.8215199708938599,0
1670,2010-05-28,0.8147299885749817,0.8151299953460693,0.8033900260925293,0.8102499842643738,0
1671,2010-05-31,0.8138099908828735,0.8149300217628479,0.8107100129127502,0.814520001411438,0
1672,2010-06-01,0.8174600005149841,0.8254200220108032,0.8104400038719177,0.8137999773025513,0
1673,2010-06-02,0.8170599937438965,0.8209400177001953,0.8148000240325928,0.8171899914741516,0
1674,2010-06-03,0.8217300176620483,0.8227099776268005,0.8113600015640259,0.8171600103378296,0
1675,2010-06-04,0.835349977016449,0.8362600207328796,0.8185499906539917,0.8216300010681152,0
1676,2010-06-07,0.8387200236320496,0.8416100144386292,0.8341000080108643,0.8372300267219543,0
1677,2010-06-08,0.8352800011634827,0.8399800062179565,0.8327100276947021,0.8387100100517273,0
1678,2010-06-09,0.8338900208473206,0.8385199904441833,0.8282899856567383,0.835349977016449,0
1679,2010-06-10,0.8258299827575684,0.8362200260162354,0.8236200213432312,0.8338900208473206,0
1680,2010-06-11,0.8254899978637695,0.8296200037002563,0.8229100108146667,0.8259299993515015,0
1681,2010-06-14,0.8184599876403809,0.8232300281524658,0.8131399750709534,0.8232300281524658,0
1682,2010-06-15,0.8117499947547913,0.8215600252151489,0.8096500039100647,0.8186200261116028,0
1683,2010-06-16,0.8122199773788452,0.8154600262641907,0.8097800016403198,0.8117499947547913,0
1684,2010-06-17,0.8076199889183044,0.8165299892425537,0.8058000206947327,0.8120800256729126,0
1685,2010-06-18,0.80690997838974,0.8092600107192993,0.8054800033569336,0.8075699806213379,0
1686,2010-06-21,0.8119500279426575,0.8126099705696106,0.802049994468689,0.805869996547699,0
1687,2010-06-22,0.8146600127220154,0.8157899975776672,0.8098800182342529,0.8118900060653687,0
1688,2010-06-23,0.8117499947547913,0.8189499974250793,0.8103299736976624,0.8146600127220154,0
1689,2010-06-24,0.8105400204658508,0.8152599930763245,0.8073199987411499,0.8117499947547913,0
1690,2010-06-25,0.808210015296936,0.8157299757003784,0.8068400025367737,0.810699999332428,0
1691,2010-06-28,0.8145300149917603,0.8151299953460693,0.8065199851989746,0.8077499866485596,0
1692,2010-06-29,0.8205900192260742,0.8227499723434448,0.8136699795722961,0.8147799968719482,0
1693,2010-06-30,0.8176599740982056,0.8218399882316589,0.8129900097846985,0.8205199837684631,0
1694,2010-07-01,0.7995200157165527,0.8197399973869324,0.8168200254440308,0.8175299763679504,0
1695,2010-07-02,0.7954800128936768,0.8010299801826477,0.7930200099945068,0.7994199991226196,0
1696,2010-07-05,0.7976400256156921,0.7992500066757202,0.7963100075721741,0.7964800000190735,0
1697,2010-07-06,0.792140007019043,0.80103999376297,0.7898399829864502,0.7973799705505371,0
1698,2010-07-07,0.7915700078010559,0.7961099743843079,0.7898300290107727,0.7925800085067749,0
1699,2010-07-08,0.7877699732780457,0.792140007019043,0.7867299914360046,0.7915099859237671,0
1700,2010-07-09,0.7908899784088135,0.7927700281143188,0.7860999703407288,0.7878999710083008,0
1701,2010-07-12,0.7942799925804138,0.7965599894523621,0.7907000184059143,0.7907599806785583,0
1702,2010-07-13,0.786109983921051,0.7983800172805786,0.7850000262260437,0.7942699790000916,0
1703,2010-07-14,0.7849000096321106,0.7882699966430664,0.7827399969100952,0.7860599756240845,0
1704,2010-07-15,0.7734799981117249,0.7866299748420715,0.77183997631073,0.7848399877548218,0
1705,2010-07-16,0.7732800245285034,0.7755500078201294,0.7689899802207947,0.7738699913024902,0
1706,2010-07-19,0.7728300094604492,0.7767000198364258,0.769819974899292,0.7750399708747864,0
1707,2010-07-20,0.7756100296974182,0.7785699963569641,0.7676500082015991,0.7726699709892273,0
1708,2010-07-21,0.7832099795341492,0.7851799726486206,0.7744699716567993,0.775600016117096,0
1709,2010-07-22,0.7750099897384644,0.7849900126457214,0.7736899852752686,0.7830899953842163,0
1710,2010-07-23,0.7744100093841553,0.78125,0.7713500261306763,0.7750999927520752,0
1711,2010-07-26,0.7692899703979492,0.7759799957275391,0.7689399719238281,0.7758399844169617,0
1712,2010-07-27,0.7697700262069702,0.77183997631073,0.7665299773216248,0.7694699764251709,0
1713,2010-07-28,0.7696899771690369,0.7711499929428101,0.7668700218200684,0.7694699764251709,0
1714,2010-07-29,0.7646399736404419,0.7702999711036682,0.7629500031471252,0.769349992275238,0
1715,2010-07-30,0.7669299840927124,0.7702500224113464,0.7637100219726562,0.7647299766540527,0
1716,2010-08-02,0.7589600086212158,0.7658299803733826,0.7579200267791748,0.76569002866745,0
1717,2010-08-03,0.7561399936676025,0.7604600191116333,0.7540900111198425,0.7590100169181824,0
1718,2010-08-04,0.7561399936676025,0.761210024356842,0.755299985408783,0.756089985370636,0
1719,2010-08-05,0.7599899768829346,0.7620599865913391,0.7555400133132935,0.7598199844360352,0
1720,2010-08-06,0.758650004863739,0.759880006313324,0.750190019607544,0.7587299942970276,0
1721,2010-08-09,0.7526900172233582,0.7557899951934814,0.7516400218009949,0.7526699900627136,0
1722,2010-08-10,0.7558599710464478,0.7644400000572205,0.7558000087738037,0.7558000087738037,0
1723,2010-08-11,0.7584400177001953,0.7768999934196472,0.758400022983551,0.758400022983551,0
1724,2010-08-12,0.7785699963569641,0.782039999961853,0.7732800245285034,0.7787299752235413,0
1725,2010-08-13,0.7794299721717834,0.7840999960899353,0.7749599814414978,0.7795100212097168,0
1726,2010-08-16,0.7830299735069275,0.7851799726486206,0.7770100235939026,0.7830899953842163,0
1727,2010-08-17,0.7805200219154358,0.7809200286865234,0.7744600176811218,0.780460000038147,0
1728,2010-08-18,0.7764000296592712,0.7797300219535828,0.7740499973297119,0.7765799760818481,0
1729,2010-08-19,0.7778199911117554,0.7824699878692627,0.775189995765686,0.7778800129890442,0
1730,2010-08-20,0.7807599902153015,0.7895399928092957,0.7792400121688843,0.7807000279426575,0
1731,2010-08-23,0.7867799997329712,0.7905600070953369,0.7856299877166748,0.7867299914360046,0
1732,2010-08-24,0.791450023651123,0.794160008430481,0.7862899899482727,0.791130006313324,0
1733,2010-08-25,0.7915800213813782,0.7928299903869629,0.7862399816513062,0.7914800047874451,0
1734,2010-08-26,0.7896400094032288,0.7903900146484375,0.7834799885749817,0.7898300290107727,0
1735,2010-08-27,0.7870000004768372,0.7884799838066101,0.7824699878692627,0.7870299816131592,0
1736,2010-08-30,0.7840700149536133,0.7890599966049194,0.7838799953460693,0.7841299772262573,0
1737,2010-08-31,0.7895200252532959,0.791890025138855,0.7848100066184998,0.7897599935531616,0
1738,2010-09-01,0.7881900072097778,0.7893999814987183,0.7782099843025208,0.7882699966430664,0
1739,2010-09-02,0.7810699939727783,0.7825300097465515,0.7782800197601318,0.7809799909591675,0
1740,2010-09-03,0.779670000076294,0.7804700136184692,0.7760999798774719,0.7796599864959717,0
1741,2010-09-06,0.7755500078201294,0.7770599722862244,0.7742099761962891,0.7755500078201294,0
1742,2010-09-07,0.7771000266075134,0.7871500253677368,0.7771199941635132,0.7771199941635132,0
1743,2010-09-08,0.7887700200080872,0.7896299958229065,0.7835800051689148,0.7887099981307983,0
1744,2010-09-09,0.7854200005531311,0.7893400192260742,0.7834699749946594,0.7854200005531311,0
1745,2010-09-10,0.7878299951553345,0.7907000184059143,0.7846599817276001,0.7880300283432007,0
1746,2010-09-13,0.7863500118255615,0.7863500118255615,0.7759199738502502,0.7862300276756287,0
1747,2010-09-14,0.7768800258636475,0.7792500257492065,0.7681699991226196,0.7768999934196472,0
1748,2010-09-15,0.7697200179100037,0.7716500163078308,0.7671099901199341,0.769760012626648,0
1749,2010-09-16,0.768339991569519,0.7704799771308899,0.7626000046730042,0.7684599757194519,0
1750,2010-09-17,0.7647600173950195,0.7677000164985657,0.7600499987602234,0.7648100256919861,0
1751,2010-09-20,0.7666400074958801,0.7674000263214111,0.7622399926185608,0.7667499780654907,0
1752,2010-09-21,0.7652900218963623,0.7657300233840942,0.7605199813842773,0.7652599811553955,0
1753,2010-09-22,0.7543200254440308,0.7545999884605408,0.7442100048065186,0.7544900178909302,0
1754,2010-09-23,0.7467700242996216,0.7511299848556519,0.7455999851226807,0.7466999888420105,0
1755,2010-09-24,0.7508000135421753,0.7525299787521362,0.7411800026893616,0.7508599758148193,0
1756,2010-09-27,0.741890013217926,0.7444999814033508,0.7405400276184082,0.7417299747467041,0
1757,2010-09-28,0.7440999746322632,0.747160017490387,0.7363700270652771,0.7440500259399414,0
1758,2010-09-29,0.7368699908256531,0.7370399832725525,0.7330099940299988,0.7369199991226196,0
1759,2010-09-30,0.733780026435852,0.7371799945831299,0.7311499714851379,0.733780026435852,0
1760,2010-10-01,0.7340999841690063,0.7341700196266174,0.7259100079536438,0.7340499758720398,0
1761,2010-10-04,0.725849986076355,0.7315599918365479,0.7254599928855896,0.7258099913597107,0
1762,2010-10-05,0.7313100099563599,0.7331900000572205,0.7221500277519226,0.7312600016593933,0
1763,2010-10-06,0.7228599786758423,0.7244099974632263,0.7179700136184692,0.7227500081062317,0
1764,2010-10-07,0.7183899879455566,0.7194399833679199,0.7131100296974182,0.7181800007820129,0
1765,2010-10-08,0.7179800271987915,0.7219700217247009,0.7155600190162659,0.7182400226593018,0
1766,2010-10-11,0.7154300212860107,0.7200999855995178,0.7139700055122375,0.71492999792099,0
1767,2010-10-12,0.7204499840736389,0.7256799936294556,0.7203599810600281,0.7204099893569946,0
1768,2010-10-13,0.7185500264167786,0.7188000082969666,0.7143200039863586,0.7185500264167786,0
1769,2010-10-14,0.7159600257873535,0.715969979763031,0.7082700133323669,0.7158700227737427,0
1770,2010-10-15,0.7106299996376038,0.7146400213241577,0.7068099975585938,0.7107300162315369,0
1771,2010-10-18,0.7161099910736084,0.7226499915122986,0.7156100273132324,0.7157700061798096,0
1772,2010-10-19,0.7175700068473816,0.7260299921035767,0.7145900130271912,0.7174699902534485,0
1773,2010-10-20,0.7278500199317932,0.7296900153160095,0.715149998664856,0.7278000116348267,0
1774,2010-10-21,0.7161700129508972,0.7205100059509277,0.7116900086402893,0.7161300182342529,0
1775,2010-10-22,0.7185500264167786,0.7211400270462036,0.7159199714660645,0.718559980392456,0
1776,2010-10-25,0.7171499729156494,0.7175599932670593,0.7103800177574158,0.717490017414093,0
1777,2010-10-26,0.7168999910354614,0.7225599884986877,0.7152100205421448,0.7175700068473816,0
1778,2010-10-27,0.7218000292778015,0.7267400026321411,0.7206199765205383,0.7216299772262573,0
1779,2010-10-28,0.7257900238037109,0.7259500026702881,0.7173799872398376,0.725849986076355,0
1780,2010-10-29,0.7257900238037109,0.7241700291633606,0.7172999978065491,0.725849986076355,0
1781,2010-11-01,0.7155600190162659,0.7211800217628479,0.7136899828910828,0.7174800038337708,0
1782,2010-11-02,0.7188599705696106,0.7202699780464172,0.7118499875068665,0.7188000082969666,0
1783,2010-11-03,0.7124500274658203,0.7146099805831909,0.7112600207328796,0.7127100229263306,0
1784,2010-11-04,0.7078499794006348,0.7089599967002869,0.7001799941062927,0.707610011100769,0
1785,2010-11-05,0.7028399705886841,0.7125999927520752,0.7027400135993958,0.7028300166130066,0
1786,2010-11-08,0.7104399800300598,0.7197399735450745,0.7101699709892273,0.7104300260543823,0
1787,2010-11-09,0.7210000157356262,0.7231500148773193,0.715719997882843,0.7215999960899353,0
1788,2010-11-10,0.7261099815368652,0.7312600016593933,0.7235400080680847,0.7261999845504761,0
1789,2010-11-11,0.7259200215339661,0.7319700121879578,0.7236400246620178,0.7261099815368652,0
1790,2010-11-12,0.7341600060462952,0.7363799810409546,0.7261099815368652,0.7343999743461609,0
1791,2010-11-15,0.7302899956703186,0.735729992389679,0.727429986000061,0.7301599979400635,0
1792,2010-11-16,0.7366600036621094,0.7384399771690369,0.7324299812316895,0.7365900278091431,0
1793,2010-11-17,0.7412599921226501,0.7426400184631348,0.7378399968147278,0.7410799860954285,0
1794,2010-11-18,0.7377899885177612,0.7382699847221375,0.7316399812698364,0.7381299734115601,0
1795,2010-11-19,0.7322099804878235,0.7347699999809265,0.7282800078392029,0.7321000099182129,0
1796,2010-11-22,0.7275699973106384,0.734749972820282,0.725350022315979,0.7275400161743164,0
1797,2010-11-23,0.7351899743080139,0.7462199926376343,0.7345600128173828,0.7351899743080139,0
1798,2010-11-24,0.7470300197601318,0.7524499893188477,0.7452200055122375,0.7469499707221985,0
1799,2010-11-25,0.7486199736595154,0.7524999976158142,0.7476599812507629,0.7486199736595154,0
1800,2010-11-26,0.7496399879455566,0.757319986820221,0.7490299940109253,0.7494999766349792,0
1801,2010-11-29,0.7554000020027161,0.7652300000190735,0.752020001411438,0.7551299929618835,0
1802,2010-11-30,0.7631300091743469,0.7708600163459778,0.7604399919509888,0.7632700204849243,0
1803,2010-12-01,0.7696999907493591,0.7705900073051453,0.7613499760627747,0.7695299983024597,0
1804,2010-12-02,0.7619100213050842,0.7653999924659729,0.7568899989128113,0.7618700265884399,0
1805,2010-12-03,0.756659984588623,0.757860004901886,0.7475699782371521,0.7568299770355225,0
1806,2010-12-06,0.7453799843788147,0.7546899914741516,0.745169997215271,0.7453200221061707,0
1807,2010-12-07,0.7526199817657471,0.7527999877929688,0.7463799715042114,0.7524200081825256,0
1808,2010-12-08,0.755020022392273,0.7583799958229065,0.7530099749565125,0.7547900080680847,0
1809,2010-12-09,0.7546700239181519,0.7590699791908264,0.7505800127983093,0.7549800276756287,0
1810,2010-12-10,0.7551699876785278,0.7584999799728394,0.7529000043869019,0.7552499771118164,0
1811,2010-12-13,0.7577400207519531,0.7584999799728394,0.7472400069236755,0.7576500177383423,0
1812,2010-12-14,0.7465199828147888,0.7481099963188171,0.7410600185394287,0.7465999722480774,0
1813,2010-12-15,0.748449981212616,0.7526199817657471,0.7475000023841858,0.7484999895095825,0
1814,2010-12-16,0.7562000155448914,0.7584599852561951,0.7540900111198425,0.7560700178146362,0
1815,2010-12-17,0.7552899718284607,0.760860025882721,0.7484999895095825,0.7552300095558167,0
1816,2010-12-20,0.7595900297164917,0.7634199857711792,0.7586100101470947,0.759660005569458,0
1817,2010-12-21,0.7623100280761719,0.7622500061988831,0.7575799822807312,0.7622399926185608,0
1818,2010-12-22,0.7639399766921997,0.7645300030708313,0.7587299942970276,0.7638400197029114,0
1819,2010-12-23,0.7624599933624268,0.7658100128173828,0.7603399753570557,0.7624300122261047,0
1820,2010-12-24,0.7617800235748291,0.7633799910545349,0.7606499791145325,0.7619799971580505,0
1821,2010-12-27,0.7645400166511536,0.7644100189208984,0.7593100070953369,0.7644100189208984,0
1822,2010-12-28,0.7581700086593628,0.760919988155365,0.7533299922943115,0.7582100033760071,0
1823,2010-12-29,0.7641599774360657,0.7641199827194214,0.7600899934768677,0.7641199827194214,0
1824,2010-12-30,0.7561699748039246,0.7563700079917908,0.751259982585907,0.7563700079917908,0
1825,2010-12-31,0.7518100142478943,0.7524499893188477,0.744949996471405,0.7518200278282166,0
1826,2011-01-03,0.7486199736595154,0.7545499801635742,0.7482200264930725,0.7487300038337708,0
1827,2011-01-04,0.7486799955368042,0.7508500218391418,0.7445499897003174,0.7484999895095825,0
1828,2011-01-05,0.7506899833679199,0.7616699934005737,0.7505300045013428,0.7505300045013428,0
1829,2011-01-06,0.7600600123405457,0.7672399878501892,0.7592800259590149,0.7598199844360352,0
1830,2011-01-07,0.7704200148582458,0.7728599905967712,0.7679700255393982,0.7698799967765808,0
1831,2011-01-10,0.7754899859428406,0.7765700221061707,0.7723000049591064,0.7753099799156189,0
1832,2011-01-11,0.7713099718093872,0.774590015411377,0.7700600028038025,0.7716599702835083,0
1833,2011-01-12,0.7701799869537354,0.7712100148200989,0.7655100226402283,0.7700600028038025,0
1834,2011-01-13,0.761709988117218,0.7638300061225891,0.7488999962806702,0.7617300152778625,0
1835,2011-01-14,0.7488800287246704,0.7504100203514099,0.7435500025749207,0.7490000128746033,0
1836,2011-01-17,0.7473700046539307,0.7545499801635742,0.7476000189781189,0.7476000189781189,0
1837,2011-01-18,0.7527899742126465,0.7543799877166748,0.7428799867630005,0.7527999877929688,0
1838,2011-01-19,0.7474899888038635,0.7472900152206421,0.7387300133705139,0.7472900152206421,0
1839,2011-01-20,0.7433800101280212,0.7461000084877014,0.7397500276565552,0.7433199882507324,0
1840,2011-01-21,0.7425000071525574,0.7434399724006653,0.7358899712562561,0.7426300048828125,0
1841,2011-01-24,0.7342399954795837,0.7381700277328491,0.7309899926185608,0.7341099977493286,0
1842,2011-01-25,0.7329199910163879,0.7365999817848206,0.7307800054550171,0.7329199910163879,0
1843,2011-01-26,0.7306699752807617,0.7325900197029114,0.7289900183677673,0.7305700182914734,0
1844,2011-01-27,0.729390025138855,0.7329800128936768,0.7269399762153625,0.7294999957084656,0
1845,2011-01-28,0.7286999821662903,0.7344300150871277,0.727429986000061,0.728600025177002,0
1846,2011-01-31,0.73676997423172,0.7367600202560425,0.7279099822044373,0.7365900278091431,0
1847,2011-02-01,0.7291899919509888,0.729669988155365,0.7249900102615356,0.7291300296783447,0
1848,2011-02-02,0.7230700254440308,0.7256100177764893,0.7214999794960022,0.7231799960136414,0
1849,2011-02-03,0.7236999869346619,0.7342699766159058,0.7233499884605408,0.7238100171089172,0
1850,2011-02-04,0.7339699864387512,0.7382299900054932,0.732729971408844,0.7337300181388855,0
1851,2011-02-07,0.7366499900817871,0.7401900291442871,0.7338700294494629,0.7366399765014648,0
1852,2011-02-08,0.735729992389679,0.7366999983787537,0.7312800288200378,0.7356100082397461,0
1853,2011-02-09,0.7338399887084961,0.7346400022506714,0.7289199829101562,0.7340400218963623,0
1854,2011-02-10,0.7288100123405457,0.736299991607666,0.7284299731254578,0.7289199829101562,0
1855,2011-02-11,0.7351899743080139,0.7401999831199646,0.7341300249099731,0.7350000143051147,0
1856,2011-02-14,0.7401900291442871,0.7445099949836731,0.7375199794769287,0.7399100065231323,0
1857,2011-02-15,0.7417799830436707,0.7428299784660339,0.7381700277328491,0.7416700124740601,0
1858,2011-02-16,0.7408199906349182,0.7426400184631348,0.737030029296875,0.7409600019454956,0
1859,2011-02-17,0.7366300225257874,0.738610029220581,0.73471999168396,0.7365599870681763,0
1860,2011-02-18,0.7338899970054626,0.7381200194358826,0.7328600287437439,0.7340999841690063,0
1861,2011-02-21,0.7292100191116333,0.7325999736785889,0.729200005531311,0.729200005531311,0
1862,2011-02-22,0.7308700084686279,0.7392100095748901,0.7299000024795532,0.730929970741272,0
1863,2011-02-23,0.7313299775123596,0.7313100099563599,0.7254800200462341,0.7313100099563599,0
1864,2011-02-24,0.7265300154685974,0.7294999957084656,0.7237499952316284,0.726859986782074,0
1865,2011-02-25,0.7235900163650513,0.7286099791526794,0.7226499915122986,0.7234799861907959,0
1866,2011-02-28,0.7281000018119812,0.7292299866676331,0.7218499779701233,0.7280099987983704,0
1867,2011-03-01,0.7235100269317627,0.7252500057220459,0.7218700051307678,0.7232000231742859,0
1868,2011-03-02,0.7261199951171875,0.7275599837303162,0.7199400067329407,0.7262399792671204,0
1869,2011-03-03,0.7211599946022034,0.7228299975395203,0.7155600190162659,0.7211099863052368,0
1870,2011-03-04,0.7163900136947632,0.7170000076293945,0.7139300107955933,0.7163800001144409,0
1871,2011-03-07,0.7147600054740906,0.7163900136947632,0.7124500274658203,0.7148600220680237,0
1872,2011-03-08,0.7161300182342529,0.7210800051689148,0.7148000001907349,0.7160800099372864,0
1873,2011-03-09,0.7195299863815308,0.7215499877929688,0.7173200249671936,0.7197099924087524,0
1874,2011-03-10,0.7193099856376648,0.7249000072479248,0.7181299924850464,0.7191799879074097,0
1875,2011-03-11,0.7245699763298035,0.7270500063896179,0.7224199771881104,0.7244799733161926,0
1876,2011-03-14,0.7176399827003479,0.7190799713134766,0.7153400182723999,0.7176300287246704,0
1877,2011-03-15,0.7146900296211243,0.7215999960899353,0.7142800092697144,0.7147799730300903,0
1878,2011-03-16,0.7149900197982788,0.7186499834060669,0.7142500281333923,0.7150200009346008,0
1879,2011-03-17,0.7202100157737732,0.7202500104904175,0.711899995803833,0.7202500104904175,0
1880,2011-03-18,0.7126100063323975,0.7151399850845337,0.7069399952888489,0.7124999761581421,0
1881,2011-03-21,0.7056900262832642,0.7069200277328491,0.7041299939155579,0.7058200240135193,0
1882,2011-03-22,0.7033799886703491,0.7051799893379211,0.7018499970436096,0.7033100128173828,0
1883,2011-03-23,0.705810010433197,0.7086700201034546,0.7035300135612488,0.705590009689331,0
1884,2011-03-24,0.7089200019836426,0.7114400267601013,0.703719973564148,0.7087900042533875,0
1885,2011-03-25,0.7056199908256531,0.7085300087928772,0.7045400142669678,0.7057300209999084,0
1886,2011-03-28,0.7129600048065186,0.7130600214004517,0.7085000276565552,0.7130100131034851,0
1887,2011-03-29,0.7102400064468384,0.7116900086402893,0.7067099809646606,0.7103700041770935,0
1888,2011-03-30,0.7086600065231323,0.7115399837493896,0.7077599763870239,0.7085700035095215,0
1889,2011-03-31,0.7081500291824341,0.7082700133323669,0.7025899887084961,0.7081199884414673,0
1890,2011-04-01,0.706279993057251,0.7110000252723694,0.7034800052642822,0.7062100172042847,0
1891,2011-04-04,0.7030699849128723,0.704479992389679,0.7008399963378906,0.7030400037765503,0
1892,2011-04-05,0.7032300233840942,0.7064099907875061,0.7026000022888184,0.7032700181007385,0
1893,2011-04-06,0.703279972076416,0.7032300233840942,0.6970099806785583,0.7032300233840942,0
1894,2011-04-07,0.6975799798965454,0.7018499970436096,0.6975399851799011,0.6975399851799011,0
1895,2011-04-08,0.6991999745368958,0.6996399760246277,0.6923699975013733,0.6992499828338623,0
1896,2011-04-11,0.6914600133895874,0.6934000253677368,0.6904500126838684,0.6915199756622314,0
1897,2011-04-12,0.6926199793815613,0.695389986038208,0.6888499855995178,0.6927899718284607,0
1898,2011-04-13,0.690779983997345,0.6916700005531311,0.6887400150299072,0.690850019454956,0
1899,2011-04-14,0.6924200057983398,0.6959699988365173,0.6889399886131287,0.6922299861907959,0
1900,2011-04-15,0.6929000020027161,0.6947199702262878,0.6894199848175049,0.6903200149536133,0
1901,2011-04-18,0.6938199996948242,0.7059199810028076,0.6934800148010254,0.6936299800872803,0
1902,2011-04-19,0.7030400037765503,0.7038499712944031,0.6979299783706665,0.7031000256538391,0
1903,2011-04-20,0.6974499821662903,0.6975399851799011,0.6877800226211548,0.6973999738693237,0
1904,2011-04-21,0.6889899969100952,0.6892399787902832,0.6826900243759155,0.6889899969100952,0
1905,2011-04-22,0.6870499849319458,0.6879000067710876,0.68545001745224,0.6871399879455566,0
1906,2011-04-25,0.6869500279426575,0.6882100105285645,0.6837300062179565,0.6870399713516235,0
1907,2011-04-26,0.685920000076294,0.6896700263023376,0.682640016078949,0.6859700083732605,0
1908,2011-04-27,0.6808300018310547,0.6831499934196472,0.6798099875450134,0.6807399988174438,0
1909,2011-04-28,0.6765900254249573,0.6766600012779236,0.6719499826431274,0.6765900254249573,0
1910,2011-04-29,0.6736699938774109,0.6754500269889832,0.6720899939537048,0.6737200021743774,0
1911,2011-05-02,0.6759499907493591,0.6769899725914001,0.6710299849510193,0.6754199862480164,0
1912,2011-05-03,0.674589991569519,0.6776000261306763,0.6717100143432617,0.6745399832725525,0
1913,2011-05-04,0.6741600036621094,0.676639974117279,0.6694300174713135,0.6740800142288208,0
1914,2011-05-05,0.6743199825286865,0.6858100295066833,0.6712599992752075,0.6745799779891968,0
1915,2011-05-06,0.6875500082969666,0.6912299990653992,0.6855400204658508,0.687749981880188,0
1916,2011-05-09,0.6967200040817261,0.7013599872589111,0.6924999952316284,0.6970599889755249,0
1917,2011-05-10,0.6955999732017517,0.7005299925804138,0.6947299838066101,0.6956300139427185,0
1918,2011-05-11,0.6939100027084351,0.700980007648468,0.69336998462677,0.6939100027084351,0
1919,2011-05-12,0.7036799788475037,0.7079100012779236,0.7014700174331665,0.7035899758338928,0
1920,2011-05-13,0.7023500204086304,0.7071099877357483,0.697350025177002,0.7024400234222412,0
1921,2011-05-16,0.7103300094604492,0.7117000222206116,0.7019500136375427,0.7104499936103821,0
1922,2011-05-17,0.706309974193573,0.7079399824142456,0.7030900120735168,0.706309974193573,0
1923,2011-05-18,0.7008200287818909,0.7044100165367126,0.6999599933624268,0.7008200287818909,0
1924,2011-05-19,0.7014999985694885,0.7036799788475037,0.6990100145339966,0.701449990272522,0
1925,2011-05-20,0.6985099911689758,0.7069600224494934,0.697160005569458,0.698419988155365,0
1926,2011-05-23,0.7089300155639648,0.7155100107192993,0.7074800133705139,0.7087799906730652,0
1927,2011-05-24,0.7124199867248535,0.7140700221061707,0.7075600028038025,0.7124000191688538,0
1928,2011-05-25,0.7092700004577637,0.7133700251579285,0.7083799839019775,0.7092599868774414,0
1929,2011-05-26,0.7099800109863281,0.7107200026512146,0.703980028629303,0.7101100087165833,0
1930,2011-05-27,0.7074599862098694,0.7077999711036682,0.699150025844574,0.7076600193977356,0
1931,2011-05-30,0.699429988861084,0.7012699842453003,0.6990299820899963,0.6995499730110168,0
1932,2011-05-31,0.6982100009918213,0.6981199979782104,0.693340003490448,0.6981199979782104,0
1933,2011-06-01,0.6930999755859375,0.6950200200080872,0.6916700005531311,0.693120002746582,0
1934,2011-06-02,0.6971099972724915,0.6978399753570557,0.6904199719429016,0.6970599889755249,0
1935,2011-06-03,0.6903200149536133,0.691569983959198,0.6847000122070312,0.6902700066566467,0
1936,2011-06-06,0.6823599934577942,0.6851500272750854,0.6822599768638611,0.6823099851608276,0
1937,2011-06-07,0.68572998046875,0.6864799857139587,0.680649995803833,0.6858000159263611,0
1938,2011-06-08,0.6809200048446655,0.6862300038337708,0.6807299852371216,0.6808300018310547,0
1939,2011-06-09,0.6848400235176086,0.6905099749565125,0.6827999949455261,0.6849799752235413,0
1940,2011-06-10,0.6889100074768066,0.6965199708938599,0.6873800158500671,0.6890699863433838,0
1941,2011-06-13,0.6977099776268005,0.6980299949645996,0.6942800283432007,0.6976600289344788,0
1942,2011-06-14,0.6936299800872803,0.695360004901886,0.6903200149536133,0.6935999989509583,0
1943,2011-06-15,0.6920400261878967,0.7037500143051147,0.6920599937438965,0.6920899748802185,0
1944,2011-06-16,0.7051200270652771,0.7103300094604492,0.7042099833488464,0.7049000263214111,0
1945,2011-06-17,0.7042700052261353,0.7077400088310242,0.6974300146102905,0.704230010509491,0
1946,2011-06-20,0.7000300288200378,0.704509973526001,0.6980800032615662,0.6995900273323059,0
1947,2011-06-21,0.6980599761009216,0.6988000273704529,0.6942499876022339,0.6980900168418884,0
1948,2011-06-22,0.695330023765564,0.69691002368927,0.6926199793815613,0.6953999996185303,0
1949,2011-06-23,0.6985999941825867,0.7076500058174133,0.6976400017738342,0.698419988155365,0
1950,2011-06-24,0.7007700204849243,0.7061600089073181,0.6990100145339966,0.7006199955940247,0
1951,2011-06-27,0.7056499719619751,0.7088199853897095,0.6995900273323059,0.7054200172424316,0
1952,2011-06-28,0.6984800100326538,0.7020400166511536,0.6946399807929993,0.6984699964523315,0
1953,2011-06-29,0.6964799761772156,0.6976400017738342,0.6921399831771851,0.6964700222015381,0
1954,2011-06-30,0.6906599998474121,0.6920899748802185,0.6883699893951416,0.690559983253479,0
1955,2011-07-01,0.6898000240325928,0.6922299861907959,0.687470018863678,0.6898499727249146,0
1956,2011-07-04,0.6877599954605103,0.6897500157356262,0.6860100030899048,0.687470018863678,0
1957,2011-07-05,0.6871399879455566,0.6922500133514404,0.6871399879455566,0.6871399879455566,0
1958,2011-07-06,0.69309002161026,0.6997900009155273,0.6912500262260437,0.6932899951934814,0
1959,2011-07-07,0.6977599859237671,0.7030699849128723,0.6956999897956848,0.6977400183677673,0
1960,2011-07-08,0.6961600184440613,0.7035300135612488,0.6959499716758728,0.6960800290107727,0
1961,2011-07-11,0.7041299939155579,0.7148500084877014,0.7029500007629395,0.703980028629303,0
1962,2011-07-12,0.7122200131416321,0.7224400043487549,0.711899995803833,0.7121800184249878,0
1963,2011-07-13,0.7158700227737427,0.7159600257873535,0.7046200037002563,0.7158700227737427,0
1964,2011-07-14,0.702530026435852,0.7066699862480164,0.7005699872970581,0.70278000831604,0
1965,2011-07-15,0.7063500285148621,0.7093999981880188,0.7044199705123901,0.706309974193573,0
1966,2011-07-18,0.7080600261688232,0.7133700251579285,0.707610011100769,0.7082499861717224,0
1967,2011-07-19,0.708620011806488,0.7105799913406372,0.703499972820282,0.7086700201034546,0
1968,2011-07-20,0.7055699825286865,0.7074699997901917,0.7023500204086304,0.70551997423172,0
1969,2011-07-21,0.7007700204849243,0.7069600224494934,0.6945499777793884,0.7008200287818909,0
1970,2011-07-22,0.6934800148010254,0.6979799866676331,0.6927499771118164,0.6935799717903137,0
1971,2011-07-25,0.6949999928474426,0.6978999972343445,0.694100022315979,0.695330023765564,0
1972,2011-07-26,0.6958199739456177,0.6963499784469604,0.6886600255966187,0.6959999799728394,0
1973,2011-07-27,0.68927001953125,0.6962299942970276,0.6879900097846985,0.6894599795341492,0
1974,2011-07-28,0.6957499980926514,0.7013599872589111,0.6944299936294556,0.6956300139427185,0
1975,2011-07-29,0.6977400183677673,0.7023199796676636,0.6941400170326233,0.6976400017738342,0
1976,2011-08-01,0.6962000131607056,0.7048100233078003,0.6919800043106079,0.696120023727417,0
1977,2011-08-02,0.7011600136756897,0.706570029258728,0.7001100182533264,0.7007099986076355,0
1978,2011-08-03,0.7055500149726868,0.7069699764251709,0.697160005569458,0.7054200172424316,0
1979,2011-08-04,0.6967200040817261,0.7084599733352661,0.696179986000061,0.6970900297164917,0
1980,2011-08-05,0.7108799815177917,0.7113400101661682,0.702970027923584,0.7109100222587585,0
1981,2011-08-08,0.6995900273323059,0.7075499892234802,0.6944699883460999,0.6992700099945068,0
1982,2011-08-09,0.7056800127029419,0.7063599824905396,0.699999988079071,0.7053599953651428,0
1983,2011-08-10,0.6952599883079529,0.7060499787330627,0.6944199800491333,0.6954100131988525,0
1984,2011-08-11,0.7079799771308899,0.7088900208473206,0.6999899744987488,0.7077800035476685,0
1985,2011-08-12,0.7029200196266174,0.7066699862480164,0.6998900175094604,0.7031400203704834,0
1986,2011-08-15,0.7005699872970581,0.7009000182151794,0.690850019454956,0.7006300091743469,0
1987,2011-08-16,0.6926000118255615,0.6964799761772156,0.6922900080680847,0.6926000118255615,0
1988,2011-08-17,0.6945400238037109,0.6973999738693237,0.6890000104904175,0.694350004196167,0
1989,2011-08-18,0.6930400133132935,0.7003300189971924,0.6919900178909302,0.6930299997329712,0
1990,2011-08-19,0.6981099843978882,0.7009699940681458,0.6919599771499634,0.6982899904251099,0
1991,2011-08-22,0.695930004119873,0.6968600153923035,0.6928099989891052,0.6959199905395508,0
1992,2011-08-23,0.6963300108909607,0.6965799927711487,0.6897500157356262,0.6963300108909607,0
1993,2011-08-24,0.6926599740982056,0.6949499845504761,0.6905699968338013,0.6926599740982056,0
1994,2011-08-25,0.6938499808311462,0.6976600289344788,0.6909400224685669,0.6939100027084351,0
1995,2011-08-26,0.6957499980926514,0.6977300047874451,0.690850019454956,0.6956999897956848,0
1996,2011-08-29,0.6898900270462036,0.6912299990653992,0.6874300241470337,0.6898099780082703,0
1997,2011-08-30,0.6884999871253967,0.6949899792671204,0.6881200075149536,0.6884199976921082,0
1998,2011-08-31,0.6928499937057495,0.6945400238037109,0.6911799907684326,0.6927800178527832,0
1999,2011-09-01,0.6956700086593628,0.7027599811553955,0.6955100297927856,0.6956499814987183,0
2000,2011-09-02,0.7011600136756897,0.7045699954032898,0.6998900175094604,0.7011600136756897,0
2001,2011-09-05,0.7063300013542175,0.7109400033950806,0.7056199908256531,0.7064300179481506,0
2002,2011-09-06,0.711080014705658,0.7155500054359436,0.7024000287055969,0.7107800245285034,0
2003,2011-09-07,0.7141199707984924,0.7141799926757812,0.7076799869537354,0.7140899896621704,0
2004,2011-09-08,0.7099400162696838,0.7171800136566162,0.7097200155258179,0.7100300192832947,0
2005,2011-09-09,0.7192100286483765,0.7326499819755554,0.7174599766731262,0.719219982624054,0
2006,2011-09-12,0.7352499961853027,0.7399200201034546,0.7306200265884399,0.735509991645813,0
2007,2011-09-13,0.7320500016212463,0.7375100255012512,0.7288100123405457,0.7321699857711792,0
2008,2011-09-14,0.7306699752807617,0.7356699705123901,0.7273499965667725,0.7309399843215942,0
2009,2011-09-15,0.7274799942970276,0.7297099828720093,0.7179999947547913,0.7273600101470947,0
2010,2011-09-16,0.7210299968719482,0.7268000245094299,0.7204099893569946,0.7211199998855591,0
2011,2011-09-19,0.7298499941825867,0.735759973526001,0.7295600175857544,0.7297400236129761,0
2012,2011-09-20,0.7349900007247925,0.735319972038269,0.7285100221633911,0.735069990158081,0
2013,2011-09-21,0.7302500009536743,0.733269989490509,0.7282800078392029,0.7304099798202515,0
2014,2011-09-22,0.736050009727478,0.7467100024223328,0.7360699772834778,0.7361199855804443,0
2015,2011-09-23,0.7417899966239929,0.7451000213623047,0.7371399998664856,0.741890013217926,0
2016,2011-09-26,0.7381700277328491,0.7481099963188171,0.7382799983024597,0.7382799983024597,0
2017,2011-09-27,0.7397500276565552,0.7418000102043152,0.7323300242424011,0.7396399974822998,0
2018,2011-09-28,0.7362499833106995,0.7382299900054932,0.7307800054550171,0.7361099720001221,0
2019,2011-09-29,0.7386800050735474,0.7395899891853333,0.7311499714851379,0.7382500171661377,0
2020,2011-09-30,0.7360600233078003,0.745419979095459,0.7353500127792358,0.736270010471344,0
2021,2011-10-03,0.748449981212616,0.7549999952316284,0.7473400235176086,0.748449981212616,0
2022,2011-10-04,0.757860004901886,0.7604900002479553,0.7519400119781494,0.7579100131988525,0
2023,2011-10-05,0.7501800060272217,0.7537999749183655,0.7478100061416626,0.7503299713134766,0
2024,2011-10-06,0.7496299743652344,0.7551199793815613,0.7444400191307068,0.7495999932289124,0
2025,2011-10-07,0.7446600198745728,0.7460500001907349,0.739549994468689,0.7447699904441833,0
2026,2011-10-10,0.7470499873161316,0.7473300099372864,0.730459988117218,0.7470499873161316,0
2027,2011-10-11,0.7333800196647644,0.7369199991226196,0.7313100099563599,0.7335100173950195,0
2028,2011-10-12,0.7328299880027771,0.7360299825668335,0.723800003528595,0.7329199910163879,0
2029,2011-10-13,0.725059986114502,0.7306699752807617,0.7234299778938293,0.7252299785614014,0
2030,2011-10-14,0.7280399799346924,0.7286099791526794,0.719789981842041,0.7276399731636047,0
2031,2011-10-17,0.7205100059509277,0.7277500033378601,0.71875,0.720329999923706,0
2032,2011-10-18,0.727590024471283,0.7323600053787231,0.7253299951553345,0.727620005607605,0
2033,2011-10-19,0.7278000116348267,0.7285199761390686,0.7211400270462036,0.7281200289726257,0
2034,2011-10-20,0.7264800071716309,0.7321000099182129,0.722540020942688,0.7265300154685974,0
2035,2011-10-21,0.7257400155067444,0.729390025138855,0.7195299863815308,0.7256900072097778,0
2036,2011-10-24,0.7221400141716003,0.7234299778938293,0.7166399955749512,0.7221300005912781,0
2037,2011-10-25,0.7182700037956238,0.7220199704170227,0.7165200114250183,0.7181800007820129,0
2038,2011-10-26,0.7191900014877319,0.7243800163269043,0.7159799933433533,0.719219982624054,0
2039,2011-10-27,0.7206199765205383,0.7210800051689148,0.7050700187683105,0.7208700180053711,0
2040,2011-10-28,0.70551997423172,0.7072499990463257,0.7041800022125244,0.7054700255393982,0
2041,2011-10-31,0.7072100043296814,0.7175700068473816,0.7057399749755859,0.7071099877357483,0
2042,2011-11-01,0.7214999794960022,0.7346500158309937,0.720990002155304,0.7212600111961365,0
2043,2011-11-02,0.7322800159454346,0.7321699857711792,0.7232800126075745,0.7321699857711792,0
2044,2011-11-03,0.730459988117218,0.7321799993515015,0.7233099937438965,0.7302899956703186,0
2045,2011-11-04,0.7230700254440308,0.7289900183677673,0.7212399840354919,0.7234399914741516,0
2046,2011-11-07,0.7251999974250793,0.7307999730110168,0.7240099906921387,0.7248899936676025,0
2047,2011-11-08,0.7267400026321411,0.7282299995422363,0.7224100232124329,0.7267400026321411,0
2048,2011-11-09,0.7232499718666077,0.7376800179481506,0.7216600179672241,0.7232199907302856,0
2049,2011-11-10,0.7392799854278564,0.7415099740028381,0.7326200008392334,0.7392399907112122,0
2050,2011-11-11,0.734749972820282,0.736270010471344,0.7276999950408936,0.7346500158309937,0
2051,2011-11-14,0.7253199815750122,0.7341600060462952,0.7252699732780457,0.7252699732780457,0
2052,2011-11-15,0.7339900135993958,0.7400400042533875,0.7330800294876099,0.7338399887084961,0
2053,2011-11-16,0.7403500080108643,0.7445600032806396,0.7378299832344055,0.7402600049972534,0
2054,2011-11-17,0.7439900040626526,0.7448599934577942,0.7388299703598022,0.7438799738883972,0
2055,2011-11-18,0.7430499792098999,0.7435799837112427,0.7345899939537048,0.7432199716567993,0
2056,2011-11-21,0.7390999794006348,0.7444400191307068,0.7385500073432922,0.7387700080871582,0
2057,2011-11-22,0.741599977016449,0.7423200011253357,0.7369899749755859,0.7414900064468384,0
2058,2011-11-23,0.7395399808883667,0.7489200234413147,0.7390400171279907,0.7399500012397766,0
2059,2011-11-24,0.7489500045776367,0.7507399916648865,0.7455999851226807,0.7492300271987915,0
2060,2011-11-25,0.7501299977302551,0.7565199732780457,0.7499600052833557,0.7502999901771545,0
2061,2011-11-28,0.7511199712753296,0.7531099915504456,0.7464399933815002,0.7512999773025513,0
2062,2011-11-29,0.7509199976921082,0.7524999976158142,0.744189977645874,0.7514500021934509,0
2063,2011-11-30,0.7505199909210205,0.7538999915122986,0.7394300103187561,0.7505300045013428,0
2064,2011-12-01,0.7438300251960754,0.7451599836349487,0.7395899891853333,0.7439200282096863,0
2065,2011-12-02,0.7425600290298462,0.745169997215271,0.7386599779129028,0.7425299882888794,0
2066,2011-12-05,0.7452099919319153,0.7461900115013123,0.7416200041770935,0.7452999949455261,0
2067,2011-12-06,0.7470099925994873,0.7496100068092346,0.7448800206184387,0.7471200227737427,0
2068,2011-12-07,0.7455999851226807,0.7488600015640259,0.7433500289916992,0.7455999851226807,0
2069,2011-12-08,0.7460600137710571,0.751259982585907,0.7431100010871887,0.746209979057312,0
2070,2011-12-09,0.7493199706077576,0.7526699900627136,0.7445999979972839,0.7493199706077576,0
2071,2011-12-12,0.7478500008583069,0.7569400072097778,0.7475000023841858,0.7478899955749512,0
2072,2011-12-13,0.7592399716377258,0.7633600234985352,0.7557600140571594,0.7595499753952026,0
2073,2011-12-14,0.7681000232696533,0.7719600200653076,0.765749990940094,0.767579972743988,0
2074,2011-12-15,0.7699400186538696,0.7714300155639648,0.7663400173187256,0.7699800133705139,0
2075,2011-12-16,0.7674800157546997,0.7688199877738953,0.7642899751663208,0.7674599885940552,0
2076,2011-12-19,0.76705002784729,0.7701200246810913,0.7668099999427795,0.7671099901199341,0
2077,2011-12-20,0.7687699794769287,0.7694100141525269,0.7615000009536743,0.7687600255012512,0
2078,2011-12-21,0.7640600204467773,0.767549991607666,0.7579100131988525,0.7640600204467773,0
2079,2011-12-22,0.7668700218200684,0.7678400278091431,0.7622500061988831,0.7669900059700012,0
2080,2011-12-23,0.7659299969673157,0.7672799825668335,0.7637100219726562,0.7658699750900269,0
2081,2011-12-26,0.7665799856185913,0.7666400074958801,0.7642899751663208,0.7666400074958801,0
2082,2011-12-27,0.7662500143051147,0.7665799856185913,0.7641800045967102,0.7662799954414368,0
2083,2011-12-28,0.764989972114563,0.7723600268363953,0.764549970626831,0.7650499939918518,0
2084,2011-12-29,0.7735599875450134,0.7775300145149231,0.7725600004196167,0.7736499905586243,0
2085,2011-12-30,0.77183997631073,0.7748299837112427,0.7694699764251709,0.7720699906349182,0
2086,2012-01-02,0.7716000080108643,0.7738400101661682,0.771369993686676,0.7716000080108643,0
2087,2012-01-03,0.7727400064468384,0.7730200290679932,0.7653499841690063,0.7730200290679932,0
2088,2012-01-04,0.7659299969673157,0.7750700116157532,0.7648800015449524,0.7660499811172485,0
2089,2012-01-05,0.7733100056648254,0.7821499705314636,0.7726200222969055,0.7733399868011475,0
2090,2012-01-06,0.7814900279045105,0.7871500253677368,0.780460000038147,0.7816799879074097,0
2091,2012-01-09,0.7886199951171875,0.788670003414154,0.7821699976921082,0.788670003414154,0
2092,2012-01-10,0.7827200293540955,0.7845900058746338,0.780210018157959,0.7827200293540955,0
2093,2012-01-11,0.7842000126838684,0.7890200018882751,0.7819600105285645,0.7840499877929688,0
2094,2012-01-12,0.7859200239181519,0.787339985370636,0.77947998046875,0.7859200239181519,0
2095,2012-01-13,0.7799999713897705,0.7904000282287598,0.7767000198364258,0.779699981212616,0
2096,2012-01-16,0.7907000184059143,0.7918499708175659,0.7884600162506104,0.7906100153923035,0
2097,2012-01-17,0.7894499897956848,0.7894700169563293,0.781029999256134,0.7894300222396851,0
2098,2012-01-18,0.7845600247383118,0.785099983215332,0.7785699963569641,0.7844200134277344,0
2099,2012-01-19,0.777239978313446,0.7785099744796753,0.773930013179779,0.7774199843406677,0
2100,2012-01-20,0.7713099718093872,0.7759299874305725,0.7701500058174133,0.7715100049972534,0
2101,2012-01-23,0.7761099934577942,0.776170015335083,0.766569972038269,0.7757700085639954,0
2102,2012-01-24,0.7676399946212769,0.7717099785804749,0.7659100294113159,0.7677500247955322,0
2103,2012-01-25,0.7668099999427795,0.773169994354248,0.7662799954414368,0.7671099901199341,0
2104,2012-01-26,0.7629299759864807,0.7636600136756897,0.7587299942970276,0.7629299759864807,0
2105,2012-01-27,0.7637799978256226,1.3148000240325928,0.759880006313324,0.7639899849891663,0
2106,2012-01-30,0.7571200132369995,0.7642999887466431,0.7570899724960327,0.7572000026702881,0
2107,2012-01-31,0.7610599994659424,0.7641199827194214,0.7567999958992004,0.7610999941825867,0
2108,2012-02-01,0.7646999955177307,0.7664600014686584,0.7567999958992004,0.7610999941825867,0
2109,2012-02-02,0.7592999935150146,0.7637699842453003,0.7577999830245972,0.7591999769210815,0
2110,2012-02-03,0.7612000107765198,0.7646099925041199,0.7583000063896179,0.7613000273704529,0
2111,2012-02-06,0.7617800235748291,0.7671999931335449,0.7616999745368958,0.761900007724762,0
2112,2012-02-07,0.7620999813079834,0.7637100219726562,0.7551000118255615,0.7623000144958496,0
2113,2012-02-08,0.754800021648407,0.7554000020027161,0.7526000142097473,0.754800021648407,0
2114,2012-02-09,0.754800021648407,0.7558000087738037,0.750806987285614,0.7547000050544739,0
2115,2012-02-10,0.7530999779701233,0.7595999836921692,0.7524999976158142,0.7530999779701233,0
2116,2012-02-13,0.7554699778556824,0.7569400072097778,0.7529000043869019,0.7559000253677368,0
2117,2012-02-14,0.7599999904632568,0.7615000009536743,0.7567999958992004,0.760200023651123,0
2118,2012-02-15,0.7613999843597412,0.7654039859771729,0.7581999897956848,0.7616299986839294,0
2119,2012-02-16,0.7658100128173828,0.7704200148582458,0.7657999992370605,0.7657999992370605,0
2120,2012-02-17,0.7617999911308289,0.7623800039291382,0.7576329708099365,0.7616000175476074,0
2121,2012-02-20,0.7560200095176697,0.7584999799728394,0.7531999945640564,0.7561699748039246,0
2122,2012-02-21,0.7573000192642212,0.7581999897956848,0.7523300051689148,0.7573000192642212,0
2123,2012-02-22,0.7551000118255615,0.7567999958992004,0.753931999206543,0.754800021648407,0
2124,2012-02-23,0.7543900012969971,0.7555999755859375,0.749625027179718,0.7542999982833862,0
2125,2012-02-24,0.7477399706840515,0.7485700249671936,0.7419999837875366,0.7476999759674072,0
2126,2012-02-27,0.7425500154495239,0.7479320168495178,0.7423999905586243,0.7423999905586243,0
2127,2012-02-28,0.7458999752998352,0.7465000152587891,0.7427800297737122,0.7457000017166138,0
2128,2012-02-29,0.7419499754905701,0.7487800121307373,0.7415000200271606,0.7419000267982483,0
2129,2012-03-01,0.7506999969482422,0.7526999711990356,0.7486699819564819,0.7504000067710876,0
2130,2012-03-02,0.7505999803543091,0.7580500245094299,0.7501000165939331,0.7508100271224976,0
2131,2012-03-05,0.7583699822425842,0.7597460150718689,0.7554000020027161,0.758400022983551,0
2132,2012-03-06,0.7560999989509583,0.7625100016593933,0.7559999823570251,0.7562599778175354,0
2133,2012-03-07,0.7620000243186951,0.7633699774742126,0.7598000168800354,0.7621899843215942,0
2134,2012-03-08,0.7610399723052979,0.761210024356842,0.7534499764442444,0.7609999775886536,0
2135,2012-03-09,0.7533000111579895,0.7629160284996033,0.7534000277519226,0.7534499764442444,0
2136,2012-03-12,0.761900007724762,0.7644000053405762,0.760653018951416,0.7620999813079834,0
2137,2012-03-13,0.7594000101089478,0.7660899758338928,0.7581999897956848,0.7591999769210815,0
2138,2012-03-14,0.7645000219345093,0.7682899832725525,0.7639999985694885,0.7645000219345093,0
2139,2012-03-15,0.7678999900817871,0.7689399719238281,0.7643569707870483,0.7679100036621094,0
2140,2012-03-16,0.7645999789237976,0.7662500143051147,0.7584800124168396,0.7645999789237976,0
2141,2012-03-19,0.7588899731636047,0.7608000040054321,0.7538750171661377,0.758899986743927,0
2142,2012-03-20,0.7559000253677368,0.7590000033378601,0.7547510266304016,0.7559000253677368,0
2143,2012-03-21,0.7554200291633606,0.7585700154304504,0.7526999711990356,0.755299985408783,0
2144,2012-03-22,0.7565000057220459,0.760977029800415,0.7544000148773193,0.7565400004386902,0
2145,2012-03-23,0.7573000192642212,0.7580100297927856,0.752689003944397,0.7573000192642212,0
2146,2012-03-26,0.752839982509613,0.7576000094413757,0.7497940063476562,0.7527999877929688,0
2147,2012-03-27,0.7484999895095825,0.7506499886512756,0.7471939921379089,0.7484999895095825,0
2148,2012-03-28,0.7502599954605103,0.753000020980835,0.7477999925613403,0.7502999901771545,0
2149,2012-03-29,0.7504000067710876,0.7542999982833862,0.7494230270385742,0.7504000067710876,0
2150,2012-03-30,0.7511000037193298,0.7511799931526184,0.7479990124702454,0.7511000037193298,0
2151,2012-04-02,0.7486000061035156,0.7529839873313904,0.747439980506897,0.7486000061035156,0
2152,2012-04-03,0.75,0.7516999840736389,0.7481170296669006,0.7501000165939331,0
2153,2012-04-04,0.7561299800872803,0.7628750205039978,0.7555999755859375,0.7562100291252136,0
2154,2012-04-05,0.7608000040054321,0.7670300006866455,0.7595319747924805,0.7608000040054321,0
2155,2012-04-06,0.7653999924659729,0.765999972820282,0.7626000046730042,0.7654600143432617,0
2156,2012-04-09,0.7645800113677979,0.7669900059700012,0.7642300128936768,0.7642300128936768,0
2157,2012-04-10,0.7627000212669373,0.7659140229225159,0.7608000040054321,0.7627000212669373,0
2158,2012-04-11,0.7649000287055969,0.7652999758720398,0.7602499723434448,0.7648000121116638,0
2159,2012-04-12,0.7621999979019165,0.7631300091743469,0.7583230137825012,0.7622500061988831,0
2160,2012-04-13,0.7581999897956848,0.7650600075721741,0.7576000094413757,0.7581999897956848,0
2161,2012-04-16,0.7659000158309937,0.7694140076637268,0.7642199993133545,0.7659000158309937,0
2162,2012-04-17,0.7617999911308289,0.7638800144195557,0.7595999836921692,0.7617999911308289,0
2163,2012-04-18,0.7613000273704529,0.7656909823417664,0.7609000205993652,0.7613000273704529,0
2164,2012-04-19,0.7621999979019165,0.7650169730186462,0.7600520253181458,0.7621999979019165,0
2165,2012-04-20,0.760699987411499,0.7615000009536743,0.7561609745025635,0.7608000040054321,0
2166,2012-04-23,0.7573000192642212,0.7628999948501587,0.7570000290870667,0.7570599913597107,0
2167,2012-04-24,0.7603399753570557,0.7606300115585327,0.7567200064659119,0.7602999806404114,0
2168,2012-04-25,0.7577000260353088,0.7585499882698059,0.7555040121078491,0.7577999830245972,0
2169,2012-04-26,0.7556999921798706,0.7574300169944763,0.7541760206222534,0.7556999921798706,0
2170,2012-04-27,0.7580999732017517,0.759880006313324,0.7536500096321106,0.7580000162124634,0
2171,2012-04-30,0.7552000284194946,0.7570000290870667,0.7538809776306152,0.7552000284194946,0
2172,2012-05-01,0.755299985408783,0.7572320103645325,0.7529600262641907,0.7552899718284607,0
2173,2012-05-02,0.755299985408783,0.7616000175476074,0.7551900148391724,0.755299985408783,0
2174,2012-05-03,0.7605999708175659,0.7633879780769348,0.7587140202522278,0.7605000138282776,0
2175,2012-05-04,0.7601000070571899,0.7641699910163879,0.7589600086212158,0.7601000070571899,0
2176,2012-05-07,0.7709900140762329,0.7714300155639648,0.7657999992370605,0.7714300155639648,0
2177,2012-05-08,0.7656000256538391,0.7701900005340576,0.7656000256538391,0.7656000256538391,0
2178,2012-05-09,0.7695000171661377,0.774399995803833,0.7689999938011169,0.7696499824523926,0
2179,2012-05-10,0.7730000019073486,0.7736499905586243,0.7705050110816956,0.7730000019073486,0
2180,2012-05-11,0.7731000185012817,0.774649977684021,0.7719209790229797,0.7731599807739258,0
2181,2012-05-14,0.7752000093460083,0.7795299887657166,0.7749000191688538,0.7750999927520752,0
2182,2012-05-15,0.7792999744415283,0.7839140295982361,0.7770130038261414,0.7792999744415283,0
2183,2012-05-16,0.7851999998092651,0.7884600162506104,0.7838029861450195,0.7851999998092651,0
2184,2012-05-17,0.7854999899864197,0.7893000245094299,0.7843000292778015,0.7853099703788757,0
2185,2012-05-18,0.7875000238418579,0.7907900214195251,0.7849400043487549,0.7875000238418579,0
2186,2012-05-21,0.7828999757766724,0.7854999899864197,0.7804999947547913,0.7828999757766724,0
2187,2012-05-22,0.7806000113487244,0.7849000096321106,0.7803999781608582,0.7803999781608582,0
2188,2012-05-23,0.7896000146865845,0.7955399751663208,0.7883999943733215,0.7896000146865845,0
2189,2012-05-24,0.7961000204086304,0.7987729907035828,0.793034017086029,0.7961000204086304,0
2190,2012-05-25,0.7976999878883362,0.7995650172233582,0.7937800288200378,0.7975999712944031,0
2191,2012-05-28,0.7955999970436096,0.79830002784729,0.7924749851226807,0.795740008354187,0
2192,2012-05-29,0.7983999848365784,0.8016030192375183,0.7953000068664551,0.7983999848365784,0
2193,2012-05-30,0.8014000058174133,0.8069999814033508,0.8008999824523926,0.8014000058174133,0
2194,2012-05-31,0.8080999851226807,0.8102220296859741,0.8045570254325867,0.8080999851226807,0
2195,2012-06-01,0.808899998664856,0.8132060170173645,0.8034260272979736,0.8090000152587891,0
2196,2012-06-04,0.8062999844551086,0.807200014591217,0.7995520234107971,0.8064900040626526,0
2197,2012-06-05,0.7993999719619751,0.805649995803833,0.7974399924278259,0.7993000149726868,0
2198,2012-06-06,0.8023999929428101,0.8035359978675842,0.7982059717178345,0.8023999929428101,0
2199,2012-06-07,0.7953000068664551,0.7971000075340271,0.7922999858856201,0.7951899766921997,0
2200,2012-06-08,0.7954999804496765,0.803600013256073,0.7954000234603882,0.7956100106239319,0
2201,2012-06-11,0.7907999753952026,0.8007879853248596,0.7906389832496643,0.7907999753952026,0
2202,2012-06-12,0.8014000058174133,0.8031899929046631,0.7982310056686401,0.8014000058174133,0
2203,2012-06-13,0.7997000217437744,0.8015000224113464,0.7932729721069336,0.7997000217437744,0
2204,2012-06-14,0.7953000068664551,0.79721999168396,0.7925999760627747,0.7951899766921997,0
2205,2012-06-15,0.7918999791145325,0.7939720153808594,0.7906000018119812,0.7918999791145325,0
2206,2012-06-18,0.7871000170707703,0.7959570288658142,0.7858999967575073,0.7871000170707703,0
2207,2012-06-19,0.7937999963760376,0.7954000234603882,0.7874000072479248,0.7938699722290039,0
2208,2012-06-20,0.7886000275611877,0.789680004119873,0.7858999967575073,0.7886000275611877,0
2209,2012-06-21,0.7886000275611877,0.7954999804496765,0.787339985370636,0.7885000109672546,0
2210,2012-06-22,0.7967000007629395,0.7982800006866455,0.7948300242424011,0.7968000173568726,0
2211,2012-06-25,0.7975999712944031,0.8015999794006348,0.7971000075340271,0.7975000143051147,0
2212,2012-06-26,0.7997000217437744,0.8031499981880188,0.79830002784729,0.799809992313385,0
2213,2012-06-27,0.8008000254631042,0.8033000230789185,0.7994999885559082,0.8008000254631042,0
2214,2012-06-28,0.8016999959945679,0.805899977684021,0.7985000014305115,0.801800012588501,0
2215,2012-06-29,0.8037999868392944,0.804099977016449,0.7879229784011841,0.8037999868392944,0
2216,2012-07-02,0.7901899814605713,0.7954000234603882,0.7894999980926514,0.7900999784469604,0
2217,2012-07-03,0.7947999835014343,0.7958999872207642,0.7921000123023987,0.7949299812316895,0
2218,2012-07-04,0.7932999730110168,0.7993029952049255,0.7932000160217285,0.7932999730110168,0
2219,2012-07-05,0.7989599704742432,0.8086900115013123,0.7975999712944031,0.798799991607666,0
2220,2012-07-06,0.8069999814033508,0.8140699863433838,0.8063669800758362,0.8069999814033508,0
2221,2012-07-09,0.8148999810218811,0.8148999810218811,0.8119909763336182,0.8148999810218811,0
2222,2012-07-10,0.8118000030517578,0.8172000050544739,0.8108980059623718,0.8118199706077576,0
2223,2012-07-11,0.8159000277519226,0.8174409866333008,0.813273012638092,0.8159000277519226,0
2224,2012-07-12,0.816510021686554,0.8214700222015381,0.8165000081062317,0.8165000081062317,0
2225,2012-07-13,0.8201599717140198,0.8221589922904968,0.8162299990653992,0.8202999830245972,0
2226,2012-07-16,0.8163999915122986,0.8212000131607056,0.8147299885749817,0.8163999915122986,0
2227,2012-07-17,0.8151000142097473,0.8202000260353088,0.8122000098228455,0.8151000142097473,0
2228,2012-07-18,0.8133000135421753,0.8183310031890869,0.8126000165939331,0.8133000135421753,0
2229,2012-07-19,0.8144999742507935,0.8175280094146729,0.8115829825401306,0.8144999742507935,0
2230,2012-07-20,0.8145400285720825,0.8231800198554993,0.8144000172615051,0.8144999742507935,0
2231,2012-07-23,0.8245999813079834,0.8282999992370605,0.8241000175476074,0.8245000243186951,0
2232,2012-07-24,0.8248000144958496,0.8291940093040466,0.8238599896430969,0.8247900009155273,0
2233,2012-07-25,0.8290600180625916,0.8295000195503235,0.8218950033187866,0.8290600180625916,0
2234,2012-07-26,0.8237000107765198,0.824999988079071,0.8114579916000366,0.8237000107765198,0
2235,2012-07-27,0.814300000667572,0.8166000247001648,0.8079500198364258,0.814300000667572,0
2236,2012-07-30,0.8126999735832214,0.8175280094146729,0.8126000165939331,0.8127999901771545,0
2237,2012-07-31,0.8156999945640564,0.816100001335144,0.8113660216331482,0.8155999779701233,0
2238,2012-08-01,0.8133999705314636,0.8142099976539612,0.8107010126113892,0.8133999705314636,0
2239,2012-08-02,0.8169000148773193,0.8238589763641357,0.8078600168228149,0.8169000148773193,0
2240,2012-08-03,0.8209999799728394,0.8216999769210815,0.8069999814033508,0.8209999799728394,0
2241,2012-08-06,0.8046000003814697,0.8101000189781189,0.8046000003814697,0.8046000003814697,0
2242,2012-08-07,0.8070999979972839,0.8079239726066589,0.8037999868392944,0.8070999979972839,0
2243,2012-08-08,0.8072999715805054,0.8109599947929382,0.8064000010490417,0.8072999715805054,0
2244,2012-08-09,0.8081899881362915,0.8149999976158142,0.8072999715805054,0.8082500100135803,0
2245,2012-08-10,0.8133999705314636,0.8165000081062317,0.8119519948959351,0.8133999705314636,0
2246,2012-08-13,0.814520001411438,0.8154000043869019,0.8083000183105469,0.8145999908447266,0
2247,2012-08-14,0.8112000226974487,0.8118199706077576,0.8073999881744385,0.8112000226974487,0
2248,2012-08-15,0.8112999796867371,0.8151490092277527,0.8101000189781189,0.8112999796867371,0
2249,2012-08-16,0.8137000203132629,0.8157410025596619,0.8083419799804688,0.8137000203132629,0
2250,2012-08-17,0.8091999888420105,0.8134509921073914,0.8075330257415771,0.8091999888420105,0
2251,2012-08-20,0.8108599781990051,0.8132060170173645,0.8085100054740906,0.8108000159263611,0
2252,2012-08-21,0.809499979019165,0.8098499774932861,0.8008000254631042,0.8095999956130981,0
2253,2012-08-22,0.8015000224113464,0.8041819930076599,0.8010510206222534,0.8015000224113464,0
2254,2012-08-23,0.7978000044822693,0.7982400059700012,0.7943440079689026,0.7978000044822693,0
2255,2012-08-24,0.7961000204086304,0.8006920218467712,0.7957000136375427,0.7961000204086304,0
2256,2012-08-27,0.7997199892997742,0.8005399703979492,0.7976899743080139,0.7997099757194519,0
2257,2012-08-28,0.7998999953269958,0.8020300269126892,0.7954000234603882,0.7998999953269958,0
2258,2012-08-29,0.7954000234603882,0.7985879778862,0.7954000234603882,0.7954000234603882,0
2259,2012-08-30,0.7979999780654907,0.8003000020980835,0.7959250211715698,0.7979999780654907,0
2260,2012-08-31,0.7993000149726868,0.8001999855041504,0.7918279767036438,0.7993000149726868,0
2261,2012-09-03,0.7950999736785889,0.7961000204086304,0.7934619784355164,0.7950999736785889,0
2262,2012-09-04,0.7944999933242798,0.7961999773979187,0.7919999957084656,0.7944999933242798,0
2263,2012-09-05,0.7978000044822693,0.7997000217437744,0.7922999858856201,0.7975999712944031,0
2264,2012-09-06,0.7935000061988831,0.7958999872207642,0.7910000085830688,0.7935000061988831,0
2265,2012-09-07,0.7915999889373779,0.7918999791145325,0.7811300158500671,0.7915999889373779,0
2266,2012-09-10,0.781499981880188,0.7828999757766724,0.781000018119812,0.781499981880188,0
2267,2012-09-11,0.7835999727249146,0.7836800217628479,0.7770000100135803,0.7835999727249146,0
2268,2012-09-12,0.7781000137329102,0.7784500122070312,0.7730000019073486,0.7781000137329102,0
2269,2012-09-13,0.7749999761581421,0.7759699821472168,0.7732999920845032,0.7749999761581421,0
2270,2012-09-14,0.769599974155426,0.7700999975204468,0.7594109773635864,0.769599974155426,0
2271,2012-09-17,0.7623999714851379,0.7640650272369385,0.7595199942588806,0.7623999714851379,0
2272,2012-09-18,0.7627699971199036,0.7666900157928467,0.7625399827957153,0.7627999782562256,0
2273,2012-09-19,0.7664999961853027,0.7694000005722046,0.76419997215271,0.7664999961853027,0
2274,2012-09-20,0.7657999992370605,0.7738080024719238,0.7656999826431274,0.7657999992370605,0
2275,2012-09-21,0.770799994468689,0.7714999914169312,0.7665799856185913,0.770799994468689,0
2276,2012-09-24,0.7710999846458435,0.7754999995231628,0.7703999876976013,0.7710700035095215,0
2277,2012-09-25,0.7727000117301941,0.7759100198745728,0.7709800004959106,0.7727000117301941,0
2278,2012-09-26,0.775189995765686,0.7787600159645081,0.774399995803833,0.7752000093460083,0
2279,2012-09-27,0.7763000130653381,0.7790200114250183,0.7750999927520752,0.7763000130653381,0
2280,2012-09-28,0.774399995803833,0.7786890268325806,0.7717000246047974,0.774399995803833,0
2281,2012-10-01,0.7807000279426575,0.7808399796485901,0.7731000185012817,0.7808399796485901,0
2282,2012-10-02,0.7759000062942505,0.7760999798774719,0.7716529965400696,0.7759000062942505,0
2283,2012-10-03,0.7742000222206116,0.7763000130653381,0.7728999853134155,0.7742999792098999,0
2284,2012-10-04,0.7738000154495239,0.774399995803833,0.768651008605957,0.7736999988555908,0
2285,2012-10-05,0.7681999802589417,0.7694000005722046,0.7649999856948853,0.7682999968528748,0
2286,2012-10-08,0.7682999968528748,0.7727680206298828,0.7682999968528748,0.7682999968528748,0
2287,2012-10-09,0.7706000208854675,0.7771000266075134,0.7696449756622314,0.7706000208854675,0
2288,2012-10-10,0.7777000069618225,0.7788299918174744,0.7744699716567993,0.7777000069618225,0
2289,2012-10-11,0.7777000069618225,0.7793999910354614,0.7720999717712402,0.7775999903678894,0
2290,2012-10-12,0.7731999754905701,0.7736999988555908,0.7698000073432922,0.7731999754905701,0
2291,2012-10-15,0.772599995136261,0.7753000259399414,0.7703999876976013,0.7727000117301941,0
2292,2012-10-16,0.7710999846458435,0.7720000147819519,0.7655799984931946,0.7710999846458435,0
2293,2012-10-17,0.7628999948501587,0.7641000151634216,0.7611619830131531,0.7628999948501587,0
2294,2012-10-18,0.7623999714851379,0.7643740177154541,0.7616729736328125,0.7623999714851379,0
2295,2012-10-19,0.7651600241661072,0.768280029296875,0.7645840048789978,0.7651000022888184,0
2296,2012-10-22,0.7678999900817871,0.7678999900817871,0.7645000219345093,0.7678999900817871,0
2297,2012-10-23,0.7651000022888184,0.771992027759552,0.7649999856948853,0.7651000022888184,0
2298,2012-10-24,0.770799994468689,0.7737720012664795,0.7692899703979492,0.770799994468689,0
2299,2012-10-25,0.7713000178337097,0.7725499868392944,0.7679309844970703,0.7713000178337097,0
2300,2012-10-26,0.7728999853134155,0.7756900191307068,0.7717999815940857,0.7728999853134155,0
2301,2012-10-29,0.7737500071525574,0.7757999897003174,0.7729799747467041,0.7738000154495239,0
2302,2012-10-30,0.7746999859809875,0.7759299874305725,0.7702000141143799,0.7746999859809875,0
2303,2012-10-31,0.7714499831199646,0.7723600268363953,0.7681000232696533,0.7714599967002869,0
2304,2012-11-01,0.7713000178337097,0.7735000252723694,0.7702379822731018,0.7713000178337097,0
2305,2012-11-02,0.7723000049591064,0.7789499759674072,0.7719619870185852,0.7723000049591064,0
2306,2012-11-05,0.7795500159263611,0.7830899953842163,0.7786340117454529,0.779699981212616,0
2307,2012-11-06,0.7810999751091003,0.7832080125808716,0.7800920009613037,0.7810999751091003,0
2308,2012-11-07,0.7807599902153015,0.7850099802017212,0.7766270041465759,0.7807000279426575,0
2309,2012-11-08,0.7836999893188477,0.7859159708023071,0.7827180027961731,0.7839699983596802,0
2310,2012-11-09,0.784600019454956,0.7878109812736511,0.7818999886512756,0.7846999764442444,0
2311,2012-11-12,0.7859200239181519,0.787310004234314,0.7849000096321106,0.7858999967575073,0
2312,2012-11-13,0.7868000268936157,0.7894799709320068,0.7860400080680847,0.7868000268936157,0
2313,2012-11-14,0.7868000268936157,0.7870000004768372,0.7838220000267029,0.7867000102996826,0
2314,2012-11-15,0.7853999733924866,0.7861599922180176,0.7810999751091003,0.7855799794197083,0
2315,2012-11-16,0.7821999788284302,0.7877900004386902,0.7821999788284302,0.7822999954223633,0
2316,2012-11-19,0.7837299704551697,0.7844700217247009,0.7801219820976257,0.7836999893188477,0
2317,2012-11-20,0.7831199765205383,0.7832800149917603,0.7797899842262268,0.7832800149917603,0
2318,2012-11-21,0.7803699970245361,0.7847750186920166,0.779429018497467,0.7803999781608582,0
2319,2012-11-22,0.7773000001907349,0.7789899706840515,0.7752540111541748,0.7773000001907349,0
2320,2012-11-23,0.7766900062561035,0.7770500183105469,0.7710989713668823,0.7767000198364258,0
2321,2012-11-26,0.7712500095367432,0.7724000215530396,0.7703999876976013,0.7708200216293335,0
2322,2012-11-27,0.7699999809265137,0.773930013179779,0.7688999772071838,0.7698000073432922,0
2323,2012-11-28,0.7728999853134155,0.7762410044670105,0.7728000283241272,0.7728999853134155,0
2324,2012-11-29,0.7720000147819519,0.7728000283241272,0.7685800194740295,0.7720000147819519,0
2325,2012-11-30,0.770799994468689,0.7710000276565552,0.7675420045852661,0.770799994468689,0
2326,2012-12-03,0.7694200277328491,0.7695199847221375,0.7647600173950195,0.7694000005722046,0
2327,2012-12-05,0.7634000182151794,0.7654899954795837,0.761900007724762,0.7634000182151794,0
2328,2012-12-06,0.7651000022888184,0.7704499959945679,0.7642459869384766,0.7651000022888184,0
2329,2012-12-07,0.771399974822998,0.7762529850006104,0.7707700133323669,0.771399974822998,0
2330,2012-12-10,0.7748299837112427,0.7759000062942505,0.7726399898529053,0.7748000025749207,0
2331,2012-12-11,0.7728999853134155,0.7734000086784363,0.7687579989433289,0.7728999853134155,0
2332,2012-12-12,0.7684500217437744,0.7694100141525269,0.7661659717559814,0.7684999704360962,0
2333,2012-12-13,0.7652999758720398,0.7665650248527527,0.7633010149002075,0.7652999758720398,0
2334,2012-12-14,0.7645999789237976,0.7652000188827515,0.7621949911117554,0.7645999789237976,0
2335,2012-12-17,0.7595400214195251,0.7605999708175659,0.7587429881095886,0.7595000267028809,0
2336,2012-12-18,0.7595999836921692,0.7600299715995789,0.7567790150642395,0.7595999836921692,0
2337,2012-12-19,0.7558000087738037,0.7561299800872803,0.7514899969100952,0.7558000087738037,0
2338,2012-12-20,0.7566999793052673,0.7572299838066101,0.7522000074386597,0.7567999958992004,0
2339,2012-12-21,0.7554200291633606,0.7593590021133423,0.7554000020027161,0.7554000020027161,0
2340,2012-12-24,0.7586100101470947,0.7591800093650818,0.7555999755859375,0.7585999965667725,0
2341,2012-12-25,0.7587000131607056,0.7590699791908264,0.7573999762535095,0.7584999799728394,0
2342,2012-12-26,0.7587000131607056,0.7590000033378601,0.7545999884605408,0.7585999965667725,0
2343,2012-12-27,0.7560999989509583,0.7567200064659119,0.7526999711990356,0.7559999823570251,0
2344,2012-12-28,0.7547000050544739,0.7595099806785583,0.7542999982833862,0.754800021648407,0
2345,2012-12-31,0.7559900283813477,0.758899986743927,0.7555999755859375,0.7559999823570251,0
2346,2013-01-01,0.7574999928474426,0.7578099966049194,0.7562000155448914,0.7574999928474426,0
2347,2013-01-02,0.7577000260353088,0.7578999996185303,0.751990020275116,0.7577000260353088,0
2348,2013-01-03,0.7585999965667725,0.7639999985694885,0.7581999897956848,0.7584999799728394,0
2349,2013-01-04,0.767300009727478,0.7692000269889832,0.7654740214347839,0.7674000263214111,0
2350,2013-01-07,0.7652599811553955,0.7680140137672424,0.7634000182151794,0.7652000188827515,0
2351,2013-01-08,0.761900007724762,0.765250027179718,0.761139988899231,0.7620000243186951,0
2352,2013-01-09,0.7643899917602539,0.7669299840927124,0.7636500000953674,0.7642999887466431,0
2353,2013-01-10,0.765999972820282,0.7668099999427795,0.756659984588623,0.7660700082778931,0
2354,2013-01-11,0.7534000277519226,0.7545999884605408,0.7483850121498108,0.7534000277519226,0
2355,2013-01-14,0.7483900189399719,0.7497149705886841,0.7461000084877014,0.7484999895095825,0
2356,2013-01-15,0.7475000023841858,0.7512699961662292,0.7465999722480774,0.7475000023841858,0
2357,2013-01-16,0.7513999938964844,0.7541000247001648,0.7503560185432434,0.7512999773025513,0
2358,2013-01-17,0.7523999810218811,0.7535200119018555,0.7476000189781189,0.7523999810218811,0
2359,2013-01-18,0.7477999925613403,0.7520300149917603,0.746399998664856,0.7477999925613403,0
2360,2013-01-21,0.7507500052452087,0.7518060207366943,0.7501000165939331,0.7508000135421753,0
2361,2013-01-22,0.751230001449585,0.7534769773483276,0.7477750182151794,0.7512999773025513,0
2362,2013-01-23,0.7510899901390076,0.7533519864082336,0.748615026473999,0.7509999871253967,0
2363,2013-01-24,0.7513999938964844,0.7525190114974976,0.7475000023841858,0.7513999938964844,0
2364,2013-01-25,0.747979998588562,0.7488800287246704,0.7418889999389648,0.7480000257492065,0
2365,2013-01-28,0.742609977722168,0.7447350025177002,0.7420870065689087,0.7426000237464905,0
2366,2013-01-29,0.7437000274658203,0.7452999949455261,0.7411900162696838,0.7436000108718872,0
2367,2013-01-30,0.7411999702453613,0.7416399717330933,0.7365400195121765,0.7411999702453613,0
2368,2013-01-31,0.7370100021362305,0.7383340001106262,0.7358350157737732,0.7369999885559082,0
2369,2013-02-01,0.7347000241279602,0.7358949780464172,0.7303000092506409,0.7347000241279602,0
2370,2013-02-04,0.7326700091362,0.738099992275238,0.732699990272522,0.7327499985694885,0
2371,2013-02-05,0.7401000261306763,0.7426999807357788,0.7369700074195862,0.740149974822998,0
2372,2013-02-06,0.736299991607666,0.7406100034713745,0.7354999780654907,0.7361999750137329,0
2373,2013-02-07,0.7394300103187561,0.7477359771728516,0.7366160154342651,0.7394999861717224,0
2374,2013-02-08,0.7468600273132324,0.748199999332428,0.7447130084037781,0.7470800280570984,0
2375,2013-02-11,0.7480400204658508,0.7484999895095825,0.7456510066986084,0.7480999827384949,0
2376,2013-02-12,0.7460700273513794,0.7480400204658508,0.7422000169754028,0.7461000084877014,0
2377,2013-02-13,0.7433800101280212,0.7445350289344788,0.739749014377594,0.743399977684021,0
2378,2013-02-14,0.7437999844551086,0.7507339715957642,0.7432000041007996,0.7437999844551086,0
2379,2013-02-15,0.7488999962806702,0.7513499855995178,0.7468259930610657,0.7488999962806702,0
2380,2013-02-18,0.7494000196456909,0.7504410147666931,0.7476999759674072,0.7494999766349792,0
2381,2013-02-19,0.7492200136184692,0.7501000165939331,0.7478309869766235,0.7491000294685364,0
2382,2013-02-20,0.7465000152587891,0.7482200264930725,0.744379997253418,0.7465000152587891,0
2383,2013-02-21,0.7534000277519226,0.7592030167579651,0.7524999976158142,0.7534000277519226,0
2384,2013-02-22,0.7578999996185303,0.7605140209197998,0.7550989985466003,0.7578999996185303,0
2385,2013-02-25,0.7578099966049194,0.7585600018501282,0.7512000203132629,0.7578999996185303,0
2386,2013-02-26,0.7653999924659729,0.7680490016937256,0.7624300122261047,0.7653999924659729,0
2387,2013-02-27,0.7653499841690063,0.766700029373169,0.7618399858474731,0.7651500105857849,0
2388,2013-02-28,0.7603999972343445,0.7656999826431274,0.7598779797554016,0.7603999972343445,0
2389,2013-03-01,0.7656999826431274,0.7709800004959106,0.763359010219574,0.7656000256538391,0
2390,2013-03-04,0.7682300209999084,0.7702000141143799,0.7674999833106995,0.7681999802589417,0
2391,2013-03-05,0.7670999765396118,0.7684000134468079,0.7649000287055969,0.7671099901199341,0
2392,2013-03-06,0.7663699984550476,0.7698230147361755,0.7650880217552185,0.7663999795913696,0
2393,2013-03-07,0.7705000042915344,0.770609974861145,0.7625899910926819,0.7705000042915344,0
2394,2013-03-08,0.7627000212669373,0.7716050148010254,0.7613649964332581,0.7627000212669373,0
2395,2013-03-11,0.7699400186538696,0.7700999975204468,0.767799973487854,0.7699000239372253,0
2396,2013-03-12,0.767300009727478,0.7695980072021484,0.7649350166320801,0.7673199772834778,0
2397,2013-03-13,0.7674999833106995,0.7736899852752686,0.7653999924659729,0.7674999833106995,0
2398,2013-03-14,0.7717000246047974,0.7744250297546387,0.7704100012779236,0.7717000246047974,0
2399,2013-03-15,0.7684999704360962,0.7689999938011169,0.7631199955940247,0.7684999704360962,0
2400,2013-03-18,0.775629997253418,0.7762500047683716,0.770796000957489,0.7753000259399414,0
2401,2013-03-19,0.7724999785423279,0.7757999897003174,0.7713000178337097,0.7724999785423279,0
2402,2013-03-20,0.7773699760437012,0.7773000001907349,0.7708730101585388,0.7773000001907349,0
2403,2013-03-21,0.7727000117301941,0.776095986366272,0.7717999815940857,0.7728000283241272,0
2404,2013-03-22,0.7749000191688538,0.7757999897003174,0.7689999938011169,0.7749000191688538,0
2405,2013-03-25,0.7678099870681763,0.7771599888801575,0.7663999795913696,0.767799973487854,0
2406,2013-03-26,0.7777000069618225,0.7791439890861511,0.7759760022163391,0.7775999903678894,0
2407,2013-03-27,0.7775999903678894,0.7839260101318359,0.7771000266075134,0.7775800228118896,0
2408,2013-03-28,0.7825999855995178,0.7838000059127808,0.7785000205039978,0.782800018787384,0
2409,2013-03-29,0.7802799940109253,0.7815600037574768,0.7791000008583069,0.7803999781608582,0
2410,2013-04-01,0.7809000015258789,0.7828199863433838,0.777209997177124,0.7809100151062012,0
2411,2013-04-02,0.7781999707221985,0.780377984046936,0.7764999866485596,0.7781999707221985,0
2412,2013-04-03,0.7799999713897705,0.7817000150680542,0.777400016784668,0.7799999713897705,0
2413,2013-04-04,0.7781999707221985,0.7843260169029236,0.7763490080833435,0.7781999707221985,0
2414,2013-04-05,0.7735000252723694,0.7751100063323975,0.7667999863624573,0.7735999822616577,0
2415,2013-04-08,0.7696999907493591,0.7710599899291992,0.7672240138053894,0.7696999907493591,0
2416,2013-04-09,0.7674999833106995,0.768680989742279,0.7634750008583069,0.7674999833106995,0
2417,2013-04-10,0.7645099759101868,0.7659000158309937,0.7621999979019165,0.7645000219345093,0
2418,2013-04-11,0.76596999168396,0.7664999961853027,0.7610350251197815,0.7660999894142151,0
2419,2013-04-12,0.762499988079071,0.7668480277061462,0.7617999911308289,0.762499988079071,0
2420,2013-04-15,0.7634000182151794,0.7659199833869934,0.7627999782562256,0.7635400295257568,0
2421,2013-04-16,0.7660099864006042,0.7673900127410889,0.7606099843978882,0.7661700248718262,0
2422,2013-04-17,0.7588000297546387,0.7669299840927124,0.7577419877052307,0.7588000297546387,0
2423,2013-04-18,0.7671700119972229,0.767799973487854,0.7640699744224548,0.7671999931335449,0
2424,2013-04-19,0.7660999894142151,0.7662000060081482,0.7623639702796936,0.7660999894142151,0
2425,2013-04-22,0.7659500241279602,0.7681670188903809,0.7642899751663208,0.7657999992370605,0
2426,2013-04-23,0.7656000256538391,0.7707499861717224,0.7644000053405762,0.7656999826431274,0
2427,2013-04-24,0.7695599794387817,0.7714859843254089,0.7674009799957275,0.769599974155426,0
2428,2013-04-25,0.7681999802589417,0.7696300148963928,0.7637900114059448,0.7681999802589417,0
2429,2013-04-26,0.7688000202178955,0.7696160078048706,0.7664999961853027,0.7688000202178955,0
2430,2013-04-29,0.7667199969291687,0.7671999931335449,0.762470006942749,0.766700029373169,0
2431,2013-04-30,0.7635999917984009,0.7657099962234497,0.7583799958229065,0.7635999917984009,0
2432,2013-05-01,0.7594000101089478,0.7597600221633911,0.7552000284194946,0.7593600153923035,0
2433,2013-05-02,0.7585999965667725,0.7666000127792358,0.7566009759902954,0.7585999965667725,0
2434,2013-05-03,0.7653999924659729,0.7670199871063232,0.7603999972343445,0.7653999924659729,0
2435,2013-05-06,0.7620000243186951,0.7658839821815491,0.7610999941825867,0.7620000243186951,0
2436,2013-05-07,0.7651000022888184,0.7652000188827515,0.7614399790763855,0.7648000121116638,0
2437,2013-05-08,0.7646999955177307,0.7648000121116638,0.758167028427124,0.7646999955177307,0
2438,2013-05-09,0.7598000168800354,0.7639939785003662,0.758840024471283,0.7598000168800354,0
2439,2013-05-10,0.7671999931335449,0.7729290127754211,0.7662000060081482,0.7671999931335449,0
2440,2013-05-13,0.7712900042533875,0.7725470066070557,0.7694680094718933,0.7710700035095215,0
2441,2013-05-14,0.7699400186538696,0.7723199725151062,0.7677000164985657,0.7699699997901917,0
2442,2013-05-15,0.7729700207710266,0.7785599827766418,0.7726799845695496,0.7729799747467041,0
2443,2013-05-16,0.7762500047683716,0.7783100008964539,0.7735509872436523,0.7761600017547607,0
2444,2013-05-17,0.776199996471405,0.78125,0.7757949829101562,0.776199996471405,0
2445,2013-05-20,0.7790799736976624,0.7799299955368042,0.7765780091285706,0.779420018196106,0
2446,2013-05-21,0.7757300138473511,0.7785099744796753,0.7741739749908447,0.7756800055503845,0
2447,2013-05-22,0.7740499973297119,0.7771880030632019,0.7694079875946045,0.7739800214767456,0
2448,2013-05-23,0.778689980506897,0.779757022857666,0.7720819711685181,0.7785800099372864,0
2449,2013-05-24,0.7736899852752686,0.7748299837112427,0.769819974899292,0.7737299799919128,0
2450,2013-05-27,0.7729300260543823,0.7742000222206116,0.7720819711685181,0.7729799747467041,0
2451,2013-05-28,0.7731599807739258,0.777912974357605,0.772379994392395,0.7729799747467041,0
2452,2013-05-29,0.7784299850463867,0.7788339853286743,0.7710700035095215,0.7783899903297424,0
2453,2013-05-30,0.7723299860954285,0.7730399966239929,0.765637993812561,0.7723399996757507,0
2454,2013-05-31,0.7666400074958801,0.7723919749259949,0.766319990158081,0.7666900157928467,0
2455,2013-06-03,0.7694399952888489,0.7717800140380859,0.7631490230560303,0.7695199847221375,0
2456,2013-06-04,0.7649400234222412,0.7665889859199524,0.7634639739990234,0.7649400234222412,0
2457,2013-06-05,0.7649099826812744,0.7658799886703491,0.7626540064811707,0.7649400234222412,0
2458,2013-06-06,0.7637500166893005,0.7647500038146973,0.753466010093689,0.763759970664978,0
2459,2013-06-07,0.7549700140953064,0.7578799724578857,0.7532899975776672,0.7550699710845947,0
2460,2013-06-10,0.7562000155448914,0.7586910128593445,0.7552530169487,0.7562000155448914,0
2461,2013-06-11,0.7562000155448914,0.7586910128593445,0.7509700059890747,0.7562000155448914,0
2462,2013-06-12,0.7562000155448914,0.7586910128593445,0.748520016670227,0.7562000155448914,0
2463,2013-06-13,0.7496500015258789,0.7529439926147461,0.7468820214271545,0.7496600151062012,0
2464,2013-06-14,0.7480599880218506,0.7519199848175049,0.7478899955749512,0.7480800151824951,0
2465,2013-06-17,0.7491400241851807,0.7507680058479309,0.7484470009803772,0.7490100264549255,0
2466,2013-06-18,0.7483299970626831,0.7502700090408325,0.7455700039863586,0.7483100295066833,0
2467,2013-06-19,0.7468299865722656,0.7470399737358093,0.7455229759216309,0.746940016746521,0
2468,2013-06-20,0.7523400187492371,0.7596070170402527,0.7518200278282166,0.752590000629425,0
2469,2013-06-21,0.7555400133132935,0.7626829743385315,0.7544900178909302,0.7554600238800049,0
2470,2013-06-24,0.7630500197410583,0.7655209898948669,0.762021005153656,0.7631199955940247,0
2471,2013-06-25,0.7614799737930298,0.7652400135993958,0.7604900002479553,0.7615600228309631,0
2472,2013-06-26,0.7645400166511536,0.7699949741363525,0.7640900015830994,0.7645000219345093,0
2473,2013-06-27,0.7684400081634521,0.7689759731292725,0.7662839889526367,0.7683699727058411,0
2474,2013-06-28,0.7671099901199341,0.7696700096130371,0.7633600234985352,0.7671800255775452,0
2475,2013-07-01,0.7684000134468079,0.7687399983406067,0.7653629779815674,0.7684100270271301,0
2476,2013-07-02,0.765250027179718,0.7695299983024597,0.7646369934082031,0.7651600241661072,0
2477,2013-07-03,0.7704799771308899,0.773593008518219,0.7674540281295776,0.7705199718475342,0
2478,2013-07-04,0.768589973449707,0.7759760022163391,0.7678700089454651,0.7686899900436401,0
2479,2013-07-05,0.7747300267219543,0.7805799841880798,0.7747099995613098,0.7748299837112427,0
2480,2013-07-08,0.77947998046875,0.7804449796676636,0.7765799760818481,0.7795500159263611,0
2481,2013-07-09,0.7769399881362915,0.7835149765014648,0.77538001537323,0.7770000100135803,0
2482,2013-07-10,0.7823600172996521,0.7832599878311157,0.7776049971580505,0.7822700142860413,0
2483,2013-07-11,0.7582799792289734,0.7687050104141235,0.7589300274848938,0.7589300274848938,0
2484,2013-07-12,0.7634900212287903,0.769195020198822,0.7633000016212463,0.763480007648468,0
2485,2013-07-15,0.7656999826431274,0.7693799734115601,0.764460027217865,0.7656400203704834,0
2486,2013-07-16,0.7657700181007385,0.7660199999809265,0.7602890133857727,0.7656300067901611,0
2487,2013-07-17,0.7603899836540222,0.764087975025177,0.7591400146484375,0.7602800130844116,0
2488,2013-07-18,0.7623699903488159,0.7650099992752075,0.7618899941444397,0.7624099850654602,0
2489,2013-07-19,0.7627400159835815,0.7639099955558777,0.760496973991394,0.7627800107002258,0
2490,2013-07-22,0.759880006313324,0.7607460021972656,0.7564979791641235,0.7601100206375122,0
2491,2013-07-23,0.7581300139427185,0.7595999836921692,0.7560300230979919,0.7581300139427185,0
2492,2013-07-24,0.7562400102615356,0.7580699920654297,0.7544320225715637,0.7562800049781799,0
2493,2013-07-25,0.7580999732017517,0.7593939900398254,0.7553439736366272,0.7581200003623962,0
2494,2013-07-26,0.7533400058746338,0.7544999718666077,0.7519930005073547,0.7532399892807007,0
2495,2013-07-29,0.752590000629425,0.7551959753036499,0.7520490288734436,0.7526400089263916,0
2496,2013-07-30,0.7539399862289429,0.7554069757461548,0.7518680095672607,0.7539200186729431,0
2497,2013-07-31,0.7538700103759766,0.7565439939498901,0.7519360184669495,0.7537800073623657,0
2498,2013-08-01,0.751800000667572,0.7576619982719421,0.751259982585907,0.7518200278282166,0
2499,2013-08-02,0.7568899989128113,0.7580500245094299,0.752219021320343,0.756850004196167,0
2500,2013-08-05,0.7530699968338013,0.7554349899291992,0.7517669796943665,0.753059983253479,0
2501,2013-08-06,0.754289984703064,0.7548649907112122,0.750586986541748,0.7541999816894531,0
2502,2013-08-07,0.7514200210571289,0.7537400126457214,0.7500190138816833,0.7515299916267395,0
2503,2013-08-08,0.7495700120925903,0.750190019607544,0.7464359998703003,0.7497199773788452,0
2504,2013-08-09,0.7473800182342529,0.7499120235443115,0.7467139959335327,0.747439980506897,0
2505,2013-08-12,0.7496600151062012,0.7530800104141235,0.7495599985122681,0.7496600151062012,0
2506,2013-08-13,0.7522799968719482,0.7556120157241821,0.7509710192680359,0.7522199749946594,0
2507,2013-08-14,0.7538300156593323,0.7553160190582275,0.7530120015144348,0.7537500262260437,0
2508,2013-08-15,0.7539100050926208,0.7570539712905884,0.751479983329773,0.7538099884986877,0
2509,2013-08-16,0.7488399744033813,0.7507849931716919,0.7473840117454529,0.7490100264549255,0
2510,2013-08-19,0.7502400279045105,0.7509300112724304,0.7477200031280518,0.750190019607544,0
2511,2013-08-20,0.749970018863678,0.7505099773406982,0.7434830069541931,0.7498499751091003,0
2512,2013-08-21,0.7451000213623047,0.7485809922218323,0.7447699904441833,0.7451000213623047,0
2513,2013-08-22,0.749459981918335,0.7517799735069275,0.7481200098991394,0.7494800090789795,0
2514,2013-08-23,0.7487800121307373,0.7498199939727783,0.7457119822502136,0.7487099766731262,0
2515,2013-08-26,0.7470200061798096,0.7485650181770325,0.7467089891433716,0.7469000220298767,0
2516,2013-08-27,0.7474300265312195,0.7503730058670044,0.7462700009346008,0.7475000023841858,0
2517,2013-08-28,0.7467100024223328,0.7514110207557678,0.746399998664856,0.7467100024223328,0
2518,2013-08-29,0.7499099969863892,0.7563599944114685,0.7495700120925903,0.7498599886894226,0
2519,2013-08-30,0.7555000185966492,0.7587710022926331,0.7545199990272522,0.7554500102996826,0
2520,2013-09-02,0.757099986076355,0.7583600282669067,0.7559149861335754,0.7571200132369995,0
2521,2013-09-03,0.7581499814987183,0.7608609795570374,0.7577499747276306,0.7581300139427185,0
2522,2013-09-04,0.7590699791908264,0.7598260045051575,0.7565379738807678,0.7591300010681152,0
2523,2013-09-05,0.7575399875640869,0.762660026550293,0.756380021572113,0.7575200200080872,0
2524,2013-09-06,0.7622900009155273,0.7629979848861694,0.7583199739456177,0.7622399926185608,0
2525,2013-09-09,0.7590600252151489,0.759440004825592,0.7539770007133484,0.7591800093650818,0
2526,2013-09-10,0.7542600035667419,0.7557439804077148,0.753125011920929,0.7543799877166748,0
2527,2013-09-11,0.753790020942688,0.7548990249633789,0.7510780096054077,0.7536600232124329,0
2528,2013-09-12,0.7509999871253967,0.753607988357544,0.7505300045013428,0.7510300278663635,0
2529,2013-09-13,0.7519400119781494,0.7543179988861084,0.7507789731025696,0.7518799901008606,0
2530,2013-09-16,0.7485399842262268,0.749530017375946,0.7470489740371704,0.7486299872398376,0
2531,2013-09-17,0.7497400045394897,0.7503600120544434,0.7479429841041565,0.7499200105667114,0
2532,2013-09-18,0.7486199736595154,0.7496309876441956,0.7481110095977783,0.7486500144004822,0
2533,2013-09-19,0.7394800186157227,0.7398599982261658,0.7369199991226196,0.7394599914550781,0
2534,2013-09-20,0.7388700246810913,0.7407400012016296,0.7380070090293884,0.7388299703598022,0
2535,2013-09-23,0.7388499975204468,0.7417190074920654,0.738224983215332,0.7388899922370911,0
2536,2013-09-24,0.7408000230789185,0.742609977722168,0.7397540211677551,0.7408699989318848,0
2537,2013-09-25,0.7422900199890137,0.7427700161933899,0.7388250231742859,0.742169976234436,0
2538,2013-09-26,0.7398099899291992,0.7418559789657593,0.7390980124473572,0.7399200201034546,0
2539,2013-09-27,0.7415000200271606,0.7420899868011475,0.7371370196342468,0.7414000034332275,0
2540,2013-09-30,0.7409899830818176,0.741811990737915,0.7376919984817505,0.7409600019454956,0
2541,2013-10-01,0.739359974861145,0.7397159934043884,0.7359430193901062,0.7393699884414673,0
2542,2013-10-02,0.7394599914550781,0.7402200102806091,0.7350019812583923,0.7394300103187561,0
2543,2013-10-03,0.7357800006866455,0.7363200187683105,0.7328150272369385,0.7357900142669678,0
2544,2013-10-04,0.7339900135993958,0.7363200187683105,0.7335100173950195,0.7340199947357178,0
2545,2013-10-07,0.7369199991226196,0.7382529973983765,0.7357270121574402,0.7369400262832642,0
2546,2013-10-09,0.7354000210762024,0.7406529784202576,0.735260009765625,0.735260009765625,0
2547,2013-10-10,0.7396299839019775,0.7413169741630554,0.738306999206543,0.7396799921989441,0
2548,2013-10-11,0.7392799854278564,0.7396000027656555,0.7362139821052551,0.7392600178718567,0
2549,2013-10-14,0.7376400232315063,0.7381709814071655,0.73540198802948,0.7376700043678284,0
2550,2013-10-15,0.7375400066375732,0.7417240142822266,0.7366480231285095,0.7376000285148621,0
2551,2013-10-16,0.739549994468689,0.7420819997787476,0.7369740009307861,0.7396000027656555,0
2552,2013-10-17,0.7395099997520447,0.7397900223731995,0.7308869957923889,0.7395099997520447,0
2553,2013-10-18,0.731689989566803,0.7320399880409241,0.7297139763832092,0.7315300107002258,0
2554,2013-10-21,0.7308899760246277,0.7324240207672119,0.7306200265884399,0.730929970741272,0
2555,2013-10-22,0.7312099933624268,0.7318500280380249,0.7254260182380676,0.7313699722290039,0
2556,2013-10-23,0.7257699966430664,0.7276219725608826,0.7249799966812134,0.7256399989128113,0
2557,2013-10-24,0.7256399989128113,0.7262799739837646,0.7234320044517517,0.7257199883460999,0
2558,2013-10-25,0.7244300246238708,0.7259050011634827,0.723065972328186,0.7245500087738037,0
2559,2013-10-28,0.7243599891662598,0.7258419990539551,0.7236899733543396,0.7243199944496155,0
2560,2013-10-29,0.7251999974250793,0.7270079851150513,0.7239030003547668,0.7251099944114685,0
2561,2013-10-30,0.7276399731636047,0.7281200289726257,0.7258840203285217,0.7276099920272827,0
2562,2013-10-31,0.7286499738693237,0.7359099984169006,0.7278000116348267,0.7286199927330017,0
2563,2013-11-01,0.7363899946212769,0.7417629957199097,0.7363700270652771,0.7363899946212769,0
2564,2013-11-04,0.7410699725151062,0.7437700033187866,0.7396399974822998,0.7410899996757507,0
2565,2013-11-05,0.7398099899291992,0.7435100078582764,0.7394300103187561,0.7398599982261658,0
2566,2013-11-06,0.7422199845314026,0.7424600124359131,0.7381709814071655,0.7422299981117249,0
2567,2013-11-07,0.7397500276565552,0.7515519857406616,0.7390440106391907,0.7397699952125549,0
2568,2013-11-08,0.7457600235939026,0.7506769895553589,0.7442529797554016,0.7457699775695801,0
2569,2013-11-11,0.749180018901825,0.7493199706077576,0.7455620169639587,0.7493199706077576,0
2570,2013-11-12,0.7457500100135803,0.7482849955558777,0.7432199716567993,0.7457799911499023,0
2571,2013-11-13,0.7440500259399414,0.7466809749603271,0.7432699799537659,0.7441400289535522,0
2572,2013-11-14,0.7413100004196167,0.745045006275177,0.7410100102424622,0.741599977016449,0
2573,2013-11-15,0.7435500025749207,0.7443410158157349,0.740559995174408,0.743619978427887,0
2574,2013-11-18,0.7416200041770935,0.7420799732208252,0.7384399771690369,0.7416599988937378,0
2575,2013-11-19,0.7404999732971191,0.7412700057029724,0.7384600043296814,0.7405999898910522,0
2576,2013-11-20,0.737060010433197,0.7429810166358948,0.7371900081634521,0.7372999787330627,0
2577,2013-11-21,0.7443900108337402,0.7462689876556396,0.7421209812164307,0.7444000244140625,0
2578,2013-11-22,0.7422900199890137,0.7427499890327454,0.7386450171470642,0.7422699928283691,0
2579,2013-11-25,0.7378799915313721,0.7412499785423279,0.7377099990844727,0.7378799915313721,0
2580,2013-11-26,0.7392299771308899,0.7394539713859558,0.7370390295982361,0.7389299869537354,0
2581,2013-11-27,0.7370399832725525,0.737500011920929,0.7345920205116272,0.7369700074195862,0
2582,2013-11-28,0.7367200255393982,0.7371399998664856,0.7343760132789612,0.7366899847984314,0
2583,2013-11-29,0.7350800037384033,0.735289990901947,0.7340999841690063,0.7350999712944031,0
2584,2013-12-02,0.7361000180244446,0.7391999959945679,0.7345060110092163,0.736020028591156,0
2585,2013-12-03,0.7384399771690369,0.7393400073051453,0.7356200218200684,0.7384099960327148,0
2586,2013-12-04,0.73580002784729,0.7390819787979126,0.7353000044822693,0.7357800006866455,0
2587,2013-12-05,0.7360299825668335,0.7382630109786987,0.7317219972610474,0.7360000014305115,0
2588,2013-12-06,0.7315300107002258,0.7335519790649414,0.7301939725875854,0.7314800024032593,0
2589,2013-12-09,0.7295799851417542,0.7301880121231079,0.7282840013504028,0.7294899821281433,0
2590,2013-12-10,0.7277899980545044,0.7279999852180481,0.7249900102615356,0.7279099822044373,0
2591,2013-12-11,0.7265099883079529,0.7275689840316772,0.7247430086135864,0.7264299988746643,0
2592,2013-12-12,0.7253699898719788,0.7273629903793335,0.7243750095367432,0.725409984588623,0
2593,2013-12-13,0.7272300124168396,0.7293499708175659,0.7263000011444092,0.7272300124168396,0
2594,2013-12-16,0.727840006351471,0.7279000282287598,0.7246900200843811,0.7279000282287598,0
2595,2013-12-17,0.7265899777412415,0.7284910082817078,0.725579023361206,0.7266499996185303,0
2596,2013-12-18,0.7261499762535095,0.7280780076980591,0.7256370186805725,0.7261599898338318,0
2597,2013-12-19,0.7307299971580505,0.7325400114059448,0.7302500009536743,0.7308300137519836,0
2598,2013-12-20,0.7322900295257568,0.7339000105857849,0.7294639945030212,0.7322800159454346,0
2599,2013-12-23,0.7310799956321716,0.7312989830970764,0.7290760278701782,0.7310600280761719,0
2600,2013-12-24,0.7299299836158752,0.7322900295257568,0.7300000190734863,0.7300199866294861,0
2601,2013-12-25,0.7308899760246277,0.7318500280380249,0.7295500040054321,0.7308899760246277,0
2602,2013-12-26,0.7316100001335144,0.7316700220108032,0.729889988899231,0.7311499714851379,0
2603,2013-12-27,0.7301300168037415,0.7302500009536743,0.7202789783477783,0.7301599979400635,0
2604,2013-12-30,0.7272599935531616,0.728331983089447,0.7240300178527832,0.7271699905395508,0
2605,2013-12-31,0.7241100072860718,0.7266809940338135,0.7239800095558167,0.7242299914360046,0
2606,2014-01-01,0.7275400161743164,0.727590024471283,0.7257400155067444,0.7275400161743164,0
2607,2014-01-02,0.72639000415802,0.7335299849510193,0.7259699702262878,0.7264299988746643,0
2608,2014-01-03,0.7317100167274475,0.7352020144462585,0.7313699722290039,0.7317299842834473,0
2609,2014-01-06,0.735509991645813,0.7367680072784424,0.7328100204467773,0.7355200052261353,0
2610,2014-01-07,0.7335699796676636,0.7353600263595581,0.7321720123291016,0.7336400151252747,0
2611,2014-01-08,0.7344099879264832,0.736810028553009,0.7333499789237976,0.7343800067901611,0
2612,2014-01-09,0.736810028553009,0.7377409934997559,0.7335249781608582,0.7367799878120422,0
2613,2014-01-10,0.7349100112915039,0.7364799976348877,0.7306200265884399,0.7349100112915039,0
2614,2014-01-13,0.7314299941062927,0.7331749796867371,0.7307400107383728,0.731410026550293,0
2615,2014-01-14,0.7315300107002258,0.7325850129127502,0.7300019860267639,0.7314800024032593,0
2616,2014-01-15,0.7316100001335144,0.7362359762191772,0.7313399910926819,0.7316300272941589,0
2617,2014-01-16,0.7353299856185913,0.7359399795532227,0.732712984085083,0.735230028629303,0
2618,2014-01-17,0.7343199849128723,0.7376300096511841,0.7341600060462952,0.7344499826431274,0
2619,2014-01-20,0.7392299771308899,0.7402300238609314,0.7371150255203247,0.7391899824142456,0
2620,2014-01-21,0.7380599975585938,0.7397199869155884,0.7372459769248962,0.7382599711418152,0
2621,2014-01-22,0.7375100255012512,0.7388030290603638,0.736329972743988,0.7376000285148621,0
2622,2014-01-23,0.7384300231933594,0.7389000058174133,0.7307000160217285,0.7382699847221375,0
2623,2014-01-24,0.7305099964141846,0.7318000197410583,0.7280700206756592,0.730459988117218,0
2624,2014-01-27,0.7305700182914734,0.7323110103607178,0.7291290163993835,0.7305600047111511,0
2625,2014-01-28,0.7312800288200378,0.7335789799690247,0.7304919958114624,0.7312099933624268,0
2626,2014-01-29,0.7323300242424011,0.7350509762763977,0.7306740283966064,0.7323700189590454,0
2627,2014-01-30,0.7321400046348572,0.7374299764633179,0.7319499850273132,0.7321100234985352,0
2628,2014-01-31,0.737529993057251,0.7417799830436707,0.7373329997062683,0.7375400066375732,0
2629,2014-02-03,0.7413899898529053,0.7418779730796814,0.7396669983863831,0.7413899898529053,0
2630,2014-02-04,0.7393699884414673,0.7409800291061401,0.7385500073432922,0.7394899725914001,0
2631,2014-02-05,0.739870011806488,0.7407190203666687,0.7378439903259277,0.7398300170898438,0
2632,2014-02-06,0.7388200163841248,0.7412300109863281,0.7342100143432617,0.7388299703598022,0
2633,2014-02-07,0.7357199788093567,0.7376919984817505,0.7330250144004822,0.7358499765396118,0
2634,2014-02-10,0.734250009059906,0.7342000007629395,0.732492983341217,0.7342000007629395,0
2635,2014-02-11,0.7328100204467773,0.7336059808731079,0.7307800054550171,0.7328199744224548,0
2636,2014-02-12,0.7331900000572205,0.7372999787330627,0.7323319911956787,0.7331900000572205,0
2637,2014-02-13,0.7358300089836121,0.7360000014305115,0.730368971824646,0.7358899712562561,0
2638,2014-02-14,0.7310600280761719,0.7312700152397156,0.7290760278701782,0.7311199903488159,0
2639,2014-02-17,0.7299299836158752,0.7303100228309631,0.7285400032997131,0.7297899723052979,0
2640,2014-02-18,0.7296900153160095,0.7301300168037415,0.726269006729126,0.7295500040054321,0
2641,2014-02-19,0.726639986038208,0.7276960015296936,0.7260400056838989,0.7266899943351746,0
2642,2014-02-20,0.7283099889755249,0.7304499745368958,0.7265300154685974,0.7282400131225586,0
2643,2014-02-21,0.7287999987602234,0.7297400236129761,0.7269189953804016,0.7288299798965454,0
2644,2014-02-24,0.7279099822044373,0.7293890118598938,0.726269006729126,0.7278000116348267,0
2645,2014-02-25,0.7280099987983704,0.7289320230484009,0.7264800071716309,0.7280600070953369,0
2646,2014-02-26,0.7274799942970276,0.7317540049552917,0.7268499732017517,0.7274600267410278,0
2647,2014-02-27,0.7308899760246277,0.7328699827194214,0.730139970779419,0.7308899760246277,0
2648,2014-02-28,0.7295299768447876,0.7301779985427856,0.7234110236167908,0.7295299768447876,0
2649,2014-03-03,0.725849986076355,0.7272800207138062,0.7248479723930359,0.7259299755096436,0
2650,2014-03-04,0.7279599905014038,0.7287399768829346,0.7257469892501831,0.7279899716377258,0
2651,2014-03-05,0.7277399897575378,0.7293499708175659,0.7274839878082275,0.7276399731636047,0
2652,2014-03-06,0.7281100153923035,0.7287200093269348,0.7220219969749451,0.7282000184059143,0
2653,2014-03-07,0.721340000629425,0.7218000292778015,0.7186329960823059,0.7212600111961365,0
2654,2014-03-10,0.7205299735069275,0.7213299870491028,0.7195199728012085,0.7205899953842163,0
2655,2014-03-11,0.72052001953125,0.722790002822876,0.7206169962882996,0.7206199765205383,0
2656,2014-03-12,0.7215999960899353,0.7222880125045776,0.7191449999809265,0.7216299772262573,0
2657,2014-03-13,0.7191900014877319,0.7194799780845642,0.7160549759864807,0.719219982624054,0
2658,2014-03-14,0.7212200164794922,0.7220320105552673,0.717710018157959,0.7211999893188477,0
2659,2014-03-17,0.71875,0.7203500270843506,0.7168970108032227,0.7188699841499329,0
2660,2014-03-18,0.7180500030517578,0.7203260064125061,0.7174599766731262,0.7180200219154358,0
2661,2014-03-19,0.7178300023078918,0.7193700075149536,0.7177199721336365,0.7178900241851807,0
2662,2014-03-20,0.7236300110816956,0.7271299958229065,0.7223299741744995,0.7236700057983398,0
2663,2014-03-21,0.7255799770355225,0.7263060212135315,0.7240399718284607,0.7255799770355225,0
2664,2014-03-24,0.7248700261116028,0.726639986038208,0.7234060168266296,0.7247700095176697,0
2665,2014-03-25,0.722599983215332,0.7259259819984436,0.7220739722251892,0.7226899862289429,0
2666,2014-03-26,0.7236400246620178,0.7256209850311279,0.7234299778938293,0.7235599756240845,0
2667,2014-03-27,0.7255799770355225,0.727707028388977,0.7248899936676025,0.7253199815750122,0
2668,2014-03-28,0.7277299761772156,0.7294740080833435,0.7261480093002319,0.7276999950408936,0
2669,2014-03-31,0.7271599769592285,0.7278760075569153,0.7243229746818542,0.7270100116729736,0
2670,2014-04-01,0.7259500026702881,0.726140022277832,0.7239599823951721,0.7259500026702881,0
2671,2014-04-02,0.7249100208282471,0.726997971534729,0.7235890030860901,0.7249799966812134,0
2672,2014-04-03,0.7263100147247314,0.7299479842185974,0.7246699929237366,0.7263100147247314,0
2673,2014-04-04,0.728659987449646,0.7311919927597046,0.728331983089447,0.7287999987602234,0
2674,2014-04-07,0.7297099828720093,0.7300400137901306,0.7273300290107727,0.7297099828720093,0
2675,2014-04-08,0.7276399731636047,0.7278299927711487,0.7241650223731995,0.7276399731636047,0
2676,2014-04-09,0.7249900102615356,0.7256370186805725,0.7231860160827637,0.7249900102615356,0
2677,2014-04-10,0.7217599749565125,0.7226629853248596,0.719444990158081,0.7218700051307678,0
2678,2014-04-11,0.7201300263404846,0.7212100028991699,0.7191100120544434,0.7199900150299072,0
2679,2014-04-14,0.7222200036048889,0.7241129875183105,0.7213500142097473,0.7221599817276001,0
2680,2014-04-15,0.7237399816513062,0.7250210046768188,0.7229400277137756,0.7236899733543396,0
2681,2014-04-16,0.7240099906921387,0.7243859767913818,0.7219169735908508,0.7240899801254272,0
2682,2014-04-17,0.7232199907302856,0.7233800292015076,0.7212089896202087,0.7233800292015076,0
2683,2014-04-18,0.7239999771118164,0.7241399884223938,0.7234299778938293,0.7239999771118164,0
2684,2014-04-21,0.7238399982452393,0.7252200245857239,0.723039984703064,0.7238399982452393,0
2685,2014-04-22,0.7249000072479248,0.725337028503418,0.723343014717102,0.7250199913978577,0
2686,2014-04-23,0.7241100072860718,0.7245799899101257,0.7217400074005127,0.7242500185966492,0
2687,2014-04-24,0.7236300110816956,0.7250499725341797,0.7224389910697937,0.7236899733543396,0
2688,2014-04-25,0.7229599952697754,0.7231299877166748,0.7220699787139893,0.723039984703064,0
2689,2014-04-28,0.7225099802017212,0.7237399816513062,0.7204610109329224,0.7224900126457214,0
2690,2014-04-29,0.7218700051307678,0.724249005317688,0.7205129861831665,0.7218700051307678,0
2691,2014-04-30,0.7239199876785278,0.7253419756889343,0.7206169962882996,0.7239099740982056,0
2692,2014-05-01,0.721019983291626,0.7212929725646973,0.7198899984359741,0.7210500240325928,0
2693,2014-05-02,0.7209299802780151,0.7239300012588501,0.7209290266036987,0.7209299802780151,0
2694,2014-05-05,0.7208399772644043,0.7211899757385254,0.7200459837913513,0.7208399772644043,0
2695,2014-05-06,0.7206699848175049,0.72079998254776,0.7167590260505676,0.7206199765205383,0
2696,2014-05-07,0.7178400158882141,0.7187730073928833,0.7174680233001709,0.7178800106048584,0
2697,2014-05-08,0.7188199758529663,0.7219280004501343,0.714739978313446,0.7188000082969666,0
2698,2014-05-09,0.722320020198822,0.7269870042800903,0.7222800254821777,0.7223600149154663,0
2699,2014-05-12,0.7267100214958191,0.7272599935531616,0.7258999943733215,0.7266600131988525,0
2700,2014-05-13,0.7269200086593628,0.7299320101737976,0.7260059714317322,0.7269300222396851,0
2701,2014-05-14,0.729420006275177,0.7299699783325195,0.7283430099487305,0.729449987411499,0
2702,2014-05-15,0.7288600206375122,0.7325689792633057,0.728305995464325,0.7289199829101562,0
2703,2014-05-16,0.7290499806404114,0.7306680083274841,0.7284380197525024,0.7290199995040894,0
2704,2014-05-19,0.7297499775886536,0.7298600077629089,0.7281039953231812,0.7297199964523315,0
2705,2014-05-20,0.7291899919509888,0.7309139966964722,0.7291300296783447,0.7292199730873108,0
2706,2014-05-21,0.7297099828720093,0.7323650121688843,0.7287570238113403,0.7296800017356873,0
2707,2014-05-22,0.73089998960495,0.7327190041542053,0.7306039929389954,0.7308300137519836,0
2708,2014-05-23,0.7323600053787231,0.7344200015068054,0.7323300242424011,0.7323300242424011,0
2709,2014-05-26,0.733739972114563,0.7343900203704834,0.7322790026664734,0.733780026435852,0
2710,2014-05-27,0.7325299978256226,0.7345219850540161,0.7315700054168701,0.7324399948120117,0
2711,2014-05-28,0.733299970626831,0.7357320189476013,0.7331900000572205,0.7333700060844421,0
2712,2014-05-29,0.7356500029563904,0.7358999848365784,0.7338899970054626,0.7356200218200684,0
2713,2014-05-30,0.7350500226020813,0.7353299856185913,0.7325500249862671,0.7351199984550476,0
2714,2014-06-02,0.733780026435852,0.7355809807777405,0.7332829833030701,0.7337599992752075,0
2715,2014-06-03,0.7353500127792358,0.7355859875679016,0.7328150272369385,0.7354199886322021,0
2716,2014-06-04,0.7341600060462952,0.735230028629303,0.7332720160484314,0.7341099977493286,0
2717,2014-06-05,0.735069990158081,0.7403680086135864,0.7332500219345093,0.7351099848747253,0
2718,2014-06-06,0.7319599986076355,0.7341200113296509,0.731220006942749,0.7320200204849243,0
2719,2014-06-09,0.7329800128936768,0.7361999750137329,0.73158198595047,0.7328500151634216,0
2720,2014-06-10,0.7356899976730347,0.7386670112609863,0.7351319789886475,0.7356899976730347,0
2721,2014-06-11,0.7384999990463257,0.7394800186157227,0.7375180125236511,0.73853999376297,0
2722,2014-06-12,0.7387099862098694,0.7400280237197876,0.7373499870300293,0.7387400269508362,0
2723,2014-06-13,0.7377600073814392,0.7394480109214783,0.7363229990005493,0.7379699945449829,0
2724,2014-06-16,0.7386599779129028,0.739995002746582,0.7363200187683105,0.7387199997901917,0
2725,2014-06-17,0.7365300059318542,0.7386299967765808,0.7360000014305115,0.7365400195121765,0
2726,2014-06-18,0.7381200194358826,0.7384430170059204,0.7362300157546997,0.7380200028419495,0
2727,2014-06-19,0.73580002784729,0.7360799908638,0.732869029045105,0.7357800006866455,0
2728,2014-06-20,0.7346799969673157,0.7371749877929688,0.733460009098053,0.7348499894142151,0
2729,2014-06-23,0.7356699705123901,0.736594021320343,0.7344800233840942,0.735729992389679,0
2730,2014-06-24,0.7351899743080139,0.7361699938774109,0.733676016330719,0.735260009765625,0
2731,2014-06-25,0.7349799871444702,0.7352399826049805,0.732492983341217,0.7348899841308594,0
2732,2014-06-26,0.7337300181388855,0.7365400195121765,0.7330300211906433,0.7337499856948853,0
2733,2014-06-27,0.7345899939537048,0.7347300052642822,0.7331539988517761,0.7346600294113159,0
2734,2014-06-30,0.7329000234603882,0.7330629825592041,0.7300869822502136,0.7329099774360657,0
2735,2014-07-01,0.7302700281143188,0.7311710119247437,0.7300300002098083,0.7303599715232849,0
2736,2014-07-02,0.7309499979019165,0.7328850030899048,0.7308300137519836,0.7309100031852722,0
2737,2014-07-03,0.7324399948120117,0.7353299856185913,0.7317969799041748,0.7324100136756897,0
2738,2014-07-04,0.734749972820282,0.7360410094261169,0.7345899939537048,0.7347999811172485,0
2739,2014-07-07,0.7359200119972229,0.7365229725837708,0.7349159717559814,0.7358599901199341,0
2740,2014-07-08,0.7349600195884705,0.7358499765396118,0.7343220114707947,0.7349299788475037,0
2741,2014-07-09,0.7343699932098389,0.7351400256156921,0.7330300211906433,0.7343500256538391,0
2742,2014-07-10,0.7329800128936768,0.7358300089836121,0.7325689792633057,0.73294997215271,0
2743,2014-07-11,0.7350199818611145,0.7356399893760681,0.733959972858429,0.7349799871444702,0
2744,2014-07-14,0.7350900173187256,0.7353600263595581,0.7331380248069763,0.7350999712944031,0
2745,2014-07-15,0.7341200113296509,0.7373200058937073,0.7337620258331299,0.7340999841690063,0
2746,2014-07-16,0.736810028553009,0.7392950057983398,0.736810028553009,0.736810028553009,0
2747,2014-07-17,0.7390999794006348,0.7397000193595886,0.7385420203208923,0.7391499876976013,0
2748,2014-07-18,0.7397099733352661,0.7411419749259949,0.7387499809265137,0.7397500276565552,0
2749,2014-07-21,0.7389799952507019,0.7399349808692932,0.7380509972572327,0.7389900088310242,0
2750,2014-07-22,0.7392600178718567,0.7428500056266785,0.739080011844635,0.7394899725914001,0
2751,2014-07-23,0.7425000071525574,0.7431679964065552,0.742110013961792,0.7424899935722351,0
2752,2014-07-24,0.7427800297737122,0.7439500093460083,0.7415260076522827,0.7428299784660339,0
2753,2014-07-25,0.742680013179779,0.7446569800376892,0.7420049905776978,0.7426000237464905,0
2754,2014-07-28,0.7446600198745728,0.7447500228881836,0.7437160015106201,0.7446500062942505,0
2755,2014-07-29,0.7440999746322632,0.7457180023193359,0.7438300251960754,0.7440999746322632,0
2756,2014-07-30,0.7456499934196472,0.748009979724884,0.7453200221061707,0.7456300258636475,0
2757,2014-07-31,0.7464900016784668,0.7478150129318237,0.7461569905281067,0.7465199828147888,0
2758,2014-08-01,0.7468299865722656,0.747406005859375,0.7437160015106201,0.7468299865722656,0
2759,2014-08-04,0.7446600198745728,0.7455949783325195,0.7444400191307068,0.7446600198745728,0
2760,2014-08-05,0.7450399994850159,0.748420000076294,0.7448199987411499,0.7450199723243713,0
2761,2014-08-06,0.7478100061416626,0.7499600052833557,0.7476639747619629,0.7478500008583069,0
2762,2014-08-07,0.747219979763031,0.7496600151062012,0.7466599941253662,0.7472699880599976,0
2763,2014-08-08,0.7486000061035156,0.7493399977684021,0.744596004486084,0.7484999895095825,0
2764,2014-08-11,0.7459800243377686,0.7473300099372864,0.7457699775695801,0.745989978313446,0
2765,2014-08-12,0.7471100091934204,0.7497659921646118,0.7470999956130981,0.7472299933433533,0
2766,2014-08-13,0.7481600046157837,0.749343991279602,0.7454450130462646,0.7481799721717834,0
2767,2014-08-14,0.7480599880218506,0.7490919828414917,0.7458850145339966,0.7481300234794617,0
2768,2014-08-15,0.7482799887657166,0.7485600113868713,0.7457399964332581,0.7482799887657166,0
2769,2014-08-18,0.7468000054359436,0.7487890124320984,0.7462130188941956,0.7467100024223328,0
2770,2014-08-19,0.7484400272369385,0.751043975353241,0.748449981212616,0.7484700083732605,0
2771,2014-08-20,0.7506399750709534,0.7532110214233398,0.7506399750709534,0.7506700158119202,0
2772,2014-08-21,0.7541199922561646,0.7551199793815613,0.7523890137672424,0.7541499733924866,0
2773,2014-08-22,0.7530500292778015,0.7561439871788025,0.7519360184669495,0.7530400156974792,0
2774,2014-08-25,0.7576500177383423,0.7583739757537842,0.7569850087165833,0.7576900124549866,0
2775,2014-08-26,0.7582100033760071,0.758400022983551,0.7566009759902954,0.7582899928092957,0
2776,2014-08-27,0.7592899799346924,0.7601000070571899,0.7570139765739441,0.7593399882316589,0
2777,2014-08-28,0.7580999732017517,0.7597339749336243,0.7564870119094849,0.7579600214958191,0
2778,2014-08-29,0.7584400177001953,0.7607859969139099,0.7577589750289917,0.7584400177001953,0
2779,2014-09-01,0.7617400288581848,0.762179970741272,0.7606300115585327,0.7617499828338623,0
2780,2014-09-02,0.7615000009536743,0.7626720070838928,0.7611910104751587,0.7615000009536743,0
2781,2014-09-03,0.7615000009536743,0.7619600296020508,0.7598209977149963,0.7615600228309631,0
2782,2014-09-04,0.7603999972343445,0.7737420201301575,0.7601670026779175,0.7605000138282776,0
2783,2014-09-05,0.7732300162315369,0.7735900282859802,0.7699300050735474,0.7733700275421143,0
2784,2014-09-08,0.7720000147819519,0.7732939720153809,0.7716799974441528,0.7720800042152405,0
2785,2014-09-09,0.7757300138473511,0.7775400280952454,0.7736999988555908,0.7755500078201294,0
2786,2014-09-10,0.7726799845695496,0.7752599716186523,0.7714380025863647,0.7728000283241272,0
2787,2014-09-11,0.7741699814796448,0.7752180099487305,0.7720760107040405,0.7741400003433228,0
2788,2014-09-12,0.7737799882888794,0.7744010090827942,0.7715929746627808,0.7737100124359131,0
2789,2014-09-15,0.7716000080108643,0.7744500041007996,0.7710700035095215,0.77156001329422,0
2790,2014-09-16,0.7728099822998047,0.7737420201301575,0.7705230116844177,0.772819995880127,0
2791,2014-09-17,0.7716599702835083,0.7727439999580383,0.7704160213470459,0.7716599702835083,0
2792,2014-09-18,0.7782099843025208,0.7781999707221985,0.7735810279846191,0.7781999707221985,0
2793,2014-09-19,0.7739899754524231,0.7792999744415283,0.773419976234436,0.7739099860191345,0
2794,2014-09-22,0.7787299752235413,0.7800599932670593,0.7770609855651855,0.7787700295448303,0
2795,2014-09-23,0.7781199812889099,0.7784590125083923,0.7752360105514526,0.7780299782752991,0
2796,2014-09-24,0.777970016002655,0.7827479839324951,0.7773690223693848,0.7781500220298767,0
2797,2014-09-25,0.7825899720191956,0.7870669960975647,0.7821699976921082,0.7825300097465515,0
2798,2014-09-26,0.7838799953460693,0.7885500192642212,0.7836700081825256,0.7838799953460693,0
2799,2014-09-29,0.7890700101852417,0.7895709872245789,0.7864999771118164,0.7888699769973755,0
2800,2014-09-30,0.7879700064659119,0.7952979803085327,0.7872779965400696,0.7879599928855896,0
2801,2014-10-01,0.7918699979782104,0.7945500016212463,0.7911400198936462,0.7918199896812439,0
2802,2014-10-02,0.7921299934387207,0.7926380038261414,0.7879909873008728,0.7920799851417542,0
2803,2014-10-03,0.7892299890518188,0.7998980283737183,0.7892699837684631,0.7892699837684631,0
2804,2014-10-06,0.7991300225257874,0.7990400195121765,0.7940790057182312,0.7990400195121765,0
2805,2014-10-07,0.7907599806785583,0.7946159839630127,0.7896209955215454,0.7908899784088135,0
2806,2014-10-08,0.7893900275230408,0.7921109795570374,0.7879599928855896,0.7893900275230408,0
2807,2014-10-09,0.7847399711608887,0.7887799739837646,0.7816770076751709,0.7850000262260437,0
2808,2014-10-10,0.7880799770355225,0.7929900288581848,0.7864099740982056,0.7880799770355225,0
2809,2014-10-13,0.7911499738693237,0.791450023651123,0.7874019742012024,0.7910799980163574,0
2810,2014-10-14,0.7859200239181519,0.7910889983177185,0.7854200005531311,0.7860100269317627,0
2811,2014-10-15,0.7911999821662903,0.7920100092887878,0.7787899971008301,0.790880024433136,0
2812,2014-10-16,0.7799299955368042,0.7867400050163269,0.7785500288009644,0.7799999713897705,0
2813,2014-10-17,0.7809799909591675,0.7845289707183838,0.779125988483429,0.7807899713516235,0
2814,2014-10-20,0.7843400239944458,0.785398006439209,0.7819499969482422,0.7843800187110901,0
2815,2014-10-21,0.7815399765968323,0.786342978477478,0.7788599729537964,0.7815399765968323,0
2816,2014-10-22,0.7864900231361389,0.7904450297355652,0.7849850058555603,0.7865200042724609,0
2817,2014-10-23,0.7910500168800354,0.7925800085067749,0.7889050245285034,0.7907999753952026,0
2818,2014-10-24,0.7902600169181824,0.7914000153541565,0.7877050042152405,0.7904700040817261,0
2819,2014-10-27,0.7888500094413757,0.789447009563446,0.7860400080680847,0.7888399958610535,0
2820,2014-10-28,0.787310004234314,0.7882099747657776,0.7835149765014648,0.7872499823570251,0
2821,2014-10-29,0.7850300073623657,0.7858499884605408,0.7830979824066162,0.7850499749183655,0
2822,2014-10-30,0.7915899753570557,0.7962610125541687,0.7915099859237671,0.7916200160980225,0
2823,2014-10-31,0.7928100228309631,0.8005599975585938,0.7930200099945068,0.7930200099945068,0
2824,2014-11-03,0.7997999787330627,0.8036699891090393,0.79926997423172,0.7997900247573853,0
2825,2014-11-04,0.8002600073814392,0.8004699945449829,0.7956650257110596,0.8004699945449829,0
2826,2014-11-05,0.7966499924659729,0.8025879859924316,0.7957299947738647,0.7965599894523621,0
2827,2014-11-06,0.8012800216674805,0.806315004825592,0.797855019569397,0.8014299869537354,0
2828,2014-11-07,0.8077499866485596,0.8088060021400452,0.8036649823188782,0.807640016078949,0
2829,2014-11-10,0.8024799823760986,0.8044729828834534,0.7994440197944641,0.8024500012397766,0
2830,2014-11-11,0.8045099973678589,0.8066859841346741,0.8037300109863281,0.8046900033950806,0
2831,2014-11-12,0.8015499711036682,0.804390013217926,0.800000011920929,0.8014100193977356,0
2832,2014-11-13,0.8045099973678589,0.8043799996376038,0.8006280064582825,0.8043799996376038,0
2833,2014-11-14,0.8015400171279907,0.8064799904823303,0.8004480004310608,0.8015999794006348,0
2834,2014-11-17,0.7988200187683105,0.803322970867157,0.7951700091362,0.7986299991607666,0
2835,2014-11-18,0.8032799959182739,0.8031399846076965,0.7977219820022583,0.8031399846076965,0
2836,2014-11-19,0.7978699803352356,0.7991099953651428,0.7954819798469543,0.7978299856185913,0
2837,2014-11-20,0.7973999977111816,0.7995650172233582,0.7952100038528442,0.7972599864006042,0
2838,2014-11-21,0.7971299886703491,0.8060029745101929,0.7957199811935425,0.79721999168396,0
2839,2014-11-24,0.8080800175666809,0.8081300258636475,0.8038390278816223,0.8081300258636475,0
2840,2014-11-25,0.8043000102043152,0.8060600161552429,0.8013529777526855,0.8041200041770935,0
2841,2014-11-26,0.8012400269508362,0.8035740256309509,0.798429012298584,0.8013499975204468,0
2842,2014-11-27,0.7996199727058411,0.8021699786186218,0.7986599802970886,0.7996500134468079,0
2843,2014-11-28,0.8024399876594543,0.8044340014457703,0.8006700277328491,0.8026800155639648,0
2844,2014-12-01,0.8039699792861938,0.8049700260162354,0.7996230125427246,0.8039900064468384,0
2845,2014-12-02,0.8019199967384338,0.8067299723625183,0.8014100193977356,0.8019199967384338,0
2846,2014-12-03,0.807200014591217,0.8128100037574768,0.80690997838974,0.8072299957275391,0
2847,2014-12-04,0.8119099736213684,0.8131600022315979,0.804390013217926,0.8122000098228455,0
2848,2014-12-05,0.8073199987411499,0.8146600127220154,0.8069400191307068,0.8073800206184387,0
2849,2014-12-08,0.8133999705314636,0.8164600133895874,0.812749981880188,0.8132100105285645,0
2850,2014-12-09,0.8120099902153015,0.8134199976921082,0.8033419847488403,0.8120800256729126,0
2851,2014-12-10,0.8067799806594849,0.8088700175285339,0.8041200041770935,0.8072900176048279,0
2852,2014-12-11,0.8016700148582458,0.8081330060958862,0.8002600073814392,0.8012800216674805,0
2853,2014-12-12,0.8067799806594849,0.8073179721832275,0.8014699816703796,0.8070200085639954,0
2854,2014-12-15,0.8023399710655212,0.8053410053253174,0.8012819886207581,0.8022599816322327,0
2855,2014-12-16,0.803629994392395,0.804099977016449,0.7958170175552368,0.803629994392395,0
2856,2014-12-17,0.7992299795150757,0.807096004486084,0.7989799976348877,0.7991200089454651,0
2857,2014-12-18,0.8104400038719177,0.815214991569519,0.8096200227737427,0.8105000257492065,0
2858,2014-12-19,0.8136399984359741,0.8159999847412109,0.8123480081558228,0.8136000037193298,0
2859,2014-12-22,0.8179299831390381,0.81809002161026,0.8143320083618164,0.8180000185966492,0
2860,2014-12-23,0.8180800080299377,0.8219829797744751,0.8163269758224487,0.8180199861526489,0
2861,2014-12-24,0.8213599920272827,0.8216300010681152,0.8182600140571594,0.8212900161743164,0
2862,2014-12-25,0.8197699785232544,0.8202400207519531,0.8159300088882446,0.8197699785232544,0
2863,2014-12-26,0.8190000057220459,0.8216930031776428,0.8181300163269043,0.8189299702644348,0
2864,2014-12-29,0.8217300176620483,0.8217200040817261,0.8183310031890869,0.8217200040817261,0
2865,2014-12-30,0.8228099942207336,0.8247489929199219,0.8203449845314026,0.8227099776268005,0
2866,2014-12-31,0.8222299814224243,0.8260779976844788,0.8217099905014038,0.8222299814224243,0
2867,2015-01-01,0.8265399932861328,0.8265399932861328,0.8265399932861328,0.8265399932861328,0
2868,2015-01-02,0.8271700143814087,0.832584023475647,0.8271600008010864,0.8272200226783752,0
2869,2015-01-05,0.8370699882507324,0.8411070108413696,0.8350099921226501,0.8364700078964233,0
2870,2015-01-06,0.8375899791717529,0.8412600159645081,0.8354219794273376,0.8376399874687195,0
2871,2015-01-07,0.8420799970626831,0.8471699953079224,0.8403360247612,0.8421199917793274,0
2872,2015-01-08,0.8448799848556519,0.8506289720535278,0.8440200090408325,0.8446699976921082,0
2873,2015-01-09,0.8477399945259094,0.8497400283813477,0.8447160124778748,0.8478699922561646,0
2874,2015-01-12,0.8424100279808044,0.8483200073242188,0.8423179984092712,0.8424500226974487,0
2875,2015-01-13,0.8452000021934509,0.8505929708480835,0.8432400226593018,0.8451399803161621,0
2876,2015-01-14,0.8490200042724609,0.8524709939956665,0.8443400263786316,0.8491299748420715,0
2877,2015-01-15,0.8484699726104736,0.8626419901847839,0.8482800126075745,0.8486199975013733,0
2878,2015-01-16,0.8593000173568726,0.8722730278968811,0.858368992805481,0.8591799736022949,0
2879,2015-01-19,0.8646000027656555,0.8654999732971191,0.8592020273208618,0.8647699952125549,0
2880,2015-01-20,0.8622199892997742,0.8643640279769897,0.8608819842338562,0.8622900247573853,0
2881,2015-01-21,0.8660299777984619,0.8662700057029724,0.8573390245437622,0.8660500049591064,0
2882,2015-01-22,0.8609300255775452,0.8761169910430908,0.8588929772377014,0.8608099818229675,0
2883,2015-01-23,0.881309986114502,0.8991349935531616,0.8791999816894531,0.8813300132751465,0
2884,2015-01-26,0.8988400101661682,0.897599995136261,0.8862109780311584,0.897599995136261,0
2885,2015-01-27,0.8890699744224548,0.8907889723777771,0.8756570219993591,0.8888099789619446,0
2886,2015-01-28,0.8797100186347961,0.8843449950218201,0.8785799741744995,0.8797399997711182,0
2887,2015-01-29,0.8864099979400635,0.8877800107002258,0.8796619772911072,0.8861500024795532,0
2888,2015-01-30,0.8821799755096436,0.8860539793968201,0.879971981048584,0.8820400238037109,0
2889,2015-02-02,0.8842499852180481,0.8855100274085999,0.8802819848060608,0.8845900297164917,0
2890,2015-02-03,0.8816999793052673,0.8835560083389282,0.8733620047569275,0.882070004940033,0
2891,2015-02-04,0.8727999925613403,0.8768699765205383,0.8707619905471802,0.8728399872779846,0
2892,2015-02-05,0.8834900259971619,0.8836299777030945,0.8726000189781189,0.8836100101470947,0
2893,2015-02-06,0.8716899752616882,0.8833900094032288,0.8713840246200562,0.8717700242996216,0
2894,2015-02-09,0.8838300108909607,0.8871780037879944,0.8802819848060608,0.8838000297546387,0
2895,2015-02-10,0.8828499913215637,0.8868709802627563,0.8810570240020752,0.8829200267791748,0
2896,2015-02-11,0.8832399845123291,0.8858489990234375,0.8824599981307983,0.883430004119873,0
2897,2015-02-12,0.8840199708938599,0.8844699859619141,0.8773319721221924,0.8843100070953369,0
2898,2015-02-13,0.8768900036811829,0.8785799741744995,0.8733620047569275,0.8768200278282166,0
2899,2015-02-16,0.8771899938583374,0.8774200081825256,0.8745080232620239,0.8774200081825256,0
2900,2015-02-17,0.8823000192642212,0.8829900026321411,0.8739500045776367,0.8823300004005432,0
2901,2015-02-18,0.876829981803894,0.8812280297279358,0.876039981842041,0.8768100142478943,0
2902,2015-02-19,0.8771899938583374,0.8805760145187378,0.8733620047569275,0.8771299719810486,0
2903,2015-02-20,0.8797600269317627,0.8863599896430969,0.8790439963340759,0.8797600269317627,0
2904,2015-02-23,0.8786200284957886,0.8852220177650452,0.8777300119400024,0.8787800073623657,0
2905,2015-02-24,0.8823800086975098,0.8856850266456604,0.881259024143219,0.8822900056838989,0
2906,2015-02-25,0.8819100260734558,0.882004976272583,0.878117024898529,0.8817800283432007,0
2907,2015-02-26,0.8799999952316284,0.8926420211791992,0.8788269758224487,0.8800699710845947,0
2908,2015-02-27,0.8924300074577332,0.8947100043296814,0.8888890147209167,0.8925700187683105,0
2909,2015-03-02,0.8959000110626221,0.8957399725914001,0.8896480202674866,0.8951799869537354,0
2910,2015-03-03,0.8945299983024597,0.8963789939880371,0.8917419910430908,0.8947200179100037,0
2911,2015-03-04,0.8942800164222717,0.9039300084114076,0.893809974193573,0.8941299915313721,0
2912,2015-03-05,0.9023600220680236,0.9082239866256714,0.9001790285110474,0.9025300145149232,0
2913,2015-03-06,0.9064499735832214,0.9214699864387512,0.9062899947166444,0.9062899947166444,0
2914,2015-03-09,0.921999990940094,0.9226999878883362,0.9165899753570556,0.922029972076416,0
2915,2015-03-10,0.9230700135231018,0.9340639710426332,0.922760009765625,0.9228699803352356,0
2916,2015-03-11,0.9338200092315674,0.9468439817428588,0.9333099722862244,0.9337599873542786,0
2917,2015-03-12,0.9479799866676332,0.952239990234375,0.9361979961395264,0.947920024394989,0
2918,2015-03-13,0.9410600066184998,0.9536250233650208,0.9407340288162231,0.9410899877548218,0
2919,2015-03-16,0.9540500044822692,0.953790009021759,0.9421520233154296,0.953790009021759,0
2920,2015-03-17,0.9458100199699402,0.94760000705719,0.9390550255775452,0.9458199739456176,0
2921,2015-03-18,0.9435700178146362,0.9451349973678588,0.9393200278282166,0.9437599778175354,0
2922,2015-03-19,0.9216600060462952,0.9414950013160706,0.9162499904632568,0.9221699833869934,0
2923,2015-03-20,0.9373000264167786,0.938332974910736,0.924650013446808,0.9369699954986572,0
2924,2015-03-23,0.9236500263214112,0.928547978401184,0.9137679934501648,0.9236999750137328,0
2925,2015-03-24,0.9136599898338318,0.9179949760437012,0.9066179990768432,0.9134100079536438,0
2926,2015-03-25,0.9172599911689758,0.9165899753570556,0.90802001953125,0.916540026664734,0
2927,2015-03-26,0.9123700261116028,0.916372001171112,0.9053710103034972,0.911870002746582,0
2928,2015-03-27,0.9185799956321716,0.9254720211029052,0.9178199768066406,0.918649971485138,0
2929,2015-03-30,0.9186999797821044,0.9249749779701232,0.9186999797821044,0.9189500212669371,0
2930,2015-03-31,0.9233400225639344,0.9330400228500366,0.9222099781036376,0.9234399795532228,0
2931,2015-04-01,0.9312599897384644,0.9327229857444764,0.9258999824523926,0.9310100078582764,0
2932,2015-04-02,0.9285100102424622,0.9300000071525574,0.917692005634308,0.9285200238227844,0
2933,2015-04-03,0.9199000000953674,0.9203100204467772,0.9072800278663636,0.9198799729347228,0
2934,2015-04-06,0.9089800119400024,0.9117000102996826,0.9061300158500672,0.9089699983596802,0
2935,2015-04-07,0.9145100116729736,0.9227049946784972,0.912779986858368,0.9145100116729736,0
2936,2015-04-08,0.9238600134849548,0.9268270134925842,0.9182739853858948,0.9237899780273438,0
2937,2015-04-09,0.9271900057792664,0.9372069835662842,0.9267799854278564,0.9272699952125548,0
2938,2015-04-10,0.9372900128364564,0.9459400177001952,0.9360229969024658,0.9374499917030334,0
2939,2015-04-13,0.942520022392273,0.9504259824752808,0.9416199922561646,0.9426599740982056,0
2940,2015-04-14,0.9458100199699402,0.9494420289993286,0.9339770078659058,0.9456300139427184,0
2941,2015-04-15,0.9392200112342834,0.9456620216369628,0.9373210072517396,0.9391499757766724,0
2942,2015-04-16,0.936609983444214,0.9409109950065612,0.929161012172699,0.9365800023078918,0
2943,2015-04-17,0.9297500252723694,0.9315239787101746,0.9219220280647278,0.9293699860572816,0
2944,2015-04-20,0.9250500202178956,0.9331669807434082,0.9243299961090088,0.9250500202178956,0
2945,2015-04-21,0.9304500222206116,0.9379460215568542,0.928936004638672,0.9303900003433228,0
2946,2015-04-22,0.9309499859809875,0.9336979985237122,0.9259260296821594,0.931249976158142,0
2947,2015-04-23,0.9323300123214722,0.9370930194854736,0.9243680238723756,0.9323999881744384,0
2948,2015-04-24,0.9246399998664856,0.9269800186157228,0.9175999760627748,0.9246299862861632,0
2949,2015-04-27,0.9200500249862672,0.9238809943199158,0.9170190095901488,0.9201800227165222,0
2950,2015-04-28,0.919290006160736,0.920657992362976,0.91000097990036,0.9193699955940248,0
2951,2015-04-29,0.911650002002716,0.9123589992523192,0.8947749733924866,0.911400020122528,0
2952,2015-04-30,0.8997399806976318,0.9030979871749878,0.8890789747238159,0.8998299837112427,0
2953,2015-05-01,0.8916900157928467,0.893975019454956,0.8857629895210266,0.8916599750518799,0
2954,2015-05-04,0.8939800262451172,0.8989570140838623,0.8910189867019653,0.8935800194740295,0
2955,2015-05-05,0.8969299793243408,0.9034240245819092,0.8920609951019287,0.8968600034713745,0
2956,2015-05-06,0.8939499855041504,0.8946099877357483,0.8798710107803345,0.89410001039505,0
2957,2015-05-07,0.8817200064659119,0.8898220062255859,0.8779169917106628,0.8818899989128113,0
2958,2015-05-08,0.8891299962997437,0.8940389752388,0.8858180046081543,0.8892800211906433,0
2959,2015-05-11,0.8933299779891968,0.8981009721755981,0.8926200270652771,0.8931000232696533,0
2960,2015-05-12,0.8973100185394287,0.8979899883270264,0.8866900205612183,0.8971800208091736,0
2961,2015-05-13,0.8911499977111816,0.8924189805984497,0.8785179853439331,0.8913499712944031,0
2962,2015-05-14,0.8810200095176697,0.881659984588623,0.8738359808921814,0.8812100291252136,0
2963,2015-05-15,0.8768100142478943,0.8830260038375854,0.8732860088348389,0.8768900036811829,0
2964,2015-05-18,0.873740017414093,0.881928026676178,0.8735910058021545,0.8738200068473816,0
2965,2015-05-19,0.8829100131988525,0.8992000222206116,0.8829100131988525,0.8829699754714966,0
2966,2015-05-20,0.897130012512207,0.903689980506897,0.8967999815940857,0.8971199989318848,0
2967,2015-05-21,0.9008399844169616,0.9020500183105468,0.8944540023803711,0.9006500244140625,0
2968,2015-05-22,0.899940013885498,0.9085130095481871,0.8920609951019287,0.9000099897384644,0
2969,2015-05-25,0.9096699953079224,0.9123499989509584,0.9082649946212769,0.9097399711608888,0
2970,2015-05-26,0.9114800095558168,0.9195230007171632,0.9114699959754944,0.9114699959754944,0
2971,2015-05-27,0.918370008468628,0.9240440130233764,0.9149129986763,0.9184799790382384,0
2972,2015-05-28,0.9174299836158752,0.9200649857521056,0.913241982460022,0.9175999760627748,0
2973,2015-05-29,0.9123799800872804,0.9149879813194276,0.9088019728660583,0.9125800132751464,0
2974,2015-06-01,0.9125800132751464,0.918366014957428,0.9107469916343688,0.9124900102615356,0
2975,2015-06-02,0.915499985218048,0.9157999753952026,0.8955519795417786,0.9155200123786926,0
2976,2015-06-03,0.8968600034713745,0.9019740223884584,0.8862659931182861,0.8970000147819519,0
2977,2015-06-04,0.8882700204849243,0.8902660012245178,0.879040002822876,0.8879200220108032,0
2978,2015-06-05,0.8922299742698669,0.9048299789428712,0.8865090012550354,0.8915799856185913,0
2979,2015-06-08,0.9002400040626526,0.9018700122833252,0.8894580006599426,0.9004600048065186,0
2980,2015-06-09,0.8864499926567078,0.8915280103683472,0.8818579912185669,0.8863700032234192,0
2981,2015-06-10,0.8850299715995789,0.8875790238380432,0.8785799741744995,0.8854799866676331,0
2982,2015-06-11,0.8840199708938599,0.8937510251998901,0.8833500146865845,0.8839399814605713,0
2983,2015-06-12,0.8896300196647644,0.8966599702835083,0.8854809999465942,0.8892800211906433,0
2984,2015-06-15,0.8912699818611145,0.8935350179672241,0.8882489800453186,0.8914300203323364,0
2985,2015-06-16,0.8867599964141846,0.891933023929596,0.8826050162315369,0.8867599964141846,0
2986,2015-06-17,0.889519989490509,0.8905119895935059,0.885653018951416,0.889490008354187,0
2987,2015-06-18,0.8795099854469299,0.8817560076713562,0.875012993812561,0.8799600005149841,0
2988,2015-06-19,0.8794500231742859,0.8852699995040894,0.8781200051307678,0.8792799711227417,0
2989,2015-06-22,0.8792799711227417,0.8837040066719055,0.8764240145683289,0.8801000118255615,0
2990,2015-06-23,0.8811299800872803,0.8978509902954102,0.8813499808311462,0.8813499808311462,0
2991,2015-06-24,0.8950799703598022,0.895829975605011,0.889680027961731,0.8946899771690369,0
2992,2015-06-25,0.892300009727478,0.8963220119476318,0.8909400105476379,0.8922899961471558,0
2993,2015-06-26,0.8926200270652771,0.8979640007019043,0.8912659883499146,0.892549991607666,0
2994,2015-06-29,0.9111599922180176,0.9104999899864196,0.893064022064209,0.9104999899864196,0
2995,2015-06-30,0.8910300135612488,0.8990380167961121,0.8897749781608582,0.8915799856185913,0
2996,2015-07-01,0.8980699777603149,0.9040610194206238,0.8954480290412903,0.8980699777603149,0
2997,2015-07-02,0.9063199758529664,0.9060400128364564,0.8991510272026062,0.9060400128364564,0
2998,2015-07-03,0.901960015296936,0.9023069739341736,0.8992810249328613,0.9020400047302246,0
2999,2015-07-06,0.909500002861023,0.9092599749565125,0.9015989899635316,0.9092599749565125,0
3000,2015-07-07,0.9050599932670592,0.9160190224647522,0.9047600030899048,0.905139982700348,0
3001,2015-07-08,0.908270001411438,0.9111599922180176,0.9017050266265868,0.908270001411438,0
3002,2015-07-09,0.9032599925994872,0.9072020053863524,0.8995879888534546,0.9031500220298768,0
3003,2015-07-10,0.9039099812507628,0.9044700264930724,0.8912659883499146,0.9039099812507628,0
3004,2015-07-13,0.8985499739646912,0.9084550142288208,0.8930490016937256,0.8985499739646912,0
3005,2015-07-14,0.909879982471466,0.9117019772529602,0.9030159711837769,0.910319983959198,0
3006,2015-07-15,0.9084299802780152,0.9144030213356018,0.905797004699707,0.9083499908447266,0
3007,2015-07-16,0.9137799739837646,0.920861005783081,0.913241982460022,0.9141700267791748,0
3008,2015-07-17,0.9186099767684937,0.9221770167350768,0.9165899753570556,0.9186099767684937,0
3009,2015-07-20,0.9233400225639344,0.9240800142288208,0.9197940230369568,0.923110008239746,0
3010,2015-07-21,0.9229000210762024,0.9248380064964294,0.9140179753303528,0.922950029373169,0
3011,2015-07-22,0.914080023765564,0.9189990162849426,0.9115769863128662,0.9141600131988524,0
3012,2015-07-23,0.9151600003242492,0.9154199957847596,0.907441020011902,0.9151600003242492,0
3013,2015-07-24,0.9100000262260436,0.9150890111923218,0.9094200134277344,0.9100499749183656,0
3014,2015-07-27,0.9113799929618835,0.9112399816513062,0.8984730243682861,0.9112399816513062,0
3015,2015-07-28,0.9017099738121032,0.9071940183639526,0.900820016860962,0.9016299843788148,0
3016,2015-07-29,0.9036700129508972,0.9079189896583556,0.9020400047302246,0.9037100076675416,0
3017,2015-07-30,0.9104099869728088,0.9164810180664062,0.9099180102348328,0.9104200005531312,0
3018,2015-07-31,0.914139986038208,0.9154239892959596,0.9000660181045532,0.9139299988746644,0
3019,2015-08-03,0.9116600155830384,0.913743019104004,0.9094709753990172,0.9116600155830384,0
3020,2015-08-04,0.9127399921417236,0.9146199822425842,0.909421980381012,0.912909984588623,0
3021,2015-08-05,0.9183599948883056,0.921633005142212,0.9158520102500916,0.9186099767684937,0
3022,2015-08-06,0.917169988155365,0.9193289875984192,0.9145280122756958,0.9170899987220764,0
3023,2015-08-07,0.9151600003242492,0.9208869934082032,0.9116929769515992,0.9155799746513368,0
3024,2015-08-10,0.9119899868965148,0.9151560068130492,0.9090909957885742,0.9124900102615356,0
3025,2015-08-11,0.9076899886131288,0.912284016609192,0.9020469784736632,0.90760999917984,0
3026,2015-08-12,0.9056299924850464,0.9063699841499328,0.8920369744300842,0.905489981174469,0
3027,2015-08-13,0.8959800004959106,0.9023799896240234,0.8937299847602844,0.8963900208473206,0
3028,2015-08-14,0.8959800004959106,0.9008119702339172,0.893655002117157,0.8961399793624878,0
3029,2015-08-17,0.9014700055122375,0.9039549827575684,0.898796021938324,0.9013100266456604,0
3030,2015-08-18,0.9026899933815002,0.90728497505188,0.9009010195732116,0.9027600288391112,0
3031,2015-08-19,0.9065499901771544,0.9074079990386964,0.9025269746780396,0.9065399765968324,0
3032,2015-08-20,0.8994399905204773,0.9002199769020081,0.8912659883499146,0.8992800116539001,0
3033,2015-08-21,0.8899199962615967,0.8903099894523621,0.8795769810676575,0.8899999856948853,0
3034,2015-08-24,0.8789700269699097,0.8792799711227417,0.8542630076408386,0.8788899779319763,0
3035,2015-08-25,0.8633300065994263,0.8771700263023376,0.8628129959106445,0.8633800148963928,0
3036,2015-08-26,0.8657299876213074,0.8806689977645874,0.8651300072669983,0.8654400110244751,0
3037,2015-08-27,0.8818299770355225,0.891933023929596,0.880158007144928,0.8818699717521667,0
3038,2015-08-28,0.8890500068664551,0.8963220119476318,0.8841729760169983,0.8892800211906433,0
3039,2015-08-31,0.8917400240898132,0.893983006477356,0.8877840042114258,0.8919199705123901,0
3040,2015-09-01,0.8907999992370605,0.8908399939537048,0.8824329972267151,0.8907899856567383,0
3041,2015-09-02,0.8854699730873108,0.8910350203514099,0.8849560022354126,0.8852499723434448,0
3042,2015-09-03,0.8915799856185913,0.9017379879951476,0.8888890147209167,0.8916599750518799,0
3043,2015-09-04,0.8988000154495239,0.9013389945030212,0.8960570096969604,0.8988000154495239,0
3044,2015-09-07,0.8967000246047974,0.8989409804344177,0.8944540023803711,0.8961399793624878,0
3045,2015-09-08,0.8957399725914001,0.8965629935264587,0.8904719948768616,0.8961399793624878,0
3046,2015-09-09,0.892270028591156,0.8982139825820923,0.8920609951019287,0.8922200202941895,0
3047,2015-09-10,0.8912100195884705,0.8948630094528198,0.8865249752998352,0.8913099765777588,0
3048,2015-09-11,0.885670006275177,0.8884310126304626,0.8816630244255066,0.8863000273704529,0
3049,2015-09-14,0.8815199732780457,0.885919988155365,0.8793449997901917,0.8815199732780457,0
3050,2015-09-15,0.8843600153923035,0.8881149888038635,0.882610023021698,0.8841000199317932,0
3051,2015-09-16,0.8871700167655945,0.8916630148887634,0.8840479850769043,0.8870800137519836,0
3052,2015-09-17,0.8855800032615662,0.8859000205993652,0.8818339705467224,0.8854299783706665,0
3053,2015-09-18,0.8771200180053711,0.8809249997138977,0.8726000189781189,0.8767300248146057,0
3054,2015-09-21,0.8855800032615662,0.8941419720649719,0.8826130032539368,0.8855000138282776,0
3055,2015-09-22,0.8935800194740295,0.8984079957008362,0.8920609951019287,0.8935800194740295,0
3056,2015-09-23,0.8992199897766113,0.9003499746322632,0.8936070203781128,0.8991199731826782,0
3057,2015-09-24,0.8936600089073181,0.8955199718475342,0.8852609992027283,0.893809974193573,0
3058,2015-09-25,0.894540011882782,0.8994179964065552,0.892507016658783,0.8943600058555603,0
3059,2015-09-28,0.8927199840545654,0.8966919779777527,0.8895689845085144,0.8928200006484985,0
3060,2015-09-29,0.8903899788856506,0.8932719826698303,0.8865010142326355,0.8901900053024292,0
3061,2015-09-30,0.8884199857711792,0.8962180018424988,0.887939989566803,0.8885700106620789,0
3062,2015-10-01,0.8950899839401245,0.8977500200271606,0.8920609951019287,0.8951299786567688,0
3063,2015-10-02,0.8933799862861633,0.8967159986495972,0.8837590217590332,0.8932600021362305,0
3064,2015-10-05,0.8907099962234497,0.8931000232696533,0.8858969807624817,0.8911499977111816,0
3065,2015-10-06,0.8932399749755859,0.8947700262069702,0.8865249752998352,0.89301997423172,0
3066,2015-10-07,0.887470006942749,0.8917269706726074,0.8861899971961975,0.8870800137519836,0
3067,2015-10-08,0.889680027961731,0.8896999955177307,0.8839309811592102,0.889519989490509,0
3068,2015-10-09,0.8859800100326538,0.8873100280761719,0.8788350224494934,0.8860499858856201,0
3069,2015-10-12,0.8795099854469299,0.8804060220718384,0.8771929740905762,0.879580020904541,0
3070,2015-10-13,0.8806300163269043,0.8812900185585022,0.8764240145683289,0.8807500004768372,0
3071,2015-10-14,0.878350019454956,0.8783400058746338,0.8733620047569275,0.8783400058746338,0
3072,2015-10-15,0.8714200258255005,0.8798710107803345,0.8700039982795715,0.8714600205421448,0
3073,2015-10-16,0.8796499967575073,0.8818809986114502,0.8771929740905762,0.8797399997711182,0
3074,2015-10-19,0.8802000284194946,0.8842909932136536,0.8787350058555603,0.8802800178527832,0
3075,2015-10-20,0.8826900124549866,0.8829399943351746,0.8779630064964294,0.8824599981307983,0
3076,2015-10-21,0.8807500004768372,0.8819900155067444,0.8788890242576599,0.88059002161026,0
3077,2015-10-22,0.8812100291252136,0.8978270292282104,0.8809000253677368,0.8812900185585022,0
3078,2015-10-23,0.9024500250816344,0.9081799983978271,0.8975899815559387,0.9021999835968018,0
3079,2015-10-26,0.9074100255966188,0.9085950255393982,0.9041590094566344,0.9074100255966188,0
3080,2015-10-27,0.9036700129508972,0.9064540266990662,0.9026899933815002,0.9040799736976624,0
3081,2015-10-28,0.9060400128364564,0.9068599939346312,0.9009010195732116,0.9061300158500672,0
3082,2015-10-29,0.915000021457672,0.9165899753570556,0.9105809926986694,0.91525000333786,0
3083,2015-10-30,0.909600019454956,0.9115800261497498,0.9031789898872375,0.9097499847412108,0
3084,2015-11-02,0.9069499969482422,0.9087600111961364,0.9041590094566344,0.9070299863815308,0
3085,2015-11-03,0.9077699780464172,0.9142439961433412,0.9064540266990662,0.9076899886131288,0
3086,2015-11-04,0.9120799899101256,0.9218289852142334,0.9118300080299376,0.9119899868965148,0
3087,2015-11-05,0.9201300144195556,0.922760009765625,0.9174309968948364,0.9203000068664552,0
3088,2015-11-06,0.9187800288200378,0.9335600137710572,0.9178500175476074,0.9186999797821044,0
3089,2015-11-09,0.9316700100898744,0.9319700002670288,0.9267839789390564,0.9317600131034852,0
3090,2015-11-10,0.9294099807739258,0.936680018901825,0.9291300177574158,0.929390013217926,0
3091,2015-11-11,0.9313099980354308,0.9338809847831726,0.928250014781952,0.9312700033187866,0
3092,2015-11-12,0.9291099905967712,0.9351040124893188,0.9259260296821594,0.9289399981498718,0
3093,2015-11-13,0.9246399998664856,0.9326620101928712,0.9249799847602844,0.925159990787506,0
3094,2015-11-16,0.9345800280570984,0.9344900250434875,0.929368019104004,0.9344900250434875,0
3095,2015-11-17,0.9356300234794616,0.9394959807395936,0.9352800250053406,0.9355400204658508,0
3096,2015-11-18,0.9395099878311156,0.940530002117157,0.9352790117263794,0.9394999742507936,0
3097,2015-11-19,0.9372100234031676,0.9372069835662842,0.9316189885139464,0.9369400143623352,0
3098,2015-11-20,0.9322999715805054,0.9377340078353882,0.9319660067558287,0.9322299957275392,0
3099,2015-11-23,0.9397600293159484,0.9431300163269044,0.9386150240898132,0.9398499727249146,0
3100,2015-11-24,0.9396700263023376,0.9412800073623656,0.9370309710502625,0.9399399757385254,0
3101,2015-11-25,0.9395099878311156,0.945536971092224,0.93545401096344,0.9394999742507936,0
3102,2015-11-26,0.9411799907684326,0.9432179927825928,0.9407340288162231,0.9411799907684326,0
3103,2015-11-27,0.9430000185966492,0.9460740089416504,0.9400259852409364,0.9430000185966492,0
3104,2015-11-30,0.9449099898338318,0.946610987186432,0.9436600208282472,0.9449099898338318,0
3105,2015-12-01,0.9458100199699402,0.9464300274848938,0.9398499727249146,0.9458100199699402,0
3106,2015-12-02,0.941100001335144,0.9467899799346924,0.9398499727249146,0.9409999847412108,0
3107,2015-12-03,0.9422399997711182,0.9485870003700256,0.9181050062179564,0.942330002784729,0
3108,2015-12-04,0.9160900115966796,0.9209799766540528,0.9130799770355223,0.9158899784088136,0
3109,2015-12-07,0.9187800288200378,0.9260969758033752,0.9188600182533264,0.9188600182533264,0
3110,2015-12-08,0.9230200052261353,0.9232400059700012,0.9174309968948364,0.9228500127792358,0
3111,2015-12-09,0.9179400205612184,0.9189500212669371,0.9099180102348328,0.9178500175476074,0
3112,2015-12-10,0.90760999917984,0.915081024169922,0.9071900248527528,0.9076899886131288,0
3113,2015-12-11,0.9133999943733216,0.9150800108909608,0.9066179990768432,0.9134100079536438,0
3114,2015-12-14,0.9104200005531312,0.9134899973869324,0.905797004699707,0.9099199771881104,0
3115,2015-12-15,0.9096699953079224,0.9155830144882202,0.9033420085906982,0.9097300171852112,0
3116,2015-12-16,0.9143900275230408,0.916320025920868,0.9125750064849854,0.9144099950790404,0
3117,2015-12-17,0.9195799827575684,0.9230599999427797,0.9183599948883056,0.9196199774742126,0
3118,2015-12-18,0.922160029411316,0.9254119992256165,0.919963002204895,0.9221699833869934,0
3119,2015-12-21,0.9199699759483336,0.9214890003204346,0.9157509803771972,0.919950008392334,0
3120,2015-12-22,0.9163399934768676,0.9170100092887878,0.91041499376297,0.9164199829101562,0
3121,2015-12-23,0.9132400155067444,0.9186999797821044,0.9128299951553344,0.9132400155067444,0
3122,2015-12-24,0.9166600108146667,0.9165899753570556,0.9118300080299376,0.9165899753570556,0
3123,2015-12-25,0.9115800261497498,0.9134899973869324,0.9111599922180176,0.9119799733161926,0
3124,2015-12-28,0.9119099974632264,0.9125750064849854,0.9090909957885742,0.9119099974632264,0
3125,2015-12-29,0.9111400246620178,0.9165899753570556,0.9090909957885742,0.9110000133514404,0
3126,2015-12-30,0.9150800108909608,0.9165899753570556,0.913241982460022,0.9150800108909608,0
3127,2015-12-31,0.91457998752594,0.9203019738197328,0.9141600131988524,0.9142400026321412,0
3128,2016-01-01,0.920889973640442,0.920889973640442,0.9202200174331664,0.920889973640442,0
3129,2016-01-04,0.9213200211524964,0.9254119992256165,0.9135760068893432,0.9212300181388856,0
3130,2016-01-05,0.9235699772834778,0.9335319995880128,0.9224200248718262,0.9236999750137328,0
3131,2016-01-06,0.9300600290298462,0.9326620101928712,0.9283300042152404,0.9300600290298462,0
3132,2016-01-07,0.9277300238609314,0.9281600117683412,0.9194560050964355,0.9278200268745422,0
3133,2016-01-08,0.91525000333786,0.9252399802207948,0.915000021457672,0.9151600003242492,0
3134,2016-01-11,0.9139900207519532,0.9214890003204346,0.9135800004005432,0.9141600131988524,0
3135,2016-01-12,0.9209799766540528,0.923873007297516,0.9172629714012146,0.9208999872207642,0
3136,2016-01-13,0.9221699833869934,0.9254119992256165,0.9187800288200378,0.9221699833869934,0
3137,2016-01-14,0.9186099767684937,0.922510027885437,0.913241982460022,0.9184399843215942,0
3138,2016-01-15,0.9208999872207642,0.9210000038146972,0.9105809926986694,0.9210000038146972,0
3139,2016-01-18,0.9157500267028807,0.9194560050964355,0.9151600003242492,0.9158300161361694,0
3140,2016-01-19,0.9178500175476074,0.9206410050392152,0.9165899753570556,0.9178500175476074,0
3141,2016-01-20,0.9163399934768676,0.9180300235748292,0.9110789895057678,0.9164599776268004,0
3142,2016-01-21,0.9193699955940248,0.9274719953536988,0.9155830144882202,0.9193699955940248,0
3143,2016-01-22,0.920639991760254,0.9262700080871582,0.9204710125923156,0.9207299947738647,0
3144,2016-01-25,0.926010012626648,0.926609992980957,0.921658992767334,0.926010012626648,0
3145,2016-01-26,0.9214000105857848,0.924214005470276,0.9191179871559144,0.921339988708496,0
3146,2016-01-27,0.920390009880066,0.9214000105857848,0.9164220094680786,0.9204699993133544,0
3147,2016-01-28,0.9167600274086,0.919963002204895,0.913241982460022,0.9170899987220764,0
3148,2016-01-29,0.914330005645752,0.924214005470276,0.91347998380661,0.914330005645752,0
3149,2016-02-01,0.9237099885940552,0.9236800074577332,0.9164220094680786,0.9236800074577332,0
3150,2016-02-02,0.9176599979400636,0.9178299903869628,0.9140769839286804,0.917519986629486,0
3151,2016-02-03,0.9155799746513368,0.9169260263442992,0.9026899933815002,0.9155799746513368,0
3152,2016-02-04,0.9016299843788148,0.9031789898872375,0.8898379802703857,0.901549994945526,0
3153,2016-02-05,0.8928599953651428,0.9000899791717529,0.8914999961853027,0.8928599953651428,0
3154,2016-02-08,0.8972600102424622,0.9018759727478028,0.893655002117157,0.8970999717712402,0
3155,2016-02-09,0.8936700224876404,0.8957359790802002,0.8838610053062439,0.8935800194740295,0
3156,2016-02-10,0.8857399821281433,0.895550012588501,0.8842499852180481,0.8857399821281433,0
3157,2016-02-11,0.8864499926567078,0.886838972568512,0.8796619772911072,0.886210024356842,0
3158,2016-02-12,0.8835499882698059,0.8904719948768616,0.882319986820221,0.8835999965667725,0
3159,2016-02-15,0.8907899856567383,0.8984730243682861,0.8897200226783752,0.8907899856567383,0
3160,2016-02-16,0.8949300050735474,0.8984730243682861,0.8934950232505798,0.894599974155426,0
3161,2016-02-17,0.8970999717712402,0.9002519845962524,0.8944540023803711,0.8971800208091736,0
3162,2016-02-18,0.8990399837493896,0.9030159711837769,0.8967000246047974,0.8991199731826782,0
3163,2016-02-19,0.9000099897384644,0.9035059809684752,0.8968610167503357,0.9000899791717529,0
3164,2016-02-22,0.8989599943161011,0.9085950255393982,0.8988800048828125,0.8989599943161011,0
3165,2016-02-23,0.9067800045013428,0.9097530245780944,0.9048140048980712,0.9068599939346312,0
3166,2016-02-24,0.9068599939346312,0.9124100208282472,0.905797004699707,0.9070299863815308,0
3167,2016-02-25,0.9079399704933168,0.9097530245780944,0.904977023601532,0.907859981060028,0
3168,2016-02-26,0.9070299863815308,0.9152479767799376,0.9033420085906982,0.9070299863815308,0
3169,2016-02-29,0.9154199957847596,0.9204710125923156,0.9122419953346252,0.91525000333786,0
3170,2016-03-01,0.9183599948883056,0.9226790070533752,0.9179360270500184,0.9185299873352052,0
3171,2016-03-02,0.9194599986076356,0.9237020015716552,0.9191179871559144,0.9193699955940248,0
3172,2016-03-03,0.9200500249862672,0.9211500287055968,0.9142439961433412,0.9199600219726562,0
3173,2016-03-04,0.9133300185203552,0.9167580008506776,0.905797004699707,0.9134100079536438,0
3174,2016-03-07,0.9095900058746338,0.9139099717140198,0.9091699719429016,0.9095900058746338,0
3175,2016-03-08,0.9077699780464172,0.9085950255393982,0.9041590094566344,0.9079399704933168,0
3176,2016-03-09,0.9087600111961364,0.9134100079536438,0.9078400135040284,0.908930003643036,0
3177,2016-03-10,0.9100000262260436,0.9235600233078004,0.8960570096969604,0.9101700186729432,0
3178,2016-03-11,0.8945800065994263,0.9022200107574464,0.8920599818229675,0.8945299983024597,0
3179,2016-03-14,0.8954200148582458,0.9012259840965272,0.8954150080680847,0.8958200216293335,0
3180,2016-03-15,0.9007400274276732,0.9030159711837769,0.8984730243682861,0.9007400274276732,0
3181,2016-03-16,0.9001700282096863,0.9043229818344116,0.9000099897384644,0.9000899791717529,0
3182,2016-03-17,0.8913499712944031,0.8922200202941895,0.8815199732780457,0.8914999961853027,0
3183,2016-03-18,0.8835499882698059,0.8882570266723633,0.8819100260734558,0.8837500214576721,0
3184,2016-03-21,0.8866000175476074,0.8898379802703857,0.8857399821281433,0.8868399858474731,0
3185,2016-03-22,0.8899999856948853,0.8934999704360962,0.8879420161247253,0.8899199962615967,0
3186,2016-03-23,0.8910300135612488,0.895576000213623,0.8910300135612488,0.8910300135612488,0
3187,2016-03-24,0.8943700194358826,0.8968899846076965,0.893655002117157,0.8942899703979492,0
3188,2016-03-25,0.8954200148582458,0.8963199853897095,0.8946899771690369,0.8955000042915344,0
3189,2016-03-28,0.8960599899291992,0.8964300155639648,0.8914200067520142,0.8960599899291992,0
3190,2016-03-29,0.8926399946212769,0.8952550292015076,0.8909479975700378,0.8927800059318542,0
3191,2016-03-30,0.8855800032615662,0.8859000205993652,0.8801270127296448,0.8857300281524658,0
3192,2016-03-31,0.8822500109672546,0.8840169906616211,0.8764240145683289,0.8823000192642212,0
3193,2016-04-01,0.8787599802017212,0.8816800117492676,0.8742790222167969,0.8788099884986877,0
3194,2016-04-04,0.8779600262641907,0.8802819848060608,0.8762699961662292,0.8774200081825256,0
3195,2016-04-05,0.8780400156974792,0.8818339705467224,0.8766499757766724,0.8781899809837341,0
3196,2016-04-06,0.8785799741744995,0.8824999928474426,0.8750439882278442,0.8786600232124329,0
3197,2016-04-07,0.8768100142478943,0.8818339705467224,0.8731300234794617,0.8772199749946594,0
3198,2016-04-08,0.8791999816894531,0.8810570240020752,0.8756570219993591,0.879580020904541,0
3199,2016-04-11,0.8769599795341492,0.8791700005531311,0.8733620047569275,0.8766499757766724,0
3200,2016-04-12,0.8762000203132629,0.8808199763298035,0.8722959756851196,0.876259982585907,0
3201,2016-04-13,0.878350019454956,0.8869969844818115,0.8777300119400024,0.8782699704170227,0
3202,2016-04-14,0.8866000175476074,0.8899959921836853,0.8854259848594666,0.8865200281143188,0
3203,2016-04-15,0.8873100280761719,0.8890799880027771,0.8835480213165283,0.8877000212669373,0
3204,2016-04-18,0.8849599957466125,0.8869199752807617,0.8824570178985596,0.884880006313324,0
3205,2016-04-19,0.8842499852180481,0.8845599889755249,0.8782699704170227,0.8841699957847595,0
3206,2016-04-20,0.8803099989891052,0.8832359910011292,0.8782719969749451,0.880370020866394,0
3207,2016-04-21,0.8845599889755249,0.8866819739341736,0.877655029296875,0.8845599889755249,0
3208,2016-04-22,0.8855800032615662,0.889680027961731,0.8842499852180481,0.8855000138282776,0
3209,2016-04-25,0.8901500105857849,0.8907099962234497,0.8866000175476074,0.8902300000190735,0
3210,2016-04-26,0.8873900175094604,0.888260006904602,0.8819100260734558,0.8875700235366821,0
3211,2016-04-27,0.8850299715995789,0.8855829834938049,0.8818339705467224,0.8851100206375122,0
3212,2016-04-28,0.8826900124549866,0.8850299715995789,0.879817008972168,0.8827700018882751,0
3213,2016-04-29,0.8805999755859375,0.8804399967193604,0.8726000189781189,0.8804399967193604,0
3214,2016-05-02,0.8723700046539307,0.8733500242233276,0.8674529790878296,0.8724499940872192,0
3215,2016-05-03,0.867680013179779,0.8692629933357239,0.8610299825668335,0.8676000237464905,0
3216,2016-05-04,0.8692600131034851,0.8718400001525879,0.8674529790878296,0.869379997253418,0
3217,2016-05-05,0.8700900077819824,0.8779630064964294,0.8698679804801941,0.8702300190925598,0
3218,2016-05-06,0.8767300248146057,0.8777099847793579,0.8716999888420105,0.8770400285720825,0
3219,2016-05-09,0.8781200051307678,0.8790439963340759,0.8748909831047058,0.8781200051307678,0
3220,2016-05-10,0.8781200051307678,0.8801270127296448,0.8767319917678833,0.8784499764442444,0
3221,2016-05-11,0.8791700005531311,0.8791999816894531,0.8736680150032043,0.8791199922561646,0
3222,2016-05-12,0.8751199841499329,0.8787350058555603,0.874809980392456,0.8751999735832214,0
3223,2016-05-13,0.8789700269699097,0.8862109780311584,0.8787299990653992,0.8791000247001648,0
3224,2016-05-16,0.8836299777030945,0.8845300078392029,0.8815199732780457,0.8836299777030945,0
3225,2016-05-17,0.8837000131607056,0.884643018245697,0.8812130093574524,0.8837000131607056,0
3226,2016-05-18,0.8837000131607056,0.8881000280380249,0.8836299777030945,0.8838800191879272,0
3227,2016-05-19,0.8910300135612488,0.894294023513794,0.8903899788856506,0.8911100029945374,0
3228,2016-05-20,0.8923799991607666,0.8929399847984314,0.889680027961731,0.8927299976348877,0
3229,2016-05-23,0.8911299705505371,0.893655002117157,0.8894400000572205,0.8911899924278259,0
3230,2016-05-24,0.8915799856185913,0.8971830010414124,0.8904719948768616,0.8914999961853027,0
3231,2016-05-25,0.8978300094604492,0.8984730243682861,0.8951749801635742,0.8979099988937378,0
3232,2016-05-26,0.8961399793624878,0.8963000178337097,0.8912659883499146,0.8963000178337097,0
3233,2016-05-27,0.8934900164604187,0.898796021938324,0.8926979899406433,0.8934199810028076,0
3234,2016-05-30,0.9000899791717529,0.9009000062942504,0.8968610167503357,0.9000099897384644,0
3235,2016-05-31,0.8969900012016296,0.8991190195083618,0.8947749733924866,0.8968600034713745,0
3236,2016-06-01,0.8979899883270264,0.8995199799537659,0.893655002117157,0.8979899883270264,0
3237,2016-06-02,0.8937299847602844,0.8968610167503357,0.8912659883499146,0.8934199810028076,0
3238,2016-06-03,0.8967000246047974,0.8978270292282104,0.8810570240020752,0.8965399861335754,0
3239,2016-06-06,0.8809800148010254,0.8823599815368652,0.8787350058555603,0.8809800148010254,0
3240,2016-06-07,0.8799700140953064,0.8818299770355225,0.8787350058555603,0.8799200057983398,0
3241,2016-06-08,0.8804500102996826,0.8805500268936157,0.8756570219993591,0.8805500268936157,0
3242,2016-06-09,0.8766499757766724,0.8843299746513367,0.8758900165557861,0.8767300248146057,0
3243,2016-06-10,0.8837800025939941,0.8869969844818115,0.883080005645752,0.8840199708938599,0
3244,2016-06-13,0.889680027961731,0.8899199962615967,0.8847990036010742,0.8895999789237976,0
3245,2016-06-14,0.8856599926948547,0.893655002117157,0.8849599957466125,0.8859000205993652,0
3246,2016-06-15,0.8918200135231018,0.8935800194740295,0.8880990147590637,0.8918200135231018,0
3247,2016-06-16,0.8878899812698364,0.8983110189437866,0.8849560022354126,0.8880000114440918,0
3248,2016-06-17,0.888729989528656,0.8907889723777771,0.8852689862251282,0.8873100280761719,0
3249,2016-06-20,0.8811299800872803,0.8843299746513367,0.8784260153770447,0.8811299800872803,0
3250,2016-06-21,0.8831599950790405,0.8893629908561707,0.8810570240020752,0.8831700086593628,0
3251,2016-06-22,0.8888400197029114,0.8898699879646301,0.8822199702262878,0.888729989528656,0
3252,2016-06-23,0.8827499747276306,0.8833919763565063,0.8755000233650208,0.8827700018882751,0
3253,2016-06-24,0.883080005645752,0.9158300161361694,0.8822100162506104,0.882610023021698,0
3254,2016-06-27,0.9061300158500672,0.9112449884414672,0.9023699760437012,0.9062100052833556,0
3255,2016-06-28,0.9078500270843506,0.9077699780464172,0.9000899791717529,0.9077699780464172,0
3256,2016-06-29,0.9030200242996216,0.9048500061035156,0.8986300230026245,0.9026899933815002,0
3257,2016-06-30,0.8986300230026245,0.9046499729156494,0.8965389728546143,0.8988000154495239,0
3258,2016-07-01,0.900409996509552,0.9030159711837769,0.8952550292015076,0.900600016117096,0
3259,2016-07-04,0.898389995098114,0.9009010195732116,0.8968610167503357,0.898389995098114,0
3260,2016-07-05,0.8971800208091736,0.9028530120849608,0.8944540023803711,0.8972200155258179,0
3261,2016-07-06,0.9037500023841858,0.9062899947166444,0.9017130136489868,0.9038000106811525,0
3262,2016-07-07,0.9009799957275392,0.9043229818344116,0.9002519845962524,0.9009000062942504,0
3263,2016-07-08,0.903689980506897,0.9082649946212769,0.9002519845962524,0.9037500023841858,0
3264,2016-07-11,0.9054700136184692,0.907441020011902,0.9031789898872375,0.9052199721336364,0
3265,2016-07-12,0.9043200016021729,0.9046499729156494,0.8989570140838623,0.9043200016021729,0
3266,2016-07-13,0.9039199948310852,0.905469000339508,0.8992810249328613,0.9041000008583068,0
3267,2016-07-14,0.9013100266456604,0.9015510082244872,0.8952550292015076,0.901229977607727,0
3268,2016-07-15,0.900409996509552,0.904259979724884,0.8962979912757874,0.90038001537323,0
3269,2016-07-18,0.9047200083732604,0.9059399962425232,0.9017130136489868,0.9045400023460388,0
3270,2016-07-19,0.903190016746521,0.908926010131836,0.9024699926376344,0.9032300114631652,0
3271,2016-07-20,0.9079700112342834,0.91041499376297,0.9066179990768432,0.9078900218009948,0
3272,2016-07-21,0.907480001449585,0.9102489948272704,0.9043229818344116,0.9076600074768066,0
3273,2016-07-22,0.9063799977302552,0.9117429852485656,0.905797004699707,0.9063599705696106,0
3274,2016-07-25,0.9115399718284608,0.9129400253295898,0.9092559814453124,0.9116399884223938,0
3275,2016-07-26,0.909820020198822,0.9107469916343688,0.9071120023727416,0.9099299907684326,0
3276,2016-07-27,0.910099983215332,0.910510003566742,0.9082649946212769,0.9100800156593324,0
3277,2016-07-28,0.903060019016266,0.9040899872779846,0.8992810249328613,0.9034900069236756,0
3278,2016-07-29,0.9021700024604796,0.9030159711837769,0.8931760191917419,0.9022300243377686,0
3279,2016-08-01,0.8954100012779236,0.8963789939880371,0.894133985042572,0.8954300284385681,0
3280,2016-08-02,0.8954100012779236,0.8957700133323669,0.8903130292892456,0.8954899907112122,0
3281,2016-08-03,0.8913400173187256,0.8957359790802002,0.8912659883499146,0.8913800120353699,0
3282,2016-08-04,0.8967400193214417,0.8994600176811218,0.8964099884033203,0.8966699838638306,0
3283,2016-08-05,0.8980900049209595,0.9050499796867372,0.8959400057792664,0.8981099724769592,0
3284,2016-08-08,0.9017500281333924,0.9030399918556212,0.900413990020752,0.9018999934196472,0
3285,2016-08-09,0.9022300243377686,0.9031789898872375,0.8991190195083618,0.9019700288772584,0
3286,2016-08-10,0.899619996547699,0.899429976940155,0.892857015132904,0.899429976940155,0
3287,2016-08-11,0.8939399719238281,0.8978270292282104,0.8935800194740295,0.8939700126647949,0
3288,2016-08-12,0.8977400064468384,0.8982599973678589,0.8912659883499146,0.8977500200271606,0
3289,2016-08-15,0.8955000042915344,0.8964200019836426,0.8924000263214111,0.8955000042915344,0
3290,2016-08-16,0.8941299915313721,0.8945000171661377,0.8830999732017517,0.89410001039505,0
3291,2016-08-17,0.8868399858474731,0.8884149789810181,0.8853999972343445,0.8866000175476074,0
3292,2016-08-18,0.8850399851799011,0.8852599859237671,0.8817999958992004,0.8848000168800354,0
3293,2016-08-19,0.8810999989509583,0.8844860196113586,0.8809000253677368,0.8810999989509583,0
3294,2016-08-22,0.8851000070571899,0.8870000243186951,0.8823999762535095,0.8848999738693237,0
3295,2016-08-23,0.8834499716758728,0.8841729760169983,0.8805000185966492,0.8834999799728394,0
3296,2016-08-24,0.8848900198936462,0.8892049789428711,0.883899986743927,0.8847000002861023,0
3297,2016-08-25,0.8877999782562256,0.8880500197410583,0.8849560022354126,0.8878999948501587,0
3298,2016-08-26,0.885699987411499,0.8901000022888184,0.8817999958992004,0.8858000040054321,0
3299,2016-08-29,0.8928999900817871,0.8960000276565552,0.8920599818229675,0.8931000232696533,0
3300,2016-08-30,0.8934299945831299,0.8976659774780273,0.8934999704360962,0.8934999704360962,0
3301,2016-08-31,0.8966000080108643,0.8988000154495239,0.8956999778747559,0.8967999815940857,0
3302,2016-09-01,0.8960000276565552,0.8984730243682861,0.892857015132904,0.8962000012397766,0
3303,2016-09-02,0.892799973487854,0.8965389728546143,0.8888000249862671,0.892799973487854,0
3304,2016-09-05,0.8959000110626221,0.8975600004196167,0.89410001039505,0.8960000276565552,0
3305,2016-09-06,0.8966000080108643,0.8973000049591064,0.8885729908943176,0.8967000246047974,0
3306,2016-09-07,0.8885999917984009,0.890250027179718,0.8877000212669373,0.8889999985694885,0
3307,2016-09-08,0.8895999789237976,0.8898000121116638,0.8826130032539368,0.8895999789237976,0
3308,2016-09-09,0.8871999979019165,0.8923789858818054,0.8859999775886536,0.8873999714851379,0
3309,2016-09-12,0.8895900249481201,0.8916900157928467,0.8878999948501587,0.8895999789237976,0
3310,2016-09-13,0.8894000053405762,0.8912659883499146,0.8880990147590637,0.8895800113677979,0
3311,2016-09-14,0.8913699984550476,0.891700029373169,0.886900007724762,0.8913000226020813,0
3312,2016-09-15,0.8891000151634216,0.8911899924278259,0.8863999843597412,0.8892499804496765,0
3313,2016-09-16,0.8892099857330322,0.8963789939880371,0.8888999819755554,0.8890500068664551,0
3314,2016-09-19,0.8961799740791321,0.8965399861335754,0.8920609951019287,0.8960000276565552,0
3315,2016-09-20,0.8944000005722046,0.895576000213623,0.8917999863624573,0.8945000171661377,0
3316,2016-09-21,0.8965399861335754,0.898796021938324,0.8952999711036682,0.896399974822998,0
3317,2016-09-22,0.8934000134468079,0.8942899703979492,0.8881999850273132,0.8934000134468079,0
3318,2016-09-23,0.89205002784729,0.8931760191917419,0.8904719948768616,0.8920999765396118,0
3319,2016-09-26,0.889739990234375,0.8911070227622986,0.8866000175476074,0.8896999955177307,0
3320,2016-09-27,0.8888999819755554,0.8933359980583191,0.8880990147590637,0.8888300061225891,0
3321,2016-09-28,0.8913000226020813,0.894133985042572,0.8899000287055969,0.8913999795913696,0
3322,2016-09-29,0.8908699750900269,0.8928999900817871,0.8888890147209167,0.8909000158309937,0
3323,2016-09-30,0.8913000226020813,0.8965389728546143,0.8888890147209167,0.8910999894142151,0
3324,2016-10-03,0.8901000022888184,0.8923789858818054,0.8894000053405762,0.8899999856948853,0
3325,2016-10-04,0.8920300006866455,0.8976659774780273,0.8888890147209167,0.8917999863624573,0
3326,2016-10-05,0.8920000195503235,0.8934950232505798,0.889680027961731,0.8920000195503235,0
3327,2016-10-06,0.8921999931335449,0.8968999981880188,0.8919000029563904,0.8921999931335449,0
3328,2016-10-07,0.8973000049591064,0.900413990020752,0.8927000164985657,0.8971999883651733,0
3329,2016-10-10,0.8931000232696533,0.8967999815940857,0.8927000164985657,0.8932200074195862,0
3330,2016-10-11,0.897599995136261,0.9044860005378724,0.8974000215530396,0.8974000215530396,0
3331,2016-10-12,0.9039999842643738,0.9085950255393982,0.9039999842643738,0.9039999842643738,0
3332,2016-10-13,0.9081100225448608,0.9102489948272704,0.9050999879837036,0.9079999923706056,0
3333,2016-10-14,0.9049999713897704,0.9103000164031982,0.9042999744415284,0.9049999713897704,0
3334,2016-10-17,0.9117599725723268,0.9119700193405152,0.9081000089645386,0.9117000102996826,0
3335,2016-10-18,0.907800018787384,0.9114109873771667,0.9067000150680542,0.9081000089645386,0
3336,2016-10-19,0.9110000133514404,0.912742018699646,0.9086999893188475,0.9110999703407288,0
3337,2016-10-20,0.9111499786376952,0.9160860180854796,0.9067000150680542,0.9110999703407288,0
3338,2016-10-21,0.9148799777030944,0.9205999970436096,0.914799988269806,0.9148899912834167,0
3339,2016-10-24,0.9189000129699708,0.920769989490509,0.9172629714012146,0.9186999797821044,0
3340,2016-10-25,0.9194999933242798,0.9213700294494628,0.9174309968948364,0.9194999933242798,0
3341,2016-10-26,0.9185000061988832,0.9193999767303468,0.9133999943733216,0.9185100197792052,0
3342,2016-10-27,0.9164199829101562,0.9179400205612184,0.9139000177383424,0.9164999723434448,0
3343,2016-10-28,0.9174000024795532,0.917639970779419,0.912999987602234,0.9174299836158752,0
3344,2016-10-31,0.9103599786758424,0.914139986038208,0.9103999733924866,0.9103999733924866,0
3345,2016-11-01,0.911300003528595,0.9122599959373474,0.9049000144004822,0.911300003528595,0
3346,2016-11-02,0.9043999910354614,0.9048500061035156,0.8992999792098999,0.90420001745224,0
3347,2016-11-03,0.901099979877472,0.9040899872779846,0.8985999822616577,0.901099979877472,0
3348,2016-11-04,0.9006999731063843,0.9021999835968018,0.8988000154495239,0.9006999731063843,0
3349,2016-11-07,0.9007999897003174,0.9063000082969666,0.8999000191688538,0.901199996471405,0
3350,2016-11-08,0.9047999978065492,0.9065700173377992,0.9035000205039978,0.9049400091171264,0
3351,2016-11-09,0.9075199961662292,0.91457998752594,0.8848000168800354,0.9074000120162964,0
3352,2016-11-10,0.9157000184059144,0.9202929735183716,0.9128000140190125,0.915719985961914,0
3353,2016-11-11,0.9182999730110168,0.9210649728775024,0.9153000116348268,0.9182999730110168,0
3354,2016-11-14,0.923799991607666,0.9336370229721068,0.9196000099182128,0.9236999750137328,0
3355,2016-11-15,0.9301999807357788,0.9325140118598938,0.9244999885559082,0.9304999709129332,0
3356,2016-11-16,0.932200014591217,0.9370999932289124,0.9293000102043152,0.9322999715805054,0
3357,2016-11-17,0.9340000152587892,0.9374790191650392,0.9301999807357788,0.9340999722480774,0
3358,2016-11-18,0.941349983215332,0.945800006389618,0.9398499727249146,0.9412000179290771,0
3359,2016-11-21,0.9448000192642212,0.944700002670288,0.9388790130615234,0.944700002670288,0
3360,2016-11-22,0.9399499893188475,0.9445300102233888,0.9381999969482422,0.93996000289917,0
3361,2016-11-23,0.940400004386902,0.9496999979019164,0.9394000172615052,0.9403700232505798,0
3362,2016-11-24,0.948300004005432,0.95033997297287,0.9445000290870668,0.948199987411499,0
3363,2016-11-25,0.9467999935150146,0.9486700296401978,0.9409000277519226,0.9466000199317932,0
3364,2016-11-28,0.942300021648407,0.9463000297546388,0.9358999729156494,0.9423999786376952,0
3365,2016-11-29,0.9415000081062316,0.9462000131607056,0.9403799772262572,0.9416000247001648,0
3366,2016-11-30,0.9391000270843506,0.9447330236434937,0.9374709725379944,0.9391000270843506,0
3367,2016-12-01,0.944100022315979,0.9445000290870668,0.9401000142097472,0.944100022315979,0
3368,2016-12-02,0.9378100037574768,0.9409109950065612,0.9352999925613404,0.9377999901771544,0
3369,2016-12-05,0.9449999928474426,0.9485999941825868,0.930999994277954,0.9459999799728394,0
3370,2016-12-06,0.9296000003814696,0.9323139786720276,0.9272000193595886,0.9294999837875366,0
3371,2016-12-07,0.932799994945526,0.9333999752998352,0.928591012954712,0.9329000115394592,0
3372,2016-12-08,0.929199993610382,0.942507028579712,0.9211000204086304,0.9293599724769592,0
3373,2016-12-09,0.9415000081062316,0.9489099979400636,0.9405999779701232,0.9415000081062316,0
3374,2016-12-12,0.948099970817566,0.949899971485138,0.9409999847412108,0.948199987411499,0
3375,2016-12-13,0.9397000074386596,0.942799985408783,0.9387000203132628,0.9395999908447266,0
3376,2016-12-14,0.9408000111579896,0.9420629739761353,0.9375,0.9406999945640564,0
3377,2016-12-15,0.9510999917984008,0.9611999988555908,0.9501000046730042,0.9509999752044678,0
3378,2016-12-16,0.9598000049591064,0.9611999988555908,0.9549000263214112,0.9599000215530396,0
3379,2016-12-19,0.9569399952888488,0.9603000283241272,0.9540200233459472,0.957099974155426,0
3380,2016-12-20,0.9610000252723694,0.9656999707221984,0.9596999883651732,0.9610999822616576,0
3381,2016-12-21,0.9624199867248536,0.9628999829292296,0.9567999839782716,0.9621000289916992,0
3382,2016-12-22,0.958899974822998,0.9589999914169312,0.9526000022888184,0.9589999914169312,0
3383,2016-12-23,0.9580699801445008,0.9588000178337096,0.955299973487854,0.9578999876976012,0
3384,2016-12-26,0.9564999938011168,0.9573040008544922,0.9550999999046326,0.9563999772071838,0
3385,2016-12-27,0.9563000202178956,0.9582800269126892,0.955900013446808,0.956409990787506,0
3386,2016-12-28,0.955810010433197,0.9627000093460084,0.9539999961853028,0.9557999968528748,0
3387,2016-12-29,0.959969997406006,0.9599000215530396,0.9531999826431274,0.9599000215530396,0
3388,2016-12-30,0.9455999732017516,0.9514750242233276,0.9441999793052672,0.9461600184440612,0
3389,2017-01-02,0.949940025806427,0.9555000066757202,0.9487000107765198,0.9495999813079834,0
3390,2017-01-03,0.9560199975967408,0.9664000272750854,0.9531000256538392,0.9560999870300292,0
3391,2017-01-04,0.9596999883651732,0.9623399972915648,0.9542999863624572,0.9598399996757508,0
3392,2017-01-05,0.9523000121116638,0.9535999894142152,0.9426000118255616,0.9524999856948853,0
3393,2017-01-06,0.942870020866394,0.9488000273704528,0.9426000118255616,0.942900002002716,0
3394,2017-01-09,0.9495000243186952,0.9511600136756896,0.9469000101089478,0.9492999911308287,0
3395,2017-01-10,0.9444100260734558,0.9467999935150146,0.941100001335144,0.9445000290870668,0
3396,2017-01-11,0.9476500153541564,0.9563000202178956,0.9463000297546388,0.9474999904632568,0
3397,2017-01-12,0.9435999989509584,0.9455999732017516,0.9358000159263612,0.9437000155448914,0
3398,2017-01-13,0.9419000148773192,0.943395972251892,0.9373999834060668,0.9417999982833862,0
3399,2017-01-16,0.940850019454956,0.9450600147247314,0.940429985523224,0.9410099983215332,0
3400,2017-01-17,0.9431300163269044,0.9432700276374816,0.9330099821090698,0.9430500268936156,0
3401,2017-01-18,0.9348599910736084,0.9381200075149536,0.9333000183105468,0.9347699880599976,0
3402,2017-01-19,0.9409300088882446,0.9443100094795228,0.936609983444214,0.940779983997345,0
3403,2017-01-20,0.9381099939346312,0.9410200119018556,0.9350000023841858,0.937969982624054,0
3404,2017-01-23,0.9333800077438354,0.9338499903678894,0.9297000169754028,0.9335799813270568,0
3405,2017-01-24,0.9293000102043152,0.9321600198745728,0.9282600283622742,0.9295799732208252,0
3406,2017-01-25,0.9320799708366394,0.9335200190544128,0.9286100268363952,0.9321500062942504,0
3407,2017-01-26,0.9300600290298462,0.9371500015258788,0.9287999868392944,0.9297999739646912,0
3408,2017-01-27,0.9360700249671936,0.938040018081665,0.932420015335083,0.9360799789428712,0
3409,2017-01-30,0.9333599805831908,0.941540002822876,0.9310700297355652,0.9329100251197816,0
3410,2017-01-31,0.9338300228118896,0.9358000159263612,0.9250400066375732,0.9339600205421448,0
3411,2017-02-01,0.925599992275238,0.9311500191688538,0.9251999855041504,0.9257000088691713,0
3412,2017-02-02,0.928730010986328,0.9286400079727172,0.9236500263214112,0.9286400079727172,0
3413,2017-02-03,0.9292200207710266,0.9320600032806396,0.9261699914932252,0.9290800094604492,0
3414,2017-02-06,0.9273899793624878,0.9340000152587892,0.9268800020217896,0.9273499846458436,0
3415,2017-02-07,0.9308199882507324,0.9383699893951416,0.9308000206947328,0.9308199882507324,0
3416,2017-02-08,0.9365000128746032,0.9396600127220154,0.933929979801178,0.9364200234413148,0
3417,2017-02-09,0.935259997844696,0.938319981098175,0.9337000250816344,0.9352700114250184,0
3418,2017-02-10,0.9382100105285645,0.942520022392273,0.9373000264167786,0.9383599758148192,0
3419,2017-02-13,0.9416599869728088,0.9439799785614014,0.938260018825531,0.9416800141334534,0
3420,2017-02-14,0.943530023097992,0.9468100070953368,0.9404500126838684,0.9434700012207032,0
3421,2017-02-15,0.945330023765564,0.9503800272941588,0.9444699883461,0.9452999830245972,0
3422,2017-02-16,0.9427400231361388,0.9433500170707704,0.9367899894714355,0.9432299733161926,0
3423,2017-02-17,0.9370099902153016,0.941100001335144,0.9366000294685364,0.937470018863678,0
3424,2017-02-20,0.9410300254821776,0.942929983139038,0.9405999779701232,0.9410200119018556,0
3425,2017-02-21,0.9425600171089172,0.949970006942749,0.9422799944877625,0.9424800276756288,0
3426,2017-02-22,0.9485800266265868,0.9526699781417848,0.9473099708557128,0.9485700130462646,0
3427,2017-02-23,0.9474999904632568,0.9488599896430968,0.9438400268554688,0.9477099776268004,0
3428,2017-02-24,0.9447799921035768,0.9464100003242492,0.941789984703064,0.9447600245475768,0
3429,2017-02-27,0.9476199746131896,0.9476100206375122,0.9420999884605408,0.9476100206375122,0
3430,2017-02-28,0.9448000192642212,0.9454799890518188,0.9409999847412108,0.9449300169944764,0
3431,2017-03-01,0.946150004863739,0.9509999752044678,0.9444599747657776,0.9461399912834167,0
3432,2017-03-02,0.9491400122642516,0.952340006828308,0.948300004005432,0.9491000175476074,0
3433,2017-03-03,0.9514999985694884,0.9520599842071532,0.9457399845123292,0.951610028743744,0
3434,2017-03-06,0.9415799975395204,0.9453399777412416,0.9400200247764589,0.94173002243042,0
3435,2017-03-07,0.9452499747276306,0.9469000101089478,0.9430400133132936,0.9450700283050536,0
3436,2017-03-08,0.9460600018501282,0.9490100145339966,0.9455999732017516,0.9461699724197388,0
3437,2017-03-09,0.948099970817566,0.95006000995636,0.9421499967575072,0.9484000205993652,0
3438,2017-03-10,0.9453200101852416,0.9450600147247314,0.9372900128364564,0.9450600147247314,0
3439,2017-03-13,0.93545001745224,0.9383599758148192,0.9332000017166138,0.9356300234794616,0
3440,2017-03-14,0.9388399720191956,0.9409599900245668,0.9379000067710876,0.9387900233268738,0
3441,2017-03-15,0.9422900080680848,0.942460000514984,0.9397609829902648,0.9422900080680848,0
3442,2017-03-16,0.9312800168991088,0.9339600205421448,0.9305999875068665,0.9312800168991088,0
3443,2017-03-17,0.9280999898910522,0.9319800138473512,0.9273859858512878,0.9284600019454956,0
3444,2017-03-20,0.930840015411377,0.930899977684021,0.9279019832611084,0.930899977684021,0
3445,2017-03-21,0.9312999844551086,0.9313799738883972,0.9243000149726868,0.9313799738883972,0
3446,2017-03-22,0.9248600006103516,0.9279400110244752,0.9241499900817872,0.9249600172042848,0
3447,2017-03-23,0.9267699718475342,0.9284600019454956,0.9254999756813048,0.9268100261688232,0
3448,2017-03-24,0.9273099899291992,0.929229974746704,0.9248999953269958,0.927299976348877,0
3449,2017-03-27,0.9217000007629396,0.9225900173187256,0.91702002286911,0.921999990940094,0
3450,2017-03-28,0.9207299947738647,0.9219200015068054,0.9196000099182128,0.92058002948761,0
3451,2017-03-29,0.9244099855422974,0.9310200214385986,0.9236599802970886,0.924430012702942,0
3452,2017-03-30,0.9294000267982484,0.932669997215271,0.928591012954712,0.9293699860572816,0
3453,2017-03-31,0.9357100129127502,0.9370099902153016,0.934499979019165,0.935670018196106,0
3454,2017-04-03,0.937309980392456,0.939520001411438,0.9359999895095824,0.9373700022697448,0
3455,2017-04-04,0.9372000098228456,0.9401299953460692,0.9368000030517578,0.9371899962425232,0
3456,2017-04-05,0.9362999796867372,0.938610017299652,0.9355300068855286,0.936370015144348,0
3457,2017-04-06,0.9369900226593018,0.940559983253479,0.9359800219535828,0.9369199872016908,0
3458,2017-04-07,0.9394400119781494,0.942359983921051,0.9380499720573424,0.9395800232887268,0
3459,2017-04-10,0.9449999928474426,0.9460399746894836,0.9427000284194946,0.9448000192642212,0
3460,2017-04-11,0.9436100125312804,0.9452499747276306,0.940779983997345,0.943589985370636,0
3461,2017-04-12,0.9423900246620178,0.9437000155448914,0.9412800073623656,0.9425399899482728,0
3462,2017-04-13,0.9371500015258788,0.9423499703407288,0.9365000128746032,0.9370700120925904,0
3463,2017-04-14,0.9419400095939636,0.9427700042724608,0.9405999779701232,0.9417999982833862,0
3464,2017-04-17,0.942460000514984,0.9425299763679504,0.9372199773788452,0.9423999786376952,0
3465,2017-04-18,0.9394500255584716,0.9400299787521362,0.9338300228118896,0.9395099878311156,0
3466,2017-04-19,0.9320799708366394,0.934440016746521,0.9314000010490416,0.9321100115776062,0
3467,2017-04-20,0.93326997756958,0.933650016784668,0.9277999997138976,0.9332799911499025,0
3468,2017-04-21,0.9332799911499025,0.9357100129127502,0.9313099980354308,0.9334200024604796,0
3469,2017-04-24,0.9196299910545348,0.9240700006484984,0.9192870259284972,0.919510006904602,0
3470,2017-04-25,0.9204000234603882,0.9214900135993958,0.9139999747276306,0.9201599955558776,0
3471,2017-04-26,0.9150599837303162,0.9207500219345092,0.9131799936294556,0.9150400161743164,0
3472,2017-04-27,0.9166799783706664,0.9214400053024292,0.9148499965667723,0.9166499972343444,0
3473,2017-04-28,0.92044997215271,0.920960009098053,0.9133999943733216,0.9202399849891664,0
3474,2017-05-01,0.916800022125244,0.9186599850654602,0.9153000116348268,0.916920006275177,0
3475,2017-05-02,0.9166799783706664,0.9183499813079834,0.9153000116348268,0.9166200160980223,0
3476,2017-05-03,0.9144399762153624,0.916949987411499,0.9140999913215636,0.9144399762153624,0
3477,2017-05-04,0.9183599948883056,0.9194300174713136,0.9117000102996826,0.9183800220489502,0
3478,2017-05-05,0.9106199741363524,0.912970006465912,0.9090999960899352,0.9106299877166748,0
3479,2017-05-08,0.9119799733161926,0.9157900214195251,0.9093999862670898,0.9118300080299376,0
3480,2017-05-09,0.9150999784469604,0.9197400212287904,0.9145780205726624,0.9151399731636048,0
3481,2017-05-10,0.9185400009155272,0.92085999250412,0.9174000024795532,0.9185299873352052,0
3482,2017-05-11,0.9199000000953674,0.922510027885437,0.9181050062179564,0.9202399849891664,0
3483,2017-05-12,0.920390009880066,0.9210100173950196,0.9146000146865844,0.9203000068664552,0
3484,2017-05-15,0.9151399731636048,0.9154800176620485,0.9099180102348328,0.9150800108909608,0
3485,2017-05-16,0.9106000065803528,0.9107800126075744,0.901769995689392,0.9106900095939636,0
3486,2017-05-17,0.901390016078949,0.9022700190544128,0.89683997631073,0.9012500047683716,0
3487,2017-05-18,0.8963500261306763,0.9004999995231628,0.8950899839401245,0.8965200185775757,0
3488,2017-05-19,0.8998000025749207,0.9008399844169616,0.8930000066757202,0.9000200033187866,0
3489,2017-05-22,0.8924700021743774,0.8958699703216553,0.8878399729728699,0.8926699757575989,0
3490,2017-05-23,0.889769971370697,0.8931499719619751,0.8875700235366821,0.8899099826812744,0
3491,2017-05-24,0.8945099711418152,0.8952999711036682,0.8926600217819214,0.8943799734115601,0
3492,2017-05-25,0.8903999924659729,0.8932099938392639,0.8888099789619446,0.8903800249099731,0
3493,2017-05-26,0.8920000195503235,0.8957800269126892,0.8903099894523621,0.892009973526001,0
3494,2017-05-29,0.8947700262069702,0.8958200216293335,0.8935999870300293,0.8948400020599365,0
3495,2017-05-30,0.8985499739646912,0.9000300168991089,0.8927299976348877,0.8985199928283691,0
3496,2017-05-31,0.8951200246810913,0.8955900073051453,0.8887100219726562,0.8949599862098694,0
3497,2017-06-01,0.8894000053405762,0.8926100134849548,0.8883200287818909,0.8898199796676636,0
3498,2017-06-02,0.8916000127792358,0.8923599720001221,0.8864099979400635,0.8917999863624573,0
3499,2017-06-05,0.88646000623703,0.8899800181388855,0.8866000175476074,0.8868799805641174,0
3500,2017-06-06,0.8883500099182129,0.8895800113677979,0.8866000175476074,0.8882399797439575,0
3501,2017-06-07,0.8871999979019165,0.8924400210380554,0.8865299820899963,0.8872699737548828,0
3502,2017-06-08,0.888480007648468,0.8931400179862976,0.8873000144958496,0.8885200023651123,0
3503,2017-06-09,0.894070029258728,0.8954300284385681,0.8914999961853027,0.8934000134468079,0
3504,2017-06-12,0.8927000164985657,0.8933299779891968,0.8903930187225342,0.8926699757575989,0
3505,2017-06-13,0.8931599855422974,0.8939899802207947,0.8908500075340271,0.8929299712181091,0
3506,2017-06-14,0.8921499848365784,0.8929700255393982,0.8853399753570557,0.8920000195503235,0
3507,2017-06-15,0.8916000127792358,0.8981800079345703,0.8906000256538391,0.891569972038269,0
3508,2017-06-16,0.8971099853515625,0.8977400064468384,0.8928800225257874,0.8970699906349182,0
3509,2017-06-19,0.8921999931335449,0.8960700035095215,0.8917999863624573,0.8925899863243103,0
3510,2017-06-20,0.8973000049591064,0.8992099761962891,0.895576000213623,0.8972899913787842,0
3511,2017-06-21,0.8979099988937378,0.898580014705658,0.8964999914169312,0.8979600071907043,0
3512,2017-06-22,0.8954799771308899,0.8970900177955627,0.894599974155426,0.8953800201416016,0
3513,2017-06-23,0.8968899846076965,0.897159993648529,0.8921700119972229,0.8968799710273743,0
3514,2017-06-26,0.8929499983787537,0.8950499892234802,0.8913699984550476,0.8928800225257874,0
3515,2017-06-27,0.8941699862480164,0.8944100141525269,0.8826000094413757,0.8944000005722046,0
3516,2017-06-28,0.8819000124931335,0.8851699829101562,0.8781200051307678,0.8820800185203552,0
3517,2017-06-29,0.8785300254821777,0.8788899779319763,0.8744999766349792,0.8788899779319763,0
3518,2017-06-30,0.8740000128746033,0.8777400255203247,0.873744010925293,0.8740900158882141,0
3519,2017-07-03,0.8754199743270874,0.8805199861526489,0.8751999735832214,0.8752700090408325,0
3520,2017-07-04,0.8794000148773193,0.8820000290870667,0.8787999749183655,0.8791000247001648,0
3521,2017-07-05,0.8802700042724609,0.8837800025939941,0.8795999884605408,0.8802899718284607,0
3522,2017-07-06,0.8812999725341797,0.8825600147247314,0.8765000104904175,0.8814499974250793,0
3523,2017-07-07,0.8752899765968323,0.8785099983215332,0.8742600083351135,0.8755599856376648,0
3524,2017-07-10,0.8769000172615051,0.8784999847412109,0.8758599758148193,0.8766999840736389,0
3525,2017-07-12,0.8715400099754333,0.877590000629425,0.8702459931373596,0.8715400099754333,0
3526,2017-07-13,0.8757399916648865,0.8793100118637085,0.8729599714279175,0.8757299780845642,0
3527,2017-07-14,0.8768900036811829,0.877780020236969,0.8720800280570984,0.8768900036811829,0
3528,2017-07-17,0.871429979801178,0.8744099736213684,0.8705300092697144,0.8714500069618225,0
3529,2017-07-18,0.8715100288391113,0.8716599941253662,0.8632000088691711,0.8715800046920776,0
3530,2017-07-19,0.8658199906349182,0.8687599897384644,0.865559995174408,0.8658300042152405,0
3531,2017-07-20,0.8674200177192688,0.8710700273513794,0.8583700060844421,0.867389976978302,0
3532,2017-07-21,0.8599399924278259,0.8605700135231018,0.8565199971199036,0.8599900007247925,0
3533,2017-07-24,0.8560400009155273,0.85971999168396,0.8560400009155273,0.8560500144958496,0
3534,2017-07-25,0.8591899871826172,0.8597300052642822,0.854200005531311,0.8591899871826172,0
3535,2017-07-26,0.8587700128555298,0.8608999848365784,0.8579999804496765,0.8588600158691406,0
3536,2017-07-27,0.8526600003242493,0.8580099940299988,0.8492599725723267,0.8524900078773499,0
3537,2017-07-28,0.8555300235748291,0.8567100167274475,0.8500999808311462,0.855430006980896,0
3538,2017-07-31,0.8512600064277649,0.8529700040817261,0.8456900119781494,0.8512899875640869,0
3539,2017-08-01,0.8457300066947937,0.8481000065803528,0.8447700142860413,0.845770001411438,0
3540,2017-08-02,0.8466500043869019,0.847819983959198,0.8426300287246704,0.8467900156974792,0
3541,2017-08-03,0.8438000082969666,0.845022976398468,0.8406999707221985,0.843779981136322,0
3542,2017-08-04,0.8414000272750854,0.8520100116729736,0.8409720063209534,0.8411999940872192,0
3543,2017-08-07,0.8490099906921387,0.8490599989891052,0.846560001373291,0.8490599989891052,0
3544,2017-08-08,0.8473899960517883,0.8533400297164917,0.8457000255584717,0.8474400043487549,0
3545,2017-08-09,0.8507300019264221,0.8552600145339966,0.8503199815750122,0.850820004940033,0
3546,2017-08-10,0.8502299785614014,0.8543599843978882,0.8500000238418579,0.8500000238418579,0
3547,2017-08-11,0.8496000170707703,0.8511199951171875,0.8451799750328064,0.84961998462677,0
3548,2017-08-14,0.8456299901008606,0.8493800163269043,0.8445950150489807,0.8455700278282166,0
3549,2017-08-15,0.8492000102996826,0.8555049896240234,0.8479999899864197,0.8491100072860718,0
3550,2017-08-16,0.8517000079154968,0.85589998960495,0.8505200147628784,0.8518000245094299,0
3551,2017-08-17,0.8493099808692932,0.8571199774742126,0.8481600284576416,0.8493099808692932,0
3552,2017-08-18,0.8535699844360352,0.8538100123405457,0.8497499823570251,0.85343998670578,0
3553,2017-08-21,0.8506100177764893,0.8523799777030945,0.8456900119781494,0.8505399823188782,0
3554,2017-08-22,0.8465999960899353,0.8513200283050537,0.8456000089645386,0.8466100096702576,0
3555,2017-08-23,0.8501799702644348,0.8515300154685974,0.8461199998855591,0.8502799868583679,0
3556,2017-08-24,0.8462700247764587,0.8485199809074402,0.8460999727249146,0.8462799787521362,0
3557,2017-08-25,0.8472999930381775,0.8492699861526489,0.8414499759674072,0.8475800156593323,0
3558,2017-08-28,0.8366900086402893,0.8390799760818481,0.8349999785423279,0.8367199897766113,0
3559,2017-08-29,0.8358500003814697,0.8359100222587585,0.8287100195884705,0.8357599973678589,0
3560,2017-08-30,0.8353899717330933,0.8405699729919434,0.8342999815940857,0.8353999853134155,0
3561,2017-08-31,0.8407999873161316,0.8457099795341492,0.8397600054740906,0.8410400152206421,0
3562,2017-09-01,0.8396000266075134,0.8438000082969666,0.8348199725151062,0.8395699858665466,0
3563,2017-09-04,0.8415499925613403,0.8417900204658508,0.838699996471405,0.8415700197219849,0
3564,2017-09-05,0.8407999873161316,0.8424299955368042,0.8376500010490417,0.8407300114631653,0
3565,2017-09-06,0.8386399745941162,0.8400700092315674,0.836870014667511,0.838670015335083,0
3566,2017-09-07,0.838379979133606,0.8392300009727478,0.8294000029563904,0.8384000062942505,0
3567,2017-09-08,0.8313199877738953,0.8320199847221375,0.8269000053405762,0.8313500285148621,0
3568,2017-09-11,0.8321099877357483,0.8359500169754028,0.8313000202178955,0.8322700262069702,0
3569,2017-09-12,0.8361600041389465,0.8384000062942505,0.8349000215530396,0.8362200260162354,0
3570,2017-09-13,0.835099995136261,0.8413500189781189,0.833611011505127,0.8353099822998047,0
3571,2017-09-14,0.8410000205039978,0.8441900014877319,0.8396300077438354,0.8410099744796753,0
3572,2017-09-15,0.8388100266456604,0.8401700258255005,0.83433997631073,0.838729977607727,0
3573,2017-09-18,0.8377199769020081,0.8391500115394592,0.8355000019073486,0.8377000093460083,0
3574,2017-09-19,0.8361700177192688,0.8361200094223022,0.8329600095748901,0.8360000252723694,0
3575,2017-09-20,0.8338500261306763,0.8342599868774414,0.8320000171661377,0.8338299989700317,0
3576,2017-09-21,0.8423100113868713,0.8427299857139587,0.8365700244903564,0.8422499895095825,0
3577,2017-09-22,0.8371300101280212,0.8374800086021423,0.8331599831581116,0.8371800184249878,0
3578,2017-09-25,0.8384199738502502,0.84375,0.8375999927520752,0.838450014591217,0
3579,2017-09-26,0.8434799909591675,0.8499600291252136,0.8428999781608582,0.8434799909591675,0
3580,2017-09-27,0.8484600186347961,0.8532999753952026,0.8478000164031982,0.848800003528595,0
3581,2017-09-28,0.8510900139808655,0.8531000018119812,0.8472599983215332,0.8510299921035767,0
3582,2017-09-29,0.848770022392273,0.8493800163269043,0.8451700210571289,0.8488500118255615,0
3583,2017-10-02,0.8469300270080566,0.852429986000061,0.8469099998474121,0.8469099998474121,0
3584,2017-10-03,0.8522400259971619,0.854889988899231,0.8495000004768372,0.8522800207138062,0
3585,2017-10-04,0.8512399792671204,0.8512499928474426,0.8484100103378296,0.8512200117111206,0
3586,2017-10-05,0.8505399823188782,0.854420006275177,0.8489000201225281,0.8505600094795227,0
3587,2017-10-06,0.8537999987602234,0.8568000197410583,0.8518800139427185,0.8536800146102905,0
3588,2017-10-09,0.851610004901886,0.8531699776649475,0.8510000109672546,0.851580023765564,0
3589,2017-10-10,0.8516700267791748,0.8516499996185303,0.8461899757385254,0.8516499996185303,0
3590,2017-10-11,0.8463900089263916,0.8477200269699097,0.8433099985122681,0.8464499711990356,0
3591,2017-10-12,0.8427799940109253,0.8451799750328064,0.84170001745224,0.8427900075912476,0
3592,2017-10-13,0.8451799750328064,0.8470100164413452,0.8421499729156494,0.8452100157737732,0
3593,2017-10-16,0.8464499711990356,0.8488199710845947,0.8459500074386597,0.8463799953460693,0
3594,2017-10-17,0.8478500247001648,0.8518900275230408,0.8478099703788757,0.8478099703788757,0
3595,2017-10-18,0.8494799733161926,0.8523499965667725,0.8489099740982056,0.8494099974632263,0
3596,2017-10-19,0.8478000164031982,0.84961998462677,0.8433700203895569,0.8479200005531311,0
3597,2017-10-20,0.8440200090408325,0.8499789834022522,0.8433099985122681,0.8437399864196777,0
3598,2017-10-23,0.8507999777793884,0.8522199988365173,0.8489689826965332,0.8507199883460999,0
3599,2017-10-24,0.8503999710083008,0.8515099883079529,0.8490999937057495,0.8506799936294556,0
3600,2017-10-25,0.850409984588623,0.8507900238037109,0.8461999893188477,0.850350022315979,0
3601,2017-10-26,0.8459699749946594,0.8552700281143188,0.8449100255966187,0.8458700180053711,0
3602,2017-10-27,0.85930997133255,0.863860011100769,0.8587999939918518,0.8591799736022949,0
3603,2017-10-30,0.8617299795150757,0.8622099757194519,0.8589000105857849,0.8615300059318542,0
3604,2017-10-31,0.8581699728965759,0.8601700067520142,0.8577100038528442,0.8583800196647644,0
3605,2017-11-01,0.858240008354187,0.8614500164985657,0.8578199744224548,0.8582500219345093,0
3606,2017-11-02,0.8599399924278259,0.8599299788475037,0.8556299805641174,0.8599100112915039,0
3607,2017-11-03,0.8575000166893005,0.8616799712181091,0.8556699752807617,0.8574000000953674,0
3608,2017-11-06,0.8609600067138672,0.863349974155426,0.8600999712944031,0.8609300255775452,0
3609,2017-11-07,0.8611299991607666,0.8653600215911865,0.86080002784729,0.8611900210380554,0
3610,2017-11-08,0.8619899749755859,0.8634700179100037,0.8613600134849548,0.8618800044059753,0
3611,2017-11-09,0.8622999787330627,0.8630800247192383,0.8581799864768982,0.8623999953269958,0
3612,2017-11-10,0.8586000204086304,0.860289990901947,0.8565199971199036,0.8587200045585632,0
3613,2017-11-13,0.8575500249862671,0.8592000007629395,0.8565199971199036,0.8575500249862671,0
3614,2017-11-14,0.8572700023651123,0.8573899865150452,0.8493199944496155,0.8572700023651123,0
3615,2017-11-15,0.8479700088500977,0.8484600186347961,0.843209981918335,0.8480499982833862,0
3616,2017-11-17,0.8490800261497498,0.8492799997329712,0.8458999991416931,0.8490899801254272,0
3617,2017-11-20,0.8523799777030945,0.8528100252151489,0.8469200134277344,0.8523600101470947,0
3618,2017-11-21,0.8517000079154968,0.8535699844360352,0.8505799770355225,0.8518800139427185,0
3619,2017-11-22,0.8519899845123291,0.8521100282669067,0.8475900292396545,0.8517199754714966,0
3620,2017-11-23,0.8464000225067139,0.8464199900627136,0.8435260057449341,0.8463699817657471,0
3621,2017-11-24,0.8435999751091003,0.844789981842041,0.8372600078582764,0.8438199758529663,0
3622,2017-11-27,0.8384699821472168,0.8397600054740906,0.8360900282859802,0.8383100032806396,0
3623,2017-11-28,0.8399900197982788,0.8426399827003479,0.8388559818267822,0.8400499820709229,0
3624,2017-11-29,0.8440200090408325,0.846019983291626,0.8414000272750854,0.8439000248908997,0
3625,2017-11-30,0.8437399864196777,0.8463799953460693,0.8382400274276733,0.8438799977302551,0
3626,2017-12-01,0.8404600024223328,0.8437299728393555,0.8375300168991089,0.840399980545044,0
3627,2017-12-04,0.8431800007820129,0.8452200293540955,0.8418400287628174,0.8433799743652344,0
3628,2017-12-05,0.8426200151443481,0.8468199968338013,0.8417999744415283,0.8425599932670593,0
3629,2017-12-06,0.8450999855995178,0.848800003528595,0.843999981880188,0.8452699780464172,0
3630,2017-12-07,0.8471500277519226,0.8490999937057495,0.8468000292778015,0.847100019454956,0
3631,2017-12-08,0.8494600057601929,0.8523799777030945,0.8490999937057495,0.8493000268936157,0
3632,2017-12-11,0.84961998462677,0.8496999740600586,0.8467100262641907,0.8496699929237366,0
3633,2017-12-12,0.8490700125694275,0.8533200025558472,0.8479610085487366,0.8490999937057495,0
3634,2017-12-13,0.8515999913215637,0.8524799942970276,0.8496000170707703,0.8515300154685974,0
3635,2017-12-14,0.8448899984359741,0.8495000004768372,0.8431800007820129,0.8446000218391418,0
3636,2017-12-15,0.8492599725723267,0.8502200245857239,0.8464530110359192,0.8492400050163269,0
3637,2017-12-18,0.8515300154685974,0.8515599966049194,0.8450000286102295,0.8513000011444092,0
3638,2017-12-19,0.8485900163650513,0.8491100072860718,0.8450999855995178,0.8486899733543396,0
3639,2017-12-20,0.8445000052452087,0.845300018787384,0.8402500152587891,0.8447999954223633,0
3640,2017-12-21,0.8418800234794617,0.8438699841499329,0.8409000039100647,0.8419100046157837,0
3641,2017-12-22,0.8433600068092346,0.8461999893188477,0.8430299758911133,0.8437700271606445,0
3642,2017-12-25,0.8434500098228455,0.8439499735832214,0.8414000272750854,0.8434000015258789,0
3643,2017-12-26,0.8422799706459045,0.8440600037574768,0.8418999910354614,0.8423699736595154,0
3644,2017-12-27,0.8433200120925903,0.8434799909591675,0.8396000266075134,0.8431000113487244,0
3645,2017-12-28,0.8402799963951111,0.8404600024223328,0.8364700078964233,0.8403199911117554,0
3646,2017-12-29,0.8374000191688538,0.837660014629364,0.8317499756813049,0.8375300168991089,0
3647,2018-01-01,0.8329899907112122,0.8334000110626221,0.83228999376297,0.8329899907112122,0
3648,2018-01-02,0.8325300216674805,0.8327400088310242,0.827750027179718,0.8325799703598022,0
3649,2018-01-03,0.8289499878883362,0.8329899907112122,0.8287000060081482,0.8290500044822693,0
3650,2018-01-04,0.832610011100769,0.8329899907112122,0.8270000219345093,0.8325499892234802,0
3651,2018-01-05,0.8285800218582153,0.8318399786949158,0.8274999856948853,0.828760027885437,0
3652,2018-01-08,0.8307399749755859,0.836139976978302,0.8295999765396118,0.8306000232696533,0
3653,2018-01-09,0.8353899717330933,0.8390700221061707,0.8350200057029724,0.8354499936103821,0
3654,2018-01-10,0.8382700085639954,0.8386099934577942,0.8321999907493591,0.8382700085639954,0
3655,2018-01-11,0.8363900184631348,0.8381400108337402,0.8292400240898132,0.8364800214767456,0
3656,2018-01-12,0.8304200172424316,0.8304700255393982,0.822629988193512,0.8304200172424316,0
3657,2018-01-15,0.8201900124549866,0.8204699754714966,0.813073992729187,0.82014000415802,0
3658,2018-01-16,0.8151000142097473,0.819890022277832,0.8142499923706055,0.8149999976158142,0
3659,2018-01-17,0.8149099946022034,0.8197299838066101,0.8115900158882141,0.8148999810218811,0
3660,2018-01-18,0.8207499980926514,0.8213499784469604,0.8154900074005127,0.8209199905395508,0
3661,2018-01-19,0.8172199726104736,0.818310022354126,0.8133500218391418,0.8172699809074402,0
3662,2018-01-22,0.8159599900245667,0.8186900019645691,0.8152199983596802,0.8159300088882446,0
3663,2018-01-23,0.8159099817276001,0.81809002161026,0.8125460147857666,0.8158400058746338,0
3664,2018-01-24,0.8123300075531006,0.8133299946784973,0.8063219785690308,0.8123700022697449,0
3665,2018-01-25,0.8070300221443176,0.8073300123214722,0.7980899810791016,0.8067100048065186,0
3666,2018-01-26,0.8069499731063843,0.8072699904441833,0.8006299734115601,0.8069499731063843,0
3667,2018-01-29,0.8046299815177917,0.8105000257492065,0.8043799996376038,0.8046200275421143,0
3668,2018-01-30,0.8076800107955933,0.8105800151824951,0.8030700087547302,0.807640016078949,0
3669,2018-01-31,0.8058300018310547,0.806410014629364,0.8015000224113464,0.8059099912643433,0
3670,2018-02-01,0.8052399754524231,0.8073300123214722,0.8007799983024597,0.8053200244903564,0
3671,2018-02-02,0.7993599772453308,0.805679976940155,0.7988499999046326,0.7991899847984314,0
3672,2018-02-05,0.803409993648529,0.8063499927520752,0.8014000058174133,0.8033999800682068,0
3673,2018-02-06,0.8085500001907349,0.8119400143623352,0.8046000003814697,0.8085200190544128,0
3674,2018-02-07,0.807669997215271,0.8144299983978271,0.8062400221824646,0.8076599836349487,0
3675,2018-02-08,0.8151199817657471,0.818560004234314,0.8133699893951416,0.8151000142097473,0
3676,2018-02-09,0.8156099915504456,0.8179000020027161,0.8139700293540955,0.8156099915504456,0
3677,2018-02-12,0.8161399960517883,0.8172399997711182,0.8131999969482422,0.816100001335144,0
3678,2018-02-13,0.8127599954605103,0.8139299750328064,0.8082770109176636,0.8129299879074097,0
3679,2018-02-14,0.809469997882843,0.8144299983978271,0.805400013923645,0.8095200061798096,0
3680,2018-02-15,0.8021000027656555,0.8031799793243408,0.7992330193519592,0.8021100163459778,0
3681,2018-02-16,0.7997699975967407,0.8044700026512146,0.7962999939918518,0.799530029296875,0
3682,2018-02-19,0.805679976940155,0.8083400130271912,0.803987979888916,0.805679976940155,0
3683,2018-02-20,0.8065400123596191,0.8115599751472473,0.8058599829673767,0.8065099716186523,0
3684,2018-02-21,0.8106799721717834,0.8129600286483765,0.8099129796028137,0.810670018196106,0
3685,2018-02-22,0.8142099976539612,0.8155500292778015,0.809499979019165,0.8143100142478943,0
3686,2018-02-23,0.8112499713897705,0.814300000667572,0.8107010126113892,0.8112900257110596,0
3687,2018-02-26,0.8138599991798401,0.8141700029373169,0.8094000220298767,0.8137800097465515,0
3688,2018-02-27,0.8119800090789795,0.818120002746582,0.8100000023841858,0.8119500279426575,0
3689,2018-02-28,0.8176400065422058,0.8203999996185303,0.8167999982833862,0.8181899785995483,0
3690,2018-03-01,0.8202599883079529,0.8225039839744568,0.8182100057601929,0.8202800154685974,0
3691,2018-03-02,0.8149399757385254,0.8161399960517883,0.8109999895095825,0.8149099946022034,0
3692,2018-03-05,0.8119900226593018,0.8146299719810486,0.8098300099372864,0.8117899894714355,0
3693,2018-03-06,0.8105999827384949,0.810949981212616,0.8051599860191345,0.8105199933052063,0
3694,2018-03-07,0.8053699731826782,0.8073599934577942,0.803820013999939,0.8051999807357788,0
3695,2018-03-08,0.8054999709129333,0.8125900030136108,0.8035500049591064,0.805400013923645,0
3696,2018-03-09,0.8125699758529663,0.8146299719810486,0.8107799887657166,0.8124899864196777,0
3697,2018-03-12,0.8124300241470337,0.8135799765586853,0.8102409839630127,0.8124399781227112,0
3698,2018-03-13,0.8104000091552734,0.8120200037956238,0.8065199851989746,0.8104599714279175,0
3699,2018-03-14,0.8069499731063843,0.8097100257873535,0.805400013923645,0.80690997838974,0
3700,2018-03-15,0.8080400228500366,0.8116400241851807,0.8072999715805054,0.8080599904060364,0
3701,2018-03-16,0.8123999834060669,0.815559983253479,0.810699999332428,0.8125,0
3702,2018-03-19,0.8142799735069275,0.8156300187110901,0.8108699917793274,0.8142799735069275,0
3703,2018-03-20,0.8105800151824951,0.8153300285339355,0.809440016746521,0.8105000257492065,0
3704,2018-03-21,0.8162000179290771,0.8165270090103149,0.813260018825531,0.8164499998092651,0
3705,2018-03-22,0.8098700046539307,0.8129799962043762,0.8073099851608276,0.8098000288009644,0
3706,2018-03-23,0.8113600015640259,0.8116899728775024,0.8090500235557556,0.8112900257110596,0
3707,2018-03-26,0.8094300031661987,0.8095600008964539,0.8032799959182739,0.8094599843025208,0
3708,2018-03-27,0.8027300238609314,0.8081899881362915,0.8014000058174133,0.8028900027275085,0
3709,2018-03-28,0.8059399724006653,0.8105599880218506,0.8050000071525574,0.8059300184249878,0
3710,2018-03-29,0.8123300075531006,0.8139899969100952,0.8105000257492065,0.8121600151062012,0
3711,2018-03-30,0.8128200173377991,0.8131399750709534,0.8108000159263611,0.8128399848937988,0
3712,2018-04-02,0.8120700120925903,0.814079999923706,0.8100000023841858,0.8121600151062012,0
3713,2018-04-03,0.8134899735450745,0.8159899711608887,0.8105700016021729,0.8134499788284302,0
3714,2018-04-04,0.8144299983978271,0.8158199787139893,0.812309980392456,0.8143699765205383,0
3715,2018-04-05,0.8138800263404846,0.81836998462677,0.8136000037193298,0.8138099908828735,0
3716,2018-04-06,0.8162199854850769,0.8184599876403809,0.814329981803894,0.8162599802017212,0
3717,2018-04-09,0.8148999810218811,0.8154900074005127,0.8109999895095825,0.8148999810218811,0
3718,2018-04-10,0.8115299940109253,0.8127599954605103,0.8079000115394592,0.8115400075912476,0
3719,2018-04-11,0.8088600039482117,0.8094499707221985,0.8068600296974182,0.8088099956512451,0
3720,2018-04-12,0.8083000183105469,0.8129799962043762,0.8077700138092041,0.8080000281333923,0
3721,2018-04-13,0.8110499978065491,0.8124300241470337,0.8098000288009644,0.8108000159263611,0
3722,2018-04-16,0.8108599781990051,0.811269998550415,0.8068400025367737,0.8108299970626831,0
3723,2018-04-17,0.807420015335083,0.810479998588562,0.8054770231246948,0.807449996471405,0
3724,2018-04-18,0.8082000017166138,0.8100799918174744,0.8066499829292297,0.808210015296936,0
3725,2018-04-19,0.8078100085258484,0.8109999895095825,0.8063219785690308,0.8078500032424927,0
3726,2018-04-20,0.8100100159645081,0.8159899711608887,0.8095399737358093,0.8101000189781189,0
3727,2018-04-23,0.814769983291626,0.8188499808311462,0.8136900067329407,0.814740002155304,0
3728,2018-04-24,0.8190699815750122,0.8206899762153625,0.8173499703407288,0.8189200162887573,0
3729,2018-04-25,0.8169000148773193,0.8217599987983704,0.8172500133514404,0.8172500133514404,0
3730,2018-04-26,0.8215799927711487,0.8264600038528442,0.8190000057220459,0.8216400146484375,0
3731,2018-04-27,0.8257899880409241,0.8294600248336792,0.8252869844436646,0.8259299993515015,0
3732,2018-04-30,0.8248900175094604,0.8287500143051147,0.8238199949264526,0.8245000243186951,0
3733,2018-05-01,0.8277300000190735,0.8344799876213074,0.8274999856948853,0.8276000022888184,0
3734,2018-05-02,0.8339200019836426,0.8365300297737122,0.8311799764633179,0.8338800072669983,0
3735,2018-05-03,0.8367499709129333,0.8367699980735779,0.8327000141143799,0.8367000222206116,0
3736,2018-05-04,0.8340799808502197,0.8392900228500366,0.8335000276565552,0.8340799808502197,0
3737,2018-05-07,0.8364700078964233,0.8403699994087219,0.8348000049591064,0.8364199995994568,0
3738,2018-05-08,0.8379600048065186,0.8446400165557861,0.8375999927520752,0.8380399942398071,0
3739,2018-05-09,0.8426100015640259,0.845770001411438,0.8406100273132324,0.8426899909973145,0
3740,2018-05-10,0.8440799713134766,0.8442599773406982,0.8373500108718872,0.8440499901771545,0
3741,2018-05-11,0.8391000032424927,0.8407999873161316,0.8355699777603149,0.8392599821090698,0
3742,2018-05-14,0.8366699814796448,0.8367099761962891,0.833541989326477,0.8367099761962891,0
3743,2018-05-15,0.8381400108337402,0.845740020275116,0.8374999761581421,0.8380799889564514,0
3744,2018-05-16,0.8459600210189819,0.8499299883842468,0.8435999751091003,0.8458399772644043,0
3745,2018-05-17,0.8462399840354919,0.8489999771118164,0.8448200225830078,0.8464400172233582,0
3746,2018-05-18,0.8478000164031982,0.8510299921035767,0.8458600044250488,0.8480299711227417,0
3747,2018-05-21,0.8498600125312805,0.8533400297164917,0.8489699959754944,0.8500699996948242,0
3748,2018-05-22,0.8479999899864197,0.850380003452301,0.8454399704933167,0.8482599854469299,0
3749,2018-05-23,0.8482800126075745,0.8557100296020508,0.8481040000915527,0.8482000231742859,0
3750,2018-05-24,0.8539599776268005,0.8552700281143188,0.8511099815368652,0.8541799783706665,0
3751,2018-05-25,0.8530499935150146,0.858489990234375,0.8522800207138062,0.8530099987983704,0
3752,2018-05-28,0.8555099964141846,0.8614400029182434,0.8525000214576721,0.8556100130081177,0
3753,2018-05-29,0.860069990158081,0.8684800267219543,0.8591200113296509,0.8600299954414368,0
3754,2018-05-30,0.866599977016449,0.8680499792098999,0.8568249940872192,0.8667299747467041,0
3755,2018-05-31,0.8571000099182129,0.8588899970054626,0.8529499769210815,0.8571799993515015,0
3756,2018-06-01,0.8551999926567078,0.8598499894142151,0.8535699844360352,0.8551899790763855,0
3757,2018-06-04,0.8569999933242798,0.8569899797439575,0.8514800071716309,0.8568999767303467,0
3758,2018-06-05,0.8546599745750427,0.8579800128936768,0.8536900281906128,0.8545699715614319,0
3759,2018-06-06,0.8527899980545044,0.853630006313324,0.8476729989051819,0.8527600169181824,0
3760,2018-06-07,0.8485000133514404,0.8486400246620178,0.844523012638092,0.848609983921051,0
3761,2018-06-08,0.8478000164031982,0.8526300191879272,0.8465970158576965,0.8478999733924866,0
3762,2018-06-11,0.848609983921051,0.8491799831390381,0.8460000157356262,0.8483999967575073,0
3763,2018-06-12,0.8493199944496155,0.8515599966049194,0.8468499779701233,0.8493800163269043,0
3764,2018-06-13,0.8511899709701538,0.8522499799728394,0.8482000231742859,0.8512399792671204,0
3765,2018-06-14,0.8468999862670898,0.8599299788475037,0.8444799780845642,0.847000002861023,0
3766,2018-06-15,0.8645600080490112,0.8661500215530396,0.8600999712944031,0.864799976348877,0
3767,2018-06-18,0.8623700141906738,0.8645700216293335,0.8603100180625916,0.8622900247573853,0
3768,2018-06-19,0.859790027141571,0.8670600056648254,0.8586000204086304,0.8598399758338928,0
3769,2018-06-20,0.8629199862480164,0.866100013256073,0.862060010433197,0.8628600239753723,0
3770,2018-06-21,0.8636299967765808,0.8684999942779541,0.859969973564148,0.8637800216674805,0
3771,2018-06-22,0.8616399765014648,0.8619400262832642,0.8564580082893372,0.861549973487854,0
3772,2018-06-25,0.8575299978256226,0.8598499894142151,0.8547000288963318,0.8575900197029114,0
3773,2018-06-26,0.8544999957084656,0.8582199811935425,0.8532000184059143,0.8545699715614319,0
3774,2018-06-27,0.8583499789237976,0.863290011882782,0.8567600250244141,0.8585100173950195,0
3775,2018-06-28,0.8647800087928772,0.8674499988555908,0.8622919917106628,0.864870011806488,0
3776,2018-06-29,0.8648300170898438,0.8647199869155884,0.8559899926185608,0.8647199869155884,0
3777,2018-07-02,0.8562700152397156,0.8626199960708618,0.8562800288200378,0.8562800288200378,0
3778,2018-07-03,0.8589500188827515,0.8603900074958801,0.8565000295639038,0.8590499758720398,0
3779,2018-07-04,0.8576899766921997,0.8597400188446045,0.8560299873352051,0.8576800227165222,0
3780,2018-07-05,0.8574600219726562,0.8583099842071533,0.8532599806785583,0.8575000166893005,0
3781,2018-07-06,0.8550000190734863,0.8561099767684937,0.849810004234314,0.8551499843597412,0
3782,2018-07-09,0.8508999943733215,0.851580023765564,0.8481199741363525,0.8509399890899658,0
3783,2018-07-10,0.8505600094795227,0.8552899956703186,0.850130021572113,0.8505200147628784,0
3784,2018-07-11,0.8527299761772156,0.8548200130462646,0.8506900072097778,0.8524900078773499,0
3785,2018-07-12,0.8564000129699707,0.8583300113677979,0.8549200296401978,0.8564800024032593,0
3786,2018-07-13,0.857200026512146,0.8609899878501892,0.8565000295639038,0.8573600053787231,0
3787,2018-07-16,0.8562300205230713,0.856410026550293,0.8528000116348267,0.8562399744987488,0
3788,2018-07-17,0.8540099859237671,0.8572999835014343,0.8514000177383423,0.8539299964904785,0
3789,2018-07-18,0.8581299781799316,0.8617900013923645,0.8572400212287903,0.8578000068664551,0
3790,2018-07-19,0.8586900234222412,0.863860011100769,0.8578500151634216,0.8586500287055969,0
3791,2018-07-20,0.857990026473999,0.8599900007247925,0.8530700206756592,0.858020007610321,0
3792,2018-07-23,0.8516499996185303,0.8555300235748291,0.8510000109672546,0.8516600131988525,0
3793,2018-07-24,0.8551300168037415,0.8578400015830994,0.8534899950027466,0.8547999858856201,0
3794,2018-07-25,0.8557599782943726,0.8570799827575684,0.8536999821662903,0.8555999994277954,0
3795,2018-07-26,0.8519700169563293,0.858299970626831,0.8515599966049194,0.8518000245094299,0
3796,2018-07-27,0.8588899970054626,0.8603100180625916,0.8574000000953674,0.8587700128555298,0
3797,2018-07-30,0.8575999736785889,0.8584100008010864,0.8532999753952026,0.8574000000953674,0
3798,2018-07-31,0.8541600108146667,0.8552299737930298,0.8511999845504761,0.8540700078010559,0
3799,2018-08-01,0.855459988117218,0.8572400212287903,0.8547999858856201,0.855459988117218,0
3800,2018-08-02,0.857200026512146,0.8617600202560425,0.8568999767303467,0.8573499917984009,0
3801,2018-08-03,0.8631100058555603,0.8648899793624878,0.8611779808998108,0.8631399869918823,0
3802,2018-08-06,0.8648800253868103,0.8672299981117249,0.864300012588501,0.8649500012397766,0
3803,2018-08-07,0.8651999831199646,0.8656499981880188,0.8614000082015991,0.8652399778366089,0
3804,2018-08-08,0.8618500232696533,0.8639600276947021,0.8598999977111816,0.8618199825286865,0
3805,2018-08-09,0.861270010471344,0.8649200201034546,0.8604999780654907,0.8613200187683105,0
3806,2018-08-10,0.8677600026130676,0.8774899840354919,0.866599977016449,0.8673999905586243,0
3807,2018-08-13,0.8776000142097473,0.8798199892044067,0.8745999932289124,0.8775100111961365,0
3808,2018-08-14,0.8769999742507935,0.8812500238418579,0.874813973903656,0.8773099780082703,0
3809,2018-08-15,0.8813899755477905,0.8847799897193909,0.8810999989509583,0.8812000155448914,0
3810,2018-08-16,0.8815000057220459,0.8819599747657776,0.876550018787384,0.8815000057220459,0
3811,2018-08-17,0.8794000148773193,0.8797100186347961,0.8755000233650208,0.8793299794197083,0
3812,2018-08-20,0.8743000030517578,0.877560019493103,0.8734099864959717,0.8742899894714355,0
3813,2018-08-21,0.8702200055122375,0.8705800175666809,0.8666200041770935,0.870389997959137,0
3814,2018-08-22,0.8637999892234802,0.8654699921607971,0.8601999878883362,0.8638299703598022,0
3815,2018-08-23,0.8632000088691711,0.866159975528717,0.8628399968147278,0.8630899786949158,0
3816,2018-08-24,0.8662999868392944,0.866599977016449,0.8593299984931946,0.8663399815559387,0
3817,2018-08-27,0.8584499955177307,0.862280011177063,0.8561000227928162,0.858780026435852,0
3818,2018-08-28,0.85589998960495,0.8573799729347229,0.8522970080375671,0.8559100031852722,0
3819,2018-08-29,0.8553400039672852,0.8580740094184875,0.8542400002479553,0.85521000623703,0
3820,2018-08-30,0.8539900183677673,0.8587999939918518,0.8534200191497803,0.8540199995040894,0
3821,2018-08-31,0.8572900295257568,0.8623300194740295,0.8554800152778625,0.857200026512146,0
3822,2018-09-03,0.8619899749755859,0.8627399802207947,0.8600000143051147,0.8621799945831299,0
3823,2018-09-04,0.8609200119972229,0.8670600056648254,0.8608999848365784,0.8611000180244446,0
3824,2018-09-05,0.863070011138916,0.8660399913787842,0.8596500158309937,0.8629599809646606,0
3825,2018-09-06,0.8594599962234497,0.8615000247955322,0.8579099774360657,0.8594800233840942,0
3826,2018-09-07,0.8605800271034241,0.8647599816322327,0.858299970626831,0.8603000044822693,0
3827,2018-09-10,0.8649700284004211,0.8674799799919128,0.8610000014305115,0.8651300072669983,0
3828,2018-09-11,0.8623700141906738,0.8645399808883667,0.8589000105857849,0.862559974193573,0
3829,2018-09-12,0.8623600006103516,0.8642399907112122,0.8585000038146973,0.8623700141906738,0
3830,2018-09-13,0.8598999977111816,0.8613499999046326,0.854640007019043,0.8600999712944031,0
3831,2018-09-14,0.8553000092506409,0.85794997215271,0.8531500101089478,0.855400025844574,0
3832,2018-09-17,0.8599200248718262,0.860319972038269,0.8550000190734863,0.860319972038269,0
3833,2018-09-18,0.8569599986076355,0.8569599986076355,0.8532099723815918,0.8569599986076355,0
3834,2018-09-19,0.8561699986457825,0.8581200242042542,0.8535000085830688,0.856249988079071,0
3835,2018-09-20,0.8565599918365479,0.856689989566803,0.8491129875183105,0.8565999865531921,0
3836,2018-09-21,0.8491899967193604,0.8521000146865845,0.8473399877548218,0.8491799831390381,0
3837,2018-09-24,0.8509899973869324,0.8528599739074707,0.8463799953460693,0.8509899973869324,0
3838,2018-09-25,0.850849986076355,0.8523300290107727,0.8479999899864197,0.8508300185203552,0
3839,2018-09-26,0.8501099944114685,0.852590024471283,0.8491129875183105,0.8499000072479248,0
3840,2018-09-27,0.851170003414154,0.8572999835014343,0.8503999710083008,0.8512700200080872,0
3841,2018-09-28,0.8593000173568726,0.8642600178718567,0.8581479787826538,0.8593400120735168,0
3842,2018-10-01,0.8616700172424316,0.8646699786186218,0.8604900240898132,0.8616999983787537,0
3843,2018-10-02,0.8637400269508362,0.8690599799156189,0.8633999824523926,0.8637400269508362,0
3844,2018-10-03,0.8656700253486633,0.8683300018310547,0.8625699877738953,0.8657699823379517,0
3845,2018-10-04,0.8713600039482117,0.8722500205039978,0.8668519854545593,0.8712800145149231,0
3846,2018-10-05,0.8682000041007996,0.8704900145530701,0.8663600087165833,0.8682399988174438,0
3847,2018-10-08,0.8678600192070007,0.8725299835205078,0.8672000169754028,0.8677600026130676,0
3848,2018-10-09,0.8700100183486938,0.8746399879455566,0.8691999912261963,0.8699700236320496,0
3849,2018-10-10,0.8690400123596191,0.8710299730300903,0.8664010167121887,0.8692600131034851,0
3850,2018-10-11,0.8670499920845032,0.867139995098114,0.8622499704360962,0.867139995098114,0
3851,2018-10-12,0.862779974937439,0.8667799830436707,0.8613600134849548,0.862779974937439,0
3852,2018-10-15,0.8657000064849854,0.8662800192832947,0.8616499900817871,0.8657299876213074,0
3853,2018-10-16,0.8633000254631042,0.8645200133323669,0.8605800271034241,0.8633099794387817,0
3854,2018-10-17,0.8639100193977356,0.8679199814796448,0.8633999824523926,0.8638299703598022,0
3855,2018-10-18,0.8694999814033508,0.8708599805831909,0.8675000071525574,0.8694999814033508,0
3856,2018-10-19,0.8726000189781189,0.8746100068092346,0.8684700131416321,0.8729699850082397,0
3857,2018-10-22,0.8688499927520752,0.8724200129508972,0.86565101146698,0.8687199950218201,0
3858,2018-10-23,0.871999979019165,0.8741300106048584,0.8703399896621704,0.8722400069236755,0
3859,2018-10-24,0.8715999722480774,0.8784199953079224,0.871399998664856,0.8716400265693665,0
3860,2018-10-25,0.8772500157356262,0.879800021648407,0.8748300075531006,0.8772900104522705,0
3861,2018-10-26,0.8788999915122986,0.8821300268173218,0.8773099780082703,0.8791099786758423,0
3862,2018-10-29,0.8772900104522705,0.8799399733543396,0.875980019569397,0.8772900104522705,0
3863,2018-10-30,0.8790299892425537,0.8812599778175354,0.8781899809837341,0.8791099786758423,0
3864,2018-10-31,0.8813400268554688,0.8840399980545044,0.8802700042724609,0.881380021572113,0
3865,2018-11-01,0.883650004863739,0.8838800191879272,0.8761799931526184,0.883870005607605,0
3866,2018-11-02,0.8769400119781494,0.879069983959198,0.87295001745224,0.8769800066947937,0
3867,2018-11-05,0.8773800134658813,0.880649983882904,0.8766999840736389,0.8774200081825256,0
3868,2018-11-06,0.8762000203132629,0.8777099847793579,0.8742700219154358,0.8765299916267395,0
3869,2018-11-07,0.874239981174469,0.8771499991416931,0.8695700168609619,0.8740500211715698,0
3870,2018-11-08,0.8745800256729126,0.876800000667572,0.8737999796867371,0.8746399879455566,0
3871,2018-11-09,0.8796300292015076,0.8830000162124634,0.8795700073242188,0.8796200156211853,0
3872,2018-11-12,0.8830000162124634,0.889549970626831,0.8823999762535095,0.8830199837684631,0
3873,2018-11-13,0.8902000188827515,0.8910099864006042,0.8855900168418884,0.8909400105476379,0
3874,2018-11-14,0.8840799927711487,0.887719988822937,0.8818600177764893,0.8837000131607056,0
3875,2018-11-15,0.8840299844741821,0.8869199752807617,0.8809700012207031,0.8838899731636047,0
3876,2018-11-16,0.8830100297927856,0.8831899762153625,0.8761000037193298,0.8829799890518188,0
3877,2018-11-19,0.8761199712753296,0.8776199817657471,0.8723800182342529,0.876259982585907,0
3878,2018-11-20,0.872979998588562,0.8781899809837341,0.8716300129890442,0.8730000257492065,0
3879,2018-11-21,0.8793200254440308,0.8797900080680847,0.8755000233650208,0.8792999982833862,0
3880,2018-11-22,0.8780900239944458,0.878250002861023,0.8745800256729126,0.8780500292778015,0
3881,2018-11-23,0.8769500255584717,0.8824300169944763,0.8756999969482422,0.876990020275116,0
3882,2018-11-26,0.8820400238037109,0.8828200101852417,0.8784599900245667,0.8819199800491333,0
3883,2018-11-27,0.8823500275611877,0.8865699768066406,0.8814499974250793,0.8822799921035767,0
3884,2018-11-28,0.8850499987602234,0.8874899744987488,0.8843299746513367,0.8851799964904785,0
3885,2018-11-29,0.8796200156211853,0.881089985370636,0.8770800232887268,0.8797699809074402,0
3886,2018-11-30,0.8777499794960022,0.8838000297546387,0.8770999908447266,0.8777499794960022,0
3887,2018-12-03,0.881659984588623,0.8832600116729736,0.8787299990653992,0.8816900253295898,0
3888,2018-12-04,0.8806800246238708,0.8815799951553345,0.8758299946784973,0.8805999755859375,0
3889,2018-12-05,0.8816099762916565,0.8837800025939941,0.8802599906921387,0.8815500140190125,0
3890,2018-12-06,0.8811299800872803,0.8831300139427185,0.8762500286102295,0.8812699913978577,0
3891,2018-12-07,0.8791400194168091,0.8801800012588501,0.8763700127601624,0.8789799809455872,0
3892,2018-12-10,0.8771200180053711,0.8801000118255615,0.8737000226974487,0.8769000172615051,0
3893,2018-12-11,0.8805500268936157,0.8843600153923035,0.877240002155304,0.8806700110435486,0
3894,2018-12-12,0.8831499814987183,0.8836899995803833,0.8787000179290771,0.8831700086593628,0
3895,2018-12-13,0.8792399764060974,0.8823300004005432,0.8777700066566467,0.8792999982833862,0
3896,2018-12-14,0.8799999952316284,0.8872500061988831,0.879800021648407,0.8800299763679504,0
3897,2018-12-17,0.8844900131225586,0.8845800161361694,0.8807500004768372,0.8844299912452698,0
3898,2018-12-18,0.8810700178146362,0.8819400072097778,0.8769620060920715,0.881060004234314,0
3899,2018-12-19,0.8790900111198425,0.879069983959198,0.8741499781608582,0.879069983959198,0
3900,2018-12-20,0.878000020980835,0.8788599967956543,0.870710015296936,0.8781300187110901,0
3901,2018-12-21,0.8728399872779846,0.8781300187110901,0.8715000152587891,0.8727700114250183,0
3902,2018-12-24,0.879289984703064,0.8793500065803528,0.8742499947547913,0.8793500065803528,0
3903,2018-12-25,0.8768900036811829,0.8794999718666077,0.8755000233650208,0.876800000667572,0
3904,2018-12-26,0.8759999871253967,0.8790299892425537,0.8756999969482422,0.8761600255966187,0
3905,2018-12-27,0.8801800012588501,0.8803499937057495,0.8745599985122681,0.8799999952316284,0
3906,2018-12-28,0.874809980392456,0.8748199939727783,0.8715999722480774,0.8748199939727783,0
3907,2018-12-31,0.8741300106048584,0.8754799962043762,0.8721500039100647,0.874210000038147,0
3908,2019-01-01,0.8700900077819824,0.872219979763031,0.8658000230789185,0.8700000047683716,0
3909,2019-01-02,0.8724700212478638,0.8813899755477905,0.8697919845581055,0.8725000023841858,0
3910,2019-01-03,0.8835399746894836,0.8835999965667725,0.8764899969100952,0.8835999965667725,0
3911,2019-01-04,0.8778799772262573,0.8812000155448914,0.8758299946784973,0.8778899908065796,0
3912,2019-01-07,0.8763899803161621,0.8767899870872498,0.8715000152587891,0.8762000203132629,0
3913,2019-01-08,0.8711000084877014,0.8752999901771545,0.8705999851226807,0.8711299896240234,0
3914,2019-01-09,0.8729000091552734,0.8740000128746033,0.8665400147438049,0.8728100061416626,0
3915,2019-01-10,0.8654299974441528,0.8687000274658203,0.8641999959945679,0.8654099702835083,0
3916,2019-01-11,0.8687999844551086,0.8726199865341187,0.8666260242462158,0.8684200048446655,0
3917,2019-01-14,0.8725900053977966,0.8732399940490723,0.8708000183105469,0.8723899722099304,0
3918,2019-01-15,0.8716199994087219,0.8782600164413452,0.870199978351593,0.8715999722480774,0
3919,2019-01-16,0.8758999705314636,0.87882000207901,0.8754799962043762,0.8761100172996521,0
3920,2019-01-17,0.8773400187492371,0.8793200254440308,0.8766000270843506,0.877269983291626,0
3921,2019-01-18,0.8777599930763245,0.8807299733161926,0.8763999938964844,0.8778200149536133,0
3922,2019-01-21,0.8798499703407288,0.8804399967193604,0.8780999779701233,0.879859983921051,0
3923,2019-01-22,0.8795599937438965,0.8820800185203552,0.8791000247001648,0.8795400261878967,0
3924,2019-01-23,0.8799700140953064,0.8809300065040588,0.8777199983596802,0.8799899816513062,0
3925,2019-01-24,0.8780999779701233,0.8839200139045715,0.8776999711990356,0.8781899809837341,0
3926,2019-01-25,0.883899986743927,0.8845000267028809,0.8762999773025513,0.8841800093650818,0
3927,2019-01-28,0.8761900067329407,0.8778899908065796,0.8737000226974487,0.8762199878692627,0
3928,2019-01-29,0.8748900294303894,0.8762900233268738,0.8733199834823608,0.8749099969863892,0
3929,2019-01-30,0.8744800090789795,0.8765299916267395,0.8733400106430054,0.8744999766349792,0
3930,2019-01-31,0.8705000281333923,0.8733199834823608,0.8685299754142761,0.8706600069999695,0
3931,2019-02-01,0.8733999729156494,0.8744999766349792,0.8704400062561035,0.8733000159263611,0
3932,2019-02-04,0.8729599714279175,0.8752400279045105,0.8723999857902527,0.8728100061416626,0
3933,2019-02-05,0.8744099736213684,0.8769400119781494,0.8738999962806702,0.8744500279426575,0
3934,2019-02-06,0.8764299750328064,0.8790900111198425,0.8763499855995178,0.8765199780464172,0
3935,2019-02-07,0.8798199892044067,0.8829200267791748,0.8794999718666077,0.8797900080680847,0
3936,2019-02-08,0.8819299936294556,0.8832499980926514,0.8809800148010254,0.8818399906158447,0
3937,2019-02-11,0.8830599784851074,0.8870400190353394,0.8824999928474426,0.8830599784851074,0
3938,2019-02-12,0.8866000175476074,0.888189971446991,0.883400022983551,0.8865000009536743,0
3939,2019-02-13,0.8822500109672546,0.8863000273704529,0.8815000057220459,0.8823999762535095,0
3940,2019-02-14,0.8877099752426147,0.8888400197029114,0.8843100070953369,0.8877800107002258,0
3941,2019-02-15,0.8853200078010559,0.8900799751281738,0.8851000070571899,0.8853700160980225,0
3942,2019-02-18,0.8851100206375122,0.8853600025177002,0.8822900056838989,0.8853600025177002,0
3943,2019-02-19,0.8840199708938599,0.8867599964141846,0.8816900253295898,0.8840100169181824,0
3944,2019-02-20,0.881600022315979,0.8829299807548523,0.8795400261878967,0.881600022315979,0
3945,2019-02-21,0.8813400268554688,0.8831899762153625,0.879830002784729,0.8813400268554688,0
3946,2019-02-22,0.881600022315979,0.8834900259971619,0.8806099891662598,0.881850004196167,0
3947,2019-02-25,0.881659984588623,0.8819900155067444,0.8797000050544739,0.881820023059845,0
3948,2019-02-26,0.8797000050544739,0.8813300132751465,0.8788400292396545,0.879800021648407,0
3949,2019-02-27,0.8777199983596802,0.8799800276756287,0.8769000172615051,0.8776400089263916,0
3950,2019-02-28,0.8787199854850769,0.8802199959754944,0.8755000233650208,0.8788999915122986,0
3951,2019-03-01,0.8792399764060974,0.8807200193405151,0.8765100240707397,0.8793100118637085,0
3952,2019-03-04,0.8790500164031982,0.8841300010681152,0.8791000247001648,0.8791000247001648,0
3953,2019-03-05,0.8820400238037109,0.8854900002479553,0.8819000124931335,0.8819699883460999,0
3954,2019-03-06,0.8844000101089478,0.8856099843978882,0.8830000162124634,0.8844699859619141,0
3955,2019-03-07,0.8838599920272827,0.8921599984169006,0.883400022983551,0.8839799761772156,0
3956,2019-03-08,0.892989993095398,0.8939700126647949,0.8893200159072876,0.8927000164985657,0
3957,2019-03-11,0.89028000831604,0.8910599946975708,0.8883000016212463,0.8903899788856506,0
3958,2019-03-12,0.888159990310669,0.8888700008392334,0.8853999972343445,0.888189971446991,0
3959,2019-03-13,0.8859400153160095,0.8866000175476074,0.8838800191879272,0.8859900236129761,0
3960,2019-03-14,0.8825299739837646,0.8853700160980225,0.8821499943733215,0.882390022277832,0
3961,2019-03-15,0.8842999935150146,0.8847799897193909,0.881600022315979,0.8843600153923035,0
3962,2019-03-18,0.8834099769592285,0.8901000022888184,0.880299985408783,0.883400022983551,0
3963,2019-03-19,0.8821300268173218,0.8822799921035767,0.8799999952316284,0.8821799755096436,0
3964,2019-03-20,0.8806800246238708,0.8821099996566772,0.8797000050544739,0.8808199763298035,0
3965,2019-03-21,0.8750500082969666,0.8806599974632263,0.8741300106048584,0.8748900294303894,0
3966,2019-03-22,0.8791199922561646,0.8868700265884399,0.8777999877929688,0.8791999816894531,0
3967,2019-03-25,0.8852800130844116,0.885699987411499,0.8824800252914429,0.8852599859237671,0
3968,2019-03-26,0.8837199807167053,0.8865600228309631,0.8827000260353088,0.8838199973106384,0
3969,2019-03-27,0.886929988861084,0.8894699811935425,0.8860899806022644,0.8869600296020508,0
3970,2019-03-28,0.8887500166893005,0.8916500210762024,0.8878629803657532,0.8887799978256226,0
3971,2019-03-29,0.890470027923584,0.8919900059700012,0.88919997215271,0.8905100226402283,0
3972,2019-04-01,0.8909599781036377,0.8920699954032898,0.8888700008392334,0.8909900188446045,0
3973,2019-04-02,0.8924000263214111,0.8940899968147278,0.8917419910430908,0.8923799991607666,0
3974,2019-04-03,0.892549991607666,0.8926600217819214,0.8884940147399902,0.8926299810409546,0
3975,2019-04-04,0.8891299962997437,0.8921200037002563,0.8888999819755554,0.8892599940299988,0
3976,2019-04-05,0.8907999992370605,0.8919299840927124,0.8895599842071533,0.8909000158309937,0
3977,2019-04-08,0.8913000226020813,0.8916199803352356,0.8869900107383728,0.8910999894142151,0
3978,2019-04-09,0.8883799910545349,0.8883799910545349,0.8859000205993652,0.8883799910545349,0
3979,2019-04-10,0.8875499963760376,0.8903899788856506,0.8863000273704529,0.8877099752426147,0
3980,2019-04-11,0.8867999911308289,0.8884099721908569,0.8859400153160095,0.8868299722671509,0
3981,2019-04-12,0.8880400061607361,0.88823002576828,0.8830000162124634,0.8881499767303467,0
3982,2019-04-15,0.8845599889755249,0.8849999904632568,0.8831999897956848,0.8846700191497803,0
3983,2019-04-16,0.8845700025558472,0.8860499858856201,0.8837829828262329,0.8846099972724915,0
3984,2019-04-17,0.8861299753189087,0.8863800168037415,0.8830999732017517,0.8861200213432312,0
3985,2019-04-18,0.8851799964904785,0.8898599743843079,0.8844860196113586,0.8848999738693237,0
3986,2019-04-19,0.8899999856948853,0.8902300000190735,0.8888000249862671,0.889989972114563,0
3987,2019-04-22,0.8893200159072876,0.8899400234222412,0.8877999782562256,0.8893200159072876,0
3988,2019-04-23,0.8881800174713135,0.8933799862861633,0.8880000114440918,0.888189971446991,0
3989,2019-04-24,0.8909199833869934,0.8942099809646606,0.8909000158309937,0.8909100294113159,0
3990,2019-04-25,0.8965799808502197,0.8991400003433228,0.8957359790802002,0.8963000178337097,0
3991,2019-04-26,0.8979200124740601,0.8990399837493896,0.8950300216674805,0.8978999853134155,0
3992,2019-04-29,0.89683997631073,0.8972200155258179,0.8952599763870239,0.8969399929046631,0
3993,2019-04-30,0.8940399885177612,0.8947299718856812,0.890500009059906,0.8941199779510498,0
3994,2019-05-01,0.8915799856185913,0.8917099833488464,0.8888900279998779,0.8913999795913696,0
3995,2019-05-02,0.8927900195121765,0.8949699997901917,0.8914099931716919,0.8927099704742432,0
3996,2019-05-03,0.8949699997901917,0.8975600004196167,0.892799973487854,0.8950499892234802,0
3997,2019-05-06,0.8939899802207947,0.8944600224494934,0.8924999833106995,0.8938900232315063,0
3998,2019-05-07,0.8927099704742432,0.8947700262069702,0.8913000226020813,0.8924999833106995,0
3999,2019-05-08,0.8935700058937073,0.8936899900436401,0.8916630148887634,0.8936899900436401,0
4000,2019-05-09,0.892989993095398,0.8948000073432922,0.8888099789619446,0.893060028553009,0
4001,2019-05-10,0.8910999894142151,0.8913800120353699,0.888700008392334,0.8913800120353699,0
4002,2019-05-13,0.889959990978241,0.8909400105476379,0.8878300189971924,0.8899400234222412,0
4003,2019-05-14,0.8902699947357178,0.8924700021743774,0.88919997215271,0.89028000831604,0
4004,2019-05-15,0.8924999833106995,0.8944200277328491,0.8910499811172485,0.8925700187683105,0
4005,2019-05-16,0.8922799825668335,0.8949099779129028,0.8909199833869934,0.8920999765396118,0
4006,2019-05-17,0.8949699997901917,0.8962699770927429,0.89410001039505,0.8948699831962585,0
4007,2019-05-20,0.8956300020217896,0.8967599868774414,0.8946939706802368,0.8956300020217896,0
4008,2019-05-21,0.8953700065612793,0.8974699974060059,0.8942000269889832,0.8952999711036682,0
4009,2019-05-23,0.8964200019836426,0.9001299738883972,0.8950300216674805,0.8964499831199646,0
4010,2019-05-24,0.8940899968147278,0.8946099877357483,0.8919000029563904,0.8941500186920166,0
4011,2019-05-27,0.8920900225639343,0.893809974193573,0.8913999795913696,0.8923500180244446,0
4012,2019-05-28,0.8933500051498413,0.895110011100769,0.8928999900817871,0.8933699727058411,0
4013,2019-05-29,0.8952000141143799,0.8988000154495239,0.8948000073432922,0.8952000141143799,0
4014,2019-05-30,0.8978800177574158,0.899399995803833,0.8971800208091736,0.8978000283241272,0
4015,2019-05-31,0.8983799815177917,0.8987500071525574,0.8945000171661377,0.8984799981117249,0
4016,2019-06-03,0.8949300050735474,0.8958799839019775,0.8919810056686401,0.8949800133705139,0
4017,2019-06-04,0.8891800045967102,0.8906499743461609,0.8866999745368958,0.889240026473999,0
4018,2019-06-05,0.8885700106620789,0.8896899819374084,0.8845999836921692,0.8884900212287903,0
4019,2019-06-06,0.8905500173568726,0.8909599781036377,0.8843399882316589,0.89069002866745,0
4020,2019-06-07,0.8867999911308289,0.8886399865150452,0.8812000155448914,0.8868799805641174,0
4021,2019-06-10,0.8833799958229065,0.8855800032615662,0.8828499913215637,0.8834699988365173,0
4022,2019-06-11,0.8835399746894836,0.8845800161361694,0.8823999762535095,0.8835200071334839,0
4023,2019-06-12,0.8826500177383423,0.8842899799346924,0.881600022315979,0.8826599717140198,0
4024,2019-06-13,0.8852999806404114,0.887220025062561,0.8845639824867249,0.8855000138282776,0
4025,2019-06-14,0.886489987373352,0.8916599750518799,0.885699987411499,0.8865600228309631,0
4026,2019-06-17,0.8914999961853027,0.8924300074577332,0.8892049789428711,0.8915799856185913,0
4027,2019-06-18,0.8909000158309937,0.8942700028419495,0.8893629908561707,0.8906999826431274,0
4028,2019-06-19,0.8930000066757202,0.8937600255012512,0.8910999894142151,0.893060028553009,0
4029,2019-06-20,0.8898000121116638,0.8900099992752075,0.8837699890136719,0.8900099992752075,0
4030,2019-06-21,0.8852999806404114,0.8862400054931641,0.8823500275611877,0.8854900002479553,0
4031,2019-06-24,0.8783699870109558,0.8792099952697754,0.8770999908447266,0.8784999847412109,0
4032,2019-06-25,0.8771700263023376,0.8788599967956543,0.8761199712753296,0.8771799802780151,0
4033,2019-06-26,0.8795099854469299,0.8809900283813477,0.878000020980835,0.8796200156211853,0
4034,2019-06-27,0.8791400194168091,0.8811799883842468,0.8784999847412109,0.8791499733924866,0
4035,2019-06-28,0.8792799711227417,0.8801800012588501,0.8776999711990356,0.8794000148773193,0
4036,2019-07-01,0.8798999786376953,0.8845099806785583,0.8797000050544739,0.8799999952316284,0
4037,2019-07-02,0.8859400153160095,0.8867800235748291,0.8833100199699402,0.8859699964523315,0
4038,2019-07-03,0.8855000138282776,0.8872799873352051,0.8845400214195251,0.885670006275177,0
4039,2019-07-04,0.8859000205993652,0.8869699835777283,0.8851000070571899,0.8859000205993652,0
4040,2019-07-05,0.8860700130462646,0.8921999931335449,0.8859000205993652,0.8860499858856201,0
4041,2019-07-08,0.8906800150871277,0.8921899795532227,0.8899000287055969,0.8906400203704834,0
4042,2019-07-09,0.8915799856185913,0.8932300209999084,0.8910999894142151,0.8916800022125244,0
4043,2019-07-10,0.8921999931335449,0.8926500082015991,0.8878629803657532,0.892490029335022,0
4044,2019-07-11,0.888189971446991,0.8887500166893005,0.8859000205993652,0.8880000114440918,0
4045,2019-07-12,0.888700008392334,0.8896999955177307,0.8866819739341736,0.8888700008392334,0
4046,2019-07-15,0.88714998960495,0.8884400129318237,0.8860539793968201,0.8871700167655945,0
4047,2019-07-16,0.8879600167274475,0.8921399712562561,0.8876000046730042,0.8880299925804138,0
4048,2019-07-17,0.8918799757957458,0.892769992351532,0.8902000188827515,0.8917999863624573,0
4049,2019-07-18,0.890500009059906,0.8923599720001221,0.8891000151634216,0.8906499743461609,0
4050,2019-07-19,0.8879799842834473,0.8916599750518799,0.8871999979019165,0.8879799842834473,0
4051,2019-07-22,0.8913999795913696,0.8921899795532227,0.8906999826431274,0.8914200067520142,0
4052,2019-07-23,0.8923699855804443,0.8968899846076965,0.8920000195503235,0.8924599885940552,0
4053,2019-07-24,0.8967599868774414,0.8984699845314026,0.896399974822998,0.8967800140380859,0
4054,2019-07-25,0.8974699974060059,0.9005900025367737,0.8938999772071838,0.8974800109863281,0
4055,2019-07-26,0.8971700072288513,0.8996300101280212,0.8966000080108643,0.8972499966621399,0
4056,2019-07-29,0.8982999920845032,0.8997300267219543,0.8973000049591064,0.8984000086784363,0
4057,2019-07-30,0.8974199891090393,0.8982099890708923,0.8962100148200989,0.8974900245666504,0
4058,2019-07-31,0.8962200284004211,0.8986499905586243,0.8956999778747559,0.8962699770927429,0
4059,2019-08-01,0.9031999707221984,0.9068199992179872,0.9031000137329102,0.9031599760055542,0
4060,2019-08-02,0.902620017528534,0.9032800197601318,0.8997499942779541,0.9023799896240234,0
4061,2019-08-05,0.9002500176429749,0.9003000259399414,0.8928999900817871,0.9003000259399414,0
4062,2019-08-06,0.8893799781799316,0.8952000141143799,0.8889099955558777,0.8894699811935425,0
4063,2019-08-07,0.892300009727478,0.8943799734115601,0.8896009922027588,0.8923900127410889,0
4064,2019-08-08,0.8925099968910217,0.89410001039505,0.8906000256538391,0.8924700021743774,0
4065,2019-08-09,0.8938800096511841,0.8941299915313721,0.8912799954414368,0.8938699960708618,0
4066,2019-08-12,0.8921800255775452,0.8957899808883667,0.8904500007629395,0.8923100233078003,0
4067,2019-08-13,0.8913999795913696,0.894599974155426,0.8906099796295166,0.8913999795913696,0
4068,2019-08-14,0.8946899771690369,0.8976699709892273,0.8935750126838684,0.8946499824523926,0
4069,2019-08-15,0.8974000215530396,0.9012600183486938,0.8961380124092102,0.8972600102424622,0
4070,2019-08-16,0.8998000025749207,0.9035500288009644,0.8998000025749207,0.8999800086021423,0
4071,2019-08-19,0.9014000296592712,0.9018599987030028,0.9000899791717529,0.9014000296592712,0
4072,2019-08-20,0.9022700190544128,0.9034299850463868,0.9009820222854614,0.9023200273513794,0
4073,2019-08-21,0.9010800123214722,0.9018099904060364,0.9003000259399414,0.9010199904441832,0
4074,2019-08-22,0.9016500115394592,0.90378999710083,0.8997660279273987,0.9016799926757812,0
4075,2019-08-23,0.9021999835968018,0.9047319889068604,0.8969410061836243,0.9022600054740906,0
4076,2019-08-26,0.8974199891090393,0.9002199769020081,0.8966599702835083,0.8974199891090393,0
4077,2019-08-27,0.900600016117096,0.9018099904060364,0.899399995803833,0.9008100032806396,0
4078,2019-08-28,0.9017099738121032,0.9029800295829772,0.9009000062942504,0.9017099738121032,0
4079,2019-08-29,0.9020500183105468,0.9044700264930724,0.9017000198364258,0.9020900130271912,0
4080,2019-08-30,0.9039999842643738,0.9101499915122986,0.9040799736976624,0.9041900038719176,0
4081,2019-09-02,0.9097700119018556,0.9125099778175354,0.9093000292778016,0.9098399877548218,0
4082,2019-09-03,0.9117000102996826,0.9148799777030944,0.9109699726104736,0.9118000268936156,0
4083,2019-09-04,0.911199986934662,0.9113500118255616,0.9062079787254332,0.9112799763679504,0
4084,2019-09-05,0.9062100052833556,0.907580018043518,0.9023000001907348,0.906000018119812,0
4085,2019-09-06,0.9060999751091005,0.9073399901390076,0.9043700098991394,0.9060999751091005,0
4086,2019-09-09,0.907389998435974,0.9077600240707396,0.9037299752235411,0.907379984855652,0
4087,2019-09-10,0.905110001564026,0.906470000743866,0.90420001745224,0.9052000045776368,0
4088,2019-09-11,0.9049500226974488,0.9102299809455872,0.9042999744415284,0.9049999713897704,0
4089,2019-09-12,0.9079800248146056,0.9149500131607056,0.9027299880981444,0.9078999757766724,0
4090,2019-09-13,0.9042999744415284,0.9043499827384948,0.900160014629364,0.9043499827384948,0
4091,2019-09-16,0.9022499918937684,0.9095100164413452,0.902180016040802,0.9021900296211244,0
4092,2019-09-17,0.9085999727249146,0.9096800088882446,0.9035000205039978,0.9087600111961364,0
4093,2019-09-18,0.9029600024223328,0.906000018119812,0.9027000069618224,0.9029899835586548,0
4094,2019-09-19,0.906499981880188,0.9071499705314636,0.902935028076172,0.906499981880188,0
4095,2019-09-20,0.9050999879837036,0.909189999103546,0.9034240245819092,0.9053000211715698,0
4096,2019-09-23,0.9075199961662292,0.9117199778556824,0.9067800045013428,0.907480001449585,0
4097,2019-09-24,0.9096099734306335,0.910319983959198,0.9079399704933168,0.9096099734306335,0
4098,2019-09-25,0.9077000021934508,0.9133800268173218,0.9075000286102296,0.907800018787384,0
4099,2019-09-26,0.912999987602234,0.9153199791908264,0.9118000268936156,0.9130899906158448,0
4100,2019-09-27,0.9155200123786926,0.9169399738311768,0.9125400185585022,0.9154899716377258,0
4101,2019-09-30,0.9138500094413756,0.918470025062561,0.9133999943733216,0.9139400124549866,0
4102,2019-10-01,0.917460024356842,0.9189900159835817,0.91430002450943,0.9175000190734864,0
4103,2019-10-02,0.9144999980926514,0.9169899821281432,0.9125800132751464,0.9144600033760072,0
4104,2019-10-03,0.9121000170707704,0.913919985294342,0.9092299938201904,0.9122400283813475,0
4105,2019-10-04,0.9111300110816956,0.9124799966812134,0.9097300171852112,0.9111700057983398,0
4106,2019-10-07,0.9101999998092652,0.9121000170707704,0.9089999794960022,0.9101999998092652,0
4107,2019-10-08,0.911400020122528,0.9135199785232544,0.9092559814453124,0.9113500118255616,0
4108,2019-10-09,0.9124000072479248,0.912779986858368,0.9097530245780944,0.9123899936676024,0
4109,2019-10-10,0.910099983215332,0.9107099771499634,0.9063000082969666,0.910260021686554,0
4110,2019-10-11,0.9081799983978271,0.9087700247764589,0.9039959907531738,0.9078999757766724,0
4111,2019-10-14,0.9066179990768432,0.9078400135040284,0.905551016330719,0.9067699909210204,0
4112,2019-10-15,0.9067000150680542,0.9096900224685668,0.9053500294685364,0.9069600105285645,0
4113,2019-10-16,0.9062299728393556,0.9071499705314636,0.9028300046920776,0.9062899947166444,0
4114,2019-10-17,0.9029399752616882,0.9036800265312196,0.8976699709892273,0.9029920101165771,0
4115,2019-10-18,0.8986999988555908,0.8996800184249878,0.8959000110626221,0.8986999988555908,0
4116,2019-10-21,0.896399974822998,0.8976659774780273,0.8944000005722046,0.896369993686676,0
4117,2019-10-22,0.8967199921607971,0.8988999724388123,0.8960000276565552,0.8967000246047974,0
4118,2019-10-23,0.8985300064086914,0.9002500176429749,0.8981999754905701,0.8985000252723694,0
4119,2019-10-24,0.8982800245285034,0.9014000296592712,0.8956000208854675,0.8982599973678589,0
4120,2019-10-25,0.9005799889564514,0.9024900197982788,0.8988000154495239,0.9005399942398071,0
4121,2019-10-28,0.902180016040802,0.9027600288391112,0.9003599882125854,0.9021400213241576,0
4122,2019-10-29,0.9009699821472168,0.9029300212860109,0.8993800282478333,0.9006999731063843,0
4123,2019-10-30,0.8996999859809875,0.900629997253418,0.8988000154495239,0.8999099731445312,0
4124,2019-10-31,0.8964999914169312,0.898169994354248,0.8946999907493591,0.8965200185775757,0
4125,2019-11-01,0.8962900042533875,0.8984100222587585,0.8949000239372253,0.896369993686676,0
4126,2019-11-04,0.8955299854278564,0.897504985332489,0.8946939706802368,0.8952999711036682,0
4127,2019-11-05,0.8985900282859802,0.9037799835205078,0.8977469801902771,0.89860999584198,0
4128,2019-11-06,0.902999997138977,0.9035500288009644,0.901300013065338,0.9029800295829772,0
4129,2019-11-07,0.903310000896454,0.9059600234031676,0.9016000032424928,0.9032899737358092,0
4130,2019-11-08,0.9074659943580629,0.90762197971344,0.9059500098228456,0.9062399864196776,0
4131,2019-11-11,0.9072399735450744,0.9076700210571288,0.9054999947547911,0.9072099924087524,0
4132,2019-11-12,0.9061700105667114,0.9087700247764589,0.9057000279426576,0.906220018863678,0
4133,2019-11-13,0.9080700278282166,0.9089999794960022,0.9074000120162964,0.9080899953842164,0
4134,2019-11-14,0.9079999923706056,0.909850001335144,0.9076200127601624,0.9083700180053712,0
4135,2019-11-15,0.9074000120162964,0.907829999923706,0.9045000076293944,0.9071999788284302,0
4136,2019-11-18,0.9045600295066832,0.9046499729156494,0.9016320109367372,0.9046499729156494,0
4137,2019-11-19,0.9031500220298768,0.9038100242614746,0.9021000266075134,0.9031599760055542,0
4138,2019-11-20,0.9025269746780396,0.9046800136566162,0.9023000001907348,0.9024999737739564,0
4139,2019-11-21,0.902620017528534,0.9038500189781188,0.9011899828910828,0.9026100039482116,0
4140,2019-11-22,0.9036800265312196,0.9067299962043762,0.9026399850845336,0.9036999940872192,0
4141,2019-11-25,0.907230019569397,0.9085800051689148,0.9063000082969666,0.9071000218391418,0
4142,2019-11-26,0.9078999757766724,0.9084299802780152,0.9068999886512756,0.9081000089645386,0
4143,2019-11-27,0.907230019569397,0.9096400141716005,0.9072700142860411,0.9072700142860411,0
4144,2019-11-28,0.9086899757385254,0.908959984779358,0.9075000286102296,0.9085900187492372,0
4145,2019-11-29,0.9081199765205384,0.910510003566742,0.9068899750709534,0.9081599712371826,0
4146,2019-12-02,0.9075199961662292,0.9087799787521362,0.9017800092697144,0.9076300263404846,0
4147,2019-12-03,0.9025999903678894,0.9036300182342528,0.9014999866485596,0.9028499722480774,0
4148,2019-12-04,0.9021000266075134,0.9035099744796752,0.8998100161552429,0.9023799896240234,0
4149,2019-12-05,0.9022799730300904,0.9025300145149232,0.9004999995231628,0.9023100137710572,0
4150,2019-12-06,0.9004600048065186,0.9056100249290466,0.8999000191688538,0.9005600214004517,0
4151,2019-12-09,0.9042500257492064,0.9046499729156494,0.9024999737739564,0.9043390154838562,0
4152,2019-12-10,0.903751015663147,0.9038699865341188,0.901099979877472,0.90378999710083,0
4153,2019-12-11,0.9014899730682372,0.9031999707221984,0.9010000228881836,0.9014000296592712,0
4154,2019-12-12,0.8980000019073486,0.899940013885498,0.896589994430542,0.8982099890708923,0
4155,2019-12-13,0.8939700126647949,0.899370014667511,0.8938999772071838,0.8941799998283386,0
4156,2019-12-16,0.8989199995994568,0.8989999890327454,0.8962299823760986,0.898859977722168,0
4157,2019-12-17,0.8979099988937378,0.8984000086784363,0.8949999809265137,0.8978999853134155,0
4158,2019-12-18,0.8967499732971191,0.8999800086021423,0.8967400193214417,0.8967400193214417,0
4159,2019-12-19,0.8996099829673767,0.9000999927520752,0.8974699974060059,0.8996099829673767,0
4160,2019-12-20,0.8988000154495239,0.9029899835586548,0.8988000154495239,0.8989800214767456,0
4161,2019-12-23,0.9025400280952454,0.903219997882843,0.901099979877472,0.9025400280952454,0
4162,2019-12-24,0.9014000296592712,0.9032899737358092,0.901099979877472,0.9014700055122375,0
4163,2019-12-25,0.9017000198364258,0.9027000069618224,0.9002000093460083,0.9016000032424928,0
4164,2019-12-26,0.9012699723243712,0.9023000001907348,0.9004999995231628,0.901300013065338,0
4165,2019-12-27,0.9008100032806396,0.9009010195732116,0.8944000005722046,0.9007999897003174,0
4166,2019-12-30,0.8942700028419495,0.8943300247192383,0.8912100195884705,0.8943300247192383,0
4167,2019-12-31,0.8926740288734436,0.892799973487854,0.8895999789237976,0.8924999833106995,0
4168,2020-01-01,0.8912000060081482,0.8960999846458435,0.8906000256538391,0.8912000060081482,0
4169,2020-01-02,0.8912000060081482,0.8955100178718567,0.8906999826431274,0.8913499712944031,0
4170,2020-01-03,0.8951399922370911,0.8988199830055237,0.8944000005722046,0.8951900005340576,0
4171,2020-01-06,0.8959000110626221,0.8962100148200989,0.8921999931335449,0.8958600163459778,0
4172,2020-01-07,0.8930169939994812,0.8980799913406372,0.8928999900817871,0.8931900262832642,0
4173,2020-01-08,0.8964800238609314,0.9000200033187866,0.8956400156021118,0.896399974822998,0
4174,2020-01-09,0.8998299837112427,0.901300013065338,0.8991000056266785,0.8997300267219543,0
4175,2020-01-10,0.8999999761581421,0.90201997756958,0.8992000222206116,0.9001500010490417,0
4176,2020-01-13,0.8995500206947327,0.8997600078582764,0.8972899913787842,0.8995599746704102,0
4177,2020-01-14,0.8980100154876709,0.9004499912261963,0.8971999883651733,0.8981099724769592,0
4178,2020-01-15,0.8984000086784363,0.8992599844932556,0.8957800269126892,0.8985000252723694,0
4179,2020-01-16,0.8965389728546143,0.8984900116920471,0.8950999975204468,0.8966439962387085,0
4180,2020-01-17,0.8977000117301941,0.9019100069999696,0.8972629904747009,0.8978270292282104,0
4181,2020-01-20,0.9013400077819824,0.9027299880981444,0.9004999995231628,0.901289999485016,0
4182,2020-01-21,0.9011499881744384,0.9020000100135804,0.8992999792098999,0.9011899828910828,0
4183,2020-01-22,0.9020699858665466,0.9032099843025208,0.9010800123214722,0.9020500183105468,0
4184,2020-01-23,0.9011899828910828,0.9060400128364564,0.9006400108337402,0.901099979877472,0
4185,2020-01-24,0.9045500159263612,0.9073399901390076,0.9040899872779846,0.9045400023460388,0
4186,2020-01-27,0.9070000052452089,0.9082599878311156,0.9057999849319458,0.9069200158119202,0
4187,2020-01-28,0.9074599742889404,0.9092100262641908,0.9068999886512756,0.9074699878692628,0
4188,2020-01-29,0.907230019569397,0.9096500277519226,0.9065999984741212,0.9071999788284302,0
4189,2020-01-30,0.9077000021934508,0.9084100127220154,0.9060800075531006,0.9079300165176392,0
4190,2020-01-31,0.906690001487732,0.90760999917984,0.9017000198364258,0.906719982624054,0
4191,2020-02-03,0.9017300009727478,0.9055100083351136,0.9017900228500366,0.9017900228500366,0
4192,2020-02-04,0.9039199948310852,0.9063000082969666,0.9036999940872192,0.9039199948310852,0
4193,2020-02-05,0.9052000045776368,0.9092299938201904,0.9050999879837036,0.9054099917411804,0
4194,2020-02-06,0.908900022506714,0.9119499921798706,0.9080299735069276,0.9090499877929688,0
4195,2020-02-07,0.9104999899864196,0.9135000109672546,0.9101669788360596,0.9106600284576416,0
4196,2020-02-10,0.9132999777793884,0.9166240096092224,0.9122999906539916,0.913349986076355,0
4197,2020-02-11,0.9162999987602234,0.9179800152778624,0.9151639938354492,0.9164000153541564,0
4198,2020-02-12,0.9157999753952026,0.9185199737548828,0.915332019329071,0.9156000018119812,0
4199,2020-02-13,0.9194599986076356,0.92289000749588,0.9182000160217284,0.9194200038909912,0
4200,2020-02-14,0.921999990940094,0.9232500195503236,0.9205999970436096,0.921999990940094,0
4201,2020-02-17,0.9223600029945374,0.9233400225639344,0.9213190078735352,0.9224600195884703,0
4202,2020-02-18,0.9225000143051147,0.927049994468689,0.9225940108299256,0.922760009765625,0
4203,2020-02-19,0.9263200163841248,0.9273340106010436,0.9251999855041504,0.9263799786567688,0
4204,2020-02-20,0.9250609874725342,0.9276800155639648,0.9241290092468262,0.925100028514862,0
4205,2020-02-21,0.9269559979438782,0.9269800186157228,0.9204999804496764,0.9269800186157228,0
4206,2020-02-24,0.9225900173187256,0.9251999855041504,0.9204999804496764,0.92263001203537,0
4207,2020-02-25,0.9217270016670228,0.9232100248336792,0.918969988822937,0.9217399954795836,0
4208,2020-02-26,0.918949007987976,0.921180009841919,0.9171299934387208,0.9190329909324646,0
4209,2020-02-27,0.918619990348816,0.9186400175094604,0.9086199998855592,0.9186400175094604,0
4210,2020-02-28,0.9093199968338012,0.9131100177764891,0.9047499895095824,0.9094600081443788,0
4211,2020-03-02,0.9048699736595154,0.9060199856758118,0.8957300186157227,0.904770016670227,0
4212,2020-03-03,0.8973399996757507,0.9011200070381165,0.8922600150108337,0.8973199725151062,0
4213,2020-03-04,0.8944000005722046,0.9011499881744384,0.8939999938011169,0.8946700096130371,0
4214,2020-03-05,0.8977400064468384,0.8991400003433228,0.8924999833106995,0.8977400064468384,0
4215,2020-03-06,0.8909599781036377,0.8917499780654907,0.8806899785995483,0.8909599781036377,0
4216,2020-03-09,0.8782699704170227,0.8805299997329712,0.8698800206184387,0.8782600164413452,0
4217,2020-03-10,0.8773499727249146,0.8822900056838989,0.8754299879074097,0.8773900270462036,0
4218,2020-03-11,0.8836650252342224,0.8881779909133911,0.8798199892044067,0.8836899995803833,0
4219,2020-03-12,0.8879799842834473,0.902459979057312,0.882390022277832,0.8880400061607361,0
4220,2020-03-13,0.8940600156784058,0.9037200212478638,0.8911600112915039,0.8941699862480164,0
4221,2020-03-16,0.8964300155639648,0.9018200039863586,0.8900439739227295,0.8960899710655212,0
4222,2020-03-17,0.895799994468689,0.9125800132751464,0.8937299847602844,0.8957899808883667,0
4223,2020-03-18,0.9078099727630616,0.9232000112533568,0.9053869843482972,0.9077000021934508,0
4224,2020-03-19,0.912280023097992,0.9347599744796752,0.9136099815368652,0.9137899875640868,0
4225,2020-03-20,0.938319981098175,0.9385700225830078,0.9233700037002563,0.9382200241088868,0
4226,2020-03-23,0.935069978237152,0.9380499720573424,0.923799991607666,0.935670018196106,0
4227,2020-03-24,0.9289699792861938,0.9299399852752686,0.91839998960495,0.9289600253105164,0
4228,2020-03-25,0.9257000088691713,0.9284899830818176,0.9217000007629396,0.925819993019104,0
4229,2020-03-26,0.9183099865913392,0.919409990310669,0.9069899916648864,0.9184799790382384,0
4230,2020-03-27,0.905120015144348,0.9128100275993348,0.9020000100135804,0.9052900075912476,0
4231,2020-03-30,0.8977400064468384,0.908079981803894,0.8978400230407715,0.8980399966239929,0
4232,2020-03-31,0.9065799713134766,0.9149399995803832,0.9054999947547911,0.9067500233650208,0
4233,2020-04-01,0.9068999886512756,0.9158599972724916,0.906000018119812,0.9067699909210204,0
4234,2020-04-02,0.9129400253295898,0.9221400022506714,0.9121599793434144,0.9131600260734558,0
4235,2020-04-03,0.9218800067901612,0.9279710054397584,0.9208999872207642,0.9221799969673156,0
4236,2020-04-06,0.9253299832344056,0.9285699725151062,0.9229900240898132,0.9252200126647948,0
4237,2020-04-07,0.925599992275238,0.9266639947891236,0.915470004081726,0.9257599711418152,0
4238,2020-04-08,0.9178400039672852,0.9232100248336792,0.9177500009536744,0.9179099798202516,0
4239,2020-04-09,0.9204999804496764,0.9223560094833374,0.9137799739837646,0.920710027217865,0
4240,2020-04-10,0.9151300191879272,0.91566002368927,0.9128999710083008,0.91525000333786,0
4241,2020-04-13,0.9146900177001952,0.9179700016975404,0.9117000102996826,0.914799988269806,0
4242,2020-04-14,0.915499985218048,0.9161099791526794,0.9104200005531312,0.9157900214195251,0
4243,2020-04-15,0.9103000164031982,0.9210100173950196,0.9100000262260436,0.9105499982833862,0
4244,2020-04-16,0.917002022266388,0.923389971256256,0.9167799949645996,0.917110025882721,0
4245,2020-04-17,0.9209399819374084,0.924839973449707,0.9179999828338624,0.920799970626831,0
4246,2020-04-20,0.9202200174331664,0.922249972820282,0.917680025100708,0.9202799797058104,0
4247,2020-04-21,0.9204000234603882,0.9243900179862976,0.9191200137138368,0.9205099940299988,0
4248,2020-04-22,0.921109974384308,0.9238499999046326,0.9188500046730042,0.9210299849510192,0
4249,2020-04-23,0.925100028514862,0.9295099973678588,0.9221699833869934,0.9253399968147278,0
4250,2020-04-24,0.9279000163078308,0.9321699738502502,0.9244099855422974,0.9279599785804749,0
4251,2020-04-27,0.9239000082015992,0.924880027770996,0.9207800030708312,0.9239000082015992,0
4252,2020-04-28,0.923799991607666,0.9249600172042848,0.9182999730110168,0.9236000180244446,0
4253,2020-04-29,0.9228000044822692,0.9232199788093568,0.9196000099182128,0.9231600165367126,0
4254,2020-04-30,0.9193500280380248,0.922879993915558,0.9115800261497498,0.9193999767303468,0
4255,2020-05-01,0.9136199951171876,0.9144600033760072,0.9077500104904176,0.9136800169944764,0
4256,2020-05-04,0.9124400019645692,0.9173200130462646,0.9125900268554688,0.9126200079917908,0
4257,2020-05-05,0.917069971561432,0.9236199855804444,0.9156399965286256,0.917050004005432,0
4258,2020-05-06,0.92263001203537,0.9272800087928772,0.9221000075340272,0.9225000143051147,0
4259,2020-05-07,0.9260500073432922,0.928719997406006,0.9245799779891968,0.9258800148963928,0
4260,2020-05-08,0.9227499961853028,0.924530029296875,0.9196799993515016,0.9227700233459472,0
4261,2020-05-11,0.9225500226020812,0.9255599975585938,0.9214000105857848,0.9225000143051147,0
4262,2020-05-12,0.9251199960708618,0.927179992198944,0.9190800189971924,0.9251400232315063,0
4263,2020-05-13,0.9219300150871276,0.9232400059700012,0.9179900288581848,0.921970009803772,0
4264,2020-05-14,0.9239000082015992,0.9279400110244752,0.923799991607666,0.924049973487854,0
4265,2020-05-15,0.9253299832344056,0.92671000957489,0.9217000007629396,0.9253900051116944,0
4266,2020-05-18,0.9240999817848206,0.925849974155426,0.9163600206375122,0.9242600202560424,0
4267,2020-05-19,0.916159987449646,0.9172000288963318,0.9111499786376952,0.916100025177002,0
4268,2020-05-20,0.9150999784469604,0.9149799942970276,0.9091699719429016,0.914900004863739,0
4269,2020-05-21,0.9104999899864196,0.9141200184822084,0.9083700180053712,0.9107999801635742,0
4270,2020-05-22,0.912999987602234,0.9186000227928162,0.9128000140190125,0.9130399823188782,0
4271,2020-05-25,0.9167749881744384,0.9197900295257568,0.9161999821662904,0.916670024394989,0
4272,2020-05-26,0.917178988456726,0.9175699949264526,0.9097899794578552,0.9173399806022644,0
4273,2020-05-27,0.9106000065803528,0.914359986782074,0.9066299796104432,0.910700023174286,0
4274,2020-05-28,0.9077000021934508,0.9096599817276,0.903190016746521,0.907829999923706,0
4275,2020-05-29,0.9025999903678894,0.903310000896454,0.8972899913787842,0.902679979801178,0
4276,2020-06-01,0.899399995803833,0.9007800221443176,0.8967000246047974,0.8997200131416321,0
4277,2020-06-02,0.8988000154495239,0.8996300101280212,0.8931999802589417,0.898829996585846,0
4278,2020-06-03,0.8937000036239624,0.8943700194358826,0.8888900279998779,0.8939999938011169,0
4279,2020-06-04,0.8899999856948853,0.8931800127029419,0.8802400231361389,0.8899000287055969,0
4280,2020-06-05,0.8820000290870667,0.8860800266265869,0.8784300088882446,0.8820499777793884,0
4281,2020-06-08,0.883430004119873,0.8873500227928162,0.8834900259971619,0.8837000131607056,0
4282,2020-06-09,0.8845199942588806,0.8893899917602539,0.880020022392273,0.8847299814224243,0
4283,2020-06-10,0.8824399709701538,0.8822900056838989,0.8780500292778015,0.8822900056838989,0
4284,2020-06-11,0.879859983921051,0.8829200267791748,0.8771799802780151,0.879610002040863,0
4285,2020-06-12,0.885890007019043,0.8901000022888184,0.881850004196167,0.8857899904251099,0
4286,2020-06-15,0.888729989528656,0.8905699849128723,0.8855800032615662,0.8885599970817566,0
4287,2020-06-16,0.8820099830627441,0.8903399705886841,0.8810700178146362,0.8819900155067444,0
4288,2020-06-17,0.8876500129699707,0.8920400142669678,0.885200023651123,0.8877099752426147,0
4289,2020-06-18,0.8894500136375427,0.892490029335022,0.8878999948501587,0.8895800113677979,0
4290,2020-06-19,0.8919810056686401,0.8949400186538696,0.8886520266532898,0.8922799825668335,0
4291,2020-06-22,0.8946499824523926,0.8948100209236145,0.8874899744987488,0.8945000171661377,0
4292,2020-06-23,0.8865500092506409,0.8901299834251404,0.8811349868774414,0.8867499828338623,0
4293,2020-06-24,0.8839899897575378,0.8881099820137024,0.8828999996185303,0.8838899731636047,0
4294,2020-06-25,0.8888199925422668,0.8935400247573853,0.8881000280380249,0.8887799978256226,0
4295,2020-06-26,0.8910999894142151,0.8930299878120422,0.8897600173950195,0.8912000060081482,0
4296,2020-06-29,0.8907999992370605,0.891219973564148,0.8858000040054321,0.8909400105476379,0
4297,2020-06-30,0.8891100287437439,0.8934699892997742,0.887969970703125,0.8891199827194214,0
4298,2020-07-01,0.8899999856948853,0.8937199711799622,0.8869500160217285,0.8901799917221069,0
4299,2020-07-02,0.8887799978256226,0.8906499743461609,0.8847000002861023,0.8886200189590454,0
4300,2020-07-03,0.8898500204086304,0.8911799788475037,0.8888000249862671,0.8896999955177307,0
4301,2020-07-06,0.8891100287437439,0.888979971408844,0.8812999725341797,0.888979971408844,0
4302,2020-07-07,0.8839499950408936,0.8880699872970581,0.882099986076355,0.8841500282287598,0
4303,2020-07-08,0.886900007724762,0.887690007686615,0.8813999891281128,0.8870900273323059,0
4304,2020-07-09,0.8819000124931335,0.8859000205993652,0.8792999982833862,0.8820000290870667,0
4305,2020-07-10,0.8859000205993652,0.8883200287818909,0.8830199837684631,0.8858000040054321,0
4306,2020-07-13,0.8841699957847595,0.8845999836921692,0.8794699907302856,0.8842700123786926,0
4307,2020-07-14,0.8814070224761963,0.8828999996185303,0.8766499757766724,0.881380021572113,0
4308,2020-07-15,0.8763700127601624,0.8776900172233582,0.8731340169906616,0.8763599991798401,0
4309,2020-07-16,0.875872015953064,0.8787699937820435,0.8738970160484314,0.8758599758148193,0
4310,2020-07-17,0.8777999877929688,0.87882000207901,0.8740000128746033,0.878233015537262,0
4311,2020-07-20,0.8738999962806702,0.8767899870872498,0.871999979019165,0.8741599917411804,0
4312,2020-07-21,0.8726999759674072,0.8751800060272217,0.8697159886360168,0.8727800250053406,0
4313,2020-07-22,0.8669999837875366,0.8689200282096863,0.8619999885559082,0.866919994354248,0
4314,2020-07-23,0.8644000291824341,0.8663899898529053,0.8602700233459473,0.864549994468689,0
4315,2020-07-24,0.8623600006103516,0.8634300231933594,0.8590999841690063,0.8624399900436401,0
4316,2020-07-27,0.8581799864768982,0.8581799864768982,0.8489300012588501,0.8581799864768982,0
4317,2020-07-28,0.8496699929237366,0.8546280264854431,0.8492000102996826,0.8498700261116028,0
4318,2020-07-29,0.8533300161361694,0.8536099791526794,0.8489689826965332,0.8532000184059143,0
4319,2020-07-30,0.8486899733543396,0.8523200154304504,0.8469300270080566,0.8483999967575073,0
4320,2020-07-31,0.8422999978065491,0.8472700119018555,0.8397719860076904,0.842199981212616,0
4321,2020-08-03,0.8487300276756287,0.8546000123023987,0.8483499884605408,0.8485999703407288,0
4322,2020-08-04,0.8500999808311462,0.852940022945404,0.847100019454956,0.8503000140190125,0
4323,2020-08-05,0.8463500142097473,0.8474599719047546,0.839959979057312,0.8463900089263916,0
4324,2020-08-06,0.8422600030899048,0.8459699749946594,0.8395000100135803,0.842199981212616,0
4325,2020-08-07,0.8420000076293945,0.8505899906158447,0.8414999842643738,0.8421000242233276,0
4326,2020-08-10,0.8486999869346619,0.8515710234642029,0.8473140001296997,0.8487200140953064,0
4327,2020-08-11,0.8519499897956848,0.8530099987983704,0.847100019454956,0.8519600033760071,0
4328,2020-08-12,0.8520399928092957,0.8537499904632568,0.8465499877929688,0.8518000245094299,0
4329,2020-08-13,0.8479030132293701,0.8478400111198425,0.8428859710693359,0.8477100133895874,0
4330,2020-08-14,0.8462700247764587,0.8485599756240845,0.8447369933128357,0.8460999727249146,0
4331,2020-08-17,0.8436999917030334,0.8452799916267395,0.84170001745224,0.8438500165939331,0
4332,2020-08-18,0.8420000076293945,0.8420799970626831,0.8357599973678589,0.8417999744415283,0
4333,2020-08-19,0.8369699716567993,0.8407999873161316,0.8364999890327454,0.8370100259780884,0
4334,2020-08-20,0.844344973564148,0.8469899892807007,0.8425700068473816,0.8444700241088867,0
4335,2020-08-21,0.842199981212616,0.8507090210914612,0.8413000106811523,0.8424000144004822,0
4336,2020-08-24,0.847599983215332,0.8484500050544739,0.8436999917030334,0.8475199937820435,0
4337,2020-08-25,0.8478500247001648,0.848550021648407,0.8442999720573425,0.8478000164031982,0
4338,2020-08-26,0.8449500203132629,0.8491799831390381,0.8446000218391418,0.8450700044631958,0
4339,2020-08-27,0.8443999886512756,0.8498899936676025,0.8404399752616882,0.8445799946784973,0
4340,2020-08-28,0.8460500240325928,0.8465999960899353,0.8389000296592712,0.845990002155304,0
4341,2020-08-31,0.8390499949455261,0.8413900136947632,0.8358700275421143,0.839169979095459,0
4342,2020-09-01,0.8375899791717529,0.8377100229263306,0.8325499892234802,0.8375800251960754,0
4343,2020-09-02,0.838699996471405,0.8457300066947937,0.8386200070381165,0.8387100100517273,0
4344,2020-09-03,0.8440700173377991,0.8482000231742859,0.8440200090408325,0.8441699743270874,0
4345,2020-09-04,0.8446099758148193,0.848770022392273,0.8429200053215027,0.8443300127983093,0
4346,2020-09-07,0.8449900150299072,0.8464699983596802,0.8439800143241882,0.8448399901390076,0
4347,2020-09-08,0.8458999991416931,0.8498200178146362,0.8453999757766724,0.8460800051689148,0
4348,2020-09-09,0.8496000170707703,0.8507999777793884,0.8452699780464172,0.8496800065040588,0
4349,2020-09-10,0.847000002861023,0.8472499847412109,0.8392999768257141,0.847000002861023,0
4350,2020-09-11,0.8457099795341492,0.8456000089645386,0.8420000076293945,0.845579981803894,0
4351,2020-09-14,0.8443999886512756,0.8450899720191956,0.8411840200424194,0.8443400263786316,0
4352,2020-09-15,0.8424599766731262,0.8444899916648865,0.8402659893035889,0.8426799774169922,0
4353,2020-09-16,0.8442800045013428,0.8464099764823914,0.8415380120277405,0.8443999886512756,0
4354,2020-09-17,0.8472099900245667,0.8516700267791748,0.845300018787384,0.8471500277519226,0
4355,2020-09-18,0.8440099954605103,0.8452200293540955,0.8423889875411987,0.8436999917030334,0
4356,2020-09-21,0.8442000150680542,0.8523200154304504,0.8422470092773438,0.8442000150680542,0
4357,2020-09-22,0.8497620224952698,0.855180025100708,0.849399983882904,0.8502100110054016,0
4358,2020-09-23,0.8540899753570557,0.8572700023651123,0.8532419800758362,0.8541499972343445,0
4359,2020-09-24,0.8577399849891663,0.8598700165748596,0.8560910224914551,0.8574900031089783,0
4360,2020-09-25,0.856660008430481,0.8610699772834778,0.8557900190353394,0.8566300272941589,0
4361,2020-09-28,0.8594499826431274,0.8608300089836121,0.856190025806427,0.859470009803772,0
4362,2020-09-29,0.856249988079071,0.8571500182151794,0.8516700267791748,0.8563299775123596,0
4363,2020-09-30,0.851639986038208,0.8557199835777283,0.850600004196167,0.8515899777412415,0
4364,2020-10-01,0.8528000116348267,0.853380024433136,0.8498340249061584,0.8529700040817261,0
4365,2020-10-02,0.8514299988746643,0.8549100160598755,0.8512809872627258,0.8514900207519531,0
4366,2020-10-05,0.8532099723815918,0.8532930016517639,0.8476999998092651,0.8531000018119812,0
4367,2020-10-06,0.8479999899864197,0.849810004234314,0.8469300270080566,0.8482999801635742,0
4368,2020-10-07,0.8519600033760071,0.852849006652832,0.848796010017395,0.8519799709320068,0
4369,2020-10-08,0.8497999906539917,0.8521299958229065,0.848800003528595,0.8499400019645691,0
4370,2020-10-09,0.8498340249061584,0.8504300117492676,0.8457000255584717,0.8498299717903137,0
4371,2020-10-12,0.8462499976158142,0.8483200073242188,0.8454999923706055,0.8464999794960022,0
4372,2020-10-13,0.8463000059127808,0.8521000146865845,0.8464400172233582,0.8464400172233582,0
4373,2020-10-14,0.8516299724578857,0.8531200289726257,0.8496000170707703,0.8514999747276306,0
4374,2020-10-15,0.8514999747276306,0.8554199934005737,0.8503000140190125,0.8512399792671204,0
4375,2020-10-16,0.8541799783706665,0.8550699949264526,0.8513000011444092,0.8542799949645996,0
4376,2020-10-19,0.8535699844360352,0.8543400168418884,0.8478000164031982,0.8535599708557129,0
4377,2020-10-20,0.8496999740600586,0.8501499891281128,0.8446000218391418,0.8497599959373474,0
4378,2020-10-21,0.8453199863433838,0.8453599810600281,0.8416000008583069,0.8453599810600281,0
4379,2020-10-22,0.8435999751091003,0.8464999794960022,0.8424999713897705,0.8437899947166443,0
4380,2020-10-23,0.8463799953460693,0.8483200073242188,0.8432000279426575,0.8464499711990356,0
4381,2020-10-26,0.8439900279045105,0.8471699953079224,0.8438100218772888,0.843999981880188,0
4382,2020-10-27,0.846780002117157,0.8475000262260437,0.8447369933128357,0.846780002117157,0
4383,2020-10-28,0.8485999703407288,0.8532930016517639,0.8482999801635742,0.8487799763679504,0
4384,2020-10-29,0.8511599898338318,0.8579099774360657,0.8503999710083008,0.8512499928474426,0
4385,2020-10-30,0.8562600016593933,0.8588799834251404,0.854449987411499,0.8564000129699707,0
4386,2020-11-02,0.8589500188827515,0.860260009765625,0.8578540086746216,0.8589199781417847,0
4387,2020-11-03,0.8589000105857849,0.859250009059906,0.851643979549408,0.8589000105857849,0
4388,2020-11-04,0.8501799702644348,0.8615000247955322,0.8496999740600586,0.8500099778175354,0
4389,2020-11-05,0.8523200154304504,0.8537700176239014,0.8434000015258789,0.8525199890136719,0
4390,2020-11-06,0.8461999893188477,0.8477299809455872,0.8410000205039978,0.8464400172233582,0
4391,2020-11-09,0.8408300280570984,0.8476399779319763,0.8389800190925598,0.8408200144767761,0
4392,2020-11-10,0.8454999923706055,0.8488399982452393,0.8443400263786316,0.8457900285720825,0
4393,2020-11-11,0.8461099863052368,0.8512600064277649,0.8450999855995178,0.8460500240325928,0
4394,2020-11-12,0.8488749861717224,0.8503699898719788,0.8458089828491211,0.8489900231361389,0
4395,2020-11-13,0.8472139835357666,0.8474799990653992,0.8450300097465515,0.8470799922943115,0
4396,2020-11-16,0.844219982624054,0.8464000225067139,0.8425499796867371,0.844290018081665,0
4397,2020-11-17,0.843209981918335,0.8442000150680542,0.8408499956130981,0.8431900143623352,0
4398,2020-11-18,0.8429099917411804,0.8438000082969666,0.8409720063209534,0.8428599834442139,0
4399,2020-11-19,0.8440499901771545,0.8462100028991699,0.843500018119812,0.8443899750709534,0
4400,2020-11-20,0.842710018157959,0.84375,0.8409799933433533,0.8426399827003479,0
4401,2020-11-23,0.842710018157959,0.8472300171852112,0.8399199843406677,0.8427900075912476,0
4402,2020-11-24,0.8443999886512756,0.8446699976921082,0.8407700061798096,0.844465970993042,0
4403,2020-11-25,0.8403000235557556,0.8415499925613403,0.8383600115776062,0.8403000235557556,0
4404,2020-11-26,0.8389260172843933,0.8412600159645081,0.8374509811401367,0.8391000032424927,0
4405,2020-11-27,0.8392080068588257,0.8395799994468689,0.8359900116920471,0.8395000100135803,0
4406,2020-11-30,0.835319995880127,0.8372300267219543,0.8331900238990784,0.8353700041770935,0
4407,2020-12-01,0.8376500010490417,0.837801992893219,0.8296300172805786,0.8376799821853638,0
4408,2020-12-02,0.8281999826431274,0.8305100202560425,0.8259400129318237,0.8285099864006042,0
4409,2020-12-03,0.8254500031471252,0.8262799978256226,0.8213549852371216,0.8255299925804138,0
4410,2020-12-04,0.8233399987220764,0.824150025844574,0.8211699724197388,0.823360025882721,0
4411,2020-12-07,0.8249899744987488,0.8277599811553955,0.822130024433136,0.8250399827957153,0
4412,2020-12-08,0.8255500197410583,0.8266400098800659,0.8241199851036072,0.8258000016212463,0
4413,2020-12-09,0.8256999850273132,0.8282300233840942,0.8231130242347717,0.8257700204849243,0
4414,2020-12-10,0.8278999924659729,0.8277900218963623,0.8224999904632568,0.8277000188827515,0
4415,2020-12-11,0.8234320282936096,0.8259099721908569,0.8220999836921692,0.8234900236129761,0
4416,2020-12-14,0.8241710066795349,0.8252500295639038,0.8214200139045715,0.8241599798202515,0
4417,2020-12-15,0.8231199979782104,0.8246099948883057,0.8219299912452698,0.8231300115585327,0
4418,2020-12-16,0.8227540254592896,0.8232499957084656,0.8187999725341797,0.8227900266647339,0
4419,2020-12-17,0.8197000026702881,0.8201799988746643,0.8154609799385071,0.8198699951171875,0
4420,2020-12-18,0.8154799938201904,0.8178499937057495,0.8151000142097473,0.815530002117157,0
4421,2020-12-21,0.818589985370636,0.8243499994277954,0.8173499703407288,0.8189600110054016,0
4422,2020-12-22,0.8172000050544739,0.8219599723815918,0.8157269954681396,0.8170999884605408,0
4423,2020-12-23,0.8205699920654297,0.8225200176239014,0.81836998462677,0.8206200003623962,0
4424,2020-12-24,0.8202499747276306,0.8210600018501282,0.8184999823570251,0.8200799822807312,0
4425,2020-12-25,0.8206999897956848,0.8218950033187866,0.8187999725341797,0.8206999897956848,0
4426,2020-12-28,0.8193299770355225,0.8207799792289734,0.8161929845809937,0.8191999793052673,0
4427,2020-12-29,0.8180999755859375,0.8183299899101257,0.814598023891449,0.8183299899101257,0
4428,2020-12-30,0.8161299824714661,0.8161900043487549,0.8124300241470337,0.8161100149154663,0
4429,2020-12-31,0.8130149841308594,0.8181300163269043,0.8123800158500671,0.8130699992179871,0
4430,2021-01-01,0.8209999799728394,0.8240630030632019,0.8185319900512695,0.8215000033378601,0
4431,2021-01-04,0.8162800073623657,0.8216000199317932,0.8123480081558228,0.8163899779319763,0
4432,2021-01-05,0.8162199854850769,0.8163300156593323,0.8133500218391418,0.8161299824714661,0
4433,2021-01-06,0.8129900097846985,0.8151999711990356,0.8097000122070312,0.8130999803543091,0
4434,2021-01-07,0.8102999925613403,0.8165500164031982,0.8100000023841858,0.8105199933052063,0
4435,2021-01-08,0.8148999810218811,0.8186699748039246,0.8141899704933167,0.8150799870491028,0
4436,2021-01-11,0.8205999732017517,0.8240799903869629,0.8197000026702881,0.8204900026321411,0
4437,2021-01-12,0.8223209977149963,0.8238000273704529,0.821120023727417,0.8222600221633911,0
4438,2021-01-13,0.8190749883651733,0.8226799964904785,0.8180000185966492,0.8190500140190125,0
4439,2021-01-14,0.8222000002861023,0.8255500197410583,0.8215000033378601,0.8222500085830688,0
4440,2021-01-15,0.8229600191116333,0.827489972114563,0.8222000002861023,0.822842001914978,0
4441,2021-01-18,0.8286299705505371,0.8295000195503235,0.8273900151252747,0.8286899924278259,0
4442,2021-01-19,0.828000009059906,0.8279200196266174,0.823390007019043,0.8279200196266174,0
4443,2021-01-20,0.8238000273704529,0.827970027923584,0.8223680257797241,0.8237599730491638,0
4444,2021-01-21,0.8253800272941589,0.8257700204849243,0.8215600252151489,0.8253999948501587,0
4445,2021-01-22,0.8219429850578308,0.8229100108146667,0.8204789757728577,0.8219500184059143,0
4446,2021-01-25,0.8217300176620483,0.8252699971199036,0.8206139802932739,0.8217899799346924,0
4447,2021-01-26,0.8233000040054321,0.8258699774742126,0.8213549852371216,0.8234999775886536,0
4448,2021-01-27,0.8221660256385803,0.8290500044822693,0.8216000199317932,0.8221499919891357,0
4449,2021-01-28,0.8260999917984009,0.8276500105857849,0.8234519958496094,0.8261200189590454,0
4450,2021-01-29,0.8250799775123596,0.8267199993133545,0.8225709795951843,0.8249899744987488,0
4451,2021-02-01,0.8248199820518494,0.8285599946975708,0.823989987373352,0.8248900175094604,0
4452,2021-02-02,0.8285899758338928,0.8320599794387817,0.827269971370697,0.8286600112915039,0
4453,2021-02-03,0.8306300044059753,0.8329899907112122,0.8298760056495667,0.8306300044059753,0
4454,2021-02-04,0.8303999900817871,0.8356199860572815,0.830299973487854,0.8304399847984314,0
4455,2021-02-05,0.8356500267982483,0.8365700244903564,0.8305799961090088,0.8356000185012817,0
4456,2021-02-08,0.8299599885940552,0.831849992275238,0.8285999894142151,0.8299199938774109,0
4457,2021-02-09,0.8296279907226562,0.8298619985580444,0.825439989566803,0.8296999931335449,0
4458,2021-02-10,0.8250830173492432,0.8257499933242798,0.8234699964523315,0.8252900242805481,0
4459,2021-02-11,0.824999988079071,0.825469970703125,0.8229780197143555,0.8251199722290039,0
4460,2021-02-12,0.8242999911308289,0.8275409936904907,0.8240000009536743,0.824400007724762,0
4461,2021-02-15,0.824940025806427,0.8252599835395813,0.8232489824295044,0.8250100016593933,0
4462,2021-02-16,0.8242530226707458,0.8267300128936768,0.8216249942779541,0.8242400288581848,0
4463,2021-02-17,0.826960027217865,0.8315600156784058,0.8265600204467773,0.8272299766540527,0
4464,2021-02-18,0.8300129771232605,0.8308200240135193,0.8271980285644531,0.8301600217819214,0
4465,2021-02-19,0.8270000219345093,0.8276090025901794,0.823199987411499,0.8270099759101868,0
4466,2021-02-22,0.82464998960495,0.8269799947738647,0.822700023651123,0.8247799873352051,0
4467,2021-02-23,0.8219090104103088,0.8239399790763855,0.8210999965667725,0.8219000101089478,0
4468,2021-02-24,0.8228999972343445,0.8256750106811523,0.8214200139045715,0.8229100108146667,0
4469,2021-02-25,0.8216000199317932,0.8226000070571899,0.8168900012969971,0.8217260241508484,0
4470,2021-02-26,0.8223400115966797,0.8270099759101868,0.8208500146865845,0.8223599791526794,0
4471,2021-03-01,0.8271600008010864,0.8312600255012512,0.8263400197029114,0.8270679712295532,0
4472,2021-03-02,0.829800009727478,0.8337500095367432,0.8277900218963623,0.8299400210380554,0
4473,2021-03-03,0.8274400234222412,0.83024001121521,0.82573002576828,0.8274700045585632,0
4474,2021-03-04,0.8298299908638,0.83160001039505,0.8289120197296143,0.829990029335022,0
4475,2021-03-05,0.8355799913406372,0.8404800295829773,0.8355200290679932,0.8355200290679932,0
4476,2021-03-08,0.8385300040245056,0.843999981880188,0.8380699753761292,0.8385999798774719,0
4477,2021-03-09,0.8437600135803223,0.8448699712753296,0.8392080068588257,0.8437399864196777,0
4478,2021-03-10,0.8404840230941772,0.8424599766731262,0.8385699987411499,0.8405699729919434,0
4479,2021-03-11,0.8385000228881836,0.8391299843788147,0.834879994392395,0.8384000062942505,0
4480,2021-03-12,0.8342999815940857,0.8395900130271912,0.8339999914169312,0.8346099853515625,0
4481,2021-03-15,0.8368200063705444,0.8395000100135803,0.8357399702072144,0.8367400169372559,0
4482,2021-03-16,0.8385199904441833,0.8414400219917297,0.8366100192070007,0.8384100198745728,0
4483,2021-03-17,0.8402199745178223,0.8412100076675415,0.8390669822692871,0.8401880264282227,0
4484,2021-03-18,0.8345299959182739,0.8396199941635132,0.8339589834213257,0.8346800208091736,0
4485,2021-03-19,0.8390499949455261,0.8421099781990051,0.8377000093460083,0.8390899896621704,0
4486,2021-03-22,0.8415300250053406,0.8420299887657166,0.8377000093460083,0.8414300084114075,0
4487,2021-03-23,0.8380100131034851,0.8428599834442139,0.8373000025749207,0.8379899859428406,0
4488,2021-03-24,0.8445799946784973,0.8464999794960022,0.8438000082969666,0.844510018825531,0
4489,2021-03-25,0.8465200066566467,0.8492400050163269,0.845300018787384,0.8464699983596802,0
4490,2021-03-26,0.8491399884223938,0.8494300246238708,0.8471699953079224,0.8491799831390381,0
4491,2021-03-29,0.8483200073242188,0.8502100110054016,0.8479200005531311,0.8483489751815796,0
4492,2021-03-30,0.8495450019836426,0.8537399768829346,0.8492000102996826,0.8496800065040588,0
4493,2021-03-31,0.8529800176620483,0.8543699979782104,0.8504400253295898,0.8529999852180481,0
4494,2021-04-01,0.8525999784469604,0.8536199927330017,0.8492000102996826,0.852590024471283,0
4495,2021-04-02,0.8489000201225281,0.8509600162506104,0.8483920097351074,0.8490599989891052,0
4496,2021-04-05,0.8497499823570251,0.851830005645752,0.8463000059127808,0.8498799800872803,0
4497,2021-04-06,0.8460999727249146,0.8477100133895874,0.843500018119812,0.8460900187492371,0
4498,2021-04-07,0.8421599864959717,0.8427900075912476,0.8392999768257141,0.8420699834823608,0
4499,2021-04-08,0.842199981212616,0.8430399894714355,0.8392900228500366,0.8423200249671936,0
4500,2021-04-09,0.8392300009727478,0.8425599932670593,0.838699996471405,0.8392300009727478,0
4501,2021-04-12,0.8403000235557556,0.8422200083732605,0.8389000296592712,0.8405900001525879,0
4502,2021-04-13,0.8392999768257141,0.8414459824562073,0.8366000056266785,0.8394799828529358,0
4503,2021-04-14,0.8365300297737122,0.8366900086402893,0.8345900177955627,0.8363000154495239,0
4504,2021-04-15,0.8342999815940857,0.8362699747085571,0.8338099718093872,0.834559977054596,0
4505,2021-04-16,0.8353000283241272,0.8367570042610168,0.8337000012397766,0.8353700041770935,0
4506,2021-04-19,0.8354600071907043,0.8372799754142761,0.8299999833106995,0.8355399966239929,0
4507,2021-04-20,0.8302000164985657,0.8313400149345398,0.8277000188827515,0.830299973487854,0
4508,2021-04-21,0.831089973449707,0.8333330154418945,0.8302000164985657,0.8310800194740295,0
4509,2021-04-22,0.8307200074195862,0.8330600261688232,0.828499972820282,0.8306900262832642,0
4510,2021-04-23,0.8323100209236145,0.8323699831962585,0.8279520273208618,0.8320900201797485,0
4511,2021-04-26,0.8271399736404419,0.8289300203323364,0.8252000212669373,0.8271600008010864,0
4512,2021-04-27,0.8277000188827515,0.8293300271034241,0.8270000219345093,0.8278689980506897,0
4513,2021-04-28,0.8271089792251587,0.8293499946594238,0.8263000249862671,0.8272299766540527,0
4514,2021-04-29,0.8240000009536743,0.8261600136756897,0.8228999972343445,0.8240100145339966,0
4515,2021-04-30,0.8245999813079834,0.8316199779510498,0.8245000243186951,0.8247500061988831,0
4516,2021-05-03,0.8314099907875061,0.8323000073432922,0.8279520273208618,0.8314999938011169,0
4517,2021-05-04,0.8291000127792358,0.833329975605011,0.8289809823036194,0.829200029373169,0
4518,2021-05-05,0.83228999376297,0.8342199921607971,0.8313000202178955,0.8321999907493591,0
4519,2021-05-06,0.8327800035476685,0.8337500095367432,0.828499972820282,0.8327000141143799,0
4520,2021-05-07,0.8285999894142151,0.8296399712562561,0.8220000267028809,0.8287799954414368,0
4521,2021-05-10,0.821619987487793,0.8238999843597412,0.8212000131607056,0.8218600153923035,0
4522,2021-05-11,0.8236600160598755,0.8247100114822388,0.8210399746894836,0.8235800266265869,0
4523,2021-05-12,0.8234180212020874,0.8286299705505371,0.8230000138282776,0.8233500123023987,0
4524,2021-05-13,0.8279169797897339,0.8296599984169006,0.8259999752044678,0.828029990196228,0
4525,2021-05-14,0.828000009059906,0.8284000158309937,0.823199987411499,0.8277999758720398,0
4526,2021-05-17,0.8230199813842773,0.8245700001716614,0.8216930031776428,0.8232100009918213,0
4527,2021-05-18,0.8225799798965454,0.8227699995040894,0.8174999952316284,0.8226900100708008,0
4528,2021-05-19,0.8180630207061768,0.8202199935913086,0.8164600133895874,0.8179000020027161,0
4529,2021-05-20,0.8215000033378601,0.8216300010681152,0.8177279829978943,0.8215000033378601,0
4530,2021-05-21,0.8179699778556824,0.8214399814605713,0.816860020160675,0.817799985408783,0
4531,2021-05-24,0.8208000063896179,0.8213000297546387,0.8177000284194946,0.8209400177001953,0
4532,2021-05-25,0.8186900019645691,0.8188400268554688,0.8151950240135193,0.8187000155448914,0
4533,2021-05-26,0.8163869976997375,0.8196700215339661,0.8153280019760132,0.8163999915122986,0
4534,2021-05-27,0.820169985294342,0.8213099837303162,0.8185319900512695,0.8203200101852417,0
4535,2021-05-28,0.8201299905776978,0.8241699934005737,0.819599986076355,0.8201599717140198,0
4536,2021-05-31,0.8203399777412415,0.8207399845123291,0.8173999786376953,0.8203399777412415,0
4537,2021-06-01,0.8174700140953064,0.8186900019645691,0.8160499930381775,0.8173900246620178,0
4538,2021-06-02,0.8184800148010254,0.8219799995422363,0.8177000284194946,0.8184599876403809,0
4539,2021-06-03,0.8190100193023682,0.8250210285186768,0.8185999989509583,0.8188999891281128,0
4540,2021-06-04,0.8241980075836182,0.8260700106620789,0.8205000162124634,0.8243820071220398,0
4541,2021-06-07,0.8217999935150146,0.8233799934387207,0.8195379972457886,0.8219799995422363,0
4542,2021-06-08,0.8201000094413757,0.8219199776649475,0.8198999762535095,0.8203700184822083,0
4543,2021-06-09,0.8215000033378601,0.8215699791908264,0.8183979988098145,0.8215699791908264,0
4544,2021-06-10,0.8208829760551453,0.823360025882721,0.8202000260353088,0.8212000131607056,0
4545,2021-06-11,0.8215199708938599,0.8267880082130432,0.8200079798698425,0.8214799761772156,0
4546,2021-06-14,0.8257499933242798,0.826770007610321,0.8242999911308289,0.8257099986076355,0
4547,2021-06-15,0.8249300122261047,0.8262500166893005,0.8230999708175659,0.8248000144958496,0
4548,2021-06-16,0.8245999813079834,0.8257399797439575,0.8240630030632019,0.8247100114822388,0
4549,2021-06-17,0.8336399793624878,0.8398399949073792,0.8327999711036682,0.833899974822998,0
4550,2021-06-18,0.839389979839325,0.8438000082969666,0.8384000062942505,0.8393999934196472,0
4551,2021-06-21,0.842199981212616,0.843970000743866,0.838890016078949,0.8425300121307373,0
4552,2021-06-22,0.8394500017166138,0.8415799736976624,0.8391000032424927,0.8395199775695801,0
4553,2021-06-23,0.8377500176429749,0.8392199873924255,0.8354219794273376,0.8377000093460083,0
4554,2021-06-24,0.8379999995231628,0.8389300107955933,0.8363500237464905,0.8381100296974182,0
4555,2021-06-25,0.8381999731063843,0.8383700251579285,0.8351100087165833,0.8383700251579285,0
4556,2021-06-28,0.837369978427887,0.8400099873542786,0.8371000289916992,0.837369978427887,0
4557,2021-06-29,0.8382999897003174,0.8417199850082397,0.8381999731063843,0.8381999731063843,0
4558,2021-06-30,0.8402000069618225,0.8441799879074097,0.8396000266075134,0.8403400182723999,0
4559,2021-07-01,0.8434000015258789,0.844730019569397,0.8414679765701294,0.843500018119812,0
4560,2021-07-02,0.8441500067710876,0.8460699915885925,0.8431000113487244,0.8440899848937988,0
4561,2021-07-05,0.8434399962425232,0.8437389731407166,0.841609001159668,0.8434600234031677,0
4562,2021-07-06,0.8428999781608582,0.8463820219039917,0.8406000137329102,0.84306401014328,0
4563,2021-07-07,0.8457000255584717,0.8487200140953064,0.8445000052452087,0.8460000157356262,0
4564,2021-07-08,0.847931981086731,0.8485900163650513,0.8427199721336365,0.8479200005531311,0
4565,2021-07-09,0.8440240025520325,0.8456500172615051,0.8421300053596497,0.8440999984741211,0
4566,2021-07-12,0.8422499895095825,0.8448299765586853,0.8416000008583069,0.842199981212616,0
4567,2021-07-13,0.8428000211715698,0.8479300141334534,0.8418999910354614,0.8428199887275696,0
4568,2021-07-14,0.8492299914360046,0.8494300246238708,0.8454509973526001,0.8493000268936157,0
4569,2021-07-15,0.8450700044631958,0.847029983997345,0.8438000082969666,0.8450700044631958,0
4570,2021-07-16,0.8466100096702576,0.8478890061378479,0.8458089828491211,0.8465200066566467,0
4571,2021-07-19,0.8464530110359192,0.8500300049781799,0.8457900285720825,0.8466299772262573,0
4572,2021-07-20,0.8478999733924866,0.8505499958992004,0.8471699953079224,0.8479999899864197,0
4573,2021-07-21,0.8485999703407288,0.8507999777793884,0.8472599983215332,0.8485000133514404,0
4574,2021-07-22,0.8479800224304199,0.8498600125312805,0.8453199863433838,0.8478000164031982,0
4575,2021-07-23,0.8494200110435486,0.850629985332489,0.8485000133514404,0.8493599891662598,0
4576,2021-07-26,0.849370002746582,0.8500099778175354,0.8461999893188477,0.849399983882904,0
4577,2021-07-27,0.8468999862670898,0.8494899868965149,0.8447999954223633,0.847000002861023,0
4578,2021-07-28,0.84579998254776,0.8484799861907959,0.845300018787384,0.8458520174026489,0
4579,2021-07-29,0.8441699743270874,0.8444700241088867,0.8409000039100647,0.8441100120544434,0
4580,2021-07-30,0.8408309817314148,0.8434900045394897,0.8395599722862244,0.8409000039100647,0
4581,2021-08-02,0.8426700234413147,0.8432000279426575,0.8404070138931274,0.8427900075912476,0
4582,2021-08-03,0.8421300053596497,0.8434799909591675,0.8406190276145935,0.8421099781990051,0
4583,2021-08-04,0.8424999713897705,0.8450000286102295,0.8401950001716614,0.842519998550415,0
4584,2021-08-05,0.8447800278663635,0.8453199863433838,0.8432409763336182,0.8446000218391418,0
4585,2021-08-06,0.8449000120162964,0.850600004196167,0.8449000120162964,0.8450800180435181,0
4586,2021-08-09,0.8511000275611877,0.8516600131988525,0.8495000004768372,0.8510000109672546,0
4587,2021-08-10,0.8518999814987183,0.8539199829101562,0.8514990210533142,0.8518610000610352,0
4588,2021-08-11,0.8529999852180481,0.8542299866676331,0.8512899875640869,0.8532599806785583,0
4589,2021-08-12,0.8516510128974915,0.852869987487793,0.8509910106658936,0.851639986038208,0
4590,2021-08-13,0.8520600199699402,0.8524399995803833,0.847241997718811,0.8520699739456177,0
4591,2021-08-16,0.8478400111198425,0.8497599959373474,0.8471999764442444,0.8477200269699097,0
4592,2021-08-17,0.8489000201225281,0.8539299964904785,0.8485999703407288,0.8489000201225281,0
4593,2021-08-18,0.8539900183677673,0.8549299836158752,0.8524420261383057,0.8539999723434448,0
4594,2021-08-19,0.8544600009918213,0.8569899797439575,0.854200005531311,0.854420006275177,0
4595,2021-08-20,0.8564140200614929,0.8572700023651123,0.8553590178489685,0.8564000129699707,0
4596,2021-08-23,0.8548799753189087,0.8550220131874084,0.8515499830245972,0.8547199964523315,0
4597,2021-08-24,0.8514599800109863,0.852649986743927,0.8499900102615356,0.8513000011444092,0
4598,2021-08-25,0.8508399724960327,0.852620005607605,0.8503000140190125,0.8507000207901001,0
4599,2021-08-26,0.8493000268936157,0.8512200117111206,0.848800003528595,0.8494009971618652,0
4600,2021-08-27,0.850600004196167,0.8520799875259399,0.8471999764442444,0.850849986076355,0
4601,2021-08-30,0.8475289940834045,0.8485699892044067,0.8465999960899353,0.8474599719047546,0
4602,2021-08-31,0.8476799726486206,0.8477100133895874,0.8442000150680542,0.8475000262260437,0
4603,2021-09-01,0.8467199802398682,0.8478099703788757,0.8431699872016907,0.8465999960899353,0
4604,2021-09-02,0.8445299863815308,0.8449659943580627,0.8422999978065491,0.8444300293922424,0
4605,2021-09-03,0.8420000076293945,0.8425899744033813,0.8398000001907349,0.8421599864959717,0
4606,2021-09-06,0.8413299918174744,0.8433799743652344,0.8413000106811523,0.8413299918174744,0
4607,2021-09-07,0.8421000242233276,0.8447160124778748,0.8411999940872192,0.8421800136566162,0
4608,2021-09-08,0.8443400263786316,0.8472300171852112,0.8435969948768616,0.8442000150680542,0
4609,2021-09-09,0.8460879921913147,0.8470199704170227,0.8445000052452087,0.8460000157356262,0
4610,2021-09-10,0.8456000089645386,0.8460699915885925,0.8436679840087891,0.845770001411438,0
4611,2021-09-13,0.8465999960899353,0.8495740294456482,0.8461999893188477,0.846560001373291,0
4612,2021-09-14,0.8465999960899353,0.8473140001296997,0.8440960049629211,0.8466899991035461,0
4613,2021-09-15,0.847100019454956,0.8473860025405884,0.8450940251350403,0.8471999764442444,0
4614,2021-09-16,0.8460239768028259,0.8509399890899658,0.84579998254776,0.8460699915885925,0
4615,2021-09-17,0.8497999906539917,0.8525400161743164,0.8482000231742859,0.8499900102615356,0
4616,2021-09-20,0.8525199890136719,0.8546599745750427,0.8519999980926514,0.8525999784469604,0
4617,2021-09-21,0.8525000214576721,0.8535400032997131,0.851140022277832,0.8528299927711487,0
4618,2021-09-22,0.8530300259590149,0.8534500002861023,0.8514599800109863,0.8528000116348267,0
4619,2021-09-23,0.8555999994277954,0.8558570146560669,0.8509910106658936,0.8555099964141846,0
4620,2021-09-24,0.8517699837684631,0.8545799851417542,0.8511999845504761,0.8516600131988525,0
4621,2021-09-27,0.8530200123786926,0.855679988861084,0.8526600003242493,0.8530899882316589,0
4622,2021-09-28,0.8549349904060364,0.8568999767303467,0.8542630076408386,0.8549900054931641,0
4623,2021-09-29,0.8557000160217285,0.8613200187683105,0.8552860021591187,0.8556600213050842,0
4624,2021-09-30,0.8619499802589417,0.864300012588501,0.8611999750137329,0.8618999719619751,0
4625,2021-10-01,0.8639699816703796,0.8647599816322327,0.8614010214805603,0.8639900088310242,0
4626,2021-10-04,0.8615300059318542,0.8629199862480164,0.8590999841690063,0.8615300059318542,0
4627,2021-10-05,0.8607000112533569,0.8633300065994263,0.8604000210762024,0.8608400225639343,0
4628,2021-10-06,0.8623600006103516,0.8672900199890137,0.8621000051498413,0.8624299764633179,0
4629,2021-10-07,0.8654000163078308,0.8658499717712402,0.8641999959945679,0.8654000163078308,0
4630,2021-10-08,0.8650699853897095,0.8663600087165833,0.8632799983024597,0.8651099801063538,0
4631,2021-10-11,0.8646000027656555,0.8655800223350525,0.8629999756813049,0.8646100163459778,0
4632,2021-10-12,0.8655200004577637,0.8670099973678589,0.864300012588501,0.8655800223350525,0
4633,2021-10-13,0.8669999837875366,0.8672599792480469,0.8636320233345032,0.8672299981117249,0
4634,2021-10-14,0.8621000051498413,0.8632100224494934,0.8602150082588196,0.8621000051498413,0
4635,2021-10-15,0.8626999855041504,0.8629000186920166,0.8605999946594238,0.8627600073814392,0
4636,2021-10-18,0.8622900247573853,0.864080011844635,0.8611699938774109,0.8623700141906738,0
4637,2021-10-19,0.8610399961471558,0.8609899878501892,0.8568980097770691,0.8609899878501892,0
4638,2021-10-20,0.8597000241279602,0.860729992389679,0.8580740094184875,0.8595600128173828,0
4639,2021-10-21,0.8579999804496765,0.8596100211143494,0.8568999767303467,0.8581900000572205,0
4640,2021-10-22,0.8601899743080139,0.8604099750518799,0.8580700159072876,0.8601499795913696,0
4641,2021-10-25,0.8590999841690063,0.8625699877738953,0.8569999933242798,0.8590099811553955,0
4642,2021-10-26,0.8611999750137329,0.8631200194358826,0.859919011592865,0.8611999750137329,0
4643,2021-10-27,0.8622000217437744,0.8631600141525269,0.860260009765625,0.8622000217437744,0
4644,2021-10-28,0.862060010433197,0.863319993019104,0.8551999926567078,0.8621500134468079,0
4645,2021-10-29,0.85589998960495,0.8660500049591064,0.8553000092506409,0.8558899760246277,0
4646,2021-11-01,0.8652999997138977,0.8660500049591064,0.8625699877738953,0.8651000261306763,0
4647,2021-11-02,0.8621000051498413,0.8636199831962585,0.8609560132026672,0.8619400262832642,0
4648,2021-11-03,0.8636000156402588,0.8647800087928772,0.8621429800987244,0.8634999990463257,0
4649,2021-11-04,0.8608999848365784,0.86735999584198,0.86080002784729,0.8608999848365784,0
4650,2021-11-05,0.8654000163078308,0.8684999942779541,0.8647000193595886,0.8652999997138977,0
4651,2021-11-08,0.8643900156021118,0.8656700253486633,0.8623999953269958,0.8644199967384338,0
4652,2021-11-09,0.8626999855041504,0.8642899990081787,0.8614000082015991,0.8629099726676941,0
4653,2021-11-10,0.8623999953269958,0.8685500025749207,0.8622000217437744,0.8625400066375732,0
4654,2021-11-11,0.8706300258636475,0.8729900121688843,0.870199978351593,0.8706499934196472,0
4655,2021-11-12,0.8733000159263611,0.8745800256729126,0.8726099729537964,0.8735299706459045,0
4656,2021-11-15,0.8740000128746033,0.8758900165557861,0.8722800016403198,0.8739500045776367,0
4657,2021-11-16,0.8797799944877625,0.8825600147247314,0.8781939744949341,0.8797100186347961,0
4658,2021-11-17,0.8833000063896179,0.8872699737548828,0.8823009729385376,0.8836899995803833,0
4659,2021-11-18,0.8833000063896179,0.8837800025939941,0.880299985408783,0.8835399746894836,0
4660,2021-11-19,0.8796300292015076,0.888700008392334,0.8794999718666077,0.8794999718666077,0
4661,2021-11-22,0.8868600130081177,0.8898199796676636,0.885699987411499,0.8868600130081177,0
4662,2021-11-23,0.8895099759101868,0.8906999826431274,0.8870400190353394,0.8894000053405762,0
4663,2021-11-24,0.8892899751663208,0.8938300013542175,0.8885300159454346,0.8893700242042542,0
4664,2021-11-25,0.8926200270652771,0.8925399780273438,0.8903999924659729,0.892300009727478,0
4665,2021-11-26,0.8920900225639343,0.8922200202941895,0.8832359910011292,0.8921399712562561,0
4666,2021-11-29,0.8854900002479553,0.888189971446991,0.8851119875907898,0.8856499791145325,0
4667,2021-11-30,0.8854699730873108,0.88919997215271,0.878600001335144,0.8854600191116333,0
4668,2021-12-01,0.8825899958610535,0.884630024433136,0.8804000020027161,0.882610023021698,0
4669,2021-12-02,0.883430004119873,0.8848099708557129,0.8812000155448914,0.8834199905395508,0
4670,2021-12-03,0.8844699859619141,0.8875200152397156,0.8824700117111206,0.8844199776649475,0
4671,2021-12-06,0.8845800161361694,0.8873900175094604,0.8841729760169983,0.8847500085830688,0
4672,2021-12-07,0.8859999775886536,0.8903700113296509,0.8849999904632568,0.8861700296401978,0
4673,2021-12-08,0.8867999911308289,0.8873400092124939,0.8819100260734558,0.8870700001716614,0
4674,2021-12-09,0.8813999891281128,0.8865699768066406,0.8813999891281128,0.8815199732780457,0
4675,2021-12-10,0.8854799866676331,0.8875200152397156,0.8831899762153625,0.885420024394989,0
4676,2021-12-13,0.8840299844741821,0.8878200054168701,0.8837000131607056,0.8840799927711487,0
4677,2021-12-14,0.8860999941825867,0.8875799775123596,0.8827999830245972,0.8862599730491638,0
4678,2021-12-15,0.8880000114440918,0.888949990272522,0.8866819739341736,0.8881999850273132,0
4679,2021-12-16,0.8856800198554993,0.8863599896430969,0.8799999952316284,0.8855000138282776,0
4680,2021-12-17,0.8822900056838989,0.887440025806427,0.8811299800872803,0.8821899890899658,0
4681,2021-12-20,0.8894000053405762,0.8898900151252747,0.8845999836921692,0.8894799947738647,0
4682,2021-12-21,0.8867200016975403,0.8879600167274475,0.8847000002861023,0.8867800235748291,0
4683,2021-12-22,0.8859300017356873,0.8876799941062927,0.8816789984703064,0.885699987411499,0
4684,2021-12-23,0.8827000260353088,0.8856199979782104,0.8813999891281128,0.8826000094413757,0
4685,2021-12-24,0.8828200101852417,0.8842999935150146,0.8815000057220459,0.8830299973487854,0
4686,2021-12-27,0.8830599784851074,0.884630024433136,0.8822230100631714,0.8830900192260742,0
4687,2021-12-28,0.882610023021698,0.8857100009918213,0.8821449875831604,0.8826299905776978,0
4688,2021-12-29,0.8838000297546387,0.8868899941444397,0.8795070052146912,0.8839100003242493,0
4689,2021-12-30,0.8802700042724609,0.8848999738693237,0.880299985408783,0.880299985408783,0
4690,2021-12-31,0.8830000162124634,0.8845599889755249,0.8787999749183655,0.8831400275230408,0
4691,2022-01-03,0.8792399764060974,0.8860999941825867,0.8790500164031982,0.8792099952697754,0
4692,2022-01-04,0.8847799897193909,0.8870400190353394,0.8831580281257629,0.8848000168800354,0
4693,2022-01-05,0.8862400054931641,0.886709988117218,0.8813999891281128,0.8860999941825867,0
4694,2022-01-06,0.883899986743927,0.8860899806022644,0.8825600147247314,0.8840000033378601,0
4695,2022-01-07,0.885200023651123,0.885699987411499,0.880299985408783,0.8852800130844116,0
4696,2022-01-10,0.8807500004768372,0.8858699798583984,0.880299985408783,0.8807899951934814,0
4697,2022-01-11,0.8825799822807312,0.8837400078773499,0.8795850276947021,0.8823999762535095,0
4698,2022-01-12,0.8797799944877625,0.8806099891662598,0.8746610283851624,0.8794999718666077,0
4699,2022-01-13,0.8740000128746033,0.8744000196456909,0.871150016784668,0.8741400241851807,0
4700,2022-01-14,0.8728200197219849,0.8764200210571289,0.8708000183105469,0.8728600144386292,0
4701,2022-01-17,0.8763700127601624,0.8777199983596802,0.8745399713516235,0.876259982585907,0
4702,2022-01-18,0.8763800263404846,0.88264000415802,0.8754000067710876,0.8762000203132629,0
4703,2022-01-19,0.88264000415802,0.883430004119873,0.8805299997329712,0.882610023021698,0
4704,2022-01-20,0.8815699815750122,0.8826000094413757,0.8795899748802185,0.8815600275993347,0
4705,2022-01-21,0.8838800191879272,0.8847799897193909,0.8802000284194946,0.8837500214576721,0
4706,2022-01-24,0.8817200064659119,0.8856300115585327,0.8817600011825562,0.8817600011825562,0
4707,2022-01-25,0.8830699920654297,0.8875600099563599,0.8830000162124634,0.8830900192260742,0
4708,2022-01-26,0.8845999836921692,0.88714998960495,0.883899986743927,0.8846799731254578,0
4709,2022-01-27,0.8894000053405762,0.8981900215148926,0.8892999887466431,0.8895000219345093,0
4710,2022-01-28,0.8970999717712402,0.8990100026130676,0.8952500224113464,0.8971700072288513,0
4711,2022-01-31,0.8966699838638306,0.8972600102424622,0.891510009765625,0.8967499732971191,0
4712,2022-02-01,0.890500009059906,0.8910999894142151,0.8866000175476074,0.8905400037765503,0
4713,2022-02-02,0.8870000243186951,0.8875499963760376,0.8826599717140198,0.8870700001716614,0
4714,2022-02-03,0.8849599957466125,0.88714998960495,0.8733100295066833,0.8849599957466125,0
4715,2022-02-04,0.8744500279426575,0.8761600255966187,0.8708000183105469,0.8744999766349792,0
4716,2022-02-07,0.8729699850082397,0.8759099841117859,0.8726000189781189,0.873009979724884,0
4717,2022-02-08,0.8738999962806702,0.8774200081825256,0.8733000159263611,0.8740599751472473,0
4718,2022-02-09,0.8755599856376648,0.8769400119781494,0.8735910058021545,0.8755699992179871,0
4719,2022-02-10,0.875540018081665,0.8786699771881104,0.8700000047683716,0.8755599856376648,0
4720,2022-02-11,0.8759999871253967,0.8794100284576416,0.8757330179214478,0.8762900233268738,0
4721,2022-02-14,0.8798900246620178,0.8855199813842773,0.8795899748802185,0.879830002784729,0
4722,2022-02-15,0.8844599723815918,0.8845000267028809,0.8795999884605408,0.8844799995422363,0
4723,2022-02-16,0.8805299997329712,0.8814100027084351,0.8777199983596802,0.880620002746582,0
4724,2022-02-17,0.8791000247001648,0.8827999830245972,0.8781999945640564,0.8792499899864197,0
4725,2022-02-18,0.8797799944877625,0.8837199807167053,0.8789899945259094,0.8799800276756287,0
4726,2022-02-21,0.8836100101470947,0.8838499784469604,0.8783000111579895,0.8835999965667725,0
4727,2022-02-22,0.8841999769210815,0.8858100175857544,0.8799899816513062,0.8841999769210815,0
4728,2022-02-23,0.8826799988746643,0.8843799829483032,0.880299985408783,0.8825700283050537,0
4729,2022-02-24,0.8845099806785583,0.9000499844551086,0.8844900131225586,0.8844900131225586,0
4730,2022-02-25,0.8935999870300293,0.8954100012779236,0.8876199722290039,0.893589973449707,0
4731,2022-02-28,0.8943700194358826,0.897409975528717,0.8893200159072876,0.8943700194358826,0
4732,2022-03-01,0.8915899991989136,0.9007300138473512,0.8902999758720398,0.8916900157928467,0
4733,2022-03-02,0.8982499837875366,0.9042800068855286,0.8975099921226501,0.898389995098114,0
4734,2022-03-03,0.8999000191688538,0.905809998512268,0.8996000289916992,0.8998000025749207,0
4735,2022-03-04,0.903599977493286,0.9182699918746948,0.9034000039100648,0.9034000039100648,0
4736,2022-03-07,0.9195799827575684,0.925189971923828,0.9148499965667723,0.9196299910545348,0
4737,2022-03-08,0.920360028743744,0.921559989452362,0.9155700206756592,0.9200000166893004,0
4738,2022-03-09,0.9175800085067748,0.9176099896430968,0.9016199707984924,0.9173600077629088,0
4739,2022-03-10,0.9030299782752992,0.9105700254440308,0.899590015411377,0.9030699729919434,0
4740,2022-03-11,0.9079399704933168,0.914520025253296,0.9056400060653688,0.9080899953842164,0
4741,2022-03-14,0.914740025997162,0.9172199964523317,0.9101700186729432,0.9146999716758728,0
4742,2022-03-15,0.9138100147247314,0.9141200184822084,0.907580018043518,0.9136300086975098,0
4743,2022-03-16,0.9116299748420716,0.9127600193023682,0.9059000015258788,0.9118000268936156,0
4744,2022-03-17,0.9072800278663636,0.9073399901390076,0.9000499844551086,0.9072399735450744,0
4745,2022-03-18,0.9009400010108948,0.9086499810218812,0.8994500041007996,0.9009900093078612,0
4746,2022-03-21,0.9055399894714355,0.90693998336792,0.9036099910736084,0.905619978904724,0
4747,2022-03-22,0.9076700210571288,0.912280023097992,0.9053300023078918,0.9077399969100952,0
4748,2022-03-23,0.9066399931907654,0.9119300246238708,0.9056329727172852,0.9066100120544434,0
4749,2022-03-24,0.9085699915885924,0.9115800261497498,0.9079899787902832,0.9085699915885924,0
4750,2022-03-25,0.90829998254776,0.9104999899864196,0.9059000015258788,0.9083499908447266,0
4751,2022-03-28,0.9105899930000304,0.9136300086975098,0.9093599915504456,0.9105899930000304,0
4752,2022-03-29,0.909600019454956,0.9115399718284608,0.8979600071907043,0.909600019454956,0
4753,2022-03-30,0.9015899896621704,0.9017900228500366,0.8952550292015076,0.9015899896621704,0
4754,2022-03-31,0.8959100246429443,0.9030159711837769,0.8942099809646606,0.8959100246429443,0
4755,2022-04-01,0.9031500220298768,0.9066399931907654,0.902899980545044,0.9031500220298768,0
4756,2022-04-04,0.9052000045776368,0.9106699824333192,0.9043999910354614,0.9052000045776368,0
4757,2022-04-05,0.9110900163650512,0.9156399965286256,0.9097999930381776,0.9110900163650512,0
4758,2022-04-06,0.916890025138855,0.91948002576828,0.9142900109291076,0.916890025138855,0
4759,2022-04-07,0.9175800085067748,0.920199990272522,0.9144899845123292,0.9175800085067748,0
4760,2022-04-08,0.9204000234603882,0.9227700233459472,0.9181100130081176,0.9204000234603882,0
4761,2022-04-11,0.9186999797821044,0.9195700287818908,0.914680004119873,0.9186999797821044,0
4762,2022-04-12,0.919290006160736,0.921500027179718,0.9171000123023988,0.919290006160736,0
4763,2022-04-13,0.9236900210380554,0.9250400066375732,0.9196400046348572,0.9236900210380554,0
4764,2022-04-14,0.9177200198173524,0.9294899702072144,0.9155300259590148,0.9177200198173524,0
4765,2022-04-15,0.9241300225257874,0.9260299801826476,0.9239199757575988,0.9241300225257874,0
4766,2022-04-18,0.9246199727058412,0.9273300170898438,0.9245700240135192,0.9246199727058412,0
4767,2022-04-19,0.9274899959564208,0.929199993610382,0.9248899817466736,0.9274899959564208,0
4768,2022-04-20,0.9264000058174132,0.9272300004959106,0.920199990272522,0.9264000058174132,0
4769,2022-04-21,0.9216700196266174,0.9238399863243104,0.914520025253296,0.9216700196266174,0
4770,2022-04-22,0.922919988632202,0.9282600283622742,0.9212999939918518,0.922919988632202,0
4771,2022-04-25,0.9249799847602844,0.9345499873161316,0.924880027770996,0.9249799847602844,0
4772,2022-04-26,0.9333400130271912,0.9394400119781494,0.9312000274658204,0.9333400130271912,0
4773,2022-04-27,0.9395300149917604,0.9508699774742126,0.9383999705314636,0.9395300149917604,0
4774,2022-04-28,0.947409987449646,0.9548500180244446,0.9467700123786926,0.947409987449646,0
4775,2022-04-29,0.9520000219345092,0.951889991760254,0.944249987602234,0.9520000219345092,0
4776,2022-05-02,0.9491299986839294,0.952019989490509,0.946280002593994,0.9491299986839294,0
4777,2022-05-03,0.9515600204467772,0.9528899788856506,0.945389986038208,0.9515600204467772,0
4778,2022-05-04,0.9498000144958496,0.9517899751663208,0.946399986743927,0.9498000144958496,0
4779,2022-05-05,0.9413999915122986,0.951960027217865,0.9398499727249146,0.9413999915122986,0
4780,2022-05-06,0.9487900137901306,0.9537100195884703,0.9435399770736694,0.9487900137901306,0
4781,2022-05-09,0.9494699835777284,0.9526900053024292,0.9458799958229064,0.9494699835777284,0
4782,2022-05-10,0.9464499950408936,0.9499099850654602,0.9446600079536438,0.9464499950408936,0
4783,2022-05-11,0.949400007724762,0.951740026473999,0.9455699920654296,0.949400007724762,0
4784,2022-05-12,0.9512500166893004,0.9639899730682372,0.9496899843215942,0.9512500166893004,0
4785,2022-05-13,0.9634299874305724,0.9660000205039978,0.95974999666214,0.9634299874305724,0
4786,2022-05-16,0.9614800214767456,0.9623399972915648,0.9580399990081788,0.9614800214767456,0
4787,2022-05-17,0.957949995994568,0.958549976348877,0.9475299715995787,0.957949995994568,0
4788,2022-05-18,0.9480599761009216,0.9530699849128724,0.9466000199317932,0.9480599761009216,0
4789,2022-05-19,0.954859972000122,0.9554700255393982,0.9435700178146362,0.954859972000122,0
4790,2022-05-20,0.9452700018882751,0.9486700296401978,0.9434999823570251,0.9452700018882751,0
4791,2022-05-23,0.9460899829864502,0.9461899995803832,0.9354299902915956,0.9460899829864502,0
4792,2022-05-24,0.9361500144004822,0.93791002035141,0.9305499792099,0.9361500144004822,0
4793,2022-05-25,0.9314000010490416,0.939490020275116,0.9314000010490416,0.9314000010490416,0
4794,2022-05-26,0.9357500076293944,0.937690019607544,0.9320799708366394,0.9357500076293944,0
4795,2022-05-27,0.9317100048065186,0.9347500205039978,0.9289299845695496,0.9317100048065186,0
4796,2022-05-30,0.9318400025367736,0.9321900010108948,0.9272000193595886,0.9318400025367736,0
4797,2022-05-31,0.9282000064849854,0.93614000082016,0.9280800223350524,0.9282000064849854,0
4798,2022-06-01,0.9316099882125854,0.9405800104141236,0.9313899874687196,0.9316099882125854,0
4799,2022-06-02,0.9386000037193298,0.9393500089645386,0.9312300086021424,0.9386000037193298,0
4800,2022-06-03,0.9301400184631348,0.9340000152587892,0.9289000034332277,0.9301400184631348,0
4801,2022-06-06,0.9323099851608276,0.9358000159263612,0.9300000071525574,0.9323099851608276,0
4802,2022-06-07,0.9353299736976624,0.9387199878692628,0.9337999820709229,0.9353299736976624,0
4803,2022-06-08,0.9347000122070312,0.9369199872016908,0.9303799867630004,0.9347000122070312,0
4804,2022-06-09,0.9330400228500366,0.9392200112342834,0.92849999666214,0.9330400228500366,0
4805,2022-06-10,0.9416900277137756,0.9516800045967102,0.9396600127220154,0.9416900277137756,0
4806,2022-06-13,0.9532899856567384,0.959779977798462,0.9526000022888184,0.9532899856567384,0
4807,2022-06-14,0.9601399898529052,0.9617000222206116,0.953980028629303,0.9601399898529052,0
4808,2022-06-15,0.9577999711036682,0.9628099799156188,0.9517300128936768,0.9577999711036682,0
4809,2022-06-16,0.9563699960708618,0.9631500244140624,0.9496399760246276,0.9563699960708618,0
4810,2022-06-17,0.9481499791145324,0.9573400020599364,0.9477099776268004,0.9481499791145324,0
4811,2022-06-20,0.9531599879264832,0.9536200165748596,0.948300004005432,0.9531599879264832,0
4812,2022-06-21,0.9505000114440918,0.9510899782180786,0.9450100064277648,0.9505000114440918,0
4813,2022-06-22,0.949429988861084,0.9549400210380554,0.9431399703025818,0.949429988861084,0
4814,2022-06-23,0.9466000199317932,0.953790009021759,0.9451199769973756,0.9466000199317932,0
4815,2022-06-24,0.9505599737167358,0.9511399865150452,0.946150004863739,0.9505599737167358,0
4816,2022-06-27,0.9464200139045716,0.947790026664734,0.9421300292015076,0.9464200139045716,0
4817,2022-06-28,0.9451000094413756,0.951860010623932,0.9429500102996826,0.9451000094413756,0
4818,2022-06-29,0.9502500295639038,0.9552900195121764,0.9491000175476074,0.9502500295639038,0
4819,2022-06-30,0.9572499990463256,0.9630299806594848,0.9543099999427797,0.9572499990463256,0
4820,2022-07-01,0.9544100165367126,0.9643300175666808,0.954389989376068,0.9544100165367126,0
4821,2022-07-04,0.9584100246429444,0.9598699808120728,0.9556999802589417,0.9584100246429444,0
4822,2022-07-05,0.9584800004959106,0.9768199920654296,0.957069993019104,0.9584800004959106,0
4823,2022-07-06,0.9748799800872804,0.9840400218963624,0.9733399748802184,0.9748799800872804,0
4824,2022-07-07,0.9817000031471252,0.9848999977111816,0.9785500168800354,0.9817000031471252,0
4825,2022-07-08,0.983299970626831,0.9920899868011476,0.981249988079071,0.983299970626831,0
4826,2022-07-11,0.9836599826812744,0.994599997997284,0.9835000038146972,0.9836599826812744,0
4827,2022-07-12,0.995270013809204,0.9998900294303894,0.9926699995994568,0.995270013809204,0
4828,2022-07-13,0.9966999888420104,1.0001100301742554,0.988510012626648,0.9966999888420104,0
4829,2022-07-14,0.9967399835586548,1.0046600103378296,0.9951000213623048,0.9967399835586548,0
4830,2022-07-15,0.997439980506897,0.9989399909973145,0.9902999997138976,0.997439980506897,0
4831,2022-07-18,0.9904599785804749,0.9918299913406372,0.9804999828338624,0.9904599785804749,0
4832,2022-07-19,0.9856899976730348,0.9875900149345398,0.9738799929618835,0.9856899976730348,0
4833,2022-07-20,0.9773899912834167,0.9827100038528442,0.9735299944877625,0.9773899912834167,0
4834,2022-07-21,0.9820500016212464,0.9839500188827516,0.973200023174286,0.9820500016212464,0
4835,2022-07-22,0.9783700108528136,0.9867799878120422,0.9751200079917908,0.9783700108528136,0
4836,2022-07-25,0.9803699851036072,0.98225998878479,0.975000023841858,0.9803699851036072,0
4837,2022-07-26,0.977999985218048,0.988730013370514,0.9757000207901,0.977999985218048,0
4838,2022-07-27,0.987209975719452,0.9893699884414672,0.9830999970436096,0.987209975719452,0
4839,2022-07-28,0.9794999957084656,0.9885600209236144,0.9772199988365172,0.9794999957084656,0
4840,2022-07-29,0.9811300039291382,0.985360026359558,0.975250005722046,0.9811300039291382,0
4841,2022-08-01,0.9796000123023988,0.9794700145721436,0.9729999899864196,0.9796000123023988,0
4842,2022-08-02,0.9745299816131592,0.9819599986076356,0.9715200066566468,0.9745299816131592,0
4843,2022-08-03,0.9846699833869934,0.9878299832344056,0.9796599745750428,0.9846699833869934,0
4844,2022-08-04,0.9844800233840942,0.9846400022506714,0.9772800207138062,0.9844800233840942,0
4845,2022-08-05,0.975820004940033,0.9858400225639344,0.9757000207901,0.975820004940033,0
4846,2022-08-08,0.9832000136375428,0.984250009059906,0.9782999753952026,0.9832000136375428,0
4847,2022-08-09,0.98062002658844,0.9814299941062928,0.9758999943733216,0.98062002658844,0
4848,2022-08-10,0.979610025882721,0.9800999760627748,0.9643999934196472,0.979610025882721,0
4849,2022-08-11,0.97079998254776,0.973110020160675,0.9646999835968018,0.97079998254776,0
4850,2022-08-12,0.9692999720573424,0.9765999913215636,0.9682999849319458,0.9692999720573424,0
4851,2022-08-15,0.975000023841858,0.9821000099182128,0.9739800095558168,0.975000023841858,0
4852,2022-08-16,0.984059989452362,0.9878100156784058,0.980929970741272,0.984059989452362,0
4853,2022-08-17,0.9832199811935424,0.98540997505188,0.9805999994277954,0.9832199811935424,0
4854,2022-08-18,0.9822999835014344,0.9888100028038024,0.9810000061988832,0.9822999835014344,0
4855,2022-08-19,0.9910899996757508,0.9963899850845336,0.9889000058174132,0.9910899996757508,0
4856,2022-08-22,0.9964900016784668,1.0072799921035769,0.995199978351593,0.9964900016784668,0
4857,2022-08-23,1.0060900449752808,1.0097800493240356,0.9980999827384948,1.0060900449752808,0
4858,2022-08-24,1.0033199787139893,1.0088800191879272,1.0001800060272217,1.0033199787139893,0
4859,2022-08-25,1.003100037574768,1.0043400526046753,0.9969499707221984,1.003100037574768,0
4860,2022-08-26,1.002879977226257,1.0053000450134275,0.991249978542328,1.002879977226257,0
4861,2022-08-29,1.0061700344085691,1.008579969406128,0.9969000220298768,1.0061700344085691,0
4862,2022-08-30,0.9986000061035156,1.0016599893569946,0.9947999715805054,0.9986000061035156,0
4863,2022-08-31,0.9975000023841858,1.0028400421142578,0.9923200011253356,0.9975000023841858,0
4864,2022-09-01,0.9961100220680236,1.00832998752594,0.9954400062561036,0.9961100220680236,0
4865,2022-09-02,1.00478994846344,1.004899978637695,0.9966800212860109,1.00478994846344,0
4866,2022-09-05,1.0091400146484375,1.012060046195984,1.005679965019226,1.0091400146484375,0
4867,2022-09-06,1.0047999620437622,1.0136699676513672,1.001469969749451,1.0047999620437622,0
4868,2022-09-07,1.0103100538253784,1.012369990348816,1.0045000314712524,1.0103100538253784,0
4869,2022-09-08,1.0004299879074097,1.006700038909912,0.997099995613098,1.0004299879074097,0
4870,2022-09-09,0.9987999796867372,0.9990699887275696,0.9889000058174132,0.9987999796867372,0
4871,2022-09-12,0.9929100275039672,0.9935700297355652,0.9807000160217284,0.9929100275039672,0
4872,2022-09-13,0.987209975719452,1.0004199743270874,0.981599986553192,0.987209975719452,0
4873,2022-09-14,1.0017999410629272,1.0036499500274658,0.997730016708374,1.0017999410629272,0
4874,2022-09-15,1.0016000270843506,1.0042699575424194,0.9982100129127502,1.0016000270843506,0
4875,2022-09-16,1.001170039176941,1.0054500102996826,0.9964500069618224,1.001170039176941,0
4876,2022-09-19,0.9977700114250184,1.0033299922943115,0.9972000122070312,0.9977700114250184,0
4877,2022-09-20,0.9970499873161316,1.0043100118637085,0.9950000047683716,0.9970499873161316,0
4878,2022-09-21,1.0029300451278689,1.013260006904602,1.0025999546051023,1.0029300451278689,0
4879,2022-09-22,1.0172200202941897,1.019260048866272,1.009469985961914,1.0172200202941897,0
4880,2022-09-23,1.01610004901886,1.0305099487304688,1.0149999856948853,1.01610004901886,0
4881,2022-09-26,1.031999945640564,1.0435899496078491,1.030940055847168,1.031999945640564,0
4882,2022-09-27,1.0391000509262085,1.0422600507736206,1.034119963645935,1.0391000509262085,0
4883,2022-09-28,1.042080044746399,1.048200011253357,1.032389998435974,1.042080044746399,0
4884,2022-09-29,1.030060052871704,1.0375299453735352,1.0217299461364746,1.030060052871704,0
4885,2022-09-30,1.0173399448394775,1.027109980583191,1.0152299404144287,1.0173399448394775,0
4886,2022-10-03,1.0211700201034546,1.0252599716186523,1.015820026397705,1.0211700201034546,0
4887,2022-10-04,1.0170799493789673,1.0197099447250366,1.0019899606704712,1.0170799493789673,0
4888,2022-10-05,1.0015699863433838,1.0167299509048462,1.0005799531936646,1.0015699863433838,0
4889,2022-10-06,1.0089800357818604,1.0215200185775757,1.0074199438095093,1.0089800357818604,0
4890,2022-10-07,1.0215500593185425,1.0275700092315674,1.0187400579452517,1.0215500593185425,0
4891,2022-10-10,1.0272200107574463,1.032789945602417,1.0254000425338743,1.0272200107574463,0
4892,2022-10-11,1.029860019683838,1.0336999893188477,1.0247900485992432,1.029860019683838,0
4893,2022-10-12,1.0309100151062012,1.034160017967224,1.0274300575256348,1.0309100151062012,0
4894,2022-10-13,1.030079960823059,1.0377800464630127,1.0209200382232666,1.030079960823059,0
4895,2022-10-14,1.0255000591278076,1.029919981956482,1.020009994506836,1.0255000591278076,0
4896,2022-10-17,1.0267599821090698,1.0283299684524536,1.015529990196228,1.0267599821090698,0
4897,2022-10-18,1.0155999660491943,1.0188900232315063,1.0127999782562256,1.0155999660491943,0
4898,2022-10-19,1.013800024986267,1.0245699882507324,1.0134799480438232,1.013800024986267,0
4899,2022-10-20,1.0239100456237793,1.0250600576400757,1.0157300233840942,1.0239100456237793,0
4900,2022-10-21,1.0226099491119385,1.030150055885315,1.0145100355148315,1.0226099491119385,0
4901,2022-10-24,1.0141899585723877,1.0194799900054932,1.0111600160598757,1.0141899585723877,0
4902,2022-10-25,1.0114799737930298,1.0149999856948853,1.0024700164794922,1.0114799737930298,0
4903,2022-10-26,1.003640055656433,1.0055700540542605,0.9920099973678588,1.003640055656433,0
4904,2022-10-27,0.9908900260925292,1.0023599863052368,0.9905999898910522,0.9908900260925292,0
4905,2022-10-28,1.0032299757003784,1.0068999528884888,1.000100016593933,1.0032299757003784,0
4906,2022-10-31,1.004520058631897,1.012809991836548,1.0032000541687012,1.004520058631897,0
4907,2022-11-01,1.0115000009536743,1.0139800310134888,1.0048600435256958,1.0115000009536743,0
4908,2022-11-02,1.0123599767684937,1.0134199857711792,1.00872004032135,1.0123599767684937,0
4909,2022-11-03,1.0189100503921509,1.0276199579238892,1.0162999629974363,1.0189100503921509,0
4910,2022-11-04,1.0256799459457395,1.0257999897003174,1.0062199831008911,1.0256799459457395,0
4911,2022-11-07,1.0071699619293213,1.0081199407577517,0.9994999766349792,1.0071699619293213,0
4912,2022-11-08,0.9981399774551392,1.002400040626526,0.9906700253486632,0.9981399774551392,0
4913,2022-11-09,0.9919800162315368,0.9987499713897704,0.9911999702453612,0.9919800162315368,0
4914,2022-11-10,0.9980499744415284,1.0062600374221802,0.9820299744606018,0.9980499744415284,0
4915,2022-11-11,0.9811400175094604,0.9836500287055968,0.967270016670227,0.9811400175094604,0
4916,2022-11-14,0.9681900143623352,0.9733700156211852,0.966159999370575,0.9681900143623352,0
4917,2022-11-15,0.9690600037574768,0.969569981098175,0.954609990119934,0.9690600037574768,0
4918,2022-11-16,0.9654499888420104,0.9674500226974488,0.9581000208854676,0.9654499888420104,0
4919,2022-11-17,0.962000012397766,0.969980001449585,0.9610099792480468,0.962000012397766,0
4920,2022-11-18,0.9650899767875672,0.9682400226593018,0.9619200229644777,0.9650899767875672,0
4921,2022-11-21,0.9679700136184692,0.9778000116348268,0.9677500128746032,0.9679700136184692,0
4922,2022-11-22,0.9760199785232544,0.9762399792671204,0.9718000292778016,0.9760199785232544,0
4923,2022-11-23,0.9698299765586852,0.9710500240325928,0.9631999731063844,0.9698299765586852,0
4924,2022-11-24,0.9600399732589722,0.9630500078201294,0.957099974155426,0.9600399732589722,0
4925,2022-11-25,0.9607899785041808,0.9656100273132324,0.9588599801063538,0.9607899785041808,0
4926,2022-11-28,0.9645500183105468,0.9668899774551392,0.9526799917221068,0.9645500183105468,0
4927,2022-11-29,0.9666000008583068,0.9684799909591676,0.9620800018310548,0.9666000008583068,0
4928,2022-11-30,0.9685699939727784,0.9715999960899352,0.9620400071144104,0.9685699939727784,0
4929,2022-12-01,0.9592000246047974,0.9617300033569336,0.9495400190353394,0.9592000246047974,0
4930,2022-12-02,0.949810028076172,0.9583899974822998,0.948300004005432,0.949810028076172,0
4931,2022-12-05,0.948390007019043,0.9530699849128724,0.9439200162887572,0.948390007019043,0
4932,2022-12-06,0.9526600241661072,0.9544699788093568,0.9494799971580504,0.9526600241661072,0
4933,2022-12-07,0.9552000164985656,0.957509994506836,0.9482100009918212,0.9552000164985656,0
4934,2022-12-08,0.9511799812316896,0.9531400203704834,0.946690022945404,0.9511799812316896,0
4935,2022-12-09,0.9470000267028807,0.950569987297058,0.9444299936294556,0.9470000267028807,0
4936,2022-12-12,0.9503700137138368,0.951740026473999,0.9452499747276306,0.9503700137138368,0
4937,2022-12-13,0.9486100077629088,0.9497299790382384,0.9373000264167786,0.9486100077629088,0
4938,2022-12-14,0.9410300254821776,0.9416099786758424,0.9372199773788452,0.9410300254821776,0
4939,2022-12-15,0.9366499781608582,0.9427400231361388,0.932349979877472,0.9366499781608582,0
4940,2022-12-16,0.9398000240325928,0.9434499740600586,0.9377999901771544,0.9398000240325928,0
4941,2022-12-19,0.94472998380661,0.9454299807548524,0.93817400932312,0.94472998380661,0
4942,2022-12-20,0.9420999884605408,0.9451199769973756,0.938480019569397,0.9420999884605408,0
4943,2022-12-21,0.9409999847412108,0.9436600208282472,0.9395400285720824,0.9409999847412108,0
4944,2022-12-22,0.9424999952316284,0.944819986820221,0.9383100271224976,0.9424999952316284,0
4945,2022-12-23,0.9430999755859376,0.9444699883461,0.94063001871109,0.9430999755859376,0
4946,2022-12-26,0.9373999834060668,0.9426000118255616,0.9401000142097472,0.9373999834060668,0
4947,2022-12-27,0.9398300051689148,0.9422900080680848,0.9372950196266174,0.9398300051689148,0
4948,2022-12-28,0.9401000142097472,0.9421600103378296,0.9368299841880798,0.9401000142097472,0
4949,2022-12-29,0.9408000111579896,0.942300021648407,0.9371899962425232,0.9408000111579896,0
4950,2022-12-30,0.9380199909210204,0.9399200081825256,0.9347599744796752,0.9380199909210204,0
4951,2023-01-02,0.9337300062179564,0.9386799931526184,0.9334999918937684,0.9337300062179564,0
4952,2023-01-03,0.9365299940109252,0.9504299759864808,0.9361000061035156,0.9365299940109252,0
4953,2023-01-04,0.9481499791145324,0.9482300281524658,0.9405999779701232,0.9481499791145324,0
4954,2023-01-05,0.9428300261497498,0.9509699940681458,0.940500020980835,0.9428300261497498,0
4955,2023-01-06,0.9503700137138368,0.953719973564148,0.9414200186729432,0.9503700137138368,0
4956,2023-01-09,0.938409984111786,0.9387199878692628,0.9294099807739258,0.938409984111786,0
4957,2023-01-10,0.931689977645874,0.933430016040802,0.929639995098114,0.931689977645874,0
4958,2023-01-11,0.931190013885498,0.9322400093078612,0.9280999898910522,0.931190013885498,0
4959,2023-01-12,0.928849995136261,0.9312700033187866,0.9226499795913696,0.928849995136261,0
4960,2023-01-13,0.9207900166511536,0.927590012550354,0.9201499819755554,0.9207900166511536,0
4961,2023-01-16,0.9238200187683104,0.9257000088691713,0.9194999933242798,0.9238200187683104,0
4962,2023-01-17,0.9233499765396118,0.9270399808883668,0.9200400114059448,0.9233499765396118,0
4963,2023-01-18,0.9265000224113464,0.92875999212265,0.9187399744987488,0.9265000224113464,0
4964,2023-01-19,0.926110029220581,0.9273899793624878,0.9230999946594238,0.926110029220581,0
4965,2023-01-20,0.9230300188064576,0.9255300164222716,0.9211000204086304,0.9230300188064576,0
4966,2023-01-23,0.9203799962997437,0.9218699932098388,0.9157900214195251,0.9204099774360656,0
4967,2023-01-24,0.9196000099182128,0.922569990158081,0.9176999926567078,0.9196000099182128,0
4968,2023-01-25,0.918429970741272,0.9209700226783752,0.9155300259590148,0.918429970741272,0
4969,2023-01-26,0.9155799746513368,0.9215199947357178,0.9146999716758728,0.9155799746513368,0
4970,2023-01-27,0.917900025844574,0.9226099848747252,0.91729998588562,0.917900025844574,0
4971,2023-01-30,0.9198399782180786,0.9212700128555298,0.9161700010299684,0.9198399782180786,0
4972,2023-01-31,0.9215999841690063,0.925570011138916,0.9200999736785888,0.9215999841690063,0
4973,2023-02-01,0.9207299947738647,0.9214100241661072,0.9153800010681152,0.9207299947738647,0
4974,2023-02-02,0.9080299735069276,0.918470025062561,0.9068999886512756,0.9080299735069276,0
4975,2023-02-03,0.9169999957084656,0.9249799847602844,0.9140200018882751,0.9169999957084656,0
4976,2023-02-06,0.92671000957489,0.9329800009727478,0.9258999824523926,0.92671000957489,0
4977,2023-02-07,0.9319000244140624,0.937250018119812,0.9305790066719056,0.9319000244140624,0
4978,2023-02-08,0.9319900274276732,0.9331099987030028,0.9293500185012816,0.9319900274276732,0
4979,2023-02-09,0.9332000017166138,0.9335700273513794,0.9267500042915344,0.9332000017166138,0
4980,2023-02-10,0.930899977684021,0.9372699856758118,0.930079996585846,0.930899977684021,0
4981,2023-02-13,0.9365299940109252,0.9383299946784972,0.9323999881744384,0.9365299940109252,0
4982,2023-02-14,0.9319300055503844,0.933709979057312,0.9260600209236144,0.9319300055503844,0
4983,2023-02-15,0.931469976902008,0.9375600218772888,0.9307000041007996,0.931469976902008,0
4984,2023-02-16,0.9352999925613404,0.9384599924087524,0.932640016078949,0.9352999925613404,0
4985,2023-02-17,0.9375799894332886,0.942170023918152,0.9362000226974488,0.9375799894332886,0
4986,2023-02-20,0.9359400272369384,0.9370700120925904,0.9340999722480774,0.9359400272369384,0
4987,2023-02-21,0.9361000061035156,0.9394199848175048,0.9349600076675416,0.9361000061035156,0
4988,2023-02-22,0.9387900233268738,0.9416999816894532,0.9376000165939332,0.9387900233268738,0
4989,2023-02-23,0.9428799748420716,0.9449999928474426,0.9406999945640564,0.9428799748420716,0
4990,2023-02-24,0.9435700178146362,0.9489700198173524,0.9421300292015076,0.9435700178146362,0
4991,2023-02-27,0.9474400281906128,0.9493499994277954,0.9417399764060974,0.9474400281906128,0
4992,2023-02-28,0.9423999786376952,0.9449700117111206,0.939408004283905,0.9423999786376952,0
4993,2023-03-01,0.9454200267791748,0.9464600086212158,0.9353600144386292,0.9454200267791748,0
4994,2023-03-02,0.9373000264167786,0.9448699951171876,0.9369699954986572,0.9373000264167786,0
4995,2023-03-03,0.9434199929237366,0.9441699981689452,0.9408000111579896,0.9434199929237366,0
4996,2023-03-06,0.941070020198822,0.941349983215332,0.9351199865341188,0.941070020198822,0
4997,2023-03-07,0.9355999827384948,0.945930004119873,0.9348999857902528,0.9355999827384948,0
4998,2023-03-08,0.9477999806404114,0.949970006942749,0.9457799792289734,0.9477999806404114,0
4999,2023-03-09,0.9479100108146667,0.9488999843597412,0.944599986076355,0.9479100108146667,0
5000,2023-03-10,0.9447600245475768,0.9455599784851074,0.9347000122070312,0.9447600245475768,0
5001,2023-03-13,0.9360100030899048,0.938759982585907,0.9313399791717528,0.9360100030899048,0
5002,2023-03-14,0.9323999881744384,0.936360001564026,0.9304800033569336,0.9323999881744384,0
5003,2023-03-15,0.9321699738502502,0.950540006160736,0.9293599724769592,0.9321699738502502,0
5004,2023-03-16,0.9448800086975098,0.947409987449646,0.9403300285339355,0.9448800086975098,0
5005,2023-03-17,0.9421399831771852,0.9423199892044068,0.9372400045394896,0.9421399831771852,0
5006,2023-03-20,0.9364299774169922,0.9405199885368348,0.9319199919700624,0.9364299774169922,0
5007,2023-03-21,0.9329100251197816,0.934149980545044,0.9270200133323668,0.9329100251197816,0
5008,2023-03-22,0.9281399846076964,0.9294099807739258,0.9258000254631042,0.9281399846076964,0
5009,2023-03-23,0.9199299812316896,0.9200800061225892,0.9149969816207886,0.9199299812316896,0
5010,2023-03-24,0.9229300022125244,0.9329299926757812,0.9225940108299256,0.9229300022125244,0
5011,2023-03-27,0.9277999997138976,0.930400013923645,0.926268994808197,0.9277999997138976,0
5012,2023-03-28,0.925320029258728,0.9255800247192384,0.9217439889907836,0.925320029258728,0
5013,2023-03-29,0.9225500226020812,0.9240999817848206,0.9197940230369568,0.9225500226020812,0
5014,2023-03-30,0.9222000241279602,0.9236199855804444,0.9154199957847596,0.9222000241279602,0
5015,2023-03-31,0.91703999042511,0.9207599759101868,0.9152600169181824,0.91703999042511,0
5016,2023-04-03,0.9256399869918824,0.9268400073051452,0.9161099791526794,0.9256399869918824,0
5017,2023-04-04,0.9164000153541564,0.9187899827957152,0.9114400148391724,0.9164000153541564,0
5018,2023-04-05,0.9124000072479248,0.9169800281524658,0.9116399884223938,0.9124000072479248,0
5019,2023-04-06,0.9171500205993652,0.918649971485138,0.914900004863739,0.9171500205993652,0
5020,2023-04-07,0.9157400131225586,0.9190300107002258,0.9153000116348268,0.9157400131225586,0
5021,2023-04-10,0.9162899851799012,0.9231500029563904,0.9158999919891356,0.9162899851799012,0
5022,2023-04-11,0.9200199842453004,0.9201300144195556,0.9151899814605712,0.9200199842453004,0
5023,2023-04-12,0.9159600138664246,0.9161499738693236,0.9092100262641908,0.9159600138664246,0
5024,2023-04-13,0.9090999960899352,0.910610020160675,0.9034240245819092,0.9090999960899352,0
5025,2023-04-14,0.9046000242233276,0.9109100103378296,0.902899980545044,0.9046000242233276,0
5026,2023-04-17,0.9101999998092652,0.9165300130844116,0.9091699719429016,0.9101999998092652,0
5027,2023-04-18,0.9153000116348268,0.9155200123786926,0.9104599952697754,0.9153000116348268,0
5028,2023-04-19,0.9111300110816956,0.9158899784088136,0.9101999998092652,0.9111300110816956,0
5029,2023-04-20,0.9130600094795228,0.914550006389618,0.9100000262260436,0.9130600094795228,0
5030,2023-04-21,0.9114999771118164,0.9140999913215636,0.9097099900245668,0.9114999771118164,0
5031,2023-04-24,0.9097300171852112,0.911679983139038,0.9062700271606444,0.9097300171852112,0
5032,2023-04-25,0.90420001745224,0.9116399884223938,0.9035000205039978,0.90420001745224,0
5033,2023-04-26,0.9108800292015076,0.9116399884223938,0.9013800024986268,0.9108800292015076,0
5034,2023-04-27,0.9052000045776368,0.9095699787139891,0.9036999940872192,0.9052000045776368,0
5035,2023-04-28,0.9064499735832214,0.9119399785995485,0.905489981174469,0.9064499735832214,0
5036,2023-05-01,0.9081900119781494,0.9118300080299376,0.9061599969863892,0.9081900119781494,0
5037,2023-05-02,0.9116399884223938,0.9137799739837646,0.9086599946022034,0.9116399884223938,0
5038,2023-05-03,0.9081900119781494,0.9085999727249146,0.9043099880218506,0.9081900119781494,0
5039,2023-05-04,0.9034299850463868,0.9101799726486206,0.9016000032424928,0.9034299850463868,0
5040,2023-05-05,0.9071999788284302,0.9114400148391724,0.9051409959793092,0.9071999788284302,0
5041,2023-05-08,0.9075499773025512,0.9080600142478944,0.904699981212616,0.9075499773025512,0
5042,2023-05-09,0.909409999847412,0.9137399792671204,0.9089999794960022,0.909409999847412,0
5043,2023-05-10,0.9120200276374816,0.9138399958610536,0.9086999893188475,0.9120200276374816,0
5044,2023-05-11,0.9104099869728088,0.9173200130462646,0.9092000126838684,0.9104099869728088,0
5045,2023-05-12,0.9164100289344788,0.921180009841919,0.9144799709320068,0.9164100289344788,0
5046,2023-05-15,0.9214299917221068,0.921779990196228,0.9180999994277954,0.9214299917221068,0
5047,2023-05-16,0.9196500182151794,0.921090006828308,0.9171299934387208,0.9196500182151794,0
5048,2023-05-17,0.9203299880027772,0.924929976463318,0.9194999933242798,0.9203299880027772,0
5049,2023-05-18,0.9226499795913696,0.9289000034332277,0.9217000007629396,0.9226499795913696,0
5050,2023-05-19,0.9280400276184082,0.9292799830436708,0.9238799810409546,0.9280400276184082,0
5051,2023-05-22,0.9239799976348876,0.9262199997901917,0.92330002784729,0.9239799976348876,0
5052,2023-05-23,0.9249799847602844,0.9290400147438048,0.9240999817848206,0.9249799847602844,0
5053,2023-05-24,0.928529977798462,0.9302600026130676,0.9259799718856812,0.928529977798462,0
5054,2023-05-25,0.9296000003814696,0.933709979057312,0.9298700094223022,0.9296000003814696,0
5055,2023-05-26,0.932449996471405,0.9344000220298768,0.9295799732208252,0.932449996471405,0
5056,2023-05-29,0.932569980621338,0.9340299963951112,0.9305999875068665,0.932569980621338,0
5057,2023-05-30,0.9339100122451782,0.9369099736213684,0.9305999875068665,0.9339100122451782,0
5058,2023-05-31,0.9316999912261964,0.9388200044631958,0.9312000274658204,0.9316999912261964,0
5059,2023-06-01,0.9350000023841858,0.937720000743866,0.9298869967460632,0.9350000023841858,0
5060,2023-06-02,0.9293000102043152,0.9330000281333924,0.9276999831199646,0.9293000102043152,0
5061,2023-06-05,0.9347000122070312,0.9367899894714355,0.9326000213623048,0.9347000122070312,0
5062,2023-06-06,0.9335500001907348,0.9374399781227112,0.9316999912261964,0.9335500001907348,0
5063,2023-06-07,0.9347500205039978,0.937309980392456,0.9310799837112428,0.9347500205039978,0
5064,2023-06-08,0.933929979801178,0.9343900084495544,0.92739999294281,0.933929979801178,0
5065,2023-06-09,0.9274100065231324,0.930429995059967,0.9269999861717224,0.9274100065231324,0
5066,2023-06-12,0.9301499724388124,0.9315900206565856,0.9268100261688232,0.9301499724388124,0
5067,2023-06-13,0.9291099905967712,0.9293199777603148,0.9240000247955322,0.9291099905967712,0
5068,2023-06-14,0.9268400073051452,0.9280099868774414,0.9209499955177308,0.9268400073051452,0
5069,2023-06-15,0.922249972820282,0.9255599975585938,0.9142000079154968,0.922249972820282,0
5070,2023-06-16,0.9135800004005432,0.9157400131225586,0.9114940166473388,0.9135800004005432,0
5071,2023-06-19,0.9139000177383424,0.9165059924125672,0.9132999777793884,0.9139000177383424,0
5072,2023-06-20,0.9153900146484376,0.9178900122642516,0.913640022277832,0.9153900146484376,0
5073,2023-06-21,0.915719985961914,0.9168699979782104,0.9122999906539916,0.915719985961914,0
5074,2023-06-22,0.9096999764442444,0.9131500124931335,0.9081699848175048,0.9096999764442444,0
5075,2023-06-23,0.912500023841858,0.9220799803733826,0.912500023841858,0.912500023841858,0
5076,2023-06-26,0.9168699979782104,0.918429970741272,0.9156000018119812,0.9168699979782104,0
5077,2023-06-27,0.9165499806404114,0.9171599745750428,0.9110699892044068,0.9165499806404114,0
5078,2023-06-28,0.9126399755477904,0.917460024356842,0.9121999740600586,0.9126399755477904,0
5079,2023-06-29,0.916100025177002,0.920610010623932,0.9140200018882751,0.916100025177002,0
5080,2023-06-30,0.9201300144195556,0.9228100180625916,0.9146000146865844,0.9201300144195556,0
5081,2023-07-03,0.916800022125244,0.9198099970817566,0.914799988269806,0.916800022125244,0
5082,2023-07-04,0.9163299798965454,0.9182100296020508,0.9158999919891356,0.9163299798965454,0
5083,2023-07-05,0.9186999797821044,0.9203799962997437,0.9169099926948548,0.9186999797821044,0
5084,2023-07-06,0.9211000204086304,0.9229900240898132,0.91729998588562,0.9211000204086304,0
5085,2023-07-07,0.9182199835777284,0.9200800061225892,0.9120200276374816,0.9182199835777284,0
5086,2023-07-10,0.9115999937057496,0.913699984550476,0.9096900224685668,0.9115999937057496,0
5087,2023-07-11,0.9085999727249146,0.910860002040863,0.9069799780845642,0.9085999727249146,0
5088,2023-07-12,0.9079300165176392,0.9080299735069276,0.8988000154495239,0.9079300165176392,0
5089,2023-07-13,0.8973000049591064,0.898419976234436,0.8931599855422974,0.8973000049591064,0
5090,2023-07-14,0.8909900188446045,0.8923699855804443,0.8892999887466431,0.8909900188446045,0
5091,2023-07-17,0.8906499743461609,0.8924199938774109,0.8888000249862671,0.8906499743461609,0
5092,2023-07-18,0.8898699879646301,0.891260027885437,0.8868600130081177,0.8898699879646301,0
5093,2023-07-19,0.89055997133255,0.8947499990463257,0.8896999955177307,0.89055997133255,0
5094,2023-07-20,0.8924400210380554,0.8982200026512146,0.890500009059906,0.8924400210380554,0
5095,2023-07-21,0.8978999853134155,0.9001200199127197,0.8970999717712402,0.8978999853134155,0
5096,2023-07-24,0.8988500237464905,0.903439998626709,0.8972600102424622,0.8988500237464905,0
5097,2023-07-25,0.9039000272750854,0.9072700142860411,0.901799976825714,0.9039000272750854,0
5098,2023-07-26,0.9049400091171264,0.9059299826622008,0.9020000100135804,0.9049400091171264,0
5099,2023-07-27,0.9026600122451782,0.9103400111198424,0.8967000246047974,0.9026600122451782,0
5100,2023-07-28,0.9108499884605408,0.9134899973869324,0.905239999294281,0.9108499884605408,0
5101,2023-07-31,0.9070900082588196,0.9085800051689148,0.9053500294685364,0.9070900082588196,0
5102,2023-08-01,0.9092900156974792,0.9128699898719788,0.908900022506714,0.9092900156974792,0
5103,2023-08-02,0.9084399938583374,0.9157699942588806,0.9085100293159484,0.9084399938583374,0
5104,2023-08-03,0.9137300252914428,0.9162899851799012,0.912909984588623,0.9137300252914428,0
5105,2023-08-04,0.9131100177764891,0.9143900275230408,0.9057199954986572,0.9131100177764891,0
5106,2023-08-07,0.9088699817657472,0.911899983882904,0.9081000089645386,0.9088699817657472,0
5107,2023-08-08,0.9088299870491028,0.9148300290107728,0.9082800149917604,0.9088299870491028,0
5108,2023-08-09,0.912500023841858,0.912750005722046,0.9095600247383118,0.912500023841858,0
5109,2023-08-10,0.9109399914741516,0.9117400050163268,0.9042900204658508,0.9109399914741516,0
5110,2023-08-11,0.910610020160675,0.9130899906158448,0.9087299704551696,0.910610020160675,0
5111,2023-08-14,0.9137099981307985,0.9193300008773804,0.9123799800872804,0.9137099981307985,0
5112,2023-08-15,0.916599988937378,0.9173600077629088,0.9132699966430664,0.916599988937378,0
5113,2023-08-16,0.9170799851417542,0.9176200032234192,0.914520025253296,0.9170799851417542,0
5114,2023-08-17,0.9195500016212464,0.920610010623932,0.9159799814224244,0.9195500016212464,0
5115,2023-08-18,0.9195700287818908,0.9219599962234496,0.9178000092506408,0.9195700287818908,0
5116,2023-08-21,0.9194899797439576,0.9199100136756896,0.9162899851799012,0.9194899797439576,0
5117,2023-08-22,0.9175699949264526,0.9230200052261353,0.9147459864616394,0.9175699949264526,0
5118,2023-08-23,0.92194002866745,0.9256700277328492,0.919920027256012,0.92194002866745,0
5119,2023-08-24,0.9203199744224548,0.9246000051498412,0.9193800091743468,0.9203199744224548,0
5120,2023-08-25,0.9259999990463256,0.9287899732589722,0.9225299954414368,0.9259999990463256,0
5121,2023-08-28,0.9261500239372252,0.9259799718856812,0.9240999817848206,0.9261500239372252,0
5122,2023-08-29,0.923740029335022,0.9273399710655212,0.921090006828308,0.923740029335022,0
5123,2023-08-30,0.9200299978256226,0.9211400151252748,0.9136199951171876,0.9200299978256226,0
5124,2023-08-31,0.9146999716758728,0.9227499961853028,0.9140999913215636,0.9146999716758728,0
5125,2023-09-01,0.922160029411316,0.9271399974822998,0.9190499782562256,0.922160029411316,0
5126,2023-09-04,0.9279999732971193,0.9281600117683412,0.9251499772071838,0.9279999732971193,0
5127,2023-09-05,0.9264000058174132,0.9339200258255004,0.9259999990463256,0.9264000058174132,0
5128,2023-09-06,0.9322999715805054,0.9341300129890442,0.9303900003433228,0.9322999715805054,0
5129,2023-09-07,0.9324700236320496,0.9356600046157836,0.9315999746322632,0.9324700236320496,0
5130,2023-09-08,0.9347699880599976,0.935010015964508,0.9309200048446656,0.9347699880599976,0
5131,2023-09-11,0.9330000281333924,0.9335799813270568,0.929639995098114,0.9330000281333924,0
5132,2023-09-12,0.9301999807357788,0.9340400099754332,0.9291399717330932,0.9301999807357788,0
5133,2023-09-13,0.9299499988555908,0.9330599904060364,0.9289000034332277,0.9299499988555908,0
5134,2023-09-14,0.9315999746322632,0.9385200142860411,0.9297999739646912,0.9315999746322632,0
5135,2023-09-15,0.9401000142097472,0.9403200149536132,0.9356600046157836,0.9401000142097472,0
5136,2023-09-18,0.9373599886894226,0.938409984111786,0.9347400069236756,0.9373599886894226,0
5137,2023-09-19,0.9352200031280518,0.9366499781608582,0.9329000115394592,0.9352200031280518,0
5138,2023-09-20,0.9361500144004822,0.9366999864578248,0.9322299957275392,0.9361500144004822,0
5139,2023-09-21,0.9387000203132628,0.9416999816894532,0.9368900060653688,0.9387000203132628,0
5140,2023-09-22,0.9379500150680542,0.9420400261878968,0.9370700120925904,0.9379500150680542,0
5141,2023-09-25,0.9391000270843506,0.9454200267791748,0.9384899735450744,0.9391000270843506,0
5142,2023-09-26,0.9441400170326232,0.94624000787735,0.9426000118255616,0.9441400170326232,0
5143,2023-09-27,0.946120023727417,0.9515600204467772,0.9457399845123292,0.946120023727417,0
5144,2023-09-28,0.9519000053405762,0.9531199932098388,0.9452999830245972,0.9519000053405762,0
5145,2023-09-29,0.946749985218048,0.9470999836921692,0.9417999982833862,0.946749985218048,0
5146,2023-10-02,0.94650000333786,0.9530400037765504,0.9441999793052672,0.94650000333786,0
5147,2023-10-03,0.954129993915558,0.9569500088691713,0.9528999924659728,0.954129993915558,0
5148,2023-10-04,0.9549000263214112,0.95660001039505,0.9494500160217284,0.9549000263214112,0
5149,2023-10-05,0.951740026473999,0.9523000121116638,0.9490500092506408,0.951740026473999,0
5150,2023-10-06,0.948170006275177,0.9538400173187256,0.943560004234314,0.948170006275177,0
5151,2023-10-09,0.9463000297546388,0.950439989566803,0.9455000162124634,0.9463000297546388,0
5152,2023-10-10,0.9452800154685974,0.9473299980163574,0.9416599869728088,0.9452800154685974,0
5153,2023-10-11,0.9429699778556824,0.9440400004386902,0.9404199719429016,0.9429699778556824,0
5154,2023-10-12,0.9412400126457214,0.9482300281524658,0.939930021762848,0.9412400126457214,0
5155,2023-10-13,0.9490600228309632,0.9527300000190736,0.9470999836921692,0.9490600228309632,0
5156,2023-10-16,0.9504299759864808,0.9509000182151794,0.9474499821662904,0.9504299759864808,0
5157,2023-10-17,0.9474800229072572,0.9493600130081176,0.9438409805297852,0.9474800229072572,0
5158,2023-10-18,0.945800006389618,0.9499300122261048,0.9437999725341796,0.945800006389618,0
5159,2023-10-19,0.9488999843597412,0.9497699737548828,0.944700002670288,0.9488999843597412,0
5160,2023-10-20,0.944599986076355,0.9464499950408936,0.9433000087738036,0.944599986076355,0
5161,2023-10-23,0.9442899823188782,0.9459099769592284,0.9391999840736388,0.9442899823188782,0
5162,2023-10-24,0.9372199773788452,0.9448000192642212,0.9354100227355956,0.9372199773788452,0
5163,2023-10-25,0.943809986114502,0.9463599920272828,0.942799985408783,0.943809986114502,0
5164,2023-10-26,0.9463199973106384,0.949999988079071,0.9460999965667723,0.9463199973106384,0
5165,2023-10-27,0.9465699791908264,0.9491000175476074,0.9435999989509584,0.9465699791908264,0
5166,2023-10-30,0.946749985218048,0.9480100274086,0.9410880208015442,0.946749985218048,0
5167,2023-10-31,0.9420599937438964,0.9462900161743164,0.9372900128364564,0.9420599937438964,0
5168,2023-11-01,0.9452599883079528,0.950309991836548,0.945110023021698,0.9452599883079528,0
5169,2023-11-02,0.9445499777793884,0.9448000192642212,0.9372000098228456,0.9445499777793884,0
5170,2023-11-03,0.9416999816894532,0.9420199990272522,0.9313589930534364,0.9416999816894532,0
5171,2023-11-06,0.9317799806594848,0.932539999485016,0.929627001285553,0.9317799806594848,0
5172,2023-11-07,0.932699978351593,0.9376699924468994,0.932699978351593,0.932699978351593,0
5173,2023-11-08,0.9349200129508972,0.9380300045013428,0.9331799745559692,0.9349200129508972,0
5174,2023-11-09,0.9336699843406676,0.9362000226974488,0.9321399927139282,0.9336699843406676,0
5175,2023-11-10,0.9374200105667114,0.938289999961853,0.935230016708374,0.9374200105667114,0
5176,2023-11-13,0.9354400038719176,0.9376000165939332,0.9340999722480774,0.9354400038719176,0
5177,2023-11-14,0.9344199895858764,0.9351400136947632,0.920199990272522,0.9344199895858764,0
5178,2023-11-15,0.919260025024414,0.923110008239746,0.9185000061988832,0.919260025024414,0
5179,2023-11-16,0.9212700128555298,0.9232800006866456,0.9179400205612184,0.9212700128555298,0
5180,2023-11-17,0.921339988708496,0.923770010471344,0.9180799722671508,0.921339988708496,0
5181,2023-11-20,0.9168400168418884,0.9175999760627748,0.9136499762535096,0.9168400168418884,0
5182,2023-11-21,0.9135800004005432,0.915499985218048,0.9118000268936156,0.9135800004005432,0
5183,2023-11-22,0.9158999919891356,0.9212700128555298,0.9155399799346924,0.9158999919891356,0
5184,2023-11-23,0.9182000160217284,0.9184399843215942,0.9151600003242492,0.9182000160217284,0
5185,2023-11-24,0.9168999791145324,0.9178000092506408,0.9137300252914428,0.9168999791145324,0
5186,2023-11-27,0.9140400290489196,0.9152600169181824,0.9124699831008912,0.9140400290489196,0
5187,2023-11-28,0.9125400185585022,0.9144899845123292,0.9085000157356262,0.9125400185585022,0
5188,2023-11-29,0.9085999727249146,0.912310004234314,0.9077000021934508,0.9085999727249146,0
5189,2023-11-30,0.911270022392273,0.9178599715232848,0.9103000164031982,0.911270022392273,0
5190,2023-12-01,0.9180999994277954,0.923229992389679,0.9162999987602234,0.9180999994277954,0
5191,2023-12-04,0.918429970741272,0.9254400134086608,0.9185000061988832,0.918429970741272,0
5192,2023-12-05,0.9226999878883362,0.9274200201034546,0.9218000173568726,0.9226999878883362,0
5193,2023-12-06,0.9264699816703796,0.9282299876213074,0.9256100058555604,0.9264699816703796,0
5194,2023-12-07,0.9287899732589722,0.9295700192451476,0.9261999726295472,0.9287899732589722,0
5195,2023-12-08,0.9265999794006348,0.9318400025367736,0.9258800148963928,0.9265999794006348,0
5196,2023-12-11,0.9288700222969056,0.9308199882507324,0.9276999831199646,0.9288700222969056,0
5197,2023-12-12,0.9287999868392944,0.9292100071907043,0.9240400195121764,0.9287999868392944,0
5198,2023-12-13,0.92603999376297,0.9281600117683412,0.9252200126647948,0.92603999376297,0
5199,2023-12-14,0.9186000227928162,0.919099986553192,0.9087499976158142,0.9186000227928162,0
5200,2023-12-15,0.9096199870109558,0.917240023612976,0.9085999727249146,0.9096199870109558,0
5201,2023-12-18,0.9178299903869628,0.9178900122642516,0.9149100184440612,0.9178299903869628,0
5202,2023-12-19,0.9154300093650818,0.9160799980163574,0.9100840091705322,0.9154300093650818,0
5203,2023-12-20,0.9106600284576416,0.9144399762153624,0.9107699990272522,0.9106600284576416,0
5204,2023-12-21,0.9136000275611876,0.9143900275230408,0.9091100096702576,0.9136000275611876,0
5205,2023-12-22,0.9085800051689148,0.9095699787139891,0.9057499766349792,0.9085800051689148,0
5206,2023-12-25,0.9068999886512756,0.9090999960899352,0.9056000113487244,0.9068999886512756,0
5207,2023-12-26,0.907419979572296,0.90829998254776,0.9057999849319458,0.907419979572296,0
5208,2023-12-27,0.9055500030517578,0.9066799879074096,0.8990799784660339,0.9055500030517578,0
5209,2023-12-28,0.9002000093460083,0.9032599925994872,0.8977100253105164,0.9002000093460083,0
5210,2023-12-29,0.9034900069236756,0.9055299758911132,0.9020000100135804,0.9034900069236756,0
5211,2024-01-01,0.9045000076293944,0.9057999849319458,0.904699981212616,0.9045000076293944,0
5212,2024-01-02,0.9059000015258788,0.9139099717140198,0.9053000211715698,0.9059000015258788,0
5213,2024-01-03,0.9139299988746644,0.9175400137901306,0.9118260145187378,0.9139299988746644,0
5214,2024-01-04,0.9150999784469604,0.9160000085830688,0.9115599989891052,0.9150999784469604,0
5215,2024-01-05,0.9134600162506104,0.9191300272941588,0.9093899726867676,0.9134600162506104,0
5216,2024-01-08,0.91389000415802,0.915369987487793,0.9108999967575072,0.91389000415802,0
5217,2024-01-09,0.913100004196167,0.9163699746131896,0.9118000268936156,0.913100004196167,0
5218,2024-01-10,0.9147099852561952,0.915470004081726,0.9115999937057496,0.9147099852561952,0
5219,2024-01-11,0.9111499786376952,0.9147899746894836,0.9097999930381776,0.9111499786376952,0
5220,2024-01-12,0.910610020160675,0.9143199920654296,0.9101999998092652,0.910610020160675,0
5221,2024-01-15,0.9136000275611876,0.9145699739456176,0.912500023841858,0.9136000275611876,0
5222,2024-01-16,0.9136000275611876,0.9202100038528442,0.9135199785232544,0.9136000275611876,0
5223,2024-01-17,0.919219970703125,0.9220499992370604,0.9186999797821044,0.919219970703125,0
5224,2024-01-18,0.9186300039291382,0.9217699766159058,0.916800022125244,0.9186300039291382,0
5225,2024-01-19,0.919189989566803,0.9201099872589112,0.9180499911308287,0.919189989566803,0
5226,2024-01-22,0.9180799722671508,0.91908997297287,0.916599988937378,0.9180799722671508,0
5227,2024-01-23,0.919099986553192,0.9238499999046326,0.9158999919891356,0.919099986553192,0
5228,2024-01-24,0.920989990234375,0.921500027179718,0.9147899746894836,0.920989990234375,0
5229,2024-01-25,0.918969988822937,0.9236900210380554,0.9174000024795532,0.918969988822937,0
5230,2024-01-26,0.9219099879264832,0.924780011177063,0.918839991092682,0.9219099879264832,0
5231,2024-01-29,0.9222099781036376,0.9261699914932252,0.9216799736022948,0.9222099781036376,0
5232,2024-01-30,0.922980010509491,0.924839973449707,0.921180009841919,0.922980010509491,0
5233,2024-01-31,0.92221999168396,0.9252700209617616,0.9186400175094604,0.92221999168396,0
5234,2024-02-01,0.9255899786949158,0.927619993686676,0.9203400015830994,0.9255899786949158,0
5235,2024-02-02,0.9195700287818908,0.9273800253868104,0.9175999760627748,0.9195700287818908,0
5236,2024-02-05,0.9276400208473206,0.9324300289154052,0.9269999861717224,0.9276400208473206,0
5237,2024-02-06,0.9309399724006652,0.9324399828910828,0.929099977016449,0.9309399724006652,0
5238,2024-02-07,0.929610013961792,0.9296799898147584,0.9272699952125548,0.929610013961792,0
5239,2024-02-08,0.9280099868774414,0.9308300018310548,0.926800012588501,0.9280099868774414,0
5240,2024-02-09,0.9278799891471864,0.9290300011634828,0.9264000058174132,0.9278799891471864,0
5241,2024-02-12,0.9260799884796144,0.9295700192451476,0.9254599809646606,0.9260799884796144,0
5242,2024-02-13,0.928309977054596,0.9344000220298768,0.9262999892234802,0.928309977054596,0
5243,2024-02-14,0.9337999820709229,0.9349700212478638,0.9315800070762634,0.9337999820709229,0
5244,2024-02-15,0.9317799806594848,0.9323800206184388,0.9271000027656556,0.9317799806594848,0
5245,2024-02-16,0.9281700253486632,0.9315800070762634,0.9276000261306764,0.9281700253486632,0
5246,2024-02-19,0.9272199869155884,0.9291099905967712,0.926800012588501,0.9272599816322328,0
5247,2024-02-20,0.9280400276184082,0.9291499853134156,0.92263001203537,0.9280400276184082,0
5248,2024-02-21,0.9247999787330629,0.9266200065612792,0.9240000247955322,0.9247999787330629,0
5249,2024-02-22,0.9241799712181092,0.9254900217056274,0.918590009212494,0.9241799712181092,0
5250,2024-02-23,0.9237300157546996,0.9247499704360962,0.9225599765777588,0.9237300157546996,0
5251,2024-02-26,0.924210011959076,0.924780011177063,0.920889973640442,0.9242500066757202,0
5252,2024-02-27,0.9215800166130066,0.9230499863624572,0.9202899932861328,0.9215800166130066,0
5253,2024-02-28,0.9221000075340272,0.92603999376297,0.9218999743461608,0.9221000075340272,0
5254,2024-02-29,0.9226099848747252,0.9254400134086608,0.9211599826812744,0.9226099848747252,0
5255,2024-03-01,0.9254999756813048,0.9259899854660034,0.9223799705505372,0.9254999756813048,0
5256,2024-03-04,0.9222800135612488,0.92263001203537,0.9202600121498108,0.9222800135612488,0
5257,2024-03-05,0.9212200045585632,0.9222800135612488,0.919510006904602,0.9212200045585632,0
5258,2024-03-06,0.9211500287055968,0.9222599864006042,0.9162499904632568,0.9211500287055968,0
5259,2024-03-07,0.9174699783325196,0.9200199842453004,0.9139999747276306,0.9174699783325196,0
5260,2024-03-08,0.913230001926422,0.9151600003242492,0.9109100103378296,0.913230001926422,0
5261,2024-03-11,0.9138299822807312,0.9161999821662904,0.9132000207901,0.9138299822807312,0
5262,2024-03-12,0.914799988269806,0.9171599745750428,0.9139000177383424,0.914799988269806,0
5263,2024-03-13,0.9150999784469604,0.9157099723815918,0.9132999777793884,0.9150999784469604,0
5264,2024-03-14,0.9128000140190125,0.9187700152397156,0.912850022315979,0.9128000140190125,0
5265,2024-03-15,0.9188299775123596,0.9196400046348572,0.91729998588562,0.9188299775123596,0
5266,2024-03-18,0.9189000129699708,0.9190499782562256,0.916800022125244,0.9189000129699708,0
5267,2024-03-19,0.9196299910545348,0.9229300022125244,0.9193000197410583,0.9196299910545348,0
5268,2024-03-20,0.9205300211906432,0.9227700233459472,0.9196000099182128,0.9205300211906432,0
5269,2024-03-21,0.9143099784851074,0.921109974384308,0.913699984550476,0.9143099784851074,0
5270,2024-03-22,0.920610010623932,0.9251499772071838,0.9200000166893004,0.920610010623932,0
5271,2024-03-25,0.925279974937439,0.9257000088691713,0.9222000241279602,0.925279974937439,0
5272,2024-03-26,0.922659993171692,0.9236999750137328,0.9204599857330322,0.922659993171692,0
5273,2024-03-27,0.9231600165367126,0.9249200224876404,0.922569990158081,0.9231600165367126,0
5274,2024-03-28,0.924780011177063,0.928030014038086,0.9235000014305116,0.924780011177063,0
5275,2024-03-29,0.9264000058174132,0.928600013256073,0.9253000020980836,0.9264000058174132,0
5276,2024-04-01,0.9265499711036682,0.9318299889564514,0.9258000254631042,0.9265499711036682,0
5277,2024-04-02,0.9313399791717528,0.9323700070381165,0.9277499914169312,0.9313399791717528,0
5278,2024-04-03,0.928629994392395,0.9289600253105164,0.9232000112533568,0.928629994392395,0
5279,2024-04-04,0.9226499795913696,0.9229300022125244,0.9194700121879578,0.9226499795913696,0
5280,2024-04-05,0.922760009765625,0.926639974117279,0.9217900037765504,0.922760009765625,0
5281,2024-04-08,0.9233199954032898,0.9240800142288208,0.9209499955177308,0.9233199954032898,0
5282,2024-04-09,0.9204999804496764,0.9216700196266174,0.91839998960495,0.9204999804496764,0
5283,2024-04-10,0.920870006084442,0.9316400289535522,0.9200999736785888,0.920870006084442,0
5284,2024-04-11,0.9309499859809875,0.9345399737358092,0.9297299981117249,0.9309499859809875,0
5285,2024-04-12,0.9322400093078612,0.941290020942688,0.9319999814033508,0.9322400093078612,0
5286,2024-04-15,0.9390000104904176,0.9412999749183656,0.9376000165939332,0.9390000104904176,0
5287,2024-04-16,0.9411100149154664,0.9430299997329712,0.938610017299652,0.9411100149154664,0
5288,2024-04-17,0.9414899945259094,0.9426699876785278,0.938730001449585,0.9414899945259094,0
5289,2024-04-18,0.9372599720954896,0.9391599893569946,0.9352999925613404,0.9372599720954896,0
5290,2024-04-19,0.9394800066947936,0.9423499703407288,0.9362999796867372,0.9394800066947936,0
5291,2024-04-22,0.9382399916648864,0.9411699771881104,0.9370999932289124,0.9382799863815308,0
5292,2024-04-23,0.938610017299652,0.9399099946022034,0.933709979057312,0.938610017299652,0
5293,2024-04-24,0.9341999888420104,0.9363999962806702,0.9332000017166138,0.9341999888420104,0
5294,2024-04-25,0.934589982032776,0.9364399909973145,0.9318000078201294,0.934589982032776,0
5295,2024-04-26,0.9319999814033508,0.9367200136184692,0.9299799799919128,0.9319999814033508,0
5296,2024-04-29,0.9339799880981444,0.9353700280189514,0.9315000176429749,0.9339799880981444,0
5297,2024-04-30,0.933210015296936,0.935949981212616,0.9314000010490416,0.933210015296936,0
5298,2024-05-01,0.9375100135803224,0.9389600157737732,0.9355700016021729,0.9375100135803224,0
5299,2024-05-02,0.932699978351593,0.9366999864578248,0.9319000244140624,0.932699978351593,0
5300,2024-05-03,0.9316999912261964,0.9323999881744384,0.9251199960708618,0.9316999912261964,0
5301,2024-05-06,0.9295300245285034,0.9296799898147584,0.9265999794006348,0.9295300245285034,0
5302,2024-05-07,0.928719997406006,0.9297299981117249,0.926800012588501,0.928719997406006,0
5303,2024-05-08,0.9301900267601012,0.931469976902008,0.9294999837875366,0.9301900267601012,0
5304,2024-05-09,0.9304999709129332,0.9323899745941162,0.92739999294281,0.9304999709129332,0
5305,2024-05-10,0.9272000193595886,0.9291899800300598,0.9265000224113464,0.9272000193595886,0
5306,2024-05-13,0.928470015525818,0.9288100004196168,0.9253000020980836,0.928470015525818,0
5307,2024-05-14,0.926479995250702,0.9279500246047974,0.9235000014305116,0.926479995250702,0
5308,2024-05-15,0.92467999458313,0.9247599840164183,0.9196000099182128,0.92467999458313,0
5309,2024-05-16,0.9182900190353394,0.9212200045585632,0.9176999926567078,0.9182900190353394,0
5310,2024-05-17,0.9201499819755554,0.922819972038269,0.9192100167274476,0.9201499819755554,0
5311,2024-05-20,0.9194999933242798,0.9212300181388856,0.9186999797821044,0.9194999933242798,0
5312,2024-05-21,0.920740008354187,0.921999990940094,0.9194999933242798,0.920740008354187,0
5313,2024-05-22,0.9212200045585632,0.9240000247955322,0.9204000234603882,0.9212200045585632,0
5314,2024-05-23,0.923770010471344,0.924809992313385,0.9207000136375428,0.923770010471344,0
5315,2024-05-24,0.924839973449707,0.9254000186920166,0.9211000204086304,0.924839973449707,0
5316,2024-05-27,0.9218599796295166,0.9223600029945374,0.920199990272522,0.9218599796295166,0
5317,2024-05-28,0.9206500053405762,0.920889973640442,0.9183200001716614,0.9206500053405762,0
5318,2024-05-29,0.921500027179718,0.9251099824905396,0.9208999872207642,0.921500027179718,0
5319,2024-05-30,0.9257699847221376,0.9268699884414672,0.921999990940094,0.9257699847221376,0
5320,2024-05-31,0.9229000210762024,0.924929976463318,0.9189000129699708,0.9229000210762024,0
5321,2024-06-03,0.9214000105857848,0.9235299825668336,0.9182000160217284,0.9214000105857848,0
5322,2024-06-04,0.9168099761009216,0.9207500219345092,0.9158999919891356,0.9168099761009216,0
5323,2024-06-05,0.9189599752426147,0.9207299947738647,0.9182800054550172,0.9189599752426147,0
5324,2024-06-06,0.9195799827575684,0.9204999804496764,0.9175400137901306,0.9195799827575684,0
5325,2024-06-07,0.917900025844574,0.9254999756813048,0.9172800183296204,0.917900025844574,0
5326,2024-06-10,0.9277399778366088,0.9316499829292296,0.92739999294281,0.9277399778366088,0
5327,2024-06-11,0.9290000200271606,0.9327399730682372,0.9282000064849854,0.9290000200271606,0
5328,2024-06-12,0.9310700297355652,0.9315299987792968,0.9215099811553956,0.9310700297355652,0
5329,2024-06-13,0.9247999787330629,0.9298999905586244,0.9243999719619752,0.9247999787330629,0
5330,2024-06-14,0.9312000274658204,0.9373700022697448,0.9305999875068665,0.9312000274658204,0
5331,2024-06-17,0.9343900084495544,0.9356600046157836,0.9322999715805054,0.9343900084495544,0
5332,2024-06-18,0.9310399889945984,0.9336100220680236,0.9292600154876708,0.9310399889945984,0
5333,2024-06-19,0.930899977684021,0.932290017604828,0.9299499988555908,0.930899977684021,0
5334,2024-06-20,0.9301000237464904,0.9339200258255004,0.9301999807357788,0.9301000237464904,0
5335,2024-06-21,0.9340199828147888,0.9370399713516236,0.9326000213623048,0.9340199828147888,0
5336,2024-06-24,0.9356499910354614,0.9359400272369384,0.930490016937256,0.9356499910354614,0
5337,2024-06-25,0.9317299723625184,0.935259997844696,0.9305999875068665,0.9317299723625184,0
5338,2024-06-26,0.9337400197982788,0.9374099969863892,0.932799994945526,0.9337400197982788,0
5339,2024-06-27,0.9363200068473816,0.936519980430603,0.9322999715805054,0.9363200068473816,0
5340,2024-06-28,0.9338399767875672,0.9358000159263612,0.9327499866485596,0.9338399767875672,0
5341,2024-07-01,0.9315099716186525,0.932770013809204,0.9277999997138976,0.9315099716186525,0
5342,2024-07-02,0.9313499927520752,0.933650016784668,0.9305700063705444,0.9313499927520752,0
5343,2024-07-03,0.9303699731826782,0.9313499927520752,0.924589991569519,0.9303699731826782,0
5344,2024-07-04,0.9265000224113464,0.9272800087928772,0.9244999885559082,0.9265000224113464,0
5345,2024-07-05,0.9250100255012512,0.9250100255012512,0.9226499795913696,0.9250100255012512,0
5346,2024-07-08,0.9236999750137328,0.9246299862861632,0.9218999743461608,0.9236999750137328,0
5347,2024-07-09,0.9232800006866456,0.9253900051116944,0.9229999780654908,0.9232800006866456,0
5348,2024-07-10,0.92466002702713,0.924910008907318,0.9234700202941896,0.92466002702713,0
5349,2024-07-11,0.923080027103424,0.923110008239746,0.9175699949264526,0.923080027103424,0
5350,2024-07-12,0.919730007648468,0.9205499887466432,0.9164900183677672,0.919730007648468,0
5351,2024-07-15,0.918649971485138,0.918749988079071,0.9155899882316588,0.918649971485138,0
5352,2024-07-16,0.91729998588562,0.9197800159454346,0.9168999791145324,0.91729998588562,0
5353,2024-07-17,0.9172199964523317,0.917739987373352,0.91347998380661,0.9172199964523317,0
5354,2024-07-18,0.9140599966049194,0.9169800281524658,0.9139000177383424,0.9140599966049194,0
5355,2024-07-19,0.91729998588562,0.9193400144577026,0.91729998588562,0.91729998588562,0
5356,2024-07-22,0.9175000190734864,0.9196500182151794,0.91729998588562,0.9175000190734864,0
5357,2024-07-23,0.9182900190353394,0.9221299886703492,0.9174000024795532,0.9182900190353394,0
5358,2024-07-24,0.9215999841690063,0.9236400127410888,0.9202600121498108,0.9215999841690063,0
5359,2024-07-25,0.9225500226020812,0.9234200119972228,0.9204400181770324,0.9225500226020812,0
5360,2024-07-26,0.9215499758720398,0.9222800135612488,0.9200900197029114,0.9215499758720398,0
5361,2024-07-29,0.921339988708496,0.9256600141525269,0.9197999835014344,0.921339988708496,0
5362,2024-07-30,0.9242600202560424,0.9259300231933594,0.9226999878883362,0.9242600202560424,0
5363,2024-07-31,0.9245499968528748,0.9251800179481506,0.921500027179718,0.9245499968528748,0
5364,2024-08-01,0.9238799810409546,0.9277899861335754,0.9226999878883362,0.9238799810409546,0
5365,2024-08-02,0.9269899725914,0.9273899793624878,0.9152299761772156,0.9269899725914,0
5366,2024-08-05,0.9165199995040894,0.917959988117218,0.9084799885749816,0.9165199995040894,0
5367,2024-08-06,0.9131600260734558,0.91703999042511,0.9121500253677368,0.9131600260734558,0
5368,2024-08-07,0.9152299761772156,0.916849970817566,0.9143800139427184,0.9152299761772156,0
5369,2024-08-08,0.9150699973106384,0.9189199805259703,0.9135000109672546,0.9150699973106384,0
5370,2024-08-09,0.9161099791526794,0.9166200160980223,0.914799988269806,0.9161099791526794,0
5371,2024-08-12,0.9162700176239014,0.9163100123405457,0.9140999913215636,0.9162700176239014,0
5372,2024-08-13,0.9143900275230408,0.9161099791526794,0.9121999740600586,0.9143900275230408,0
5373,2024-08-14,0.9093400239944458,0.9100599884986876,0.9050999879837036,0.9093400239944458,0
5374,2024-08-15,0.9079999923706056,0.9132000207901,0.9077000021934508,0.9079999923706056,0
5375,2024-08-16,0.9113500118255616,0.911270022392273,0.9087299704551696,0.9113500118255616,0
5376,2024-08-19,0.9070299863815308,0.9071199893951416,0.9031299948692322,0.9070299863815308,0
5377,2024-08-20,0.9020000100135804,0.9031400084495544,0.8995000123977661,0.9020000100135804,0
5378,2024-08-21,0.898639976978302,0.9004499912261963,0.8970000147819519,0.898639976978302,0
5379,2024-08-22,0.8964300155639648,0.9009600281715392,0.8962600231170654,0.8964300155639648,0
5380,2024-08-23,0.8995100259780884,0.9003499746322632,0.8931800127029419,0.8995100259780884,0
5381,2024-08-26,0.8938199877738953,0.8966299891471863,0.892769992351532,0.8938199877738953,0
5382,2024-08-27,0.8956800103187561,0.8967599868774414,0.8944900035858154,0.8956800103187561,0
5383,2024-08-28,0.8946200013160706,0.9004600048065186,0.8942999839782715,0.8946200013160706,0
5384,2024-08-29,0.8988800048828125,0.9044600129127502,0.8976500034332275,0.8988800048828125,0
5385,2024-08-30,0.9024900197982788,0.9046499729156494,0.9012500047683716,0.9024900197982788,0
5386,2024-09-02,0.9053999781608582,0.905589997768402,0.9027199745178224,0.9053999781608582,0
5387,2024-09-03,0.9035500288009644,0.9063100218772888,0.9032999873161316,0.9035500288009644,0
5388,2024-09-04,0.9050700068473816,0.9057300090789796,0.901390016078949,0.9050700068473816,0
5389,2024-09-05,0.9024900197982788,0.9029200077056884,0.8991900086402893,0.9024900197982788,0
5390,2024-09-06,0.8999999761581421,0.903569996356964,0.8968899846076965,0.8999999761581421,0
5391,2024-09-09,0.9019399881362916,0.9062100052833556,0.9016000032424928,0.9019399881362916,0
5392,2024-09-10,0.906000018119812,0.9077500104904176,0.9049500226974488,0.906000018119812,0
5393,2024-09-11,0.907360017299652,0.9088600277900696,0.9045699834823608,0.907360017299652,0
5394,2024-09-12,0.9081900119781494,0.9085500240325928,0.9051799774169922,0.9081900119781494,0
5395,2024-09-13,0.9027000069618224,0.9030200242996216,0.9006999731063843,0.9027000069618224,0
5396,2024-09-16,0.9018399715423584,0.9019500017166138,0.8980399966239929,0.9018399715423584,0
5397,2024-09-17,0.8985099792480469,0.8998399972915649,0.8971700072288513,0.8985099792480469,0
5398,2024-09-18,0.8990300297737122,0.900160014629364,0.897599995136261,0.8990300297737122,0
5399,2024-09-19,0.8996999859809875,0.9032999873161316,0.8944000005722046,0.8996999859809875,0
5400,2024-09-20,0.8959000110626221,0.8978800177574158,0.894320011138916,0.8959000110626221,0
5401,2024-09-23,0.8959900140762329,0.9021300077438354,0.8953999876976013,0.8959900140762329,0
5402,2024-09-24,0.8999500274658203,0.9005799889564514,0.8957800269126892,0.8999500274658203,0
5403,2024-09-25,0.893559992313385,0.8975300192832947,0.8918700218200684,0.893559992313385,0
5404,2024-09-26,0.898389995098114,0.8987299799919128,0.8936899900436401,0.898389995098114,0
5405,2024-09-27,0.8946800231933594,0.8987500071525574,0.8928700089454651,0.8946800231933594,0
5406,2024-09-30,0.8952699899673462,0.8979799747467041,0.8921899795532227,0.8952699899673462,0
5407,2024-10-01,0.8979399800300598,0.9040700197219848,0.8971999883651733,0.8979399800300598,0
5408,2024-10-02,0.9038400053977966,0.906279981136322,0.9023500084877014,0.9038400053977966,0
5409,2024-10-03,0.9050999879837036,0.90829998254776,0.9050999879837036,0.9050999879837036,0
5410,2024-10-04,0.9061599969863892,0.9127299785614014,0.9057999849319458,0.9061599969863892,0
5411,2024-10-07,0.911199986934662,0.912779986858368,0.9103299975395204,0.911199986934662,0
5412,2024-10-08,0.9110999703407288,0.9122700095176696,0.9093000292778016,0.9110999703407288,0
5413,2024-10-09,0.9110999703407288,0.9140200018882751,0.910700023174286,0.9110999703407288,0
5414,2024-10-10,0.9138000011444092,0.9162499904632568,0.9128699898719788,0.9138000011444092,0
5415,2024-10-11,0.9145900011062622,0.9151300191879272,0.9128900170326232,0.9145900011062622,0
5416,2024-10-14,0.9153000116348268,0.916949987411499,0.9140999913215636,0.9153000116348268,0
5417,2024-10-15,0.9166600108146667,0.9186300039291382,0.9158999919891356,0.9166600108146667,0
5418,2024-10-16,0.9187700152397156,0.9201200008392334,0.91729998588562,0.9187700152397156,0
5419,2024-10-17,0.9205999970436096,0.9247400164604188,0.9199699759483336,0.9205999970436096,0
5420,2024-10-18,0.9233999848365784,0.9235100150108336,0.9204999804496764,0.9233999848365784,0
5421,2024-10-21,0.9200800061225892,0.9241200089454652,0.9200000166893004,0.9200800061225892,0
5422,2024-10-22,0.9243999719619752,0.9257599711418152,0.9226999878883362,0.9243999719619752,0
5423,2024-10-23,0.9261599779129028,0.9291399717330932,0.9251999855041504,0.9261599779129028,0
5424,2024-10-24,0.9276000261306764,0.9283699989318848,0.9250500202178956,0.9276000261306764,0
5425,2024-10-25,0.9238600134849548,0.924910008907318,0.9222999811172484,0.9238600134849548,0
5426,2024-10-28,0.9262199997901917,0.9274100065231324,0.9236000180244446,0.9262199997901917,0
5427,2024-10-29,0.924489974975586,0.928470015525818,0.9236800074577332,0.924489974975586,0
5428,2024-10-30,0.9241600036621094,0.9250699877738952,0.9202399849891664,0.9241600036621094,0
5429,2024-10-31,0.9208800196647644,0.9220799803733826,0.9184100031852722,0.9208800196647644,0
5430,2024-11-01,0.9186000227928162,0.9217900037765504,0.9170899987220764,0.9186000227928162,0
5431,2024-11-04,0.9195799827575684,0.9199299812316896,0.916100025177002,0.9195799827575684,0
5432,2024-11-05,0.9196199774742126,0.9196799993515016,0.9156000018119812,0.9196199774742126,0
5433,2024-11-06,0.9145399928092957,0.9359999895095824,0.9146299958229064,0.9145399928092957,0
5434,2024-11-07,0.9316999912261964,0.9333500266075134,0.9236999750137328,0.9316999912261964,0
5435,2024-11-08,0.9263399839401244,0.9336699843406676,0.9261500239372252,0.9263399839401244,0
5436,2024-11-11,0.9332799911499025,0.9408400058746338,0.932099997997284,0.9332799911499025,0
5437,2024-11-12,0.9376999735832214,0.9436600208282472,0.9377800226211548,0.9376999735832214,0
5438,2024-11-13,0.9419100284576416,0.9469900131225586,0.939050018787384,0.9419100284576416,0
5439,2024-11-14,0.9466000199317932,0.9524499773979188,0.9451000094413756,0.9466000199317932,0
5440,2024-11-15,0.9496600031852722,0.9501699805259703,0.9441400170326232,0.9496600031852722,0
5441,2024-11-18,0.9493299722671508,0.9495599865913392,0.944599986076355,0.9493299722671508,0
5442,2024-11-19,0.9438499808311462,0.9498000144958496,0.9433000087738036,0.9438499808311462,0
5443,2024-11-20,0.9427199959754944,0.951610028743744,0.942300021648407,0.9427199959754944,0
5444,2024-11-21,0.9482100009918212,0.9551900029182434,0.9472000002861024,0.9482100009918212,0
5445,2024-11-22,0.9551699757575988,0.9671300053596495,0.9524999856948853,0.9551699757575988,0
5446,2024-11-25,0.9542099833488464,0.9569799900054932,0.9496999979019164,0.9542099833488464,0
5447,2024-11-26,0.9574599862098694,0.9590200185775756,0.948419988155365,0.9574599862098694,0
5448,2024-11-27,0.9531800150871276,0.954609990119934,0.9448699951171876,0.9531800150871276,0
5449,2024-11-28,0.946749985218048,0.9497399926185608,0.94650000333786,0.946749985218048,0
5450,2024-11-29,0.9466999769210817,0.9484999775886536,0.9437999725341796,0.9466999769210817,0
5451,2024-12-02,0.9483100175857544,0.9558200240135192,0.9482499957084656,0.9482499957084656,0
5452,2024-12-03,0.952269971370697,0.9540299773216248,0.9496399760246276,0.952269971370697,0
5453,2024-12-04,0.9513999819755554,0.9547500014305116,0.9487599730491638,0.9513999819755554,0
5454,2024-12-05,0.9510999917984008,0.9515699744224548,0.9444400072097778,0.9510999917984008,0
5455,2024-12-06,0.9446799755096436,0.9482200145721436,0.9410499930381776,0.9446799755096436,0
5456,2024-12-09,0.9464799761772156,0.9493899941444396,0.9440400004386902,0.9464799761772156,0
5457,2024-12-10,0.9473999738693236,0.9523500204086304,0.9463000297546388,0.9473999738693236,0
5458,2024-12-11,0.949400007724762,0.9540500044822692,0.9487000107765198,0.949400007724762,0
5459,2024-12-12,0.9517599940299988,0.9555799961090088,0.9496700167655944,0.9517599940299988,0
5460,2024-12-13,0.9547399878501892,0.9565399885177612,0.9502999782562256,0.9547399878501892,0
5461,2024-12-16,0.9514700174331664,0.9546499848365784,0.9502000212669371,0.9514700174331664,0
5462,2024-12-17,0.9508100152015686,0.954200029373169,0.9494100213050842,0.9508100152015686,0
5463,2024-12-18,0.9528300166130066,0.9553099870681764,0.9509999752044678,0.9528300166130066,0
5464,2024-12-19,0.966159999370575,0.9659500122070312,0.9594900012016296,0.966159999370575,0
5465,2024-12-20,0.9647899866104126,0.9667199850082396,0.9584900140762328,0.9647899866104126,0
5466,2024-12-23,0.9584900140762328,0.9628400206565856,0.957099974155426,0.9584900140762328,0
5467,2024-12-24,0.9610000252723694,0.9627000093460084,0.9605000019073486,0.9610000252723694,0
5468,2024-12-25,0.961300015449524,0.9613999724388124,0.9585000276565552,0.961300015449524,0
5469,2024-12-26,0.961579978466034,0.9623299837112428,0.9592000246047974,0.961579978466034,0
5470,2024-12-27,0.9593999981880188,0.960919976234436,0.9574000239372252,0.9593999981880188,0
5471,2024-12-30,0.9588299989700316,0.9639300107955932,0.956160008907318,0.9588299989700316,0
5472,2024-12-31,0.9609699845314026,0.966319978237152,0.9592999815940856,0.9609699845314026,0
5473,2025-01-02,0.9660099744796752,0.9773399829864502,0.963800013065338,0.9660099744796752,0
5474,2025-01-03,0.9738799929618835,0.9741399884223938,0.9703699946403505,0.9738799929618835,0
5475,2025-01-06,0.9703699946403505,0.9712200164794922,0.9583100080490112,0.9703699946403505,0
5476,2025-01-07,0.9628000259399414,0.9653000235557556,0.958199977874756,0.9628000259399414,0
5477,2025-01-08,0.9666000008583068,0.9730700254440308,0.965399980545044,0.9666000008583068,0
5478,2025-01-09,0.9694899916648864,0.9721800088882446,0.9686999917030334,0.9694899916648864,0
5479,2025-01-10,0.9710999727249146,0.9783599972724916,0.9697499871253968,0.9710999727249146,0
5480,2025-01-13,0.976140022277832,0.9819499850273132,0.9755899906158448,0.976140022277832,0
5481,2025-01-14,0.9741600155830384,0.9765899777412416,0.9704999923706056,0.9741600155830384,0
5482,2025-01-15,0.970229983329773,0.9736499786376952,0.966159999370575,0.970229983329773,0
5483,2025-01-16,0.9713199734687804,0.9743000268936156,0.969789981842041,0.9713199734687804,0
5484,2025-01-17,0.9706900119781494,0.9740399718284608,0.9680799841880798,0.9706900119781494,0
5485,2025-01-20,0.973010003566742,0.972819983959198,0.9590200185775756,0.973010003566742,0
5486,2025-01-21,0.959630012512207,0.9666900038719176,0.958400011062622,0.959630012512207,0
5487,2025-01-22,0.9609900116920472,0.9614700078964232,0.9562000036239624,0.9609900116920472,0
5488,2025-01-23,0.9606000185012816,0.9628700017929076,0.9591900110244752,0.9606000185012816,0
5489,2025-01-24,0.9600600004196168,0.960319995880127,0.9506300091743468,0.9600600004196168,0
5490,2025-01-27,0.9553300142288208,0.9565399885177612,0.9493299722671508,0.9553300142288208,0
5491,2025-01-28,0.9573900103569032,0.960129976272583,0.956409990787506,0.9573900103569032,0
5492,2025-01-29,0.9588599801063538,0.9630699753761292,0.9574000239372252,0.9588599801063538,0
5493,2025-01-30,0.9592099785804749,0.9623399972915648,0.95551997423172,0.9592099785804749,0
5494,2025-01-31,0.9617900252342224,0.9650599956512452,0.9603999853134156,0.9617900252342224,0
5495,2025-02-03,0.975820004940033,0.9791399836540222,0.9683799743652344,0.975820004940033,0
5496,2025-02-04,0.9682999849319458,0.9730899930000304,0.9627599716186525,0.9682999849319458,0
5497,2025-02-05,0.9640600085258484,0.9642800092697144,0.958180010318756,0.9640600085258484,0
5498,2025-02-06,0.9614599943161012,0.9657599925994872,0.9610499739646912,0.9614599943161012,0
5499,2025-02-07,0.9628599882125854,0.968559980392456,0.9609900116920472,0.9628599882125854,0
5500,2025-02-10,0.9697800278663636,0.9709200263023376,0.967490017414093,0.9697800278663636,0
5501,2025-02-11,0.9707300066947936,0.971560001373291,0.9660000205039978,0.9707300066947936,0
5502,2025-02-12,0.9647899866104126,0.96916002035141,0.9619399905204772,0.9647899866104126,0
5503,2025-02-13,0.962279975414276,0.9634600281715392,0.9573299884796144,0.962279975414276,0
5504,2025-02-14,0.9558699727058412,0.9571099877357484,0.9511399865150452,0.9558699727058412,0
5505,2025-02-17,0.9533600211143494,0.9553499817848206,0.951740026473999,0.9533600211143494,0
5506,2025-02-18,0.9537100195884703,0.9575999975204468,0.9536100029945374,0.9537100195884703,0
5507,2025-02-19,0.9570900201797484,0.9610700011253356,0.9557999968528748,0.9570900201797484,0
5508,2025-02-20,0.9595999717712402,0.959720015525818,0.9543099999427797,0.9595999717712402,0
5509,2025-02-21,0.9523299932479858,0.9569399952888488,0.95169997215271,0.9523299932479858,0
5510,2025-02-24,0.9546700119972228,0.9565399885177612,0.9497900009155272,0.9546700119972228,0
5511,2025-02-25,0.955900013446808,0.9562100172042848,0.9507099986076356,0.955900013446808,0
5512,2025-02-26,0.9502000212669371,0.9545199871063232,0.949899971485138,0.9502000212669371,0
5513,2025-02-27,0.9534000158309937,0.9610900282859802,0.9532999992370604,0.9534000158309937,0
5514,2025-02-28,0.9619899988174438,0.9632200002670288,0.9595999717712402,0.9619899988174438,0
5515,2025-03-03,0.960259974002838,0.9624199867248536,0.952359974384308,0.960259974002838,0
5516,2025-03-04,0.9537400007247924,0.9549499750137328,0.9470099806785583,0.9537400007247924,0
5517,2025-03-05,0.9409999847412108,0.9431399703025818,0.9271399974822998,0.9409999847412108,0
5518,2025-03-06,0.926360011100769,0.927429974079132,0.9215700030326844,0.926360011100769,0
5519,2025-03-07,0.926959991455078,0.9274600148200988,0.9186400175094604,0.926959991455078,0
5520,2025-03-10,0.9207599759101868,0.9253900051116944,0.9196699857711792,0.9207599759101868,0
5521,2025-03-11,0.9225599765777588,0.9227799773216248,0.9148899912834167,0.9225599765777588,0
5522,2025-03-12,0.9162399768829346,0.9193500280380248,0.9145299792289734,0.9162399768829346,0
5523,2025-03-13,0.918590009212494,0.9239599704742432,0.9175000190734864,0.918590009212494,0
5524,2025-03-14,0.921180009841919,0.9232500195503236,0.9165800213813782,0.921180009841919,0
5525,2025-03-17,0.9190099835395812,0.9200299978256226,0.915000021457672,0.9190099835395812,0
5526,2025-03-18,0.9158200025558472,0.917680025100708,0.9128699898719788,0.9158200025558472,0
5527,2025-03-19,0.9141200184822084,0.9194599986076356,0.9136000275611876,0.9141200184822084,0
5528,2025-03-20,0.9164299964904784,0.9243599772453308,0.9159600138664246,0.9164299964904784,0
5529,2025-03-21,0.921090006828308,0.9254400134086608,0.9207000136375428,0.921090006828308,0
5530,2025-03-24,0.9228699803352356,0.9267200231552124,0.9210699796676636,0.9228699803352356,0
5531,2025-03-25,0.9256200194358826,0.9277600049972534,0.92330002784729,0.9256200194358826,0
5532,2025-03-26,0.9269999861717224,0.9286100268363952,0.9257299900054932,0.9269999861717224,0
5533,2025-03-27,0.9309200048446656,0.9309200048446656,0.9243199825286864,0.9309200048446656,0
5534,2025-03-28,0.9258400201797484,0.9288600087165833,0.9220600128173828,0.9258400201797484,0
5535,2025-03-31,0.9238799810409546,0.927150011062622,0.9217900037765504,0.9238799810409546,0
5536,2025-04-01,0.924310028553009,0.9276800155639648,0.92330002784729,0.924310028553009,0
5537,2025-04-02,0.9262700080871582,0.9274700284004213,0.9197400212287904,0.9262700080871582,0
5538,2025-04-03,0.916700005531311,0.918910026550293,0.8981999754905701,0.916700005531311,0
5539,2025-04-04,0.905489981174469,0.9120100140571594,0.9002900123596191,0.905489981174469,0
5540,2025-04-07,0.9103699922561646,0.9171599745750428,0.904990017414093,0.9103699922561646,0
5541,2025-04-08,0.9161400198936462,0.9181100130081176,0.9097599983215332,0.9161400198936462,0
5542,2025-04-09,0.9107099771499634,0.9113900065422058,0.901319980621338,0.9107099771499634,0
5543,2025-04-10,0.913070023059845,0.912980020046234,0.8908399939537048,0.913070023059845,0
5544,2025-04-11,0.8882700204849243,0.8888199925422668,0.8716999888420105,0.8882700204849243,0
5545,2025-04-14,0.8815900087356567,0.8849800229072571,0.8752899765968323,0.8815900087356567,0
5546,2025-04-15,0.8818600177764893,0.8860800266265869,0.8788999915122986,0.8818600177764893,0
5547,2025-04-16,0.8855299949645996,0.8854100108146667,0.8779500126838684,0.8855299949645996,0
5548,2025-04-17,0.8774399757385254,0.8817300200462341,0.8774700164794922,0.8774399757385254,0
5549,2025-04-22,0.8686000108718872,0.8730599880218506,0.8660600185394287,0.8686000108718872,0
5550,2025-04-23,0.8809599876403809,0.8819900155067444,0.8741199970245361,0.8809599876403809,0
5551,2025-04-24,0.8828200101852417,0.8832100033760071,0.8776299953460693,0.8828200101852417,0
5552,2025-04-25,0.879360020160675,0.8836899995803833,0.8784000277519226,0.879360020160675,0
5553,2025-04-28,0.8815900087356567,0.8825299739837646,0.8765599727630615,0.8815900087356567,0
5554,2025-04-29,0.8764899969100952,0.8794000148773193,0.8756899833679199,0.8764899969100952,0
5555,2025-04-30,0.8780199885368347,0.8828399777412415,0.8772799968719482,0.8780199885368347,0
5556,2025-05-01,0.8830100297927856,0.8875499963760376,0.8817600011825562,0.8830100297927856,0
5557,2025-05-02,0.8852300047874451,0.886900007724762,0.8788400292396545,0.8852300047874451,0
5558,2025-05-05,0.8831400275230408,0.8839499950408936,0.8799300193786621,0.8831400275230408,0
5559,2025-05-06,0.8839100003242493,0.886430025100708,0.8801900148391724,0.8839100003242493,0
5560,2025-05-07,0.8816199898719788,0.8828399777412415,0.8789100050926208,0.8816199898719788,0
5561,2025-05-08,0.8844699859619141,0.889989972114563,0.8820899724960327,0.8844699859619141,0
5562,2025-05-09,0.8909299969673157,0.8928700089454651,0.8856499791145325,0.8909299969673157,0
5563,2025-05-12,0.890500009059906,0.9029300212860109,0.8894500136375427,0.890500009059906,0
5564,2025-05-13,0.9012600183486938,0.901170015335083,0.8946599960327148,0.9012600183486938,0
5565,2025-05-14,0.8940100073814392,0.8942599892616272,0.8877400159835815,0.8940100073814392,0
5566,2025-05-15,0.8942999839782715,0.8948699831962585,0.8906499743461609,0.8942999839782715,0
5567,2025-05-16,0.8934400081634521,0.8975499868392944,0.8912699818611145,0.8934400081634521,0
5568,2025-05-19,0.8938500285148621,0.8949699997901917,0.8860499858856201,0.8938500285148621,0
5569,2025-05-20,0.8902000188827515,0.8913699984550476,0.8867400288581848,0.8902000188827515,0
5570,2025-05-21,0.8859000205993652,0.8859400153160095,0.8801000118255615,0.8859000205993652,0
5571,2025-05-22,0.8825200200080872,0.8875399827957153,0.8814799785614014,0.8825200200080872,0
5572,2025-05-23,0.8863800168037415,0.8865299820899963,0.8790000081062317,0.8863800168037415,0
5573,2025-05-26,0.879289984703064,0.8795599937438965,0.8757399916648865,0.879289984703064,0
5574,2025-05-27,0.8780800104141235,0.8829900026321411,0.8765000104904175,0.8780800104141235,0
5575,2025-05-28,0.8820599913597107,0.8861899971961975,0.8813999891281128,0.8820599913597107,0
5576,2025-05-29,0.8901799917221069,0.8906999826431274,0.8795499801635742,0.8901799917221069,0
5577,2025-05-30,0.8788599967956543,0.8838300108909607,0.8779299855232239,0.8788599967956543,0
5578,2025-06-02,0.8808000087738037,0.8805999755859375,0.8734300136566162,0.8808000087738037,0
5579,2025-06-03,0.8730999827384949,0.8796899914741516,0.8729699850082397,0.8730999827384949,0
5580,2025-06-04,0.8783900141716003,0.8803300261497498,0.8745399713516235,0.8783900141716003,0
5581,2025-06-05,0.8755000233650208,0.8767200112342834,0.8700000047683716,0.8755000233650208,0
5582,2025-06-06,0.8730700016021729,0.8793299794197083,0.8726999759674072,0.8730700016021729,0
5583,2025-06-09,0.8765900135040283,0.8781499862670898,0.8741000294685364,0.8765900135040283,0
5584,2025-06-10,0.8750399947166443,0.8791499733924866,0.8734899759292603,0.8750399947166443,0
5585,2025-06-11,0.8743199706077576,0.8767300248146057,0.8702499866485596,0.8743199706077576,0
5586,2025-06-12,0.8688600063323975,0.869350016117096,0.8599399924278259,0.8688600063323975,0
5587,2025-06-13,0.8620499968528748,0.8701000213623047,0.8611699938774109,0.8620499968528748,0
5588,2025-06-16,0.8652999997138977,0.8676900267601013,0.8609700202941895,0.8652999997138977,0
5589,2025-06-17,0.8657000064849854,0.868619978427887,0.8640000224113464,0.8657000064849854,0
5590,2025-06-18,0.8708800077438354,0.8708999752998352,0.8672999739646912,0.8708800077438354,0
5591,2025-06-19,0.8712700009346008,0.8734800219535828,0.8705599904060364,0.8712700009346008,0
5592,2025-06-20,0.8686000108718872,0.8698599934577942,0.8669599890708923,0.8686000108718872,0
5593,2025-06-23,0.8694999814033508,0.8729400038719177,0.8656700253486633,0.8694999814033508,0
5594,2025-06-24,0.8621399998664856,0.8633400201797485,0.8594099879264832,0.8621399998664856,0
5595,2025-06-25,0.8611599802970886,0.8627399802207947,0.8597400188446045,0.8611599802970886,0
5596,2025-06-26,0.8558899760246277,0.8569999933242798,0.8515400290489197,0.8558899760246277,0
5597,2025-06-27,0.8552700281143188,0.8558499813079834,0.8510000109672546,0.8552700281143188,0
5598,2025-06-30,0.8526999950408936,0.8540400266647339,0.8495000004768372,0.8526999950408936,0
5599,2025-07-01,0.8483800292015076,0.8497800230979919,0.8452900052070618,0.8483800292015076,0
5600,2025-07-02,0.8470600247383118,0.8511199951171875,0.8467400074005127,0.8470600247383118,0
5601,2025-07-03,0.8474400043487549,0.8531799912452698,0.8464999794960022,0.8474400043487549,0
5602,2025-07-04,0.8495100140571594,0.8505799770355225,0.8483999967575073,0.8495100140571594,0
5603,2025-07-07,0.8488399982452393,0.8533099889755249,0.8481699824333191,0.8488399982452393,0
5604,2025-07-08,0.8520399928092957,0.8558200001716614,0.8499900102615356,0.8520399928092957,0
5605,2025-07-09,0.8529099822044373,0.8553699851036072,0.8525999784469604,0.8529099822044373,0
5606,2025-07-10,0.852429986000061,0.8572099804878235,0.8510000109672546,0.852429986000061,0
5607,2025-07-11,0.8544999957084656,0.857200026512146,0.8536999821662903,0.8544999957084656,0
5608,2025-07-14,0.8560100197792053,0.8578799962997437,0.8547999858856201,0.8560100197792053,0
5609,2025-07-15,0.8571699857711792,0.8619099855422974,0.8552799820899963,0.8571699857711792,0
5610,2025-07-16,0.861519992351532,0.8647500276565552,0.8534799814224243,0.861519992351532,0
5611,2025-07-17,0.8594200015068054,0.8643500208854675,0.8594200015068054,0.8594200015068054,0
5612,2025-07-18,0.8607000112533569,0.8621000051498413,0.8567000031471252,0.8621000051498413,0
