,price,close,high,low,open,volume
0,2003-12-01,1.3312000036239624,1.3312000036239624,1.3312000036239624,1.3312000036239624,0
1,2003-12-02,1.3294999599456787,1.3294999599456787,1.3294999599456787,1.3294999599456787,0
2,2003-12-03,1.3312000036239624,1.3312000036239624,1.3312000036239624,1.3312000036239624,0
3,2003-12-04,1.330299973487854,1.330299973487854,1.330299973487854,1.330299973487854,0
4,2003-12-05,1.3307000398635864,1.3307000398635864,1.3307000398635864,1.3307000398635864,0
5,2003-12-08,1.3308000564575195,1.3308000564575195,1.3308000564575195,1.3308000564575195,0
6,2003-12-09,1.3313000202178955,1.3313000202178955,1.3313000202178955,1.3313000202178955,0
7,2003-12-10,1.3309999704360962,1.3309999704360962,1.3309999704360962,1.3309999704360962,0
8,2003-12-11,1.3305000066757202,1.3305000066757202,1.3305000066757202,1.3305000066757202,0
9,2003-12-12,1.3309999704360962,1.3309999704360962,1.3309999704360962,1.3309999704360962,0
10,2003-12-15,1.3309999704360962,1.3309999704360962,1.3309999704360962,1.3309999704360962,0
11,2003-12-16,1.330199956893921,1.330199956893921,1.330199956893921,1.330199956893921,0
12,2003-12-17,1.3320000171661377,1.3320000171661377,1.3320000171661377,1.3320000171661377,0
13,2003-12-18,1.3324999809265137,1.3324999809265137,1.3324999809265137,1.3324999809265137,0
14,2003-12-19,1.329699993133545,1.329699993133545,1.329699993133545,1.329699993133545,0
15,2003-12-22,1.330399990081787,1.330399990081787,1.330399990081787,1.330399990081787,0
16,2003-12-23,1.3313000202178955,1.3313000202178955,1.3313000202178955,1.3313000202178955,0
17,2003-12-29,1.3314000368118286,1.3314000368118286,1.3314000368118286,1.3314000368118286,0
18,2003-12-30,1.3313000202178955,1.3313000202178955,1.3313000202178955,1.3313000202178955,0
19,2003-12-31,1.31850004196167,1.31850004196167,1.31850004196167,1.31850004196167,0
20,2004-01-02,1.3314000368118286,1.3316999673843384,1.3316999673843384,1.3316999673843384,0
21,2004-01-05,1.3315999507904053,1.3315999507904053,1.3315999507904053,1.3315999507904053,0
22,2004-01-06,1.330399990081787,1.330399990081787,1.330399990081787,1.330399990081787,0
23,2004-01-07,1.3309999704360962,1.3309999704360962,1.3309999704360962,1.3309999704360962,0
24,2004-01-08,1.3286999464035034,1.3286999464035034,1.3286999464035034,1.3286999464035034,0
25,2004-01-09,1.3319000005722046,1.3319000005722046,1.3319000005722046,1.3319000005722046,0
26,2004-01-12,1.3312000036239624,1.3312000036239624,1.3312000036239624,1.3312000036239624,0
27,2004-01-13,1.3313000202178955,1.3313000202178955,1.3313000202178955,1.3313000202178955,0
28,2004-01-14,1.3309999704360962,1.3309999704360962,1.3309999704360962,1.3309999704360962,0
29,2004-01-15,1.3310999870300293,1.3310999870300293,1.3310999870300293,1.3310999870300293,0
30,2004-01-16,1.3335000276565552,1.3335000276565552,1.3335000276565552,1.3335000276565552,0
31,2004-01-19,1.329699993133545,1.329699993133545,1.329699993133545,1.329699993133545,0
32,2004-01-20,1.3291000127792358,1.3291000127792358,1.3291000127792358,1.3291000127792358,0
33,2004-01-21,1.3299000263214111,1.3293999433517456,1.3293999433517456,1.3293999433517456,0
34,2004-01-22,1.3315999507904053,1.3315999507904053,1.3315999507904053,1.3315999507904053,0
35,2004-01-23,1.333199977874756,1.333199977874756,1.333199977874756,1.333199977874756,0
36,2004-01-26,1.3320000171661377,1.3320000171661377,1.3320000171661377,1.3320000171661377,0
37,2004-01-27,1.330299973487854,1.330299973487854,1.330299973487854,1.330299973487854,0
38,2004-01-28,1.3319000005722046,1.3319000005722046,1.3319000005722046,1.3319000005722046,0
39,2004-01-29,1.3316999673843384,1.3316999673843384,1.3316999673843384,1.3316999673843384,0
40,2004-01-30,1.329800009727478,1.329800009727478,1.329800009727478,1.329800009727478,0
41,2004-02-02,1.3295999765396118,1.3295999765396118,1.3295999765396118,1.3295999765396118,0
42,2004-02-03,1.3315000534057615,1.3315000534057615,1.3315000534057615,1.3315000534057615,0
43,2004-02-04,1.3315000534057615,1.3315000534057615,1.3315000534057615,1.3315000534057615,0
44,2004-02-05,1.3307000398635864,1.3307000398635864,1.3307000398635864,1.3307000398635864,0
45,2004-02-06,1.3313000202178955,1.3313000202178955,1.3313000202178955,1.3313000202178955,0
46,2004-02-09,1.3375999927520752,1.3315000534057615,1.3315000534057615,1.3315000534057615,0
47,2004-02-10,1.330899953842163,1.330899953842163,1.330899953842163,1.330899953842163,0
48,2004-02-11,1.3308000564575195,1.3308000564575195,1.3308000564575195,1.3308000564575195,0
49,2004-02-12,1.3312000036239624,1.3312000036239624,1.3312000036239624,1.3312000036239624,0
50,2004-02-13,1.3313000202178955,1.3313000202178955,1.3313000202178955,1.3313000202178955,0
51,2004-02-16,1.3315000534057615,1.3315000534057615,1.3315000534057615,1.3315000534057615,0
52,2004-02-17,1.3320000171661377,1.3320000171661377,1.3320000171661377,1.3320000171661377,0
53,2004-02-18,1.3322999477386477,1.3322999477386477,1.3322999477386477,1.3322999477386477,0
54,2004-02-19,1.3317999839782717,1.3317999839782717,1.3317999839782717,1.3317999839782717,0
55,2004-02-20,1.330899953842163,1.330899953842163,1.330899953842163,1.330899953842163,0
56,2004-02-23,1.3313000202178955,1.3313000202178955,1.3313000202178955,1.3313000202178955,0
57,2004-02-24,1.3314000368118286,1.3314000368118286,1.3314000368118286,1.3314000368118286,0
58,2004-02-25,1.332800030708313,1.332800030708313,1.332800030708313,1.332800030708313,0
59,2004-02-26,1.330899953842163,1.330899953842163,1.330899953842163,1.330899953842163,0
60,2004-02-27,1.3310999870300293,1.3310999870300293,1.3310999870300293,1.3310999870300293,0
61,2004-03-01,1.3315000534057615,1.3315000534057615,1.3315000534057615,1.3315000534057615,0
62,2004-03-02,1.3320000171661377,1.3320000171661377,1.3320000171661377,1.3320000171661377,0
63,2004-03-03,1.333400011062622,1.333400011062622,1.333400011062622,1.333400011062622,0
64,2004-03-04,1.3325999975204468,1.3325999975204468,1.3325999975204468,1.3325999975204468,0
65,2004-03-05,1.3310999870300293,1.3310999870300293,1.3310999870300293,1.3310999870300293,0
66,2004-03-08,1.332200050354004,1.332200050354004,1.332200050354004,1.332200050354004,0
67,2004-03-09,1.3307000398635864,1.3307000398635864,1.3307000398635864,1.3307000398635864,0
68,2004-03-10,1.3293999433517456,1.3307000398635864,1.3307000398635864,1.3307000398635864,0
69,2004-03-11,1.330399990081787,1.330399990081787,1.330399990081787,1.330399990081787,0
70,2004-03-12,1.3317999839782717,1.3317999839782717,1.3317999839782717,1.3317999839782717,0
71,2004-03-15,1.3316999673843384,1.3316999673843384,1.3316999673843384,1.3316999673843384,0
72,2004-03-16,1.330399990081787,1.330399990081787,1.330399990081787,1.330399990081787,0
73,2004-03-17,1.3307000398635864,1.3307000398635864,1.3307000398635864,1.3307000398635864,0
74,2004-03-18,1.3321000337600708,1.3321000337600708,1.3321000337600708,1.3321000337600708,0
75,2004-03-19,1.3313000202178955,1.3313000202178955,1.3313000202178955,1.3313000202178955,0
76,2004-03-22,1.330899953842163,1.330899953842163,1.330899953842163,1.330899953842163,0
77,2004-03-23,1.330899953842163,1.330899953842163,1.330899953842163,1.330899953842163,0
78,2004-03-24,1.3309999704360962,1.3309999704360962,1.3309999704360962,1.3309999704360962,0
79,2004-03-25,1.329300045967102,1.329300045967102,1.329300045967102,1.329300045967102,0
80,2004-03-26,1.3301000595092771,1.3301000595092771,1.3301000595092771,1.3301000595092771,0
81,2004-03-29,1.3319000005722046,1.3319000005722046,1.3319000005722046,1.3319000005722046,0
82,2004-03-30,1.3320000171661377,1.3320000171661377,1.3320000171661377,1.3320000171661377,0
83,2004-03-31,1.3305000066757202,1.3305000066757202,1.3305000066757202,1.3305000066757202,0
84,2004-04-01,1.3315000534057615,1.3315000534057615,1.3315000534057615,1.3315000534057615,0
85,2004-04-02,1.3309999704360962,1.3309999704360962,1.3309999704360962,1.3309999704360962,0
86,2004-04-05,1.3310999870300293,1.3310999870300293,1.3310999870300293,1.3310999870300293,0
87,2004-04-06,1.3308000564575195,1.3308000564575195,1.3308000564575195,1.3308000564575195,0
88,2004-04-07,1.329300045967102,1.329300045967102,1.329300045967102,1.329300045967102,0
89,2004-04-08,1.3310999870300293,1.3310999870300293,1.3310999870300293,1.3310999870300293,0
90,2004-04-13,1.330199956893921,1.330199956893921,1.330199956893921,1.330199956893921,0
91,2004-04-14,1.3307000398635864,1.3307000398635864,1.3307000398635864,1.3307000398635864,0
92,2004-04-15,1.330299973487854,1.330299973487854,1.330299973487854,1.330299973487854,0
93,2004-04-16,1.329800009727478,1.329800009727478,1.329800009727478,1.329800009727478,0
94,2004-04-19,1.330299973487854,1.330299973487854,1.330299973487854,1.330299973487854,0
95,2004-04-20,1.3307000398635864,1.3307000398635864,1.329800009727478,1.329800009727478,0
96,2004-04-21,1.3301000595092771,1.3301000595092771,1.3301000595092771,1.3301000595092771,0
97,2004-04-22,1.3300000429153442,1.3300000429153442,1.3300000429153442,1.3300000429153442,0
98,2004-04-23,1.3317999839782717,1.3317999839782717,1.3317999839782717,1.3317999839782717,0
99,2004-04-26,1.330899953842163,1.330899953842163,1.330899953842163,1.330899953842163,0
100,2004-04-27,1.3323999643325806,1.3323999643325806,1.3323999643325806,1.3323999643325806,0
101,2004-04-28,1.3300000429153442,1.3300000429153442,1.3300000429153442,1.3300000429153442,0
102,2004-04-29,1.330399990081787,1.330399990081787,1.330399990081787,1.330399990081787,0
103,2004-04-30,1.3272000551223757,1.3314000368118286,1.3272000551223757,1.3314000368118286,0
104,2004-05-03,1.3301000595092771,1.3301000595092771,1.3301000595092771,1.3301000595092771,0
105,2004-05-04,1.330199956893921,1.330199956893921,1.330199956893921,1.330199956893921,0
106,2004-05-05,1.3308000564575195,1.3308000564575195,1.3308000564575195,1.3308000564575195,0
107,2004-05-06,1.333799958229065,1.333799958229065,1.333799958229065,1.333799958229065,0
108,2004-05-07,1.3307000398635864,1.3307000398635864,1.3307000398635864,1.3307000398635864,0
109,2004-05-10,1.330399990081787,1.330399990081787,1.330399990081787,1.330399990081787,0
110,2004-05-11,1.329699993133545,1.329699993133545,1.329699993133545,1.329699993133545,0
111,2004-05-12,1.330399990081787,1.330399990081787,1.330399990081787,1.330399990081787,0
112,2004-05-13,1.3299000263214111,1.3299000263214111,1.3299000263214111,1.3299000263214111,0
113,2004-05-14,1.330299973487854,1.330299973487854,1.330299973487854,1.330299973487854,0
114,2004-05-17,1.3314000368118286,1.3314000368118286,1.3314000368118286,1.3314000368118286,0
115,2004-05-18,1.3308000564575195,1.3308000564575195,1.3308000564575195,1.3308000564575195,0
116,2004-05-19,1.3307000398635864,1.3307000398635864,1.3307000398635864,1.3307000398635864,0
117,2004-05-21,1.3315000534057615,1.3315000534057615,1.3305000066757202,1.3305000066757202,0
118,2004-05-24,1.3299000263214111,1.3299000263214111,1.3299000263214111,1.3299000263214111,0
119,2004-05-25,1.3300000429153442,1.3300000429153442,1.3300000429153442,1.3300000429153442,0
120,2004-05-26,1.3300000429153442,1.3300000429153442,1.3300000429153442,1.3300000429153442,0
121,2004-05-27,1.30649995803833,1.30649995803833,1.30649995803833,1.30649995803833,0
122,2004-05-28,1.3070000410079956,1.3070000410079956,1.3070000410079956,1.3070000410079956,0
123,2004-06-01,1.3069000244140625,1.3069000244140625,1.3069000244140625,1.3069000244140625,0
124,2004-06-02,1.3070000410079956,1.3070000410079956,1.3070000410079956,1.3070000410079956,0
125,2004-06-03,1.3065999746322632,1.3065999746322632,1.3065999746322632,1.3065999746322632,0
126,2004-06-04,1.3072999715805054,1.3072999715805054,1.3072999715805054,1.3072999715805054,0
127,2004-06-07,1.307800054550171,1.307800054550171,1.307800054550171,1.307800054550171,0
128,2004-06-08,1.312999963760376,1.312999963760376,1.3066999912261963,1.3066999912261963,0
129,2004-06-09,1.3083000183105469,1.3083000183105469,1.30649995803833,1.30649995803833,0
130,2004-06-10,1.3085999488830566,1.3085999488830566,1.307800054550171,1.307800054550171,0
131,2004-06-11,1.305899977684021,1.3122999668121338,1.305899977684021,1.3122999668121338,0
132,2004-06-14,1.30649995803833,1.309499979019165,1.30649995803833,1.309499979019165,0
133,2004-06-15,1.3063000440597534,1.3063000440597534,1.2997000217437744,1.2997000217437744,0
134,2004-06-16,1.30649995803833,1.30649995803833,1.30649995803833,1.30649995803833,0
135,2004-06-17,1.30649995803833,1.30649995803833,1.30649995803833,1.30649995803833,0
136,2004-06-18,1.3062000274658203,1.3133000135421753,1.3062000274658203,1.3133000135421753,0
137,2004-06-21,1.3071999549865725,1.3071999549865725,1.294399976730347,1.294399976730347,0
138,2004-06-22,1.30649995803833,1.30649995803833,1.30649995803833,1.30649995803833,0
139,2004-06-23,1.3065999746322632,1.3065999746322632,1.298699975013733,1.3007999658584597,0
140,2004-06-24,1.306399941444397,1.3083000183105469,1.306399941444397,1.3079999685287476,0
141,2004-06-25,1.305999994277954,1.305999994277954,1.305999994277954,1.305999994277954,0
142,2004-06-28,1.306399941444397,1.306399941444397,1.3034000396728516,1.3034000396728516,0
143,2004-06-29,1.30649995803833,1.30649995803833,1.305500030517578,1.305500030517578,0
144,2004-06-30,1.3069000244140625,1.3142000436782837,1.3069000244140625,1.3142000436782837,0
145,2004-07-01,1.30840003490448,1.30840003490448,1.30840003490448,1.30840003490448,0
146,2004-07-02,1.3065999746322632,1.3065999746322632,1.3065999746322632,1.3065999746322632,0
147,2004-07-05,1.3062000274658203,1.3062000274658203,1.2888000011444092,1.2888000011444092,0
148,2004-07-06,1.3070000410079956,1.3070000410079956,1.3070000410079956,1.3070000410079956,0
149,2004-07-07,1.3068000078201294,1.3068000078201294,1.3040000200271606,1.3040000200271606,0
150,2004-07-08,1.306399941444397,1.306399941444397,1.306399941444397,1.306399941444397,0
151,2004-07-09,1.3072999715805054,1.3072999715805054,1.3007999658584597,1.3007999658584597,0
152,2004-07-12,1.307600021362305,1.307600021362305,1.306399941444397,1.306399941444397,0
153,2004-07-13,1.3071000576019287,1.3071000576019287,1.3071000576019287,1.3071000576019287,0
154,2004-07-14,1.3070000410079956,1.3070000410079956,1.3070000410079956,1.3070000410079956,0
155,2004-07-15,1.3098000288009644,1.3098000288009644,1.304900050163269,1.3068000078201294,0
156,2004-07-16,1.3070000410079956,1.3070000410079956,1.3070000410079956,1.3070000410079956,0
157,2004-07-19,1.3071000576019287,1.3071000576019287,1.3071000576019287,1.3071000576019287,0
158,2004-07-20,1.3083000183105469,1.3083000183105469,1.3083000183105469,1.3083000183105469,0
159,2004-07-21,1.3066999912261963,1.3066999912261963,1.3066999912261963,1.3066999912261963,0
160,2004-07-22,1.3068000078201294,1.3068000078201294,1.3068000078201294,1.3068000078201294,0
161,2004-07-23,1.3062000274658203,1.3062000274658203,1.3062000274658203,1.3062000274658203,0
162,2004-07-26,1.1898000240325928,1.3122999668121338,1.1898000240325928,1.3122999668121338,0
163,2004-07-27,1.1890000104904177,1.1890000104904177,1.1890000104904177,1.1890000104904177,0
164,2004-07-28,1.1861000061035156,1.200600028038025,1.1861000061035156,1.200600028038025,0
165,2004-07-29,1.1892000436782837,1.1892000436782837,1.1892000436782837,1.1892000436782837,0
166,2004-07-30,1.1894999742507937,1.1894999742507937,1.1894999742507937,1.1894999742507937,0
167,2004-08-02,1.1901999711990356,1.1901999711990356,1.1901999711990356,1.1901999711990356,0
168,2004-08-03,1.1887999773025513,1.1887999773025513,1.1887999773025513,1.1887999773025513,0
169,2004-08-04,1.1891000270843506,1.1891000270843506,1.1891000270843506,1.1891000270843506,0
170,2004-08-05,1.190000057220459,1.190000057220459,1.190000057220459,1.190000057220459,0
171,2004-08-06,1.1893999576568604,1.1893999576568604,1.1878999471664429,1.1878999471664429,0
172,2004-08-09,1.1900999546051023,1.1900999546051023,1.1900999546051023,1.1900999546051023,0
173,2004-08-10,1.189900040626526,1.189900040626526,1.189900040626526,1.189900040626526,0
174,2004-08-11,1.1901999711990356,1.1901999711990356,1.1901999711990356,1.1901999711990356,0
175,2004-08-12,1.1891000270843506,1.1891000270843506,1.1891000270843506,1.1891000270843506,0
176,2004-08-13,1.1887999773025513,1.1930999755859375,1.1887999773025513,1.1930999755859375,0
177,2004-08-16,1.1890000104904177,1.1890000104904177,1.1890000104904177,1.1890000104904177,0
178,2004-08-17,1.189900040626526,1.189900040626526,1.189900040626526,1.189900040626526,0
179,2004-08-18,1.1892000436782837,1.1892000436782837,1.1892000436782837,1.1892000436782837,0
180,2004-08-19,1.1893999576568604,1.1893999576568604,1.1893999576568604,1.1893999576568604,0
181,2004-08-20,1.1892999410629272,1.1892999410629272,1.1892999410629272,1.1892999410629272,0
182,2004-08-23,1.1898000240325928,1.1898000240325928,1.1898000240325928,1.1898000240325928,0
183,2004-08-24,1.1894999742507937,1.2007999420166016,1.1894999742507937,1.2007999420166016,0
184,2004-08-25,1.1885000467300415,1.1885000467300415,1.1885000467300415,1.1885000467300415,0
185,2004-08-26,1.1888999938964844,1.1888999938964844,1.1888999938964844,1.1888999938964844,0
186,2004-08-27,1.1892999410629272,1.1892999410629272,1.1892999410629272,1.1892999410629272,0
187,2004-08-30,1.1887999773025513,1.1887999773025513,1.1887999773025513,1.1887999773025513,0
188,2004-08-31,1.1883000135421753,1.1883000135421753,1.1883000135421753,1.1883000135421753,0
189,2004-09-01,1.1895999908447266,1.1895999908447266,1.1895999908447266,1.1895999908447266,0
190,2004-09-02,1.1893999576568604,1.1893999576568604,1.1893999576568604,1.1893999576568604,0
191,2004-09-03,1.1887999773025513,1.1887999773025513,1.1887999773025513,1.1887999773025513,0
192,2004-09-06,1.1892999410629272,1.2002999782562256,1.1892999410629272,1.2002999782562256,0
193,2004-09-07,1.1895999908447266,1.1898000240325928,1.1885000467300415,1.1898000240325928,0
194,2004-09-08,1.1891000270843506,1.1921000480651855,1.1891000270843506,1.19159996509552,0
195,2004-09-09,1.1897000074386597,1.1897000074386597,1.1897000074386597,1.1897000074386597,0
196,2004-09-10,1.1892999410629272,1.1892999410629272,1.1892999410629272,1.1892999410629272,0
197,2004-09-13,1.1901999711990356,1.1901999711990356,1.1901999711990356,1.1901999711990356,0
198,2004-09-14,1.1894999742507937,1.1894999742507937,1.1894999742507937,1.1894999742507937,0
199,2004-09-15,1.1895999908447266,1.1895999908447266,1.1895999908447266,1.1895999908447266,0
200,2004-09-16,1.1890000104904177,1.198099970817566,1.1890000104904177,1.198099970817566,0
201,2004-09-17,1.187000036239624,1.187000036239624,1.1835999488830566,1.1835999488830566,0
202,2004-09-20,1.2984999418258667,1.2984999418258667,1.2984999418258667,1.2984999418258667,0
203,2004-09-21,1.2994999885559082,1.2994999885559082,1.2994999885559082,1.2994999885559082,0
204,2004-09-22,1.299100041389465,1.299100041389465,1.299100041389465,1.299100041389465,0
205,2004-09-23,1.2994999885559082,1.2994999885559082,1.2994999885559082,1.2994999885559082,0
206,2004-09-24,1.2992000579833984,1.2992000579833984,1.2992000579833984,1.2992000579833984,0
207,2004-09-27,1.298699975013733,1.298699975013733,1.298699975013733,1.298699975013733,0
208,2004-09-28,1.298699975013733,1.298699975013733,1.294600009918213,1.294600009918213,0
209,2004-09-29,1.2980999946594238,1.2980999946594238,1.2980999946594238,1.2980999946594238,0
210,2004-09-30,1.2970999479293823,1.2970999479293823,1.2962000370025637,1.2962000370025637,0
211,2004-10-01,1.298200011253357,1.298200011253357,1.2890000343322754,1.2890000343322754,0
212,2004-10-04,1.3003000020980835,1.3003000020980835,1.3003000020980835,1.3003000020980835,0
213,2004-10-05,1.2985999584197998,1.2985999584197998,1.2985999584197998,1.2985999584197998,0
214,2004-10-06,1.29830002784729,1.29830002784729,1.2948999404907229,1.2948999404907229,0
215,2004-10-07,1.2994999885559082,1.2994999885559082,1.2994999885559082,1.2994999885559082,0
216,2004-10-08,1.2980999946594238,1.2980999946594238,1.2980999946594238,1.2980999946594238,0
217,2004-10-11,1.2984999418258667,1.2984999418258667,1.2984999418258667,1.2984999418258667,0
218,2004-10-12,1.2962000370025637,1.2975000143051147,1.2962000370025637,1.2975000143051147,0
219,2004-10-13,1.298200011253357,1.298200011253357,1.2969000339508057,1.2969000339508057,0
220,2004-10-14,1.2984999418258667,1.2984999418258667,1.2984999418258667,1.2984999418258667,0
221,2004-10-15,1.2985999584197998,1.2985999584197998,1.2985999584197998,1.2985999584197998,0
222,2004-10-18,1.299399971961975,1.299399971961975,1.299399971961975,1.299399971961975,0
223,2004-10-19,1.2990000247955322,1.2990000247955322,1.2990000247955322,1.2990000247955322,0
224,2004-10-20,1.298200011253357,1.298200011253357,1.298200011253357,1.298200011253357,0
225,2004-10-21,1.299399971961975,1.299399971961975,1.299399971961975,1.299399971961975,0
226,2004-10-22,1.2997000217437744,1.2997000217437744,1.299299955368042,1.299299955368042,0
227,2004-10-25,1.2999999523162842,1.2999999523162842,1.2999999523162842,1.2999999523162842,0
228,2004-10-26,1.299399971961975,1.299399971961975,1.299299955368042,1.299299955368042,0
229,2004-10-27,1.2999000549316406,1.2999000549316406,1.2999000549316406,1.2999000549316406,0
230,2004-10-29,1.2990000247955322,1.2998000383377075,1.29229998588562,1.2998000383377075,0
231,2004-11-01,1.2989000082015991,1.2989000082015991,1.295699954032898,1.295699954032898,0
232,2004-11-02,1.2992000579833984,1.2997000217437744,1.2992000579833984,1.2997000217437744,0
233,2004-11-03,1.2884000539779663,1.301300048828125,1.2884000539779663,1.3007999658584597,0
234,2004-11-04,1.2929999828338623,1.2929999828338623,1.2929999828338623,1.2929999828338623,0
235,2004-11-05,1.28410005569458,1.28410005569458,1.28410005569458,1.28410005569458,0
236,2004-11-08,1.28410005569458,1.28410005569458,1.28410005569458,1.28410005569458,0
237,2004-11-09,1.2834999561309814,1.2834999561309814,1.2834999561309814,1.2834999561309814,0
238,2004-11-10,1.2842999696731567,1.2842999696731567,1.2842999696731567,1.2842999696731567,0
239,2004-11-11,1.2847000360488892,1.2847000360488892,1.2847000360488892,1.2847000360488892,0
240,2004-11-12,1.284000039100647,1.284000039100647,1.284000039100647,1.284000039100647,0
241,2004-11-15,1.2848000526428225,1.2848000526428225,1.2848000526428225,1.2848000526428225,0
242,2004-11-16,1.282099962234497,1.2854000329971311,1.282099962234497,1.2854000329971311,0
243,2004-11-17,1.2855000495910645,1.2855000495910645,1.2855000495910645,1.2855000495910645,0
244,2004-11-18,1.285099983215332,1.285099983215332,1.2842999696731567,1.2842999696731567,0
245,2004-11-19,1.285599946975708,1.285599946975708,1.285599946975708,1.285599946975708,0
246,2004-11-22,1.2835999727249146,1.2835999727249146,1.2835999727249146,1.2835999727249146,0
247,2004-11-23,1.2854000329971311,1.2854000329971311,1.2854000329971311,1.2854000329971311,0
248,2004-11-24,1.2838000059127808,1.2838000059127808,1.2838000059127808,1.2838000059127808,0
249,2004-11-25,1.284500002861023,1.284500002861023,1.2812999486923218,1.2812999486923218,0
250,2004-11-26,1.2842999696731567,1.2842999696731567,1.2776999473571775,1.2776999473571775,0
251,2004-11-29,1.2829999923706057,1.2829999923706057,1.2829999923706057,1.2829999923706057,0
252,2004-11-30,1.2860000133514404,1.2860000133514404,1.2826999425888062,1.2826999425888062,0
253,2004-12-01,1.2857999801635742,1.2857999801635742,1.2857999801635742,1.2857999801635742,0
254,2004-12-02,1.28410005569458,1.28410005569458,1.28410005569458,1.28410005569458,0
255,2004-12-03,1.2848000526428225,1.2848000526428225,1.2848000526428225,1.2848000526428225,0
256,2004-12-06,1.2841999530792236,1.2841999530792236,1.27020001411438,1.27020001411438,0
257,2004-12-07,1.2854000329971311,1.2854000329971311,1.2854000329971311,1.2854000329971311,0
258,2004-12-08,1.2848999500274658,1.2848999500274658,1.2848999500274658,1.2848999500274658,0
259,2004-12-09,1.284600019454956,1.2889000177383425,1.284600019454956,1.2889000177383425,0
260,2004-12-10,1.2833000421524048,1.2833000421524048,1.2833000421524048,1.2833000421524048,0
261,2004-12-13,1.2848999500274658,1.2848999500274658,1.2848999500274658,1.2848999500274658,0
262,2004-12-14,1.285599946975708,1.285599946975708,1.285599946975708,1.285599946975708,0
263,2004-12-15,1.2792999744415283,1.2861000299453735,1.2792999744415283,1.2861000299453735,0
264,2004-12-16,1.2836999893188477,1.2836999893188477,1.2836999893188477,1.2836999893188477,0
265,2004-12-17,1.294100046157837,1.294100046157837,1.294100046157837,1.294100046157837,0
266,2004-12-20,1.2848999500274658,1.2848999500274658,1.2848999500274658,1.2848999500274658,0
267,2004-12-21,1.2843999862670898,1.2843999862670898,1.2843999862670898,1.2843999862670898,0
268,2004-12-22,1.2821999788284302,1.288699984550476,1.2821999788284302,1.288699984550476,0
269,2004-12-23,1.2848000526428225,1.2848000526428225,1.2848000526428225,1.2848000526428225,0
270,2004-12-27,1.284999966621399,1.284999966621399,1.284999966621399,1.284999966621399,0
271,2004-12-28,1.2847000360488892,1.2847000360488892,1.2847000360488892,1.2847000360488892,0
272,2004-12-29,1.2842999696731567,1.2842999696731567,1.2842999696731567,1.2842999696731567,0
273,2004-12-30,1.2861000299453735,1.2861000299453735,1.2861000299453735,1.2861000299453735,0
274,2004-12-31,1.283900022506714,1.283900022506714,1.2828999757766724,1.2828999757766724,0
275,2005-01-03,1.2836999893188477,1.295699954032898,1.2836999893188477,1.295699954032898,0
276,2005-01-04,1.285599946975708,1.2865999937057495,1.285599946975708,1.2864999771118164,0
277,2005-01-05,1.2847000360488892,1.2949999570846558,1.2847000360488892,1.2949999570846558,0
278,2005-01-06,1.2847000360488892,1.2864999771118164,1.2847000360488892,1.2864999771118164,0
279,2005-01-07,1.2999999523162842,1.2999999523162842,1.2848000526428225,1.2848000526428225,0
280,2005-01-10,1.2467000484466553,1.2467000484466553,1.2467000484466553,1.2467000484466553,0
281,2005-01-11,1.246399998664856,1.246399998664856,1.246399998664856,1.246399998664856,0
282,2005-01-12,1.246000051498413,1.246000051498413,1.246000051498413,1.246000051498413,0
283,2005-01-13,1.2476999759674072,1.2476999759674072,1.2476999759674072,1.2476999759674072,0
284,2005-01-14,1.246000051498413,1.2591999769210815,1.246000051498413,1.2591999769210815,0
285,2005-01-17,1.2462999820709229,1.2462999820709229,1.2454999685287476,1.2454999685287476,0
286,2005-01-18,1.2460999488830566,1.2460999488830566,1.2460999488830566,1.2460999488830566,0
287,2005-01-19,1.2457000017166138,1.2493000030517578,1.2457000017166138,1.2493000030517578,0
288,2005-01-20,1.2454999685287476,1.2454999685287476,1.2454999685287476,1.2454999685287476,0
289,2005-01-21,1.246999979019165,1.246999979019165,1.246999979019165,1.246999979019165,0
290,2005-01-24,1.2473000288009644,1.2473000288009644,1.2473000288009644,1.2473000288009644,0
291,2005-01-25,1.2467000484466553,1.2467000484466553,1.2467000484466553,1.2467000484466553,0
292,2005-01-26,1.245100021362305,1.253100037574768,1.245100021362305,1.253100037574768,0
293,2005-01-27,1.2467000484466553,1.2467000484466553,1.2467000484466553,1.2467000484466553,0
294,2005-01-28,1.246500015258789,1.2490999698638916,1.246500015258789,1.2490999698638916,0
295,2005-01-31,1.246500015258789,1.247599959373474,1.246500015258789,1.247599959373474,0
296,2005-02-01,1.2458000183105469,1.2458000183105469,1.2458000183105469,1.2458000183105469,0
297,2005-02-02,1.24590003490448,1.24590003490448,1.2414000034332275,1.2414000034332275,0
298,2005-02-03,1.2466000318527222,1.2466000318527222,1.2466000318527222,1.2466000318527222,0
299,2005-02-04,1.245300054550171,1.2513999938964844,1.245300054550171,1.2513999938964844,0
300,2005-02-07,1.2448999881744385,1.2448999881744385,1.2448999881744385,1.2448999881744385,0
301,2005-02-08,1.2440999746322632,1.2544000148773191,1.2440999746322632,1.2544000148773191,0
302,2005-02-09,1.2452000379562378,1.2452000379562378,1.2417999505996704,1.2417999505996704,0
303,2005-02-10,1.245100021362305,1.245100021362305,1.245100021362305,1.245100021362305,0
304,2005-02-11,1.2444000244140625,1.2444000244140625,1.2444000244140625,1.2444000244140625,0
305,2005-02-14,1.2458000183105469,1.2458000183105469,1.2458000183105469,1.2458000183105469,0
306,2005-02-15,1.2452000379562378,1.2452000379562378,1.2452000379562378,1.2452000379562378,0
307,2005-02-16,1.2452000379562378,1.2452000379562378,1.240399956703186,1.240399956703186,0
308,2005-02-17,1.2458000183105469,1.2458000183105469,1.2458000183105469,1.2458000183105469,0
309,2005-02-18,1.2418999671936035,1.24590003490448,1.2418999671936035,1.24590003490448,0
310,2005-02-21,1.2455999851226809,1.2455999851226809,1.2455999851226809,1.2455999851226809,0
311,2005-02-22,1.246000051498413,1.246000051498413,1.246000051498413,1.246000051498413,0
312,2005-02-23,1.246500015258789,1.246500015258789,1.246500015258789,1.246500015258789,0
313,2005-02-24,1.247499942779541,1.247499942779541,1.2466000318527222,1.2466000318527222,0
314,2005-02-25,1.2473000288009644,1.2520999908447266,1.2473000288009644,1.2520999908447266,0
315,2005-02-28,1.2457000017166138,1.2457000017166138,1.2457000017166138,1.2457000017166138,0
316,2005-03-01,1.246899962425232,1.2516000270843506,1.246899962425232,1.2516000270843506,0
317,2005-03-02,1.2460999488830566,1.2460999488830566,1.2460999488830566,1.2460999488830566,0
318,2005-03-03,1.2453999519348145,1.2453999519348145,1.2443000078201294,1.2443000078201294,0
319,2005-03-04,1.2342000007629397,1.249699950218201,1.2342000007629397,1.249699950218201,0
320,2005-03-07,1.246000051498413,1.246000051498413,1.246000051498413,1.246000051498413,0
321,2005-03-08,1.246999979019165,1.246999979019165,1.246999979019165,1.246999979019165,0
322,2005-03-09,1.2486000061035156,1.2486000061035156,1.2486000061035156,1.2486000061035156,0
323,2005-03-10,1.247099995613098,1.247099995613098,1.243499994277954,1.243499994277954,0
324,2005-03-11,1.2473000288009644,1.2473000288009644,1.2466000318527222,1.2466000318527222,0
325,2005-03-14,1.2462999820709229,1.2467000484466553,1.2462999820709229,1.2467000484466553,0
326,2005-03-15,1.2477999925613403,1.2477999925613403,1.2477999925613403,1.2477999925613403,0
327,2005-03-16,1.2467000484466553,1.2467000484466553,1.2467000484466553,1.2467000484466553,0
328,2005-03-17,1.2477999925613403,1.2477999925613403,1.2477999925613403,1.2477999925613403,0
329,2005-03-18,1.2472000122070312,1.2472000122070312,1.2472000122070312,1.2472000122070312,0
330,2005-03-21,1.246399998664856,1.2525999546051023,1.246399998664856,1.2525999546051023,0
331,2005-03-22,1.2029000520706177,1.2029000520706177,1.2029000520706177,1.2029000520706177,0
332,2005-03-23,1.204200029373169,1.2130999565124512,1.204200029373169,1.2130999565124512,0
333,2005-03-24,1.20169997215271,1.20169997215271,1.20169997215271,1.20169997215271,0
334,2005-03-29,1.2182999849319458,1.2182999849319458,1.2182999849319458,1.2182999849319458,0
335,2005-03-30,1.2211999893188477,1.2211999893188477,1.2211999893188477,1.2211999893188477,0
336,2005-03-31,1.22979998588562,1.22979998588562,1.2235000133514404,1.2235000133514404,0
337,2005-04-01,1.2288999557495115,1.2288999557495115,1.2288999557495115,1.2288999557495115,0
338,2005-04-04,1.229200005531311,1.229200005531311,1.229200005531311,1.229200005531311,0
339,2005-04-05,1.2285000085830688,1.2285000085830688,1.2285000085830688,1.2285000085830688,0
340,2005-04-06,1.2285000085830688,1.2285000085830688,1.2223999500274658,1.2223999500274658,0
341,2005-04-07,1.2300000190734863,1.2300000190734863,1.2300000190734863,1.2300000190734863,0
342,2005-04-08,1.228700041770935,1.228700041770935,1.228700041770935,1.228700041770935,0
343,2005-04-11,1.2294000387191772,1.2294000387191772,1.2202999591827393,1.2202999591827393,0
344,2005-04-12,1.22979998588562,1.22979998588562,1.22979998588562,1.22979998588562,0
345,2005-04-13,1.2299000024795532,1.2299000024795532,1.2299000024795532,1.2299000024795532,0
346,2005-04-14,1.225100040435791,1.225100040435791,1.225100040435791,1.225100040435791,0
347,2005-04-15,1.2230000495910645,1.2230000495910645,1.2230000495910645,1.2230000495910645,0
348,2005-04-18,1.2243000268936155,1.2243000268936155,1.2173999547958374,1.2173999547958374,0
349,2005-04-19,1.2238999605178833,1.2238999605178833,1.2197999954223633,1.2197999954223633,0
350,2005-04-20,1.2197999954223633,1.225200057029724,1.2197999954223633,1.225200057029724,0
351,2005-04-21,1.225600004196167,1.225600004196167,1.225600004196167,1.225600004196167,0
352,2005-04-22,1.2226999998092651,1.2309000492095947,1.2226999998092651,1.2309000492095947,0
353,2005-04-25,1.2187999486923218,1.2187999486923218,1.2187999486923218,1.2187999486923218,0
354,2005-04-26,1.2193000316619873,1.2193000316619873,1.2193000316619873,1.2193000316619873,0
355,2005-04-27,1.2165000438690186,1.2165000438690186,1.2165000438690186,1.2165000438690186,0
356,2005-04-28,1.219599962234497,1.219599962234497,1.219599962234497,1.219599962234497,0
357,2005-04-29,1.2188999652862549,1.2188999652862549,1.2188999652862549,1.2188999652862549,0
358,2005-05-02,1.2259000539779663,1.2288000583648682,1.2259000539779663,1.2288000583648682,0
359,2005-05-03,1.2235000133514404,1.2235000133514404,1.2235000133514404,1.2235000133514404,0
360,2005-05-04,1.222000002861023,1.222000002861023,1.2202999591827393,1.2202999591827393,0
361,2005-05-06,1.2236000299453735,1.2236000299453735,1.2236000299453735,1.2236000299453735,0
362,2005-05-09,1.2211999893188477,1.2211999893188477,1.2211999893188477,1.2211999893188477,0
363,2005-05-10,1.2207000255584717,1.2207000255584717,1.2207000255584717,1.2207000255584717,0
364,2005-05-11,1.2208000421524048,1.2208000421524048,1.2208000421524048,1.2208000421524048,0
365,2005-05-12,1.2338000535964966,1.2338000535964966,1.2249000072479248,1.2249000072479248,0
366,2005-05-13,1.2247999906539917,1.2340999841690063,1.2247999906539917,1.23389995098114,0
367,2005-05-17,1.223399996757507,1.223399996757507,1.223399996757507,1.223399996757507,0
368,2005-05-18,1.2237999439239502,1.2237999439239502,1.2237999439239502,1.2237999439239502,0
369,2005-05-19,1.226699948310852,1.226699948310852,1.226699948310852,1.226699948310852,0
370,2005-05-20,1.2450000047683716,1.2450000047683716,1.2450000047683716,1.2450000047683716,0
371,2005-05-23,1.2431999444961548,1.2512999773025513,1.2431999444961548,1.2512999773025513,0
372,2005-05-24,1.2466000318527222,1.2466000318527222,1.2443000078201294,1.2443000078201294,0
373,2005-05-25,1.2375999689102173,1.246399998664856,1.2375999689102173,1.246399998664856,0
374,2005-05-26,1.2446999549865725,1.2446999549865725,1.2417999505996704,1.2417999505996704,0
375,2005-05-27,1.2414000034332275,1.2414000034332275,1.2414000034332275,1.2414000034332275,0
376,2005-05-30,1.2448999881744385,1.2448999881744385,1.2448999881744385,1.2448999881744385,0
377,2005-05-31,1.2421000003814695,1.2421000003814695,1.2421000003814695,1.2421000003814695,0
378,2005-06-01,1.2419999837875366,1.2419999837875366,1.2419999837875366,1.2419999837875366,0
379,2005-06-02,1.2417000532150269,1.247499942779541,1.2417000532150269,1.247499942779541,0
380,2005-06-03,1.2412999868392944,1.2412999868392944,1.2412999868392944,1.2412999868392944,0
381,2005-06-06,1.242799997329712,1.2431999444961548,1.242799997329712,1.2431999444961548,0
382,2005-06-07,1.246500015258789,1.246500015258789,1.2452000379562378,1.2452000379562378,0
383,2005-06-08,1.245300054550171,1.245300054550171,1.245300054550171,1.245300054550171,0
384,2005-06-09,1.2486000061035156,1.2489999532699585,1.246999979019165,1.246999979019165,0
385,2005-06-10,1.2578999996185305,1.2578999996185305,1.2458000183105469,1.2458000183105469,0
386,2005-06-13,1.247099995613098,1.2634999752044678,1.247099995613098,1.2634999752044678,0
387,2005-06-14,1.2443000078201294,1.2443000078201294,1.2441999912261963,1.2441999912261963,0
388,2005-06-15,1.2448999881744385,1.2448999881744385,1.2448999881744385,1.2448999881744385,0
389,2005-06-16,1.2384999990463257,1.2384999990463257,1.2369999885559082,1.2369999885559082,0
390,2005-06-17,1.236799955368042,1.236799955368042,1.236799955368042,1.236799955368042,0
391,2005-06-20,1.256600022315979,1.256600022315979,1.256600022315979,1.256600022315979,0
392,2005-06-21,1.258800029754639,1.258800029754639,1.258800029754639,1.258800029754639,0
393,2005-06-22,1.2582000494003296,1.2582000494003296,1.2582000494003296,1.2582000494003296,0
394,2005-06-23,1.252400040626526,1.252400040626526,1.252400040626526,1.252400040626526,0
395,2005-06-24,1.2568000555038452,1.2568000555038452,1.2568000555038452,1.2568000555038452,0
396,2005-06-27,1.2587000131607056,1.2589000463485718,1.2484999895095823,1.2515000104904177,0
397,2005-06-28,1.2599999904632568,1.2654999494552612,1.256700038909912,1.2597999572753906,0
398,2005-06-29,1.25600004196167,1.257599949836731,1.25600004196167,1.257599949836731,0
399,2005-06-30,1.2508000135421753,1.254899978637695,1.2508000135421753,1.254899978637695,0
400,2005-07-01,1.257699966430664,1.257699966430664,1.257699966430664,1.257699966430664,0
401,2005-07-04,1.2568000555038452,1.257200002670288,1.2568000555038452,1.257200002670288,0
402,2005-07-05,1.2563999891281128,1.2563999891281128,1.2563999891281128,1.2563999891281128,0
403,2005-07-06,1.2547999620437622,1.257200002670288,1.2547999620437622,1.257200002670288,0
404,2005-07-07,1.2587000131607056,1.2587000131607056,1.2585999965667725,1.2585999965667725,0
405,2005-07-08,1.2663999795913696,1.2663999795913696,1.2663999795913696,1.2663999795913696,0
406,2005-07-11,1.270300030708313,1.270300030708313,1.270300030708313,1.270300030708313,0
407,2005-07-12,1.2621999979019165,1.2700999975204468,1.2621999979019165,1.2700999975204468,0
408,2005-07-13,1.2803000211715698,1.2803000211715698,1.2699999809265137,1.2699999809265137,0
409,2005-07-14,1.2660000324249268,1.2660000324249268,1.2660000324249268,1.2660000324249268,0
410,2005-07-15,1.2547999620437622,1.2647000551223757,1.2547999620437622,1.2647000551223757,0
411,2005-07-18,1.2627999782562256,1.2627999782562256,1.2627999782562256,1.2627999782562256,0
412,2005-07-19,1.2625999450683594,1.2632999420166016,1.2625999450683594,1.2632999420166016,0
413,2005-07-20,1.2623000144958496,1.2623000144958496,1.2619999647140503,1.2619999647140503,0
414,2005-07-21,1.2660000324249268,1.2660000324249268,1.2660000324249268,1.2660000324249268,0
415,2005-07-22,1.277400016784668,1.277400016784668,1.2645000219345093,1.2646000385284424,0
416,2005-07-25,1.2663999795913696,1.2663999795913696,1.2663999795913696,1.2663999795913696,0
417,2005-07-26,1.2670999765396118,1.2726000547409058,1.2670999765396118,1.27020001411438,0
418,2005-07-27,1.2661999464035034,1.2661999464035034,1.2661999464035034,1.2661999464035034,0
419,2005-07-28,1.2662999629974363,1.2662999629974363,1.2662999629974363,1.2662999629974363,0
420,2005-07-29,1.266800045967102,1.266800045967102,1.266800045967102,1.266800045967102,0
421,2005-08-01,1.2676000595092771,1.2676000595092771,1.2676000595092771,1.2676000595092771,0
422,2005-08-02,1.272699952125549,1.272699952125549,1.2695000171661377,1.2695000171661377,0
423,2005-08-03,1.2691999673843384,1.2691999673843384,1.2691999673843384,1.2691999673843384,0
424,2005-08-04,1.253100037574768,1.258800029754639,1.253100037574768,1.258800029754639,0
425,2005-08-05,1.271299958229065,1.271299958229065,1.269700050354004,1.2705999612808228,0
426,2005-08-08,1.2674000263214111,1.2688000202178955,1.2674000263214111,1.2688000202178955,0
427,2005-08-09,1.2589000463485718,1.2589000463485718,1.2589000463485718,1.2589000463485718,0
428,2005-08-10,1.2544000148773191,1.2544000148773191,1.2544000148773191,1.2544000148773191,0
429,2005-08-11,1.2527999877929688,1.2527999877929688,1.2527999877929688,1.2527999877929688,0
430,2005-08-12,1.2559000253677368,1.2559000253677368,1.2559000253677368,1.2559000253677368,0
431,2005-08-15,1.2552000284194946,1.2552000284194946,1.2552000284194946,1.2552000284194946,0
432,2005-08-16,1.253499984741211,1.253499984741211,1.253499984741211,1.253499984741211,0
433,2005-08-17,1.2591999769210815,1.2591999769210815,1.2555999755859375,1.2555999755859375,0
434,2005-08-18,1.254899978637695,1.254899978637695,1.254899978637695,1.254899978637695,0
435,2005-08-19,1.2551000118255615,1.2551000118255615,1.2551000118255615,1.2551000118255615,0
436,2005-08-22,1.2537000179290771,1.2547999620437622,1.2537000179290771,1.2547999620437622,0
437,2005-08-23,1.2533999681472778,1.253499984741211,1.2512999773025513,1.2512999773025513,0
438,2005-08-24,1.2525999546051023,1.2525999546051023,1.2525999546051023,1.2525999546051023,0
439,2005-08-25,1.2556999921798706,1.2556999921798706,1.2553999423980713,1.2553999423980713,0
440,2005-08-26,1.2541999816894531,1.2541999816894531,1.2541999816894531,1.2541999816894531,0
441,2005-08-29,1.2609000205993652,1.2609000205993652,1.2538000345230105,1.2538000345230105,0
442,2005-08-30,1.2556999921798706,1.2577999830245972,1.2556999921798706,1.2577999830245972,0
443,2005-08-31,1.256100058555603,1.2577999830245972,1.256100058555603,1.2577999830245972,0
444,2005-09-01,1.2446000576019287,1.2546000480651855,1.2446000576019287,1.2546000480651855,0
445,2005-09-02,1.260699987411499,1.260699987411499,1.2598999738693235,1.2598999738693235,0
446,2005-09-05,1.2591999769210815,1.2591999769210815,1.2591999769210815,1.2591999769210815,0
447,2005-09-06,1.2589000463485718,1.267699956893921,1.2589000463485718,1.267699956893921,0
448,2005-09-07,1.2609000205993652,1.2609000205993652,1.2568000555038452,1.2568000555038452,0
449,2005-09-08,1.2577999830245972,1.2577999830245972,1.2577999830245972,1.2577999830245972,0
450,2005-09-09,1.2409000396728516,1.257699966430664,1.2409000396728516,1.257699966430664,0
451,2005-09-12,1.246999979019165,1.246999979019165,1.2446000576019287,1.2446000576019287,0
452,2005-09-13,1.2380000352859497,1.2380000352859497,1.2380000352859497,1.2380000352859497,0
453,2005-09-14,1.2378000020980835,1.2378000020980835,1.2378000020980835,1.2378000020980835,0
454,2005-09-15,1.2390999794006348,1.2390999794006348,1.2390999794006348,1.2390999794006348,0
455,2005-09-16,1.2473000288009644,1.2473000288009644,1.2458000183105469,1.2458000183105469,0
456,2005-09-19,1.2562999725341797,1.2562999725341797,1.25600004196167,1.25600004196167,0
457,2005-09-20,1.246399998664856,1.246399998664856,1.246399998664856,1.246399998664856,0
458,2005-09-22,1.26419997215271,1.26419997215271,1.2454999685287476,1.246899962425232,0
459,2005-09-23,1.263100028038025,1.2721999883651731,1.263100028038025,1.2721999883651731,0
460,2005-09-26,1.2541999816894531,1.2574000358581543,1.2541999816894531,1.2574000358581543,0
461,2005-09-27,1.2556999921798706,1.2556999921798706,1.2556999921798706,1.2556999921798706,0
462,2005-09-28,1.256600022315979,1.256600022315979,1.256600022315979,1.256600022315979,0
463,2005-09-29,1.2625000476837158,1.2625000476837158,1.2625000476837158,1.2625000476837158,0
464,2005-09-30,1.2692999839782717,1.2692999839782717,1.2659000158309937,1.2659000158309937,0
465,2005-10-03,1.2788000106811523,1.2788000106811523,1.2788000106811523,1.2788000106811523,0
466,2005-10-04,1.263100028038025,1.263200044631958,1.263100028038025,1.263200044631958,0
467,2005-10-05,1.263800024986267,1.263800024986267,1.263800024986267,1.263800024986267,0
468,2005-10-06,1.274399995803833,1.274399995803833,1.252900004386902,1.252900004386902,0
469,2005-10-07,1.2746000289916992,1.2746000289916992,1.2746000289916992,1.2746000289916992,0
470,2005-10-10,1.269700050354004,1.269700050354004,1.269700050354004,1.269700050354004,0
471,2005-10-11,1.2691999673843384,1.2691999673843384,1.2691999673843384,1.2691999673843384,0
472,2005-10-12,1.266800045967102,1.266800045967102,1.266800045967102,1.266800045967102,0
473,2005-10-13,1.2644000053405762,1.2644000053405762,1.2644000053405762,1.2644000053405762,0
474,2005-10-14,1.2581000328063965,1.267300009727478,1.2580000162124634,1.267300009727478,0
475,2005-10-17,1.2746000289916992,1.2746000289916992,1.2746000289916992,1.2746000289916992,0
476,2005-10-18,1.268399953842163,1.268399953842163,1.268399953842163,1.268399953842163,0
477,2005-10-19,1.2711000442504885,1.2711000442504885,1.2711000442504885,1.2711000442504885,0
478,2005-10-20,1.2692999839782717,1.2692999839782717,1.2692999839782717,1.2692999839782717,0
479,2005-10-21,1.2734999656677246,1.2734999656677246,1.2734999656677246,1.2734999656677246,0
480,2005-10-24,1.259600043296814,1.2635999917984009,1.259600043296814,1.2635999917984009,0
481,2005-10-25,1.2740999460220337,1.2740999460220337,1.2740999460220337,1.2740999460220337,0
482,2005-10-26,1.263700008392334,1.263700008392334,1.263700008392334,1.263700008392334,0
483,2005-10-27,1.273300051689148,1.274399995803833,1.2732000350952148,1.274399995803833,0
484,2005-10-28,1.2747000455856323,1.2747000455856323,1.2747000455856323,1.2747000455856323,0
485,2005-10-31,1.2740999460220337,1.2740999460220337,1.2740999460220337,1.2740999460220337,0
486,2005-11-01,1.267300009727478,1.267300009727478,1.267300009727478,1.267300009727478,0
487,2005-11-02,1.2634999752044678,1.2634999752044678,1.2634999752044678,1.2634999752044678,0
488,2005-11-03,1.263700008392334,1.263700008392334,1.263700008392334,1.263700008392334,0
489,2005-11-04,1.2682000398635864,1.2682000398635864,1.2682000398635864,1.2682000398635864,0
490,2005-11-07,1.2692999839782717,1.2692999839782717,1.2675000429153442,1.2675000429153442,0
491,2005-11-08,1.2611000537872314,1.2611000537872314,1.2611000537872314,1.2611000537872314,0
492,2005-11-09,1.2657999992370603,1.2657999992370603,1.2657999992370603,1.2657999992370603,0
493,2005-11-10,1.2811000347137451,1.2811000347137451,1.2811000347137451,1.2811000347137451,0
494,2005-11-11,1.2763999700546265,1.280400037765503,1.2763999700546265,1.280400037765503,0
495,2005-11-14,1.2807999849319458,1.2807999849319458,1.2807999849319458,1.2807999849319458,0
496,2005-11-15,1.2856999635696411,1.2865999937057495,1.2856999635696411,1.2865999937057495,0
497,2005-11-16,1.2819000482559204,1.2826999425888062,1.2819000482559204,1.2826999425888062,0
498,2005-11-17,1.2853000164031982,1.2853000164031982,1.2853000164031982,1.2853000164031982,0
499,2005-11-18,1.2893999814987185,1.2893999814987185,1.2893999814987185,1.2893999814987185,0
500,2005-11-21,1.2908999919891355,1.2908999919891355,1.2908999919891355,1.2908999919891355,0
501,2005-11-22,1.2791999578475952,1.2924000024795532,1.2791999578475952,1.2920000553131104,0
502,2005-11-23,1.2913000583648682,1.2913000583648682,1.2913000583648682,1.2913000583648682,0
503,2005-11-24,1.2933000326156616,1.2933000326156616,1.2933000326156616,1.2933000326156616,0
504,2005-11-25,1.2935999631881714,1.2935999631881714,1.2935999631881714,1.2935999631881714,0
505,2005-11-28,1.270300030708313,1.2994999885559082,1.270300030708313,1.2994999885559082,0
506,2005-11-29,1.284999966621399,1.284999966621399,1.284999966621399,1.284999966621399,0
507,2005-11-30,1.284500002861023,1.284500002861023,1.284500002861023,1.284500002861023,0
508,2005-12-01,1.291200041770935,1.291200041770935,1.291200041770935,1.291200041770935,0
509,2005-12-02,1.2806999683380127,1.2806999683380127,1.2806999683380127,1.2806999683380127,0
510,2005-12-05,1.2854000329971311,1.2854000329971311,1.2854000329971311,1.2854000329971311,0
511,2005-12-06,1.283900022506714,1.2851999998092651,1.283900022506714,1.2851999998092651,0
512,2005-12-07,1.295699954032898,1.295699954032898,1.2862000465393066,1.2862000465393066,0
513,2005-12-08,1.2891000509262085,1.2958999872207642,1.2891000509262085,1.2958999872207642,0
514,2005-12-09,1.2878999710083008,1.288599967956543,1.2862999439239502,1.2867000102996826,0
515,2005-12-12,1.2862999439239502,1.2862999439239502,1.2862999439239502,1.2862999439239502,0
516,2005-12-13,1.2863999605178833,1.2863999605178833,1.278599977493286,1.278599977493286,0
517,2005-12-14,1.2872999906539917,1.2872999906539917,1.2872999906539917,1.2872999906539917,0
518,2005-12-15,1.2864999771118164,1.2864999771118164,1.2864999771118164,1.2864999771118164,0
519,2005-12-16,1.2838000059127808,1.2838000059127808,1.2838000059127808,1.2838000059127808,0
520,2005-12-19,1.2796000242233276,1.2796000242233276,1.2791999578475952,1.2791999578475952,0
521,2005-12-20,1.2790000438690186,1.2824000120162964,1.2790000438690186,1.2824000120162964,0
522,2005-12-21,1.278599977493286,1.278599977493286,1.278599977493286,1.278599977493286,0
523,2005-12-22,1.2788000106811523,1.2788000106811523,1.2788000106811523,1.2788000106811523,0
524,2005-12-23,1.270300030708313,1.270300030708313,1.270300030708313,1.270300030708313,0
525,2005-12-26,1.270900011062622,1.270900011062622,1.270900011062622,1.270900011062622,0
526,2005-12-27,1.2741999626159668,1.2741999626159668,1.2741999626159668,1.2741999626159668,0
527,2005-12-28,1.2736999988555908,1.2736999988555908,1.2736999988555908,1.2736999988555908,0
528,2005-12-29,1.2736999988555908,1.2736999988555908,1.2736999988555908,1.2736999988555908,0
529,2005-12-30,1.2818000316619873,1.2818000316619873,1.2818000316619873,1.2818000316619873,0
530,2006-01-02,1.2805999517440796,1.2805999517440796,1.2805999517440796,1.2805999517440796,0
531,2006-01-03,1.281000018119812,1.281000018119812,1.2756999731063845,1.2756999731063845,0
532,2006-01-04,1.2752000093460083,1.2812999486923218,1.2752000093460083,1.2812999486923218,0
533,2006-01-05,1.2817000150680542,1.2822999954223633,1.2817000150680542,1.2822999954223633,0
534,2006-01-06,1.2733999490737915,1.2796000242233276,1.2733999490737915,1.2796000242233276,0
535,2006-01-09,1.2803000211715698,1.2803000211715698,1.2803000211715698,1.2803000211715698,0
536,2006-01-10,1.2753000259399414,1.2753000259399414,1.2753000259399414,1.2753000259399414,0
537,2006-01-11,1.2742999792099,1.2742999792099,1.2742999792099,1.2742999792099,0
538,2006-01-12,1.2761000394821167,1.2761000394821167,1.274799942970276,1.274799942970276,0
539,2006-01-13,1.2687000036239624,1.2687000036239624,1.2687000036239624,1.2687000036239624,0
540,2006-01-16,1.2699999809265137,1.2699999809265137,1.2699999809265137,1.2699999809265137,0
541,2006-01-17,1.27020001411438,1.27020001411438,1.27020001411438,1.27020001411438,0
542,2006-01-18,1.2635999917984009,1.2635999917984009,1.2635999917984009,1.2635999917984009,0
543,2006-01-19,1.268100023269653,1.268100023269653,1.268100023269653,1.268100023269653,0
544,2006-01-20,1.2664999961853027,1.2668999433517456,1.2664999961853027,1.2668999433517456,0
545,2006-01-23,1.2684999704360962,1.2685999870300293,1.2684999704360962,1.2685999870300293,0
546,2006-01-24,1.2747000455856323,1.2747000455856323,1.2747000455856323,1.2747000455856323,0
547,2006-01-25,1.2756999731063845,1.2756999731063845,1.2756999731063845,1.2756999731063845,0
548,2006-01-26,1.2645000219345093,1.2645000219345093,1.2645000219345093,1.2645000219345093,0
549,2006-01-27,1.2711000442504885,1.2711000442504885,1.2625000476837158,1.2625000476837158,0
550,2006-01-30,1.2619999647140503,1.2619999647140503,1.2619999647140503,1.2619999647140503,0
551,2006-01-31,1.2676000595092771,1.2685999870300293,1.2676000595092771,1.2685999870300293,0
552,2006-02-01,1.2689000368118286,1.2689000368118286,1.267300009727478,1.267300009727478,0
553,2006-02-02,1.2698999643325806,1.2698999643325806,1.2698999643325806,1.2698999643325806,0
554,2006-02-03,1.2694000005722046,1.2694000005722046,1.2694000005722046,1.2694000005722046,0
555,2006-02-06,1.2697999477386477,1.2697999477386477,1.2687000036239624,1.2687000036239624,0
556,2006-02-07,1.2684999704360962,1.2684999704360962,1.268399953842163,1.268399953842163,0
557,2006-02-08,1.2674000263214111,1.2674000263214111,1.2674000263214111,1.2674000263214111,0
558,2006-02-09,1.2752000093460083,1.2752000093460083,1.2752000093460083,1.2752000093460083,0
559,2006-02-10,1.274799942970276,1.274799942970276,1.274799942970276,1.274799942970276,0
560,2006-02-13,1.2755999565124512,1.2764999866485596,1.2755999565124512,1.2764999866485596,0
561,2006-02-14,1.2771999835968018,1.2771999835968018,1.2771999835968018,1.2771999835968018,0
562,2006-02-15,1.2759000062942505,1.2759000062942505,1.274999976158142,1.274999976158142,0
563,2006-02-16,1.2757999897003174,1.2776999473571775,1.2757999897003174,1.2776999473571775,0
564,2006-02-17,1.2742999792099,1.277999997138977,1.2742999792099,1.277999997138977,0
565,2006-02-20,1.2781000137329102,1.2788000106811523,1.2781000137329102,1.2788000106811523,0
566,2006-02-21,1.279099941253662,1.279099941253662,1.279099941253662,1.279099941253662,0
567,2006-02-22,1.2792999744415283,1.2792999744415283,1.2792999744415283,1.2792999744415283,0
568,2006-02-23,1.2791999578475952,1.2791999578475952,1.2791999578475952,1.2791999578475952,0
569,2006-02-24,1.279099941253662,1.279099941253662,1.279099941253662,1.279099941253662,0
570,2006-02-27,1.2799999713897705,1.2829999923706057,1.2781000137329102,1.2829999923706057,0
571,2006-02-28,1.2786999940872192,1.2786999940872192,1.2786999940872192,1.2786999940872192,0
572,2006-03-01,1.2792999744415283,1.2792999744415283,1.2792999744415283,1.2792999744415283,0
573,2006-03-02,1.2793999910354614,1.281000018119812,1.2793999910354614,1.281000018119812,0
574,2006-03-03,1.2806999683380127,1.2806999683380127,1.2806999683380127,1.2806999683380127,0
575,2006-03-06,1.280900001525879,1.280900001525879,1.2761000394821167,1.2761000394821167,0
576,2006-03-07,1.2764999866485596,1.2870999574661257,1.2764999866485596,1.2870999574661257,0
577,2006-03-08,1.2755000591278076,1.2770999670028689,1.2755000591278076,1.2770999670028689,0
578,2006-03-09,1.2750999927520752,1.2750999927520752,1.2747000455856323,1.2747000455856323,0
579,2006-03-10,1.2762000560760498,1.2762000560760498,1.2762000560760498,1.2762000560760498,0
580,2006-03-13,1.2732000350952148,1.2771999835968018,1.2721999883651731,1.273900032043457,0
581,2006-03-14,1.271299958229065,1.2790000438690186,1.271299958229065,1.2790000438690186,0
582,2006-03-15,1.2755999565124512,1.2798999547958374,1.270799994468689,1.270799994468689,0
583,2006-03-16,1.2689000368118286,1.2796000242233276,1.2689000368118286,1.2796000242233276,0
584,2006-03-17,1.2793999910354614,1.2802000045776367,1.2788000106811523,1.2802000045776367,0
585,2006-03-20,1.2771999835968018,1.2771999835968018,1.2771999835968018,1.2771999835968018,0
586,2006-03-21,1.2771999835968018,1.2771999835968018,1.2771999835968018,1.2771999835968018,0
587,2006-03-22,1.2771999835968018,1.2771999835968018,1.2771999835968018,1.2771999835968018,0
588,2006-03-23,1.27839994430542,1.27839994430542,1.27839994430542,1.27839994430542,0
589,2006-03-24,1.2718000411987305,1.2718000411987305,1.2718000411987305,1.2718000411987305,0
590,2006-03-27,1.2717000246047974,1.2717000246047974,1.2717000246047974,1.2717000246047974,0
591,2006-03-28,1.2771999835968018,1.2771999835968018,1.2717000246047974,1.273800015449524,0
592,2006-03-29,1.2742999792099,1.2742999792099,1.2742999792099,1.2742999792099,0
593,2006-03-30,1.2689000368118286,1.278599977493286,1.2689000368118286,1.278599977493286,0
594,2006-03-31,1.2746000289916992,1.2746000289916992,1.274500012397766,1.274500012397766,0
595,2006-04-03,1.276600003242493,1.276600003242493,1.2731000185012815,1.2731000185012815,0
596,2006-04-04,1.274899959564209,1.274899959564209,1.2670999765396118,1.2670999765396118,0
597,2006-04-05,1.271299958229065,1.2752000093460083,1.271299958229065,1.2752000093460083,0
598,2006-04-06,1.2848000526428225,1.2848000526428225,1.2755999565124512,1.2755999565124512,0
599,2006-04-07,1.273900032043457,1.276600003242493,1.273900032043457,1.276600003242493,0
600,2006-04-10,1.2741999626159668,1.2854000329971311,1.2741999626159668,1.2854000329971311,0
601,2006-04-11,1.2742999792099,1.274999976158142,1.2742999792099,1.274999976158142,0
602,2006-04-12,1.2698999643325806,1.2698999643325806,1.2696000337600708,1.2696000337600708,0
603,2006-04-13,1.2700999975204468,1.2736999988555908,1.2700999975204468,1.2736999988555908,0
604,2006-04-14,1.2694000005722046,1.2694000005722046,1.2691999673843384,1.2691999673843384,0
605,2006-04-17,1.2666000127792358,1.2666000127792358,1.2666000127792358,1.2666000127792358,0
606,2006-04-18,1.2710000276565552,1.2710000276565552,1.253999948501587,1.253999948501587,0
607,2006-04-19,1.2761000394821167,1.2761000394821167,1.2613999843597412,1.2613999843597412,0
608,2006-04-20,1.270699977874756,1.270699977874756,1.270699977874756,1.270699977874756,0
609,2006-04-21,1.270699977874756,1.2736999988555908,1.270699977874756,1.2736999988555908,0
610,2006-04-24,1.2711000442504885,1.2711000442504885,1.2657999992370603,1.2657999992370603,0
611,2006-04-25,1.26419997215271,1.2705999612808228,1.26419997215271,1.2705999612808228,0
612,2006-04-26,1.2687000036239624,1.27020001411438,1.2651000022888184,1.2651000022888184,0
613,2006-04-27,1.2630000114440918,1.2652000188827517,1.2630000114440918,1.2652000188827517,0
614,2006-04-28,1.2623000144958496,1.2623000144958496,1.2532999515533447,1.2532999515533447,0
615,2006-05-01,1.2532999515533447,1.2532999515533447,1.2532999515533447,1.2532999515533447,0
616,2006-05-02,1.2625999450683594,1.2625999450683594,1.2583999633789062,1.2583999633789062,0
617,2006-05-03,1.2610000371932983,1.2610000371932983,1.260800004005432,1.260800004005432,0
618,2006-05-04,1.249500036239624,1.2619999647140503,1.249500036239624,1.2619999647140503,0
619,2006-05-05,1.2559000253677368,1.2559000253677368,1.2493000030517578,1.2493000030517578,0
620,2006-05-08,1.256100058555603,1.256100058555603,1.2503999471664429,1.251099944114685,0
621,2006-05-09,1.249699950218201,1.2568999528884888,1.249699950218201,1.2568999528884888,0
622,2006-05-10,1.2525999546051023,1.2525999546051023,1.242900013923645,1.242900013923645,0
623,2006-05-11,1.233299970626831,1.2590999603271484,1.233299970626831,1.2562999725341797,0
624,2006-05-12,1.24399995803833,1.24399995803833,1.2308000326156616,1.2308000326156616,0
625,2006-05-15,1.2331000566482544,1.2333999872207642,1.231899976730347,1.2325999736785889,0
626,2006-05-16,1.2308000326156616,1.233299970626831,1.233299970626831,1.233299970626831,0
627,2006-05-17,1.2502000331878662,1.2350000143051147,1.2350000143051147,1.2350000143051147,0
628,2006-05-18,1.2279000282287598,1.2347999811172483,1.226699948310852,1.2347999811172483,0
629,2006-05-19,1.2340999841690063,1.235100030899048,1.235100030899048,1.235100030899048,0
630,2006-05-22,1.2263000011444092,1.235700011253357,1.235700011253357,1.235700011253357,0
631,2006-05-23,1.2369999885559082,1.2369999885559082,1.2369999885559082,1.2369999885559082,0
632,2006-05-24,1.2460999488830566,1.2446999549865725,1.235700011253357,1.235700011253357,0
633,2006-05-25,1.2401000261306765,1.242799997329712,1.242799997329712,1.242799997329712,0
634,2006-05-26,1.2417000532150269,1.2417000532150269,1.2345000505447388,1.2345000505447388,0
635,2006-05-29,1.2359999418258667,1.2369999885559082,1.2345999479293823,1.2345999479293823,0
636,2006-05-30,1.2346999645233154,1.235200047492981,1.235200047492981,1.235200047492981,0
637,2006-05-31,1.2384999990463257,1.235700011253357,1.235700011253357,1.235700011253357,0
638,2006-06-01,1.2308000326156616,1.23580002784729,1.23580002784729,1.23580002784729,0
639,2006-06-02,1.2211999893188477,1.2309000492095947,1.2211999893188477,1.2309000492095947,0
640,2006-06-05,1.2228000164031982,1.2228000164031982,1.2228000164031982,1.2228000164031982,0
641,2006-06-06,1.2345000505447388,1.229300022125244,1.229300022125244,1.229300022125244,0
642,2006-06-07,1.2312999963760376,1.230299949645996,1.230299949645996,1.230299949645996,0
643,2006-06-08,1.238800048828125,1.2280000448226929,1.2280000448226929,1.2280000448226929,0
644,2006-06-09,1.2303999662399292,1.2288999557495115,1.2288999557495115,1.2288999557495115,0
645,2006-06-12,1.2317999601364136,1.2300000190734863,1.2300000190734863,1.2300000190734863,0
646,2006-06-13,1.2382999658584597,1.23389995098114,1.23389995098114,1.23389995098114,0
647,2006-06-14,1.2364000082015991,1.2374999523162842,1.2374999523162842,1.2374999523162842,0
648,2006-06-15,1.2395999431610107,1.2395999431610107,1.2369999885559082,1.2369999885559082,0
649,2006-06-16,1.2441999912261963,1.2441999912261963,1.242900013923645,1.242900013923645,0
650,2006-06-19,1.2452000379562378,1.2497999668121338,1.2452000379562378,1.2497999668121338,0
651,2006-06-20,1.242300033569336,1.243899941444397,1.243899941444397,1.243899941444397,0
652,2006-06-21,1.2404999732971191,1.2404999732971191,1.239300012588501,1.239300012588501,0
653,2006-06-22,1.246899962425232,1.241000056266785,1.241000056266785,1.241000056266785,0
654,2006-06-23,1.2448999881744385,1.2418999671936035,1.2418999671936035,1.2418999671936035,0
655,2006-06-26,1.242400050163269,1.2443000078201294,1.242400050163269,1.2443000078201294,0
656,2006-06-27,1.2416000366210938,1.2418999671936035,1.2418999671936035,1.2418999671936035,0
657,2006-06-28,1.246500015258789,1.2444000244140625,1.2444000244140625,1.2444000244140625,0
658,2006-06-29,1.2282999753952026,1.242300033569336,1.242300033569336,1.242300033569336,0
659,2006-06-30,1.2352999448776243,1.2431000471115112,1.2431000471115112,1.2431000471115112,0
660,2006-07-03,1.2431999444961548,1.2437000274658203,1.2437000274658203,1.2437000274658203,0
661,2006-07-04,1.2446000576019287,1.2409000396728516,1.2409000396728516,1.2409000396728516,0
662,2006-07-05,1.2477999925613403,1.243299961090088,1.243299961090088,1.243299961090088,0
663,2006-07-06,1.2389999628067017,1.2431999444961548,1.2431999444961548,1.2431999444961548,0
664,2006-07-07,1.238700032234192,1.242799997329712,1.242799997329712,1.242799997329712,0
665,2006-07-10,1.2453999519348145,1.2453999519348145,1.2440999746322632,1.2440999746322632,0
666,2006-07-11,1.2402000427246094,1.2425999641418457,1.2425999641418457,1.2425999641418457,0
667,2006-07-12,1.24590003490448,1.243000030517578,1.243000030517578,1.243000030517578,0
668,2006-07-13,1.242799997329712,1.242900013923645,1.242900013923645,1.242900013923645,0
669,2006-07-14,1.2450000047683716,1.2437000274658203,1.2437000274658203,1.2437000274658203,0
670,2006-07-17,1.243499994277954,1.2537000179290771,1.243499994277954,1.2537000179290771,0
671,2006-07-18,1.2448999881744385,1.2422000169754028,1.2422000169754028,1.2422000169754028,0
672,2006-07-19,1.2325999736785889,1.2417000532150269,1.2417000532150269,1.2417000532150269,0
673,2006-07-20,1.2426999807357788,1.2419999837875366,1.2419999837875366,1.2419999837875366,0
674,2006-07-21,1.2415000200271606,1.2418999671936035,1.2418999671936035,1.2418999671936035,0
675,2006-07-24,1.241000056266785,1.2417999505996704,1.2417999505996704,1.2417999505996704,0
676,2006-07-25,1.2611000537872314,1.2438000440597534,1.2438000440597534,1.2438000440597534,0
677,2006-07-26,1.245100021362305,1.261299967765808,1.261299967765808,1.261299967765808,0
678,2006-07-27,1.249699950218201,1.2330000400543213,1.2330000400543213,1.2330000400543213,0
679,2006-07-28,1.2373000383377075,1.2502000331878662,1.2502000331878662,1.2502000331878662,0
680,2006-07-31,1.2484999895095823,1.2484999895095823,1.23580002784729,1.23580002784729,0
681,2006-08-01,1.2371000051498413,1.2490999698638916,1.2424999475479126,1.2490999698638916,0
682,2006-08-02,1.2441999912261963,1.2367000579833984,1.2367000579833984,1.2367000579833984,0
683,2006-08-03,1.2380000352859497,1.2402000427246094,1.2402000427246094,1.2402000427246094,0
684,2006-08-04,1.232800006866455,1.2378000020980835,1.2378000020980835,1.2378000020980835,0
685,2006-08-07,1.2474000453948977,1.2339999675750732,1.2339999675750732,1.2339999675750732,0
686,2006-08-08,1.2461999654769895,1.2482000589370728,1.2461999654769895,1.2482000589370728,0
687,2006-08-09,1.2438000440597534,1.25,1.2438000440597534,1.25,0
688,2006-08-10,1.2473000288009644,1.243499994277954,1.243499994277954,1.243499994277954,0
689,2006-08-11,1.215499997138977,1.2482999563217163,1.215499997138977,1.2482999563217163,0
690,2006-08-14,1.2110999822616575,1.2145999670028689,1.2145999670028689,1.2145999670028689,0
691,2006-08-15,1.2095999717712402,1.2094000577926636,1.2094000577926636,1.2094000577926636,0
692,2006-08-16,1.2050000429153442,1.2050000429153442,1.2039999961853027,1.2039999961853027,0
693,2006-08-17,1.2137999534606934,1.20360004901886,1.20360004901886,1.20360004901886,0
694,2006-08-18,1.2106000185012815,1.2144999504089355,1.2144999504089355,1.2144999504089355,0
695,2006-08-21,1.210800051689148,1.2092000246047974,1.2092000246047974,1.2092000246047974,0
696,2006-08-22,1.2101000547409058,1.2125999927520752,1.2101000547409058,1.2125999927520752,0
697,2006-08-23,1.210199952125549,1.214100003242493,1.214100003242493,1.214100003242493,0
698,2006-08-24,1.2103999853134155,1.2125999927520752,1.2125999927520752,1.2125999927520752,0
699,2006-08-25,1.207800030708313,1.2166999578475952,1.2166999578475952,1.2166999578475952,0
700,2006-08-28,1.2374999523162842,1.2079999446868896,1.2079999446868896,1.2079999446868896,0
701,2006-08-29,1.2144999504089355,1.2375999689102173,1.2144999504089355,1.2375999689102173,0
702,2006-08-30,1.2101000547409058,1.2101000547409058,1.2079999446868896,1.2079999446868896,0
703,2006-08-31,1.2094000577926636,1.2098000049591064,1.2098000049591064,1.2098000049591064,0
704,2006-09-01,1.2095999717712402,1.2138999700546265,1.2095999717712402,1.2138999700546265,0
705,2006-09-04,1.208899974822998,1.205399990081787,1.205399990081787,1.205399990081787,0
706,2006-09-05,1.2091000080108645,1.211300015449524,1.211300015449524,1.211300015449524,0
707,2006-09-06,1.2407000064849854,1.2106000185012815,1.2106000185012815,1.2106000185012815,0
708,2006-09-07,1.2441999912261963,1.239300012588501,1.239300012588501,1.239300012588501,0
709,2006-09-08,1.2425999641418457,1.2444000244140625,1.2425999641418457,1.2444000244140625,0
710,2006-09-11,1.2426999807357788,1.2431000471115112,1.2426999807357788,1.2431000471115112,0
711,2006-09-12,1.243399977684021,1.242799997329712,1.242799997329712,1.242799997329712,0
712,2006-09-13,1.239199995994568,1.242400050163269,1.242400050163269,1.242400050163269,0
713,2006-09-14,1.23989999294281,1.2380000352859497,1.2380000352859497,1.2380000352859497,0
714,2006-09-15,1.2431999444961548,1.2401000261306765,1.2401000261306765,1.2401000261306765,0
715,2006-09-18,1.235100030899048,1.2438000440597534,1.2438000440597534,1.2438000440597534,0
716,2006-09-19,1.2389999628067017,1.2389999628067017,1.2367000579833984,1.2367000579833984,0
717,2006-09-20,1.2381999492645264,1.238800048828125,1.2381999492645264,1.238800048828125,0
718,2006-09-21,1.2338000535964966,1.2369999885559082,1.2369999885559082,1.2369999885559082,0
719,2006-09-22,1.245100021362305,1.245100021362305,1.232800006866455,1.232800006866455,0
720,2006-09-25,1.2425999641418457,1.2441999912261963,1.241000056266785,1.2441999912261963,0
721,2006-09-26,1.2408000230789185,1.2414000034332275,1.23989999294281,1.2414000034332275,0
722,2006-09-27,1.2395000457763672,1.240399956703186,1.2400000095367432,1.2400000095367432,0
723,2006-09-28,1.2431999444961548,1.2374999523162842,1.2374999523162842,1.2374999523162842,0
724,2006-09-29,1.240399956703186,1.2436000108718872,1.23989999294281,1.2436000108718872,0
725,2006-10-02,1.2340999841690063,1.2376999855041504,1.2376999855041504,1.2376999855041504,0
726,2006-10-03,1.2347999811172483,1.2347999811172483,1.2339999675750732,1.2339999675750732,0
727,2006-10-04,1.2365000247955322,1.2409000396728516,1.2409000396728516,1.2409000396728516,0
728,2006-10-05,1.2422000169754028,1.2422000169754028,1.2374000549316406,1.2374000549316406,0
729,2006-10-06,1.2482000589370728,1.242300033569336,1.242300033569336,1.242300033569336,0
730,2006-10-09,1.241199970245361,1.2483999729156494,1.241199970245361,1.2483999729156494,0
731,2006-10-10,1.2467000484466553,1.2418999671936035,1.2418999671936035,1.2418999671936035,0
732,2006-10-11,1.2426999807357788,1.240399956703186,1.240399956703186,1.240399956703186,0
733,2006-10-12,1.236799955368042,1.2426999807357788,1.236799955368042,1.2426999807357788,0
734,2006-10-13,1.2412999868392944,1.2412999868392944,1.238800048828125,1.238800048828125,0
735,2006-10-16,1.2396999597549438,1.2416000366210938,1.2416000366210938,1.2416000366210938,0
736,2006-10-17,1.2379000186920166,1.238700032234192,1.238700032234192,1.238700032234192,0
737,2006-10-18,1.240399956703186,1.2378000020980835,1.2378000020980835,1.2378000020980835,0
738,2006-10-19,1.2329000234603882,1.2401000261306765,1.2401000261306765,1.2401000261306765,0
739,2006-10-20,1.2403000593185425,1.2403000593185425,1.2319999933242798,1.2319999933242798,0
740,2006-10-23,1.239199995994568,1.2401000261306765,1.239199995994568,1.2401000261306765,0
741,2006-10-24,1.236899971961975,1.2395000457763672,1.2395000457763672,1.2395000457763672,0
742,2006-10-25,1.250599980354309,1.252400040626526,1.252400040626526,1.252400040626526,0
743,2006-10-26,1.2502000331878662,1.252900004386902,1.2497999668121338,1.2497999668121338,0
744,2006-10-27,1.2458000183105469,1.249500036239624,1.249500036239624,1.249500036239624,0
745,2006-10-30,1.256500005722046,1.256500005722046,1.2477999925613403,1.2477999925613403,0
746,2006-10-31,1.2484999895095823,1.256700038909912,1.2552000284194946,1.256700038909912,0
747,2006-11-01,1.2555999755859375,1.2476999759674072,1.2476999759674072,1.2476999759674072,0
748,2006-11-02,1.2533999681472778,1.2544000148773191,1.2544000148773191,1.2544000148773191,0
749,2006-11-03,1.2594000101089478,1.253499984741211,1.253499984741211,1.253499984741211,0
750,2006-11-06,1.251099944114685,1.260800004005432,1.2519999742507937,1.260800004005432,0
751,2006-11-07,1.2421000003814695,1.250300049781799,1.250300049781799,1.250300049781799,0
752,2006-11-08,1.2476999759674072,1.2443000078201294,1.2443000078201294,1.2443000078201294,0
753,2006-11-09,1.2381000518798828,1.2480000257492063,1.2480000257492063,1.2480000257492063,0
754,2006-11-10,1.2466000318527222,1.243899941444397,1.2381999492645264,1.2381999492645264,0
755,2006-11-13,1.245300054550171,1.2446999549865725,1.2446999549865725,1.2446999549865725,0
756,2006-11-14,1.2444000244140625,1.2454999685287476,1.2444000244140625,1.2454999685287476,0
757,2006-11-15,1.2382999658584597,1.2440999746322632,1.2440999746322632,1.2440999746322632,0
758,2006-11-16,1.243899941444397,1.242799997329712,1.2388999462127686,1.2388999462127686,0
759,2006-11-17,1.235100030899048,1.2446999549865725,1.2446999549865725,1.2446999549865725,0
760,2006-11-20,1.2446999549865725,1.236899971961975,1.236899971961975,1.236899971961975,0
761,2006-11-21,1.2407000064849854,1.2438000440597534,1.2437000274658203,1.2437000274658203,0
762,2006-11-22,1.23580002784729,1.2409000396728516,1.2409000396728516,1.2409000396728516,0
763,2006-11-23,1.242799997329712,1.242799997329712,1.2409000396728516,1.2409000396728516,0
764,2006-11-24,1.24399995803833,1.242900013923645,1.242900013923645,1.242900013923645,0
765,2006-11-27,1.2414000034332275,1.2414000034332275,1.2390999794006348,1.2390999794006348,0
766,2006-11-28,1.2367000579833984,1.2405999898910522,1.2405999898910522,1.2405999898910522,0
767,2006-11-29,1.2424999475479126,1.2424999475479126,1.2365000247955322,1.2365000247955322,0
768,2006-11-30,1.2325999736785889,1.2426999807357788,1.2325999736785889,1.2426999807357788,0
769,2006-12-01,1.2278000116348269,1.2317999601364136,1.2317999601364136,1.2317999601364136,0
770,2006-12-04,1.2346999645233154,1.2346999645233154,1.228600025177002,1.228600025177002,0
771,2006-12-05,1.2302000522613523,1.2359000444412231,1.2302000522613523,1.2359000444412231,0
772,2006-12-06,1.2226999998092651,1.22979998588562,1.2226999998092651,1.22979998588562,0
773,2006-12-07,1.218999981880188,1.222000002861023,1.218999981880188,1.222000002861023,0
774,2006-12-08,1.2263000011444092,1.2187999486923218,1.2187999486923218,1.2187999486923218,0
775,2006-12-11,1.2134000062942505,1.229300022125244,1.229300022125244,1.229300022125244,0
776,2006-12-12,1.2127000093460083,1.2132999897003174,1.2132999897003174,1.2132999897003174,0
777,2006-12-13,1.2223999500274658,1.2134000062942505,1.2134000062942505,1.2134000062942505,0
778,2006-12-14,1.222499966621399,1.223099946975708,1.222499966621399,1.223099946975708,0
779,2006-12-15,1.2213000059127808,1.2231999635696411,1.2213000059127808,1.2231999635696411,0
780,2006-12-18,1.218000054359436,1.2217999696731567,1.2217999696731567,1.2217999696731567,0
781,2006-12-19,1.2156000137329102,1.2174999713897705,1.2174999713897705,1.2174999713897705,0
782,2006-12-20,1.2226999998092651,1.2130000591278076,1.2130000591278076,1.2130000591278076,0
783,2006-12-21,1.2174999713897705,1.2223999500274658,1.2174999713897705,1.2223999500274658,0
784,2006-12-22,1.2249000072479248,1.2166999578475952,1.2166999578475952,1.2166999578475952,0
785,2006-12-25,1.2229000329971311,1.2243000268936155,1.2243000268936155,1.2243000268936155,0
786,2006-12-26,1.226199984550476,1.226199984550476,1.226199984550476,1.226199984550476,0
787,2006-12-27,1.2275999784469604,1.2244999408721924,1.2210999727249146,1.2210999727249146,0
788,2006-12-28,1.2240999937057495,1.2285000085830688,1.2240999937057495,1.2285000085830688,0
789,2006-12-29,1.2226999998092651,1.2235000133514404,1.2235000133514404,1.2235000133514404,0
790,2007-01-01,1.22160005569458,1.2226999998092651,1.2226999998092651,1.2226999998092651,0
791,2007-01-02,1.2229000329971311,1.2236000299453735,1.2236000299453735,1.2236000299453735,0
792,2007-01-03,1.2302000522613523,1.222599983215332,1.222599983215332,1.222599983215332,0
793,2007-01-04,1.2259000539779663,1.22979998588562,1.2259000539779663,1.22979998588562,0
794,2007-01-05,1.233199954032898,1.226099967956543,1.226099967956543,1.226099967956543,0
795,2007-01-08,1.2210999727249146,1.2228000164031982,1.2228000164031982,1.2228000164031982,0
796,2007-01-09,1.2245999574661257,1.2196999788284302,1.2194000482559204,1.2194000482559204,0
797,2007-01-10,1.2280000448226929,1.2272000312805176,1.2272000312805176,1.2272000312805176,0
798,2007-01-11,1.2295000553131104,1.2295000553131104,1.2266000509262085,1.2266000509262085,0
799,2007-01-12,1.2201999425888062,1.2303999662399292,1.2303999662399292,1.2303999662399292,0
800,2007-01-15,1.2229000329971311,1.2213000059127808,1.2213000059127808,1.2213000059127808,0
801,2007-01-16,1.228700041770935,1.2238999605178833,1.2238999605178833,1.2238999605178833,0
802,2007-01-17,1.2206000089645386,1.2280999422073364,1.2280999422073364,1.2280999422073364,0
803,2007-01-18,1.2209999561309814,1.2209999561309814,1.2201000452041626,1.2201000452041626,0
804,2007-01-19,1.2264000177383425,1.2206000089645386,1.2206000089645386,1.2206000089645386,0
805,2007-01-22,1.2238999605178833,1.225200057029724,1.225200057029724,1.225200057029724,0
806,2007-01-23,1.2239999771118164,1.2243000268936155,1.2239999771118164,1.2243000268936155,0
807,2007-01-24,1.2275999784469604,1.2238999605178833,1.2238999605178833,1.2238999605178833,0
808,2007-01-25,1.243000030517578,1.2280000448226929,1.2280000448226929,1.2280000448226929,0
809,2007-01-26,1.2350000143051147,1.2376999855041504,1.2376999855041504,1.2376999855041504,0
810,2007-01-29,1.2301000356674194,1.2373000383377075,1.2373000383377075,1.2373000383377075,0
811,2007-01-30,1.2323999404907229,1.2323999404907229,1.2301000356674194,1.2301000356674194,0
812,2007-01-31,1.2242000102996826,1.232699990272522,1.232699990272522,1.232699990272522,0
813,2007-02-01,1.2325999736785889,1.2325999736785889,1.2231999635696411,1.2231999635696411,0
814,2007-02-02,1.2086000442504885,1.2331000566482544,1.2086000442504885,1.2331000566482544,0
815,2007-02-05,1.2369999885559082,1.2092000246047974,1.2092000246047974,1.2092000246047974,0
816,2007-02-06,1.2304999828338623,1.236600041389465,1.236600041389465,1.236600041389465,0
817,2007-02-07,1.2309999465942385,1.2309999465942385,1.2308000326156616,1.2308000326156616,0
818,2007-02-08,1.229200005531311,1.2310999631881714,1.2310999631881714,1.2310999631881714,0
819,2007-02-09,1.23389995098114,1.2294000387191772,1.2294000387191772,1.2294000387191772,0
820,2007-02-12,1.233299970626831,1.233299970626831,1.2325999736785889,1.2325999736785889,0
821,2007-02-13,1.2314000129699707,1.2331000566482544,1.2331000566482544,1.2331000566482544,0
822,2007-02-14,1.2282999753952026,1.231899976730347,1.2317999601364136,1.2317999601364136,0
823,2007-02-15,1.2338000535964966,1.2345000505447388,1.2281999588012695,1.2281999588012695,0
824,2007-02-16,1.2330000400543213,1.2344000339508057,1.2344000339508057,1.2344000339508057,0
825,2007-02-19,1.2336000204086304,1.2336000204086304,1.2316999435424805,1.2316999435424805,0
826,2007-02-20,1.23389995098114,1.2338000535964966,1.233299970626831,1.2338000535964966,0
827,2007-02-21,1.2336000204086304,1.2336000204086304,1.2329000234603882,1.2329000234603882,0
828,2007-02-22,1.230299949645996,1.2337000370025637,1.2300000190734863,1.2337000370025637,0
829,2007-02-23,1.2288999557495115,1.2307000160217283,1.2307000160217283,1.2307000160217283,0
830,2007-02-26,1.2303999662399292,1.2303999662399292,1.2272000312805176,1.2272000312805176,0
831,2007-02-27,1.232699990272522,1.2347999811172483,1.2312999963760376,1.2312999963760376,0
832,2007-02-28,1.231600046157837,1.2345999479293823,1.2342000007629397,1.2342000007629397,0
833,2007-03-01,1.2395000457763672,1.2344000339508057,1.2311999797821045,1.2311999797821045,0
834,2007-03-02,1.2403000593185425,1.2403000593185425,1.239799976348877,1.239799976348877,0
835,2007-03-05,1.235200047492981,1.2401000261306765,1.235200047492981,1.2401000261306765,0
836,2007-03-06,1.233299970626831,1.2339999675750732,1.2339999675750732,1.2339999675750732,0
837,2007-03-07,1.2283999919891355,1.2337000370025637,1.2337000370025637,1.2337000370025637,0
838,2007-03-08,1.2354999780654907,1.229300022125244,1.229300022125244,1.229300022125244,0
839,2007-03-09,1.2379000186920166,1.2344000339508057,1.2344000339508057,1.2344000339508057,0
840,2007-03-12,1.2325999736785889,1.2378000020980835,1.2378000020980835,1.2378000020980835,0
841,2007-03-13,1.233199954032898,1.233299970626831,1.233199954032898,1.233299970626831,0
842,2007-03-14,1.2312999963760376,1.2337000370025637,1.2312999963760376,1.2337000370025637,0
843,2007-03-15,1.2323999404907229,1.2323999404907229,1.2305999994277954,1.2305999994277954,0
844,2007-03-16,1.2359000444412231,1.2274999618530271,1.2274999618530271,1.2274999618530271,0
845,2007-03-19,1.2329000234603882,1.235100030899048,1.235100030899048,1.235100030899048,0
846,2007-03-20,1.232699990272522,1.2345000505447388,1.2345000505447388,1.2345000505447388,0
847,2007-03-21,1.2275999784469604,1.2329000234603882,1.2329000234603882,1.2329000234603882,0
848,2007-03-22,1.233299970626831,1.2276999950408936,1.2276999950408936,1.2276999950408936,0
849,2007-03-23,1.2365000247955322,1.2336000204086304,1.2335000038146973,1.2336000204086304,0
850,2007-03-26,1.2180999517440796,1.2235000133514404,1.2235000133514404,1.2235000133514404,0
851,2007-03-27,1.2237000465393066,1.2237000465393066,1.2181999683380127,1.2181999683380127,0
852,2007-03-28,1.2257000207901,1.2242000102996826,1.2237000465393066,1.2242000102996826,0
853,2007-03-29,1.226699948310852,1.2268999814987185,1.226699948310852,1.2268999814987185,0
854,2007-03-30,1.217900037765503,1.2274999618530271,1.2274999618530271,1.2274999618530271,0
855,2007-04-02,1.2229000329971311,1.2239999771118164,1.2239999771118164,1.2239999771118164,0
856,2007-04-03,1.2271000146865845,1.222599983215332,1.222599983215332,1.222599983215332,0
857,2007-04-04,1.222000002861023,1.2266000509262085,1.2266000509262085,1.2266000509262085,0
858,2007-04-05,1.2173000574111938,1.2216999530792236,1.2216999530792236,1.2216999530792236,0
859,2007-04-06,1.2200000286102295,1.2178000211715698,1.2178000211715698,1.2178000211715698,0
860,2007-04-09,1.2237999439239502,1.2237999439239502,1.2237999439239502,1.2237999439239502,0
861,2007-04-10,1.2209999561309814,1.2223999500274658,1.2209999561309814,1.2223999500274658,0
862,2007-04-11,1.2223000526428225,1.2223000526428225,1.2217999696731567,1.2217999696731567,0
863,2007-04-12,1.2206000089645386,1.223399996757507,1.2217999696731567,1.2217999696731567,0
864,2007-04-13,1.225100040435791,1.218500018119812,1.218500018119812,1.218500018119812,0
865,2007-04-16,1.226199984550476,1.2209999561309814,1.2209999561309814,1.2209999561309814,0
866,2007-04-17,1.2211999893188477,1.2238999605178833,1.2238999605178833,1.2238999605178833,0
867,2007-04-18,1.2237000465393066,1.2237000465393066,1.2200000286102295,1.2200000286102295,0
868,2007-04-19,1.2131999731063845,1.2239999771118164,1.2236000299453735,1.2236000299453735,0
869,2007-04-20,1.2174999713897705,1.2130000591278076,1.2130000591278076,1.2130000591278076,0
870,2007-04-23,1.214100003242493,1.21589994430542,1.21589994430542,1.21589994430542,0
871,2007-04-24,1.208799958229065,1.2144999504089355,1.2144999504089355,1.2144999504089355,0
872,2007-04-25,1.2151000499725342,1.2094999551773071,1.2094999551773071,1.2094999551773071,0
873,2007-04-26,1.2158000469207764,1.2151999473571775,1.2151999473571775,1.2151999473571775,0
874,2007-04-27,1.212499976158142,1.216099977493286,1.216099977493286,1.216099977493286,0
875,2007-04-30,1.211899995803833,1.214400053024292,1.214400053024292,1.214400053024292,0
876,2007-05-01,1.2151999473571775,1.2110999822616575,1.2110999822616575,1.2110999822616575,0
877,2007-05-02,1.2127000093460083,1.2134000062942505,1.2134000062942505,1.2134000062942505,0
878,2007-05-03,1.2202999591827393,1.21150004863739,1.21150004863739,1.21150004863739,0
879,2007-05-04,1.2129000425338743,1.2203999757766724,1.2203999757766724,1.2203999757766724,0
880,2007-05-07,1.2156000137329102,1.215000033378601,1.215000033378601,1.215000033378601,0
881,2007-05-08,1.214900016784668,1.215499997138977,1.214900016784668,1.215499997138977,0
882,2007-05-09,1.2461999654769895,1.2151000499725342,1.2151000499725342,1.2151000499725342,0
883,2007-05-10,1.2202999591827393,1.2458000183105469,1.2202999591827393,1.2458000183105469,0
884,2007-05-11,1.2134000062942505,1.2206000089645386,1.2206000089645386,1.2206000089645386,0
885,2007-05-14,1.2161999940872192,1.2148000001907349,1.2148000001907349,1.2148000001907349,0
886,2007-05-15,1.2093000411987305,1.21589994430542,1.21589994430542,1.21589994430542,0
887,2007-05-16,1.221500039100647,1.2092000246047974,1.2092000246047974,1.2092000246047974,0
888,2007-05-17,1.2232999801635742,1.2203999757766724,1.2203999757766724,1.2203999757766724,0
889,2007-05-18,1.2414000034332275,1.2446999549865725,1.2446999549865725,1.2446999549865725,0
890,2007-05-21,1.2142000198364258,1.215399980545044,1.2142000198364258,1.215399980545044,0
891,2007-05-22,1.2145999670028689,1.2145999670028689,1.214400053024292,1.214400053024292,0
892,2007-05-23,1.2148000001907349,1.2148000001907349,1.2144999504089355,1.2144999504089355,0
893,2007-05-24,1.245100021362305,1.215000033378601,1.215000033378601,1.215000033378601,0
894,2007-05-25,1.242900013923645,1.2458000183105469,1.2458000183105469,1.2458000183105469,0
895,2007-05-28,1.243299961090088,1.243299961090088,1.243299961090088,1.243299961090088,0
896,2007-05-29,1.2480000257492063,1.2444000244140625,1.2444000244140625,1.2444000244140625,0
897,2007-05-30,1.2440999746322632,1.2484999895095823,1.2440999746322632,1.2484999895095823,0
898,2007-05-31,1.243299961090088,1.2438000440597534,1.2438000440597534,1.2438000440597534,0
899,2007-06-01,1.241199970245361,1.243399977684021,1.243399977684021,1.243399977684021,0
900,2007-06-04,1.2384999990463257,1.241199970245361,1.241199970245361,1.241199970245361,0
901,2007-06-05,1.2418999671936035,1.2418999671936035,1.2386000156402588,1.2386000156402588,0
902,2007-06-06,1.2445000410079956,1.2419999837875366,1.2419999837875366,1.2419999837875366,0
903,2007-06-07,1.247499942779541,1.2443000078201294,1.2443000078201294,1.2443000078201294,0
904,2007-06-08,1.241199970245361,1.2553000450134275,1.2553000450134275,1.2553000450134275,0
905,2007-06-11,1.2417000532150269,1.242799997329712,1.242799997329712,1.242799997329712,0
906,2007-06-12,1.2523000240325928,1.2490999698638916,1.2417000532150269,1.2417000532150269,0
907,2007-06-13,1.2454999685287476,1.253600001335144,1.253600001335144,1.253600001335144,0
908,2007-06-14,1.243299961090088,1.245300054550171,1.245300054550171,1.245300054550171,0
909,2007-06-15,1.235200047492981,1.242900013923645,1.242900013923645,1.242900013923645,0
910,2007-06-18,1.2426999807357788,1.2426999807357788,1.2350000143051147,1.2350000143051147,0
911,2007-06-19,1.2408000230789185,1.242799997329712,1.2416000366210938,1.2416000366210938,0
912,2007-06-20,1.246399998664856,1.2405999898910522,1.2405999898910522,1.2405999898910522,0
913,2007-06-21,1.242300033569336,1.247499942779541,1.247499942779541,1.247499942779541,0
914,2007-06-22,1.2396999597549438,1.2424999475479126,1.2424999475479126,1.2424999475479126,0
915,2007-06-25,1.247099995613098,1.247099995613098,1.2407000064849854,1.2407000064849854,0
916,2007-06-26,1.2481000423431396,1.2481000423431396,1.2474000453948977,1.2474000453948977,0
917,2007-06-27,1.2466000318527222,1.2493000030517578,1.2493000030517578,1.2493000030517578,0
918,2007-06-28,1.249400019645691,1.246500015258789,1.246500015258789,1.246500015258789,0
919,2007-06-29,1.243499994277954,1.25,1.25,1.25,0
920,2007-07-02,1.2424999475479126,1.247599959373474,1.247599959373474,1.247599959373474,0
921,2007-07-03,1.2472000122070312,1.2472000122070312,1.243299961090088,1.243299961090088,0
922,2007-07-04,1.2484999895095823,1.2484999895095823,1.2472000122070312,1.2472000122070312,0
923,2007-07-05,1.2532999515533447,1.248900055885315,1.2487000226974487,1.2487000226974487,0
924,2007-07-06,1.245100021362305,1.2532999515533447,1.2532999515533447,1.2532999515533447,0
925,2007-07-09,1.2486000061035156,1.2481000423431396,1.2481000423431396,1.2481000423431396,0
926,2007-07-10,1.2374000549316406,1.2486000061035156,1.2486000061035156,1.2486000061035156,0
927,2007-07-11,1.25,1.23989999294281,1.23989999294281,1.23989999294281,0
928,2007-07-12,1.2491999864578247,1.2496000528335571,1.2491999864578247,1.2496000528335571,0
929,2007-07-13,1.2461999654769895,1.249899983406067,1.249899983406067,1.249899983406067,0
930,2007-07-16,1.2483999729156494,1.24590003490448,1.24590003490448,1.24590003490448,0
931,2007-07-17,1.245300054550171,1.2480000257492063,1.2480000257492063,1.2480000257492063,0
932,2007-07-18,1.2426999807357788,1.243000030517578,1.2422000169754028,1.2422000169754028,0
933,2007-07-19,1.242900013923645,1.2431000471115112,1.242900013923645,1.2431000471115112,0
934,2007-07-20,1.2384999990463257,1.242900013923645,1.242900013923645,1.242900013923645,0
935,2007-07-23,1.2419999837875366,1.2418999671936035,1.2418999671936035,1.2418999671936035,0
936,2007-07-24,1.23989999294281,1.242300033569336,1.2412999868392944,1.242300033569336,0
937,2007-07-25,1.2415000200271606,1.2417000532150269,1.2415000200271606,1.2417000532150269,0
938,2007-07-26,1.2378000020980835,1.242400050163269,1.2419999837875366,1.2419999837875366,0
939,2007-07-27,1.2408000230789185,1.2408000230789185,1.2373000383377075,1.2373000383377075,0
940,2007-07-30,1.2359000444412231,1.2383999824523926,1.2383999824523926,1.2383999824523926,0
941,2007-07-31,1.2408000230789185,1.2348999977111816,1.2345999479293823,1.2348999977111816,0
942,2007-08-01,1.2345999479293823,1.2422000169754028,1.2422000169754028,1.2422000169754028,0
943,2007-08-02,1.2346999645233154,1.2365000247955322,1.235700011253357,1.235700011253357,0
944,2007-08-03,1.2275999784469604,1.2343000173568726,1.2343000173568726,1.2343000173568726,0
945,2007-08-06,1.2386000156402588,1.2367000579833984,1.2367000579833984,1.2367000579833984,0
946,2007-08-07,1.2417000532150269,1.2381000518798828,1.2372000217437744,1.2372000217437744,0
947,2007-08-08,1.2342000007629397,1.241199970245361,1.2407000064849854,1.2407000064849854,0
948,2007-08-09,1.2407000064849854,1.2333999872207642,1.2333999872207642,1.2333999872207642,0
949,2007-08-10,1.2304999828338623,1.242300033569336,1.242300033569336,1.242300033569336,0
950,2007-08-13,1.2378000020980835,1.2346999645233154,1.2346999645233154,1.2346999645233154,0
951,2007-08-14,1.2364000082015991,1.2379000186920166,1.2364000082015991,1.2379000186920166,0
952,2007-08-15,1.2384999990463257,1.2374000549316406,1.2374000549316406,1.2374000549316406,0
953,2007-08-16,1.2314000129699707,1.239799976348877,1.239799976348877,1.239799976348877,0
954,2007-08-17,1.2359000444412231,1.2359000444412231,1.231899976730347,1.231899976730347,0
955,2007-08-20,1.2374000549316406,1.236600041389465,1.236600041389465,1.236600041389465,0
956,2007-08-21,1.243499994277954,1.2382999658584597,1.2382999658584597,1.2382999658584597,0
957,2007-08-22,1.231899976730347,1.2437000274658203,1.2437000274658203,1.2437000274658203,0
958,2007-08-23,1.2400000095367432,1.2325999736785889,1.231899976730347,1.2325999736785889,0
959,2007-08-24,1.2309999465942385,1.2402000427246094,1.2402000427246094,1.2402000427246094,0
960,2007-08-27,1.2384999990463257,1.2365000247955322,1.2365000247955322,1.2365000247955322,0
961,2007-08-28,1.243399977684021,1.238700032234192,1.238700032234192,1.238700032234192,0
962,2007-08-29,1.2329000234603882,1.2452000379562378,1.2452000379562378,1.2452000379562378,0
963,2007-08-30,1.2345999479293823,1.2345999479293823,1.2344000339508057,1.2344000339508057,0
964,2007-08-31,1.2404999732971191,1.2317999601364136,1.2317999601364136,1.2317999601364136,0
965,2007-09-03,1.2381999492645264,1.2374999523162842,1.2374999523162842,1.2374999523162842,0
966,2007-09-04,1.2376999855041504,1.2390999794006348,1.2390999794006348,1.2390999794006348,0
967,2007-09-05,1.2354999780654907,1.236799955368042,1.236799955368042,1.236799955368042,0
968,2007-09-06,1.2359000444412231,1.2359000444412231,1.2354999780654907,1.2354999780654907,0
969,2007-09-07,1.2331000566482544,1.236199975013733,1.236199975013733,1.236199975013733,0
970,2007-09-11,1.238800048828125,1.2396999597549438,1.2395999431610107,1.2395999431610107,0
971,2007-09-12,1.2375999689102173,1.239300012588501,1.2375999689102173,1.239300012588501,0
972,2007-09-13,1.2395000457763672,1.238800048828125,1.238800048828125,1.238800048828125,0
973,2007-09-14,1.2379000186920166,1.238800048828125,1.238800048828125,1.238800048828125,0
974,2007-09-17,1.2345999479293823,1.2335000038146973,1.2335000038146973,1.2335000038146973,0
975,2007-09-18,1.2208000421524048,1.2342000007629397,1.2342000007629397,1.2342000007629397,0
976,2007-09-19,1.2300000190734863,1.2300000190734863,1.2223999500274658,1.2223999500274658,0
977,2007-09-20,1.2299000024795532,1.2299000024795532,1.2294000387191772,1.2294000387191772,0
978,2007-09-21,1.2301000356674194,1.2301000356674194,1.228600025177002,1.228600025177002,0
979,2007-09-24,1.2354999780654907,1.2317999601364136,1.2317999601364136,1.2317999601364136,0
980,2007-09-25,1.2268999814987185,1.2359999418258667,1.2359999418258667,1.2359999418258667,0
981,2007-09-26,1.2288000583648682,1.229300022125244,1.2263000011444092,1.2263000011444092,0
982,2007-09-27,1.2317999601364136,1.229099988937378,1.229099988937378,1.229099988937378,0
983,2007-09-28,1.2249000072479248,1.2309999465942385,1.2309999465942385,1.2309999465942385,0
984,2007-10-01,1.231600046157837,1.2312999963760376,1.2312999963760376,1.2312999963760376,0
985,2007-10-02,1.2309999465942385,1.2314000129699707,1.2309999465942385,1.2314000129699707,0
986,2007-10-03,1.2359000444412231,1.2305999994277954,1.2305999994277954,1.2305999994277954,0
987,2007-10-04,1.229599952697754,1.2359999418258667,1.2359999418258667,1.2359999418258667,0
988,2007-10-05,1.2258000373840332,1.229300022125244,1.229300022125244,1.229300022125244,0
989,2007-10-08,1.2289999723434448,1.2259000539779663,1.2259000539779663,1.2259000539779663,0
990,2007-10-09,1.2200000286102295,1.229699969291687,1.229699969291687,1.229699969291687,0
991,2007-10-10,1.223099946975708,1.2192000150680542,1.2192000150680542,1.2192000150680542,0
992,2007-10-11,1.221500039100647,1.223099946975708,1.223099946975708,1.223099946975708,0
993,2007-10-12,1.2216999530792236,1.2209999561309814,1.2208000421524048,1.2208000421524048,0
994,2007-10-15,1.2230000495910645,1.220900058746338,1.220900058746338,1.220900058746338,0
995,2007-10-16,1.2213000059127808,1.2238999605178833,1.2238999605178833,1.2238999605178833,0
996,2007-10-17,1.2177000045776367,1.221500039100647,1.221500039100647,1.221500039100647,0
997,2007-10-18,1.218999981880188,1.218999981880188,1.2186000347137451,1.2186000347137451,0
998,2007-10-19,1.2201999425888062,1.2201999425888062,1.2186000347137451,1.2186000347137451,0
999,2007-10-22,1.222499966621399,1.2194000482559204,1.2194000482559204,1.2194000482559204,0
1000,2007-10-23,1.215999960899353,1.2217999696731567,1.2217999696731567,1.2217999696731567,0
1001,2007-10-24,1.2142000198364258,1.2171000242233276,1.2171000242233276,1.2171000242233276,0
1002,2007-10-25,1.2172000408172607,1.2172000408172607,1.215000033378601,1.215000033378601,0
1003,2007-10-26,1.2173000574111938,1.2173000574111938,1.2170000076293943,1.2170000076293943,0
1004,2007-10-29,1.218400001525879,1.218400001525879,1.218400001525879,1.218400001525879,0
1005,2007-10-30,1.2103999853134155,1.219499945640564,1.219499945640564,1.219499945640564,0
1006,2007-10-31,1.2129000425338743,1.2129000425338743,1.2105000019073486,1.2105000019073486,0
1007,2007-11-01,1.2138999700546265,1.2138999700546265,1.2137999534606934,1.2137999534606934,0
1008,2007-11-02,1.2122000455856323,1.214100003242493,1.2138999700546265,1.214100003242493,0
1009,2007-11-05,1.2132999897003174,1.2137999534606934,1.2137999534606934,1.2137999534606934,0
1010,2007-11-06,1.2103999853134155,1.2136000394821167,1.2136000394821167,1.2136000394821167,0
1011,2007-11-07,1.215000033378601,1.210800051689148,1.210800051689148,1.210800051689148,0
1012,2007-11-08,1.207800030708313,1.2127000093460083,1.208799958229065,1.2127000093460083,0
1013,2007-11-09,1.2086000442504885,1.2037999629974363,1.2037999629974363,1.2037999629974363,0
1014,2007-11-12,1.2096999883651731,1.2096999883651731,1.2096999883651731,1.2096999883651731,0
1015,2007-11-13,1.1998000144958496,1.2064000368118286,1.2064000368118286,1.2064000368118286,0
1016,2007-11-14,1.205299973487854,1.1992000341415403,1.1992000341415403,1.1992000341415403,0
1017,2007-11-15,1.2029999494552612,1.2039999961853027,1.2029999494552612,1.2039999961853027,0
1018,2007-11-16,1.1973999738693235,1.202399969100952,1.202399969100952,1.202399969100952,0
1019,2007-11-19,1.1996999979019165,1.2019000053405762,1.2019000053405762,1.2019000053405762,0
1020,2007-11-20,1.1960999965667725,1.2015000581741333,1.2015000581741333,1.2015000581741333,0
1021,2007-11-21,1.1958999633789062,1.197100043296814,1.197100043296814,1.197100043296814,0
1022,2007-11-22,1.1979999542236328,1.1979999542236328,1.1953999996185305,1.1953999996185305,0
1023,2007-11-23,1.1979999542236328,1.1979999542236328,1.1967999935150146,1.1967999935150146,0
1024,2007-11-27,1.1990000009536743,1.1986000537872314,1.1986000537872314,1.1986000537872314,0
1025,2007-11-28,1.187199950218201,1.198699951171875,1.198699951171875,1.198699951171875,0
1026,2007-11-29,1.193600058555603,1.193600058555603,1.1884000301361084,1.1884000301361084,0
1027,2007-11-30,1.205399990081787,1.1930999755859375,1.1930999755859375,1.1930999755859375,0
1028,2007-12-03,1.1928000450134275,1.194200038909912,1.194200038909912,1.194200038909912,0
1029,2007-12-04,1.1902999877929688,1.194200038909912,1.194200038909912,1.194200038909912,0
1030,2007-12-05,1.2015000581741333,1.191100001335144,1.191100001335144,1.191100001335144,0
1031,2007-12-06,1.1858999729156494,1.2010999917984009,1.2010999917984009,1.2010999917984009,0
1032,2007-12-07,1.1931999921798706,1.1856000423431396,1.1856000423431396,1.1856000423431396,0
1033,2007-12-10,1.1900999546051023,1.1928999423980713,1.1928999423980713,1.1928999423980713,0
1034,2007-12-11,1.1933000087738037,1.190500020980835,1.190500020980835,1.190500020980835,0
1035,2007-12-12,1.1962000131607056,1.1962000131607056,1.1930999755859375,1.1930999755859375,0
1036,2007-12-13,1.2043999433517456,1.1957999467849731,1.1957999467849731,1.1957999467849731,0
1037,2007-12-14,1.2000999450683594,1.2043999433517456,1.2000999450683594,1.2043999433517456,0
1038,2007-12-17,1.194599986076355,1.1994999647140503,1.1994999647140503,1.1994999647140503,0
1039,2007-12-19,1.1993000507354736,1.2022000551223757,1.1948000192642212,1.1948000192642212,0
1040,2007-12-20,1.198099970817566,1.1992000341415403,1.198099970817566,1.1992000341415403,0
1041,2007-12-21,1.1971999406814575,1.1971999406814575,1.1965999603271484,1.1965999603271484,0
1042,2007-12-24,1.196499943733215,1.196499943733215,1.196499943733215,1.196499943733215,0
1043,2007-12-25,1.1959999799728394,1.1959999799728394,1.1959999799728394,1.1959999799728394,0
1044,2007-12-27,1.191100001335144,1.1993000507354736,1.1993000507354736,1.1993000507354736,0
1045,2007-12-28,1.1979999542236328,1.198199987411499,1.192199945449829,1.192199945449829,0
1046,2007-12-31,1.2086000442504885,1.198699951171875,1.198699951171875,1.198699951171875,0
1047,2008-01-01,1.2086000442504885,1.2086000442504885,1.2086000442504885,1.2086000442504885,0
1048,2008-01-02,1.1959999799728394,1.198199987411499,1.198199987411499,1.198199987411499,0
1049,2008-01-03,1.2086999416351318,1.1967999935150146,1.1967999935150146,1.1967999935150146,0
1050,2008-01-04,1.1973999738693235,1.208899974822998,1.208899974822998,1.208899974822998,0
1051,2008-01-07,1.2009999752044678,1.201200008392334,1.201200008392334,1.201200008392334,0
1052,2008-01-08,1.2045999765396118,1.201200008392334,1.201200008392334,1.201200008392334,0
1053,2008-01-09,1.2063000202178955,1.2035000324249268,1.2035000324249268,1.2035000324249268,0
1054,2008-01-10,1.1914000511169434,1.204800009727478,1.204800009727478,1.204800009727478,0
1055,2008-01-11,1.2027000188827517,1.2027000188827517,1.192199945449829,1.192199945449829,0
1056,2008-01-14,1.204200029373169,1.2014000415802002,1.2014000415802002,1.2014000415802002,0
1057,2008-01-15,1.2071000337600708,1.2032999992370603,1.2032999992370603,1.2032999992370603,0
1058,2008-01-16,1.2022000551223757,1.2055000066757202,1.2022000551223757,1.2055000066757202,0
1059,2008-01-17,1.1934000253677368,1.2002999782562256,1.1934000253677368,1.2002999782562256,0
1060,2008-01-18,1.1930999755859375,1.194499969482422,1.194499969482422,1.194499969482422,0
1061,2008-01-21,1.1950000524520874,1.190400004386902,1.190400004386902,1.190400004386902,0
1062,2008-01-22,1.181399941444397,1.1962000131607056,1.1950000524520874,1.1962000131607056,0
1063,2008-01-23,1.1933000087738037,1.1933000087738037,1.1842000484466553,1.1842000484466553,0
1064,2008-01-24,1.1998000144958496,1.195099949836731,1.195099949836731,1.195099949836731,0
1065,2008-01-25,1.1993999481201172,1.1990000009536743,1.1990000009536743,1.1990000009536743,0
1066,2008-01-28,1.1849000453948977,1.1898000240325928,1.1898000240325928,1.1898000240325928,0
1067,2008-01-29,1.1974999904632568,1.1858999729156494,1.1858999729156494,1.1858999729156494,0
1068,2008-01-30,1.1924999952316284,1.1978000402450562,1.1924999952316284,1.1978000402450562,0
1069,2008-01-31,1.1931999921798706,1.1937999725341797,1.1931999921798706,1.1937999725341797,0
1070,2008-02-01,1.188099980354309,1.192199945449829,1.192199945449829,1.192199945449829,0
1071,2008-02-04,1.1919000148773191,1.1922999620437622,1.1922999620437622,1.1922999620437622,0
1072,2008-02-05,1.1895999908447266,1.1928999423980713,1.1895999908447266,1.1928999423980713,0
1073,2008-02-06,1.187999963760376,1.1901999711990356,1.187999963760376,1.1901999711990356,0
1074,2008-02-07,1.1992000341415403,1.1884000301361084,1.1884000301361084,1.1884000301361084,0
1075,2008-02-08,1.1883000135421753,1.1995999813079834,1.1912000179290771,1.1995999813079834,0
1076,2008-02-11,1.1971999406814575,1.184000015258789,1.184000015258789,1.184000015258789,0
1077,2008-02-12,1.1852999925613403,1.198099970817566,1.198099970817566,1.198099970817566,0
1078,2008-02-13,1.1992000341415403,1.1864999532699585,1.1864999532699585,1.1864999532699585,0
1079,2008-02-14,1.196300029754639,1.1998000144958496,1.1998000144958496,1.1998000144958496,0
1080,2008-02-15,1.1979999542236328,1.1967999935150146,1.1965999603271484,1.1965999603271484,0
1081,2008-02-18,1.1956000328063965,1.1979999542236328,1.1979999542236328,1.1979999542236328,0
1082,2008-02-19,1.1990000009536743,1.1956000328063965,1.1956000328063965,1.1956000328063965,0
1083,2008-02-20,1.1931999921798706,1.1991000175476074,1.1991000175476074,1.1991000175476074,0
1084,2008-02-21,1.1912000179290771,1.1929999589920044,1.1929999589920044,1.1929999589920044,0
1085,2008-02-22,1.1926000118255615,1.1928999423980713,1.1926000118255615,1.1928999423980713,0
1086,2008-02-25,1.1884000301361084,1.190600037574768,1.190600037574768,1.190600037574768,0
1087,2008-02-26,1.1819000244140625,1.1887999773025513,1.1887999773025513,1.1887999773025513,0
1088,2008-02-27,1.1868000030517578,1.1922999620437622,1.1922999620437622,1.1922999620437622,0
1089,2008-02-28,1.1822999715805054,1.188099980354309,1.188099980354309,1.188099980354309,0
1090,2008-02-29,1.1914000511169434,1.1833000183105469,1.1833000183105469,1.1833000183105469,0
1091,2008-03-03,1.1887999773025513,1.1887999773025513,1.187199950218201,1.187199950218201,0
1092,2008-03-04,1.190600037574768,1.1886999607086182,1.1886999607086182,1.1886999607086182,0
1093,2008-03-05,1.1854000091552734,1.190999984741211,1.190999984741211,1.190999984741211,0
1094,2008-03-06,1.190500020980835,1.178500056266785,1.178500056266785,1.178500056266785,0
1095,2008-03-07,1.1907000541687012,1.1861000061035156,1.1861000061035156,1.1861000061035156,0
1096,2008-03-10,1.1901999711990356,1.1907000541687012,1.1907000541687012,1.1907000541687012,0
1097,2008-03-11,1.1887999773025513,1.1913000345230105,1.1887999773025513,1.1913000345230105,0
1098,2008-03-12,1.1855000257492063,1.187399983406067,1.187399983406067,1.187399983406067,0
1099,2008-03-13,1.1908999681472778,1.1848000288009644,1.1848000288009644,1.1848000288009644,0
1100,2008-03-14,1.1866999864578247,1.1895999908447266,1.1895999908447266,1.1895999908447266,0
1101,2008-03-17,1.191499948501587,1.191499948501587,1.191499948501587,1.191499948501587,0
1102,2008-03-18,1.1914000511169434,1.1943000555038452,1.1914000511169434,1.1943000555038452,0
1103,2008-03-19,1.1955000162124634,1.202399969100952,1.1900999546051023,1.202399969100952,0
1104,2008-03-20,1.1908999681472778,1.2000999450683594,1.1907999515533447,1.2000999450683594,0
1105,2008-03-21,1.1722999811172483,1.1936999559402466,1.1916999816894531,1.1936999559402466,0
1106,2008-03-24,1.1934000253677368,1.198099970817566,1.198099970817566,1.198099970817566,0
1107,2008-03-25,1.1875,1.189900040626526,1.189900040626526,1.189900040626526,0
1108,2008-03-26,1.1828999519348145,1.1855000257492063,1.1855000257492063,1.1855000257492063,0
1109,2008-03-27,1.1897000074386597,1.1898000240325928,1.1836999654769895,1.1836999654769895,0
1110,2008-03-28,1.196499943733215,1.1922999620437622,1.1917999982833862,1.1922999620437622,0
1111,2008-03-31,1.1953999996185305,1.1913000345230105,1.1913000345230105,1.1913000345230105,0
1112,2008-04-02,1.148800015449524,1.1926000118255615,1.1926000118255615,1.1926000118255615,0
1113,2008-04-03,1.142899990081787,1.149799942970276,1.149799942970276,1.149799942970276,0
1114,2008-04-04,1.1614999771118164,1.1614999771118164,1.144700050354004,1.144700050354004,0
1115,2008-04-07,1.1613999605178833,1.1619999408721924,1.1619999408721924,1.1619999408721924,0
1116,2008-04-08,1.1936999559402466,1.155400037765503,1.155400037765503,1.155400037765503,0
1117,2008-04-09,1.1500999927520752,1.192199945449829,1.192199945449829,1.192199945449829,0
1118,2008-04-10,1.1687999963760376,1.1504000425338743,1.1504000425338743,1.1504000425338743,0
1119,2008-04-11,1.1593999862670898,1.1674000024795532,1.1593999862670898,1.1674000024795532,0
1120,2008-04-14,1.1586999893188477,1.1586999893188477,1.1586999893188477,1.1586999893188477,0
1121,2008-04-15,1.159999966621399,1.158900022506714,1.158900022506714,1.158900022506714,0
1122,2008-04-16,1.1514999866485596,1.159000039100647,1.159000039100647,1.159000039100647,0
1123,2008-04-17,1.1546000242233276,1.1526000499725342,1.1526000499725342,1.1526000499725342,0
1124,2008-04-18,1.149999976158142,1.1548999547958374,1.149999976158142,1.1548999547958374,0
1125,2008-04-21,1.14900004863739,1.14900004863739,1.1476000547409058,1.1476000547409058,0
1126,2008-04-22,1.1503000259399414,1.1505000591278076,1.14900004863739,1.14900004863739,0
1127,2008-04-23,1.1540000438690186,1.1540000438690186,1.1512999534606934,1.1512999534606934,0
1128,2008-04-24,1.1556999683380127,1.1598999500274658,1.1556999683380127,1.1598999500274658,0
1129,2008-04-25,1.1475000381469729,1.1555999517440796,1.1555999517440796,1.1555999517440796,0
1130,2008-04-28,1.1517000198364258,1.1509000062942505,1.1509000062942505,1.1509000062942505,0
1131,2008-04-29,1.151600003242493,1.151900053024292,1.151600003242493,1.151900053024292,0
1132,2008-04-30,1.1603000164031982,1.1650999784469604,1.1510000228881836,1.1510000228881836,0
1133,2008-05-02,1.163599967956543,1.1619999408721924,1.1619999408721924,1.1619999408721924,0
1134,2008-05-05,1.1613999605178833,1.1613999605178833,1.1591999530792236,1.1591999530792236,0
1135,2008-05-06,1.1654000282287598,1.167199969291687,1.160099983215332,1.160099983215332,0
1136,2008-05-07,1.1708999872207642,1.169100046157837,1.169100046157837,1.169100046157837,0
1137,2008-05-08,1.1648999452590942,1.1757999658584597,1.1648999452590942,1.1757999658584597,0
1138,2008-05-09,1.17139995098114,1.1648999452590942,1.1647000312805176,1.1647000312805176,0
1139,2008-05-12,1.1650999784469604,1.1650999784469604,1.1650999784469604,1.1650999784469604,0
1140,2008-05-13,1.172600030899048,1.172600030899048,1.172600030899048,1.172600030899048,0
1141,2008-05-14,1.1644999980926514,1.1727999448776243,1.1727999448776243,1.1727999448776243,0
1142,2008-05-15,1.1720000505447388,1.1650999784469604,1.1650999784469604,1.1650999784469604,0
1143,2008-05-16,1.16729998588562,1.1706000566482544,1.1705000400543213,1.1706000566482544,0
1144,2008-05-19,1.1722999811172483,1.1680999994277954,1.1680999994277954,1.1680999994277954,0
1145,2008-05-20,1.1686999797821045,1.1720000505447388,1.1720000505447388,1.1720000505447388,0
1146,2008-05-21,1.16729998588562,1.1684000492095947,1.1684000492095947,1.1684000492095947,0
1147,2008-05-22,1.1646000146865845,1.1669000387191772,1.1642999649047852,1.1669000387191772,0
1148,2008-05-23,1.15910005569458,1.1651999950408936,1.1651999950408936,1.1651999950408936,0
1149,2008-05-26,1.158400058746338,1.1605000495910645,1.1605000495910645,1.1605000495910645,0
1150,2008-05-27,1.166200041770935,1.1576000452041626,1.1576000452041626,1.1576000452041626,0
1151,2008-05-28,1.160899996757507,1.166100025177002,1.160899996757507,1.166100025177002,0
1152,2008-05-29,1.1619999408721924,1.1607999801635742,1.1607999801635742,1.1607999801635742,0
1153,2008-05-30,1.1584999561309814,1.1620999574661257,1.1620999574661257,1.1620999574661257,0
1154,2008-06-02,1.1582000255584717,1.1588000059127808,1.1549999713897705,1.1552000045776367,0
1155,2008-06-03,1.179800033569336,1.158400058746338,1.158400058746338,1.158400058746338,0
1156,2008-06-04,1.1712000370025637,1.1796000003814695,1.1712000370025637,1.1796000003814695,0
1157,2008-06-05,1.1533000469207764,1.170699954032898,1.170699954032898,1.170699954032898,0
1158,2008-06-06,1.1644999980926514,1.1526000499725342,1.1526000499725342,1.1526000499725342,0
1159,2008-06-09,1.1756999492645264,1.1648999452590942,1.1648999452590942,1.1648999452590942,0
1160,2008-06-10,1.170199990272522,1.180500030517578,1.170199990272522,1.180500030517578,0
1161,2008-06-11,1.1655999422073364,1.1700999736785889,1.1700999736785889,1.1700999736785889,0
1162,2008-06-12,1.1556999683380127,1.1633000373840332,1.1633000373840332,1.1633000373840332,0
1163,2008-06-13,1.1584999561309814,1.1568000316619873,1.155900001525879,1.155900001525879,0
1164,2008-06-16,1.1574000120162964,1.1583000421524048,1.1583000421524048,1.1583000421524048,0
1165,2008-06-17,1.1776000261306765,1.1776000261306765,1.1581000089645386,1.1581000089645386,0
1166,2008-06-18,1.1684999465942385,1.1763999462127686,1.1728999614715576,1.1763999462127686,0
1167,2008-06-19,1.1712000370025637,1.1712000370025637,1.1654000282287598,1.1654000282287598,0
1168,2008-06-20,1.1710000038146973,1.1718000173568726,1.1718000173568726,1.1718000173568726,0
1169,2008-06-23,1.1720999479293823,1.1722999811172483,1.1722999811172483,1.1722999811172483,0
1170,2008-06-24,1.170799970626831,1.1720000505447388,1.1720000505447388,1.1720000505447388,0
1171,2008-06-25,1.1620999574661257,1.1705000400543213,1.1620999574661257,1.1705000400543213,0
1172,2008-06-26,1.1678999662399292,1.1712000370025637,1.1618000268936155,1.1618000268936155,0
1173,2008-06-27,1.169800043106079,1.169800043106079,1.1674000024795532,1.1674000024795532,0
1174,2008-06-30,1.1739000082015991,1.1739000082015991,1.1739000082015991,1.1739000082015991,0
1175,2008-07-02,1.1620999574661257,1.1715999841690063,1.1715999841690063,1.1715999841690063,0
1176,2008-07-03,1.173200011253357,1.162600040435791,1.162600040435791,1.162600040435791,0
1177,2008-07-04,1.159600019454956,1.1723999977111816,1.1723999977111816,1.1723999977111816,0
1178,2008-07-07,1.156499981880188,1.1606999635696411,1.1606999635696411,1.1606999635696411,0
1179,2008-07-08,1.162600040435791,1.156000018119812,1.156000018119812,1.156000018119812,0
1180,2008-07-09,1.1577999591827393,1.1646000146865845,1.1646000146865845,1.1646000146865845,0
1181,2008-07-10,1.166700005531311,1.1569000482559204,1.1569000482559204,1.1569000482559204,0
1182,2008-07-11,1.1610000133514404,1.1604000329971311,1.1604000329971311,1.1604000329971311,0
1183,2008-07-14,1.1579999923706057,1.1613999605178833,1.1613999605178833,1.1613999605178833,0
1184,2008-07-15,1.173699975013733,1.1574000120162964,1.1574000120162964,1.1574000120162964,0
1185,2008-07-16,1.170199990272522,1.1734999418258667,1.170199990272522,1.1734999418258667,0
1186,2008-07-17,1.1627999544143677,1.1689000129699707,1.1689000129699707,1.1689000129699707,0
1187,2008-07-18,1.1632000207901,1.164199948310852,1.164199948310852,1.164199948310852,0
1188,2008-07-21,1.164800047874451,1.164800047874451,1.164800047874451,1.164800047874451,0
1189,2008-07-22,1.1502000093460083,1.159999966621399,1.159999966621399,1.159999966621399,0
1190,2008-07-23,1.151900053024292,1.1610000133514404,1.1610000133514404,1.1610000133514404,0
1191,2008-07-24,1.157099962234497,1.156000018119812,1.156000018119812,1.156000018119812,0
1192,2008-07-25,1.1615999937057495,1.1577999591827393,1.1577999591827393,1.1577999591827393,0
1193,2008-07-28,1.162600040435791,1.1614999771118164,1.1614999771118164,1.1614999771118164,0
1194,2008-07-29,1.174299955368042,1.162500023841858,1.162500023841858,1.162500023841858,0
1195,2008-07-30,1.1627999544143677,1.174299955368042,1.1627999544143677,1.174299955368042,0
1196,2008-07-31,1.1644999980926514,1.162600040435791,1.162600040435791,1.162600040435791,0
1197,2008-08-26,1.1859999895095823,1.1907999515533447,1.1859999895095823,1.1907999515533447,0
1198,2008-08-27,1.194100022315979,1.1818000078201294,1.1818000078201294,1.1818000078201294,0
1199,2008-08-28,1.2064000368118286,1.1912000179290771,1.1912000179290771,1.1912000179290771,0
1200,2008-08-29,1.2049000263214111,1.2059999704360962,1.2049000263214111,1.2059999704360962,0
1201,2008-09-01,1.2029000520706177,1.2005000114440918,1.2005000114440918,1.2005000114440918,0
1202,2008-09-02,1.197700023651123,1.2030999660491943,1.2000000476837158,1.2030999660491943,0
1203,2008-09-03,1.19760000705719,1.1993999481201172,1.1993999481201172,1.1993999481201172,0
1204,2008-09-04,1.225100040435791,1.195199966430664,1.195199966430664,1.195199966430664,0
1205,2008-09-05,1.2135000228881836,1.223399996757507,1.223399996757507,1.223399996757507,0
1206,2008-09-08,1.2283999919891355,1.2182999849319458,1.2182999849319458,1.2182999849319458,0
1207,2008-09-09,1.2246999740600586,1.2267999649047852,1.2246999740600586,1.2267999649047852,0
1208,2008-09-10,1.229300022125244,1.2239999771118164,1.2239999771118164,1.2239999771118164,0
1209,2008-09-11,1.2136000394821167,1.2307000160217283,1.2307000160217283,1.2307000160217283,0
1210,2008-09-12,1.211400032043457,1.2136000394821167,1.2136000394821167,1.2136000394821167,0
1211,2008-09-15,1.211400032043457,1.219099998474121,1.219099998474121,1.219099998474121,0
1212,2008-09-16,1.22599995136261,1.215399980545044,1.215399980545044,1.215399980545044,0
1213,2008-09-17,1.2075999975204468,1.217900037765503,1.217900037765503,1.217900037765503,0
1214,2008-09-18,1.2336000204086304,1.2067999839782717,1.2067999839782717,1.2067999839782717,0
1215,2008-09-19,1.2027000188827517,1.2400000095367432,1.2400000095367432,1.2400000095367432,0
1216,2008-09-22,1.20169997215271,1.1897000074386597,1.1897000074386597,1.1897000074386597,0
1217,2008-09-23,1.2295000553131104,1.1991000175476074,1.1991000175476074,1.1991000175476074,0
1218,2008-09-24,1.2075999975204468,1.2280999422073364,1.2075999975204468,1.2280999422073364,0
1219,2008-09-25,1.2015000581741333,1.205399990081787,1.2015000581741333,1.205399990081787,0
1220,2008-09-26,1.2015999555587769,1.198199987411499,1.198199987411499,1.198199987411499,0
1221,2008-09-29,1.200600028038025,1.2037999629974363,1.2037999629974363,1.2037999629974363,0
1222,2008-09-30,1.222000002861023,1.2041000127792358,1.200700044631958,1.200700044631958,0
1223,2008-10-01,1.2142000198364258,1.2228000164031982,1.2142000198364258,1.2228000164031982,0
1224,2008-10-02,1.210199952125549,1.2207000255584717,1.210199952125549,1.2207000255584717,0
1225,2008-10-03,1.2115999460220337,1.208899974822998,1.208899974822998,1.208899974822998,0
1226,2008-10-06,1.211400032043457,1.2243000268936155,1.211400032043457,1.2243000268936155,0
1227,2008-10-07,1.2275999784469604,1.2275999784469604,1.2091000080108645,1.2091000080108645,0
1228,2008-10-08,1.2462999820709229,1.2312999963760376,1.2312999963760376,1.2312999963760376,0
1229,2008-10-09,1.2482999563217163,1.2479000091552734,1.241000056266785,1.2479000091552734,0
1230,2008-10-10,1.2488000392913818,1.250100016593933,1.2488000392913818,1.250100016593933,0
1231,2008-10-13,1.2359000444412231,1.235100030899048,1.235100030899048,1.235100030899048,0
1232,2008-10-14,1.2440999746322632,1.2288000583648682,1.2288000583648682,1.2288000583648682,0
1233,2008-10-15,1.257699966430664,1.250599980354309,1.250599980354309,1.250599980354309,0
1234,2008-10-16,1.2382999658584597,1.2542999982833862,1.2542999982833862,1.2542999982833862,0
1235,2008-10-17,1.2309000492095947,1.235200047492981,1.235200047492981,1.235200047492981,0
1236,2008-10-20,1.2450000047683716,1.2264000177383425,1.2264000177383425,1.2264000177383425,0
1237,2008-10-21,1.259600043296814,1.2443000078201294,1.2437000274658203,1.2437000274658203,0
1238,2008-10-22,1.2448999881744385,1.2620999813079834,1.2620999813079834,1.2620999813079834,0
1239,2008-10-23,1.2380000352859497,1.2452000379562378,1.2452000379562378,1.2452000379562378,0
1240,2008-10-24,1.2483999729156494,1.2483999729156494,1.2474000453948977,1.2474000453948977,0
1241,2008-10-27,1.2484999895095823,1.2525999546051023,1.2525999546051023,1.2525999546051023,0
1242,2008-10-28,1.236199975013733,1.2594000101089478,1.2594000101089478,1.2594000101089478,0
1243,2008-10-29,1.2644000053405762,1.245100021362305,1.245100021362305,1.245100021362305,0
1244,2008-10-30,1.2978999614715576,1.2446999549865725,1.2446999549865725,1.2446999549865725,0
1245,2008-10-31,1.270799994468689,1.3042000532150269,1.270799994468689,1.3042000532150269,0
1246,2008-11-03,1.2925000190734863,1.2687000036239624,1.2687000036239624,1.2687000036239624,0
1247,2008-11-04,1.246500015258789,1.292799949645996,1.2700999975204468,1.292799949645996,0
1248,2008-11-05,1.2697999477386477,1.253999948501587,1.253999948501587,1.253999948501587,0
1249,2008-11-06,1.2884000539779663,1.2767000198364258,1.2767000198364258,1.2767000198364258,0
1250,2008-11-07,1.280400037765503,1.2901999950408936,1.280400037765503,1.2901999950408936,0
1251,2008-11-10,1.2819000482559204,1.2654999494552612,1.2654999494552612,1.2654999494552612,0
1252,2008-11-11,1.2967000007629397,1.2863999605178833,1.2863999605178833,1.2863999605178833,0
1253,2008-11-12,1.2826000452041626,1.289800047874451,1.2826000452041626,1.289800047874451,0
1254,2008-11-13,1.2481000423431396,1.2800999879837036,1.2800999879837036,1.2800999879837036,0
1255,2008-11-14,1.285599946975708,1.2513999938964844,1.2513999938964844,1.2513999938964844,0
1256,2008-11-17,1.2733999490737915,1.2740999460220337,1.2733999490737915,1.2740999460220337,0
1257,2008-11-18,1.2723000049591064,1.2723000049591064,1.2717000246047974,1.2717000246047974,0
1258,2008-11-19,1.287600040435791,1.2734999656677246,1.2719000577926636,1.2734999656677246,0
1259,2008-11-20,1.2811000347137451,1.2853000164031982,1.2720999717712402,1.2853000164031982,0
1260,2008-11-21,1.2797000408172607,1.2828999757766724,1.281499981880188,1.2828999757766724,0
1261,2008-11-24,1.2553999423980713,1.2763999700546265,1.2720999717712402,1.2752000093460083,0
1262,2008-11-25,1.2651000022888184,1.2651000022888184,1.26419997215271,1.26419997215271,0
1263,2008-11-26,1.2855000495910645,1.2668999433517456,1.2668999433517456,1.2668999433517456,0
1264,2008-11-27,1.2697999477386477,1.2824000120162964,1.2824000120162964,1.2824000120162964,0
1265,2008-11-28,1.281000018119812,1.2705999612808228,1.2705999612808228,1.2705999612808228,0
1266,2008-12-01,1.2711000442504885,1.2653000354766846,1.2653000354766846,1.2653000354766846,0
1267,2008-12-02,1.2581000328063965,1.2721999883651731,1.2721999883651731,1.2721999883651731,0
1268,2008-12-03,1.2660000324249268,1.2660000324249268,1.2581000328063965,1.2581000328063965,0
1269,2008-12-04,1.26419997215271,1.2763999700546265,1.2662999629974363,1.2662999629974363,0
1270,2008-12-05,1.2731000185012815,1.2660000324249268,1.2660000324249268,1.2660000324249268,0
1271,2008-12-08,1.270400047302246,1.270400047302246,1.2620999813079834,1.2620999813079834,0
1272,2008-12-09,1.267199993133545,1.274799942970276,1.274799942970276,1.274799942970276,0
1273,2008-12-10,1.267799973487854,1.2688000202178955,1.267799973487854,1.2688000202178955,0
1274,2008-12-11,1.260800004005432,1.2735999822616575,1.2674000263214111,1.2674000263214111,0
1275,2008-12-12,1.26610004901886,1.26610004901886,1.2613999843597412,1.2613999843597412,0
1276,2008-12-15,1.2479000091552734,1.2685999870300293,1.2685999870300293,1.2685999870300293,0
1277,2008-12-16,1.212499976158142,1.246399998664856,1.246399998664856,1.246399998664856,0
1278,2008-12-17,1.2151999473571775,1.2151999473571775,1.2129000425338743,1.2129000425338743,0
1279,2008-12-18,1.272699952125549,1.2151999473571775,1.2151999473571775,1.2151999473571775,0
1280,2008-12-19,1.2404999732971191,1.2767000198364258,1.2767000198364258,1.2767000198364258,0
1281,2008-12-22,1.2365000247955322,1.2310999631881714,1.2310999631881714,1.2310999631881714,0
1282,2008-12-23,1.229699969291687,1.2353999614715576,1.229699969291687,1.2353999614715576,0
1283,2008-12-24,1.2226999998092651,1.2279000282287598,1.2279000282287598,1.2279000282287598,0
1284,2008-12-25,1.2217999696731567,1.2217999696731567,1.2217999696731567,1.2217999696731567,0
1285,2008-12-26,1.2209999561309814,1.2209999561309814,1.2209999561309814,1.2209999561309814,0
1286,2008-12-29,1.258800029754639,1.2240999937057495,1.2240999937057495,1.2240999937057495,0
1287,2008-12-30,1.2301000356674194,1.246000051498413,1.2301000356674194,1.246000051498413,0
1288,2008-12-31,1.2156000137329102,1.2311999797821045,1.2311999797821045,1.2311999797821045,0
1289,2009-01-01,1.2145999670028689,1.215999960899353,1.215999960899353,1.215999960899353,0
1290,2009-01-02,1.2226999998092651,1.2213000059127808,1.2213000059127808,1.2213000059127808,0
1291,2009-01-05,1.2226999998092651,1.222000002861023,1.222000002861023,1.222000002861023,0
1292,2009-01-06,1.2103999853134155,1.227300047874451,1.227300047874451,1.227300047874451,0
1293,2009-01-07,1.2238999605178833,1.2238999605178833,1.2152999639511108,1.2152999639511108,0
1294,2009-01-08,1.2421000003814695,1.2421000003814695,1.2285000085830688,1.2285000085830688,0
1295,2009-01-09,1.267899990081787,1.2460999488830566,1.2460999488830566,1.2460999488830566,0
1296,2009-01-12,1.2482999563217163,1.242400050163269,1.242400050163269,1.242400050163269,0
1297,2009-01-13,1.242900013923645,1.2516000270843506,1.2516000270843506,1.2516000270843506,0
1298,2009-01-14,1.2474000453948977,1.236299991607666,1.236299991607666,1.236299991607666,0
1299,2009-01-15,1.2461999654769895,1.2467999458312988,1.2467999458312988,1.2467999458312988,0
1300,2009-01-16,1.2511999607086182,1.2418999671936035,1.2418999671936035,1.2418999671936035,0
1301,2009-01-19,1.2664999961853027,1.2496000528335571,1.2496000528335571,1.2496000528335571,0
1302,2009-01-20,1.2598999738693235,1.2698999643325806,1.2698999643325806,1.2698999643325806,0
1303,2009-01-21,1.236799955368042,1.2568999528884888,1.2568999528884888,1.2568999528884888,0
1304,2009-01-22,1.2466000318527222,1.2466000318527222,1.2436000108718872,1.2436000108718872,0
1305,2009-01-23,1.2310999631881714,1.249400019645691,1.249400019645691,1.249400019645691,0
1306,2009-01-26,1.2462999820709229,1.2690000534057615,1.2690000534057615,1.2690000534057615,0
1307,2009-01-27,1.2688000202178955,1.2509000301361084,1.2509000301361084,1.2509000301361084,0
1308,2009-01-28,1.2805999517440796,1.2691999673843384,1.2690000534057615,1.2691999673843384,0
1309,2009-01-29,1.274999976158142,1.2842999696731567,1.274999976158142,1.2842999696731567,0
1310,2009-01-30,1.248900055885315,1.278499960899353,1.278499960899353,1.278499960899353,0
1311,2009-02-02,1.253000020980835,1.253000020980835,1.253000020980835,1.253000020980835,0
1312,2009-02-03,1.2516000270843506,1.246899962425232,1.246899962425232,1.246899962425232,0
1313,2009-02-04,1.2517000436782837,1.2517000436782837,1.2379000186920166,1.2379000186920166,0
1314,2009-02-05,1.263100028038025,1.2549999952316284,1.2549999952316284,1.2549999952316284,0
1315,2009-02-06,1.2660000324249268,1.2730000019073486,1.2730000019073486,1.2730000019073486,0
1316,2009-02-09,1.2656999826431274,1.2656999826431274,1.2656999826431274,1.2656999826431274,0
1317,2009-02-10,1.2675000429153442,1.2776999473571775,1.2776999473571775,1.2776999473571775,0
1318,2009-02-11,1.2690999507904053,1.2690999507904053,1.2690999507904053,1.2690999507904053,0
1319,2009-02-12,1.2682000398635864,1.2730000019073486,1.2730000019073486,1.2730000019073486,0
1320,2009-02-13,1.2687000036239624,1.26419997215271,1.26419997215271,1.26419997215271,0
1321,2009-02-16,1.263800024986267,1.2645000219345093,1.2645000219345093,1.2645000219345093,0
1322,2009-02-17,1.263100028038025,1.2724000215530396,1.2724000215530396,1.2724000215530396,0
1323,2009-02-18,1.264299988746643,1.2675000429153442,1.2675000429153442,1.2675000429153442,0
1324,2009-02-19,1.278499960899353,1.2669999599456787,1.2669999599456787,1.2669999599456787,0
1325,2009-02-20,1.2573000192642212,1.2782000303268433,1.2782000303268433,1.2782000303268433,0
1326,2009-02-23,1.281599998474121,1.281599998474121,1.281599998474121,1.281599998474121,0
1327,2009-02-24,1.281599998474121,1.2936999797821045,1.2936999797821045,1.2936999797821045,0
1328,2009-02-25,1.281499981880188,1.2755000591278076,1.2755000591278076,1.2755000591278076,0
1329,2009-02-26,1.2782000303268433,1.2856999635696411,1.2856999635696411,1.2856999635696411,0
1330,2009-02-27,1.2819000482559204,1.28410005569458,1.28410005569458,1.28410005569458,0
1331,2009-03-02,1.2833000421524048,1.2833000421524048,1.2833000421524048,1.2833000421524048,0
1332,2009-03-03,1.287500023841858,1.284000039100647,1.284000039100647,1.284000039100647,0
1333,2009-03-04,1.2874000072479248,1.2874000072479248,1.2874000072479248,1.2874000072479248,0
1334,2009-03-05,1.289800047874451,1.2800999879837036,1.2800999879837036,1.2800999879837036,0
1335,2009-03-06,1.2962000370025637,1.2893999814987185,1.2893999814987185,1.2893999814987185,0
1336,2009-03-09,1.2963000535964966,1.2963000535964966,1.2963000535964966,1.2963000535964966,0
1337,2009-03-10,1.2969000339508057,1.291100025177002,1.291100025177002,1.291100025177002,0
1338,2009-03-11,1.2962000370025637,1.2967000007629397,1.2967000007629397,1.2967000007629397,0
1339,2009-03-12,1.2960000038146973,1.2949999570846558,1.2949999570846558,1.2949999570846558,0
1340,2009-03-13,1.288100004196167,1.2862999439239502,1.2862999439239502,1.2862999439239502,0
1341,2009-03-16,1.295699954032898,1.274899959564209,1.274899959564209,1.274899959564209,0
1342,2009-03-17,1.2838000059127808,1.2929999828338623,1.2929999828338623,1.2929999828338623,0
1343,2009-03-18,1.2771999835968018,1.2805999517440796,1.2805999517440796,1.2805999517440796,0
1344,2009-03-19,1.281599998474121,1.236600041389465,1.236600041389465,1.236600041389465,0
1345,2009-03-20,1.2797000408172607,1.2773000001907349,1.2773000001907349,1.2773000001907349,0
1346,2009-03-23,1.2813999652862549,1.268100023269653,1.268100023269653,1.268100023269653,0
1347,2009-03-24,1.251099944114685,1.2792999744415283,1.2792999744415283,1.2792999744415283,0
1348,2009-03-25,1.2512999773025513,1.2598999738693235,1.2598999738693235,1.2598999738693235,0
1349,2009-03-26,1.2553999423980713,1.2408000230789185,1.2408000230789185,1.2408000230789185,0
1350,2009-03-27,1.254899978637695,1.2604000568389893,1.2604000568389893,1.2604000568389893,0
1351,2009-03-30,1.25409996509552,1.25409996509552,1.25409996509552,1.25409996509552,0
1352,2009-03-31,1.2547999620437622,1.2526999711990356,1.2526999711990356,1.2526999711990356,0
1353,2009-04-01,1.2692999839782717,1.2634999752044678,1.2634999752044678,1.2634999752044678,0
1354,2009-04-02,1.264799952507019,1.2699999809265137,1.2699999809265137,1.2699999809265137,0
1355,2009-04-03,1.2669999599456787,1.2541999816894531,1.2541999816894531,1.2541999816894531,0
1356,2009-04-06,1.267799973487854,1.267799973487854,1.267799973487854,1.267799973487854,0
1357,2009-04-07,1.2649999856948853,1.2856999635696411,1.2856999635696411,1.2856999635696411,0
1358,2009-04-08,1.2654000520706177,1.2640999555587769,1.2640999555587769,1.2640999555587769,0
1359,2009-04-09,1.27020001411438,1.2651000022888184,1.2651000022888184,1.2651000022888184,0
1360,2009-04-10,1.2857999801635742,1.2848000526428225,1.2848000526428225,1.2848000526428225,0
1361,2009-04-14,1.2699999809265137,1.2627999782562256,1.2627999782562256,1.2627999782562256,0
1362,2009-04-15,1.2640999555587769,1.270799994468689,1.270799994468689,1.270799994468689,0
1363,2009-04-16,1.2647000551223757,1.2670999765396118,1.2657999992370603,1.2670999765396118,0
1364,2009-04-17,1.263800024986267,1.2625000476837158,1.2625000476837158,1.2625000476837158,0
1365,2009-04-20,1.2625999450683594,1.2732000350952148,1.2732000350952148,1.2732000350952148,0
1366,2009-04-21,1.2719999551773071,1.2695000171661377,1.2695000171661377,1.2695000171661377,0
1367,2009-04-22,1.2742999792099,1.273300051689148,1.273300051689148,1.273300051689148,0
1368,2009-04-23,1.274500012397766,1.2676000595092771,1.2676000595092771,1.2676000595092771,0
1369,2009-04-24,1.276900053024292,1.267699956893921,1.267699956893921,1.267699956893921,0
1370,2009-04-27,1.2754000425338743,1.2754000425338743,1.2754000425338743,1.2754000425338743,0
1371,2009-04-28,1.2756999731063845,1.2756999731063845,1.2756999731063845,1.2756999731063845,0
1372,2009-04-29,1.2783000469207764,1.2640000581741333,1.2640000581741333,1.2640000581741333,0
1373,2009-04-30,1.2773000001907349,1.2773000001907349,1.2773000001907349,1.2773000001907349,0
1374,2009-05-01,1.2792999744415283,1.2786999940872192,1.2786999940872192,1.2786999940872192,0
1375,2009-05-04,1.2621999979019165,1.2621999979019165,1.2621999979019165,1.2621999979019165,0
1376,2009-05-05,1.2620999813079834,1.2620999813079834,1.2486000061035156,1.2486000061035156,0
1377,2009-05-06,1.2632999420166016,1.2632999420166016,1.2632999420166016,1.2632999420166016,0
1378,2009-05-07,1.263200044631958,1.2632999420166016,1.263200044631958,1.2632999420166016,0
1379,2009-05-08,1.2620999813079834,1.2620999813079834,1.2596999406814575,1.2596999406814575,0
1380,2009-05-11,1.2627999782562256,1.2627999782562256,1.2627999782562256,1.2627999782562256,0
1381,2009-05-12,1.2604000568389893,1.2604000568389893,1.2604000568389893,1.2604000568389893,0
1382,2009-05-13,1.25600004196167,1.25600004196167,1.25,1.25,0
1383,2009-05-14,1.2453999519348145,1.2453999519348145,1.2453999519348145,1.2453999519348145,0
1384,2009-05-15,1.243299961090088,1.243299961090088,1.243299961090088,1.243299961090088,0
1385,2009-05-18,1.243299961090088,1.243399977684021,1.243299961090088,1.243299961090088,0
1386,2009-05-19,1.243399977684021,1.243399977684021,1.243399977684021,1.243399977684021,0
1387,2009-05-20,1.2503999471664429,1.2503999471664429,1.2503999471664429,1.2503999471664429,0
1388,2009-05-21,1.2395999431610107,1.2395999431610107,1.2381999492645264,1.2381999492645264,0
1389,2009-05-22,1.243499994277954,1.243499994277954,1.243499994277954,1.243499994277954,0
1390,2009-05-25,1.2426999807357788,1.243000030517578,1.2426999807357788,1.243000030517578,0
1391,2009-05-26,1.2414000034332275,1.2414000034332275,1.2414000034332275,1.2414000034332275,0
1392,2009-05-27,1.226199984550476,1.226199984550476,1.226199984550476,1.226199984550476,0
1393,2009-05-28,1.2257000207901,1.2257000207901,1.2257000207901,1.2257000207901,0
1394,2009-05-29,1.2235000133514404,1.2235000133514404,1.2235000133514404,1.2235000133514404,0
1395,2009-06-02,1.2264000177383425,1.2264000177383425,1.2264000177383425,1.2264000177383425,0
1396,2009-06-03,1.215000033378601,1.215000033378601,1.215000033378601,1.215000033378601,0
1397,2009-06-04,1.2173999547958374,1.2173999547958374,1.2173999547958374,1.2173999547958374,0
1398,2009-06-05,1.2145999670028689,1.2145999670028689,1.2137000560760498,1.2137000560760498,0
1399,2009-06-08,1.2136000394821167,1.2136000394821167,1.2136000394821167,1.2136000394821167,0
1400,2009-06-09,1.2209999561309814,1.2209999561309814,1.2209999561309814,1.2209999561309814,0
1401,2009-06-10,1.2384999990463257,1.2384999990463257,1.2384999990463257,1.2384999990463257,0
1402,2009-06-11,1.2345999479293823,1.2345999479293823,1.2345999479293823,1.2345999479293823,0
1403,2009-06-12,1.2333999872207642,1.2333999872207642,1.2333999872207642,1.2333999872207642,0
1404,2009-06-15,1.2359999418258667,1.2359999418258667,1.2359999418258667,1.2359999418258667,0
1405,2009-06-16,1.2324999570846558,1.2324999570846558,1.2324999570846558,1.2324999570846558,0
1406,2009-06-17,1.232699990272522,1.232699990272522,1.232699990272522,1.232699990272522,0
1407,2009-06-18,1.231899976730347,1.232300043106079,1.2209999561309814,1.2226999998092651,0
1408,2009-06-19,1.2303999662399292,1.2303999662399292,1.2303999662399292,1.2303999662399292,0
1409,2009-06-22,1.2305999994277954,1.2305999994277954,1.2305999994277954,1.2305999994277954,0
1410,2009-06-23,1.2257000207901,1.2301000356674194,1.2257000207901,1.22979998588562,0
1411,2009-06-24,1.2280999422073364,1.2280999422073364,1.215000033378601,1.215499997138977,0
1412,2009-06-25,1.225600004196167,1.23989999294281,1.225600004196167,1.2396999597549438,0
1413,2009-06-26,1.225100040435791,1.225100040435791,1.2163000106811523,1.2163000106811523,0
1414,2009-06-29,1.2166999578475952,1.218999981880188,1.2166999578475952,1.218999981880188,0
1415,2009-06-30,1.2200000286102295,1.2200000286102295,1.2200000286102295,1.2200000286102295,0
1416,2009-07-01,1.2201999425888062,1.2201999425888062,1.2201999425888062,1.2201999425888062,0
1417,2009-07-02,1.2199000120162964,1.2211999893188477,1.2144999504089355,1.2146999835968018,0
1418,2009-07-03,1.2201999425888062,1.2201999425888062,1.2201999425888062,1.2201999425888062,0
1419,2009-07-06,1.219599962234497,1.219599962234497,1.219599962234497,1.219599962234497,0
1420,2009-07-07,1.2201999425888062,1.2201999425888062,1.2201999425888062,1.2201999425888062,0
1421,2009-07-08,1.2201999425888062,1.2202999591827393,1.2201999425888062,1.2202999591827393,0
1422,2009-07-09,1.2199000120162964,1.2242000102996826,1.2199000120162964,1.2242000102996826,0
1423,2009-07-10,1.219499945640564,1.219499945640564,1.2193000316619873,1.2193000316619873,0
1424,2009-07-13,1.2199000120162964,1.2213000059127808,1.2199000120162964,1.2206000089645386,0
1425,2009-07-14,1.219099998474121,1.2199000120162964,1.219099998474121,1.2199000120162964,0
1426,2009-07-15,1.2202999591827393,1.2202999591827393,1.2202999591827393,1.2202999591827393,0
1427,2009-07-16,1.2171000242233276,1.2210999727249146,1.2166999578475952,1.2182999849319458,0
1428,2009-07-17,1.219499945640564,1.219499945640564,1.219499945640564,1.219499945640564,0
1429,2009-07-20,1.2203999757766724,1.2203999757766724,1.2203999757766724,1.2203999757766724,0
1430,2009-07-21,1.2201999425888062,1.2201999425888062,1.2201999425888062,1.2201999425888062,0
1431,2009-07-22,1.2207000255584717,1.2207000255584717,1.2204999923706057,1.2204999923706057,0
1432,2009-07-23,1.2142000198364258,1.2142000198364258,1.2142000198364258,1.2142000198364258,0
1433,2009-07-24,1.214900016784668,1.2201000452041626,1.214900016784668,1.2201000452041626,0
1434,2009-07-27,1.2148000001907349,1.2148000001907349,1.2148000001907349,1.2148000001907349,0
1435,2009-07-28,1.2137999534606934,1.2137999534606934,1.2137999534606934,1.2137999534606934,0
1436,2009-07-29,1.2136000394821167,1.2239999771118164,1.2136000394821167,1.2239999771118164,0
1437,2009-07-30,1.2129000425338743,1.2129000425338743,1.2129000425338743,1.2129000425338743,0
1438,2009-07-31,1.2180999517440796,1.2180999517440796,1.2109999656677246,1.2109999656677246,0
1439,2009-08-03,1.2175999879837036,1.2175999879837036,1.2175999879837036,1.2175999879837036,0
1440,2009-08-04,1.2178000211715698,1.2178000211715698,1.2178000211715698,1.2178000211715698,0
1441,2009-08-05,1.216599941253662,1.216599941253662,1.216599941253662,1.216599941253662,0
1442,2009-08-06,1.2065999507904053,1.2065999507904053,1.2051000595092771,1.2051000595092771,0
1443,2009-08-07,1.2066999673843384,1.2066999673843384,1.2066999673843384,1.2066999673843384,0
1444,2009-08-10,1.205199956893921,1.205199956893921,1.205199956893921,1.205199956893921,0
1445,2009-08-11,1.2079999446868896,1.2091000080108645,1.2079999446868896,1.2091000080108645,0
1446,2009-08-12,1.2164000272750854,1.2164000272750854,1.2107000350952148,1.2107000350952148,0
1447,2009-08-13,1.2192000150680542,1.2192000150680542,1.212000012397766,1.212000012397766,0
1448,2009-08-14,1.2177000045776367,1.2177000045776367,1.2177000045776367,1.2177000045776367,0
1449,2009-08-17,1.218999981880188,1.218999981880188,1.218999981880188,1.218999981880188,0
1450,2009-08-18,1.219099998474121,1.2193000316619873,1.219099998474121,1.2193000316619873,0
1451,2009-08-19,1.2098000049591064,1.2206000089645386,1.2098000049591064,1.2146999835968018,0
1452,2009-08-20,1.2199000120162964,1.2199000120162964,1.210800051689148,1.210800051689148,0
1453,2009-08-21,1.2193000316619873,1.2193000316619873,1.2193000316619873,1.2193000316619873,0
1454,2009-08-24,1.2177000045776367,1.2177000045776367,1.2165000438690186,1.2165000438690186,0
1455,2009-08-25,1.2091000080108645,1.2091000080108645,1.2091000080108645,1.2091000080108645,0
1456,2009-08-26,1.2094000577926636,1.2094000577926636,1.2074999809265137,1.2089999914169312,0
1457,2009-08-27,1.211400032043457,1.214100003242493,1.211400032043457,1.214100003242493,0
1458,2009-08-28,1.2163000106811523,1.2163000106811523,1.2163000106811523,1.2163000106811523,0
1459,2009-08-31,1.2108999490737915,1.2108999490737915,1.2108999490737915,1.2108999490737915,0
1460,2009-09-01,1.210199952125549,1.210199952125549,1.2059999704360962,1.2059999704360962,0
1461,2009-09-02,1.2098000049591064,1.2098000049591064,1.2098000049591064,1.2098000049591064,0
1462,2009-09-03,1.2116999626159668,1.2116999626159668,1.2116999626159668,1.2116999626159668,0
1463,2009-09-04,1.210800051689148,1.210800051689148,1.210800051689148,1.210800051689148,0
1464,2009-09-07,1.2137000560760498,1.2137000560760498,1.2049000263214111,1.2049000263214111,0
1465,2009-09-08,1.2137999534606934,1.2137999534606934,1.2137999534606934,1.2137999534606934,0
1466,2009-09-09,1.212399959564209,1.212399959564209,1.212399959564209,1.212399959564209,0
1467,2009-09-10,1.1991000175476074,1.2026000022888184,1.198799967765808,1.2026000022888184,0
1468,2009-09-11,1.202399969100952,1.202399969100952,1.202399969100952,1.202399969100952,0
1469,2009-09-14,1.202299952507019,1.202299952507019,1.202299952507019,1.202299952507019,0
1470,2009-09-15,1.1985000371932983,1.2027000188827517,1.1985000371932983,1.2027000188827517,0
1471,2009-09-16,1.1970000267028809,1.1970000267028809,1.1970000267028809,1.1970000267028809,0
1472,2009-09-17,1.1960999965667725,1.1970000267028809,1.1958999633789062,1.1970000267028809,0
1473,2009-09-18,1.1967999935150146,1.1969000101089478,1.1967999935150146,1.1969000101089478,0
1474,2009-09-21,1.1952999830245972,1.1970000267028809,1.1952999830245972,1.1970000267028809,0
1475,2009-09-22,1.1928999423980713,1.1928999423980713,1.1928999423980713,1.1928999423980713,0
1476,2009-09-23,1.1924999952316284,1.1929999589920044,1.1924999952316284,1.1928000450134275,0
1477,2009-09-24,1.2015999555587769,1.2015999555587769,1.1924999952316284,1.1924999952316284,0
1478,2009-09-25,1.1928999423980713,1.1928999423980713,1.192199945449829,1.1924999952316284,0
1479,2009-09-28,1.190500020980835,1.1919000148773191,1.190500020980835,1.1919000148773191,0
1480,2009-09-29,1.192199945449829,1.1948000192642212,1.192199945449829,1.1948000192642212,0
1481,2009-09-30,1.1973999738693235,1.1973999738693235,1.1973999738693235,1.1973999738693235,0
1482,2009-10-01,1.2000999450683594,1.2000999450683594,1.198699951171875,1.1994999647140503,0
1483,2009-10-02,1.190000057220459,1.190000057220459,1.190000057220459,1.190000057220459,0
1484,2009-10-05,1.205199956893921,1.205199956893921,1.205199956893921,1.205199956893921,0
1485,2009-10-06,1.202299952507019,1.2024999856948853,1.2020000219345093,1.2020000219345093,0
1486,2009-10-07,1.1979000568389893,1.1979000568389893,1.1979000568389893,1.1979000568389893,0
1487,2009-10-08,1.1984000205993652,1.1984000205993652,1.1984000205993652,1.1984000205993652,0
1488,2009-10-09,1.1970000267028809,1.1986000537872314,1.1970000267028809,1.1986000537872314,0
1489,2009-10-12,1.1966999769210815,1.1966999769210815,1.1966999769210815,1.1966999769210815,0
1490,2009-10-13,1.194599986076355,1.1959999799728394,1.194599986076355,1.1959999799728394,0
1491,2009-10-14,1.1960999965667725,1.1960999965667725,1.1960999965667725,1.1960999965667725,0
1492,2009-10-15,1.1922999620437622,1.1922999620437622,1.1922999620437622,1.1922999620437622,0
1493,2009-10-16,1.1933000087738037,1.1933000087738037,1.1933000087738037,1.1933000087738037,0
1494,2009-10-19,1.1930999755859375,1.1930999755859375,1.1930999755859375,1.1930999755859375,0
1495,2009-10-20,1.1921000480651855,1.1921000480651855,1.1921000480651855,1.1921000480651855,0
1496,2009-10-21,1.1897000074386597,1.1897000074386597,1.1897000074386597,1.1897000074386597,0
1497,2009-10-22,1.190000057220459,1.190000057220459,1.190000057220459,1.190000057220459,0
1498,2009-10-23,1.1926000118255615,1.1926000118255615,1.1900999546051023,1.1900999546051023,0
1499,2009-10-26,1.1891000270843506,1.1891000270843506,1.1891000270843506,1.1891000270843506,0
1500,2009-10-27,1.19159996509552,1.19159996509552,1.19159996509552,1.19159996509552,0
1501,2009-10-28,1.1995999813079834,1.1995999813079834,1.194700002670288,1.196300029754639,0
1502,2009-10-29,1.1878999471664429,1.201300024986267,1.1878999471664429,1.2010999917984009,0
1503,2009-10-30,1.2030999660491943,1.2030999660491943,1.1967999935150146,1.1967999935150146,0
1504,2009-11-02,1.1956000328063965,1.1956000328063965,1.1955000162124634,1.1955000162124634,0
1505,2009-11-03,1.194100022315979,1.1943000555038452,1.194100022315979,1.194200038909912,0
1506,2009-11-04,1.184599995613098,1.184599995613098,1.184599995613098,1.184599995613098,0
1507,2009-11-05,1.196499943733215,1.196499943733215,1.196499943733215,1.196499943733215,0
1508,2009-11-06,1.1960999965667725,1.1960999965667725,1.1960999965667725,1.1960999965667725,0
1509,2009-11-09,1.1916999816894531,1.1916999816894531,1.1916999816894531,1.1916999816894531,0
1510,2009-11-10,1.184999942779541,1.184999942779541,1.184999942779541,1.184999942779541,0
1511,2009-11-11,1.1861000061035156,1.1861000061035156,1.1861000061035156,1.1861000061035156,0
1512,2009-11-12,1.1848000288009644,1.1848000288009644,1.1848000288009644,1.1848000288009644,0
1513,2009-11-13,1.1833000183105469,1.1848000288009644,1.1833000183105469,1.1848000288009644,0
1514,2009-11-16,1.1887999773025513,1.1887999773025513,1.1887999773025513,1.1887999773025513,0
1515,2009-11-17,1.1881999969482422,1.1881999969482422,1.187199950218201,1.187199950218201,0
1516,2009-11-18,1.187399983406067,1.187399983406067,1.186900019645691,1.186900019645691,0
1517,2009-11-19,1.184999942779541,1.184999942779541,1.184999942779541,1.184999942779541,0
1518,2009-11-20,1.1855000257492063,1.1855000257492063,1.1855000257492063,1.1855000257492063,0
1519,2009-11-23,1.1894999742507937,1.1894999742507937,1.1894999742507937,1.1894999742507937,0
1520,2009-11-24,1.1856000423431396,1.1856000423431396,1.1856000423431396,1.1856000423431396,0
1521,2009-11-25,1.185099959373474,1.1859999895095823,1.185099959373474,1.1859999895095823,0
1522,2009-11-26,1.182600021362305,1.182600021362305,1.181399941444397,1.181399941444397,0
1523,2009-11-27,1.1856000423431396,1.1856000423431396,1.1856000423431396,1.1856000423431396,0
1524,2009-11-30,1.180400013923645,1.180400013923645,1.180400013923645,1.180400013923645,0
1525,2009-12-01,1.1784000396728516,1.1800999641418457,1.1784000396728516,1.1800999641418457,0
1526,2009-12-02,1.1827000379562378,1.1827000379562378,1.179900050163269,1.179900050163269,0
1527,2009-12-03,1.1787999868392944,1.1787999868392944,1.1787999868392944,1.1787999868392944,0
1528,2009-12-04,1.1783000230789185,1.1783000230789185,1.1783000230789185,1.1783000230789185,0
1529,2009-12-07,1.1812000274658203,1.19350004196167,1.1812000274658203,1.19350004196167,0
1530,2009-12-08,1.1950000524520874,1.1950000524520874,1.1950000524520874,1.1950000524520874,0
1531,2009-12-09,1.1924999952316284,1.1924999952316284,1.1924999952316284,1.1924999952316284,0
1532,2009-12-10,1.1928000450134275,1.1928000450134275,1.1928000450134275,1.1928000450134275,0
1533,2009-12-11,1.205299973487854,1.205299973487854,1.1928000450134275,1.1928000450134275,0
1534,2009-12-14,1.1936999559402466,1.1936999559402466,1.1936999559402466,1.1936999559402466,0
1535,2009-12-15,1.1973999738693235,1.1973999738693235,1.1973999738693235,1.1973999738693235,0
1536,2009-12-16,1.2015999555587769,1.2015999555587769,1.2015999555587769,1.2015999555587769,0
1537,2009-12-17,1.2002999782562256,1.2002999782562256,1.2002999782562256,1.2002999782562256,0
1538,2009-12-18,1.1999000310897827,1.1999000310897827,1.1999000310897827,1.1999000310897827,0
1539,2009-12-21,1.2086000442504885,1.2086000442504885,1.2086000442504885,1.2086000442504885,0
1540,2009-12-22,1.2101000547409058,1.2137000560760498,1.2101000547409058,1.2137000560760498,0
1541,2009-12-23,1.2146999835968018,1.2146999835968018,1.2117999792099,1.2117999792099,0
1542,2009-12-24,1.2172000408172607,1.2172000408172607,1.2172000408172607,1.2172000408172607,0
1543,2009-12-28,1.2110999822616575,1.2110999822616575,1.2110999822616575,1.2110999822616575,0
1544,2009-12-29,1.212499976158142,1.212499976158142,1.212499976158142,1.212499976158142,0
1545,2009-12-30,1.2099000215530396,1.222000002861023,1.2099000215530396,1.222000002861023,0
1546,2009-12-31,1.21589994430542,1.21589994430542,1.21589994430542,1.21589994430542,0
1547,2010-01-04,1.2143000364303589,1.2257000207901,1.2142000198364258,1.225499987602234,0
1548,2010-01-05,1.212499976158142,1.212499976158142,1.212499976158142,1.212499976158142,0
1549,2010-01-06,1.2146999835968018,1.2187000513076782,1.2139999866485596,1.2139999866485596,0
1550,2010-01-07,1.216099977493286,1.2168999910354614,1.2101000547409058,1.2101000547409058,0
1551,2010-01-08,1.218400001525879,1.218400001525879,1.218400001525879,1.218400001525879,0
1552,2010-01-11,1.2072999477386477,1.2072999477386477,1.2072999477386477,1.2072999477386477,0
1553,2010-01-12,1.2080999612808228,1.2080999612808228,1.2080999612808228,1.2080999612808228,0
1554,2010-01-13,1.205299973487854,1.205299973487854,1.205299973487854,1.205299973487854,0
1555,2010-01-14,1.2086999416351318,1.2086999416351318,1.2075999975204468,1.2075999975204468,0
1556,2010-01-15,1.2109999656677246,1.2109999656677246,1.2109999656677246,1.2109999656677246,0
1557,2010-01-18,1.211300015449524,1.211300015449524,1.211300015449524,1.211300015449524,0
1558,2010-01-19,1.214100003242493,1.214100003242493,1.214100003242493,1.214100003242493,0
1559,2010-01-20,1.2206000089645386,1.2206000089645386,1.2206000089645386,1.2206000089645386,0
1560,2010-01-21,1.2244999408721924,1.2244999408721924,1.222000002861023,1.222000002861023,0
1561,2010-01-22,1.2161999940872192,1.2216999530792236,1.2161999940872192,1.2216999530792236,0
1562,2010-01-25,1.2172000408172607,1.2181999683380127,1.212299942970276,1.212299942970276,0
1563,2010-01-26,1.2171000242233276,1.2171000242233276,1.2171000242233276,1.2171000242233276,0
1564,2010-01-27,1.216599941253662,1.216599941253662,1.216599941253662,1.216599941253662,0
1565,2010-01-28,1.2209999561309814,1.2209999561309814,1.2209999561309814,1.2209999561309814,0
1566,2010-01-29,1.2223999500274658,1.2223999500274658,1.2223999500274658,1.2223999500274658,0
1567,2010-02-01,1.2249000072479248,1.2249000072479248,1.2249000072479248,1.2249000072479248,0
1568,2010-02-02,1.2236000299453735,1.2237000465393066,1.2236000299453735,1.2237000465393066,0
1569,2010-02-03,1.2231999635696411,1.2231999635696411,1.2226999998092651,1.2226999998092651,0
1570,2010-02-04,1.229099988937378,1.229099988937378,1.229099988937378,1.229099988937378,0
1571,2010-02-05,1.2311999797821045,1.2311999797821045,1.2311999797821045,1.2311999797821045,0
1572,2010-02-08,1.232699990272522,1.232699990272522,1.232699990272522,1.232699990272522,0
1573,2010-02-09,1.2311999797821045,1.2311999797821045,1.2311999797821045,1.2311999797821045,0
1574,2010-02-10,1.228600025177002,1.228600025177002,1.228600025177002,1.228600025177002,0
1575,2010-02-11,1.2314000129699707,1.2314000129699707,1.2314000129699707,1.2314000129699707,0
1576,2010-02-12,1.238700032234192,1.238700032234192,1.238700032234192,1.238700032234192,0
1577,2010-02-15,1.235700011253357,1.235700011253357,1.235700011253357,1.235700011253357,0
1578,2010-02-16,1.2344000339508057,1.2344000339508057,1.2344000339508057,1.2344000339508057,0
1579,2010-02-17,1.2336000204086304,1.2336000204086304,1.2336000204086304,1.2336000204086304,0
1580,2010-02-18,1.2396999597549438,1.23989999294281,1.2396999597549438,1.23989999294281,0
1581,2010-02-19,1.2437000274658203,1.2443000078201294,1.2437000274658203,1.2443000078201294,0
1582,2010-02-22,1.2395999431610107,1.2395999431610107,1.2395999431610107,1.2395999431610107,0
1583,2010-02-23,1.23989999294281,1.23989999294281,1.239799976348877,1.23989999294281,0
1584,2010-02-24,1.238800048828125,1.2390999794006348,1.2371000051498413,1.2390999794006348,0
1585,2010-02-25,1.2401000261306765,1.2401000261306765,1.2401000261306765,1.2401000261306765,0
1586,2010-02-26,1.235100030899048,1.235100030899048,1.235100030899048,1.235100030899048,0
1587,2010-03-01,1.2431000471115112,1.2431000471115112,1.2371000051498413,1.2371000051498413,0
1588,2010-03-02,1.2372000217437744,1.2372000217437744,1.2372000217437744,1.2372000217437744,0
1589,2010-03-03,1.233299970626831,1.233299970626831,1.233299970626831,1.233299970626831,0
1590,2010-03-04,1.235700011253357,1.235700011253357,1.235700011253357,1.235700011253357,0
1591,2010-03-05,1.2416000366210938,1.2416000366210938,1.2416000366210938,1.2416000366210938,0
1592,2010-03-08,1.2402000427246094,1.2402000427246094,1.2402000427246094,1.2402000427246094,0
1593,2010-03-09,1.2422000169754028,1.243000030517578,1.2422000169754028,1.243000030517578,0
1594,2010-03-10,1.2408000230789185,1.2408000230789185,1.2408000230789185,1.2408000230789185,0
1595,2010-03-11,1.2401000261306765,1.2401000261306765,1.2401000261306765,1.2401000261306765,0
1596,2010-03-12,1.2353999614715576,1.2353999614715576,1.2353999614715576,1.2353999614715576,0
1597,2010-03-15,1.2381999492645264,1.2381999492645264,1.2381999492645264,1.2381999492645264,0
1598,2010-03-16,1.2382999658584597,1.2382999658584597,1.2382999658584597,1.2382999658584597,0
1599,2010-03-17,1.236199975013733,1.236199975013733,1.236199975013733,1.236199975013733,0
1600,2010-03-18,1.239400029182434,1.2412999868392944,1.239400029182434,1.2412999868392944,0
1601,2010-03-19,1.2431999444961548,1.2431999444961548,1.2431999444961548,1.2431999444961548,0
1602,2010-03-22,1.2419999837875366,1.2419999837875366,1.2419999837875366,1.2419999837875366,0
1603,2010-03-23,1.245300054550171,1.245300054550171,1.2381999492645264,1.2381999492645264,0
1604,2010-03-24,1.2545000314712524,1.2545000314712524,1.2545000314712524,1.2545000314712524,0
1605,2010-03-25,1.2559000253677368,1.257200002670288,1.2558000087738037,1.2558000087738037,0
1606,2010-03-26,1.256100058555603,1.256100058555603,1.256100058555603,1.256100058555603,0
1607,2010-03-29,1.251099944114685,1.251099944114685,1.251099944114685,1.251099944114685,0
1608,2010-03-30,1.2690000534057615,1.2690000534057615,1.2506999969482422,1.2506999969482422,0
1609,2010-03-31,1.2675000429153442,1.2675000429153442,1.253100037574768,1.253100037574768,0
1610,2010-04-01,1.2680000066757202,1.2680000066757202,1.253000020980835,1.253000020980835,0
1611,2010-04-02,1.2473000288009644,1.2473000288009644,1.2455999851226809,1.2455999851226809,0
1612,2010-04-05,1.2699999809265137,1.2699999809265137,1.253499984741211,1.253499984741211,0
1613,2010-04-06,1.2675000429153442,1.2675000429153442,1.256700038909912,1.2594000101089478,0
1614,2010-04-07,1.2699999809265137,1.2699999809265137,1.258999943733215,1.258999943733215,0
1615,2010-04-08,1.27400004863739,1.27400004863739,1.2590999603271484,1.2604000568389893,0
1616,2010-04-09,1.27400004863739,1.27400004863739,1.2561999559402466,1.2561999559402466,0
1617,2010-04-12,1.2699999809265137,1.2699999809265137,1.2481000423431396,1.2481000423431396,0
1618,2010-04-13,1.24590003490448,1.2502000331878662,1.24590003490448,1.2502000331878662,0
1619,2010-04-14,1.2625000476837158,1.2625000476837158,1.247599959373474,1.247599959373474,0
1620,2010-04-15,1.2619999647140503,1.2619999647140503,1.249699950218201,1.249699950218201,0
1621,2010-04-16,1.2526999711990356,1.2625000476837158,1.2491999864578247,1.2491999864578247,0
1622,2010-04-19,1.252400040626526,1.252400040626526,1.252400040626526,1.252400040626526,0
1623,2010-04-20,1.2506999969482422,1.2506999969482422,1.2506999969482422,1.2506999969482422,0
1624,2010-04-21,1.2690000534057615,1.2690000534057615,1.2486000061035156,1.2486000061035156,0
1625,2010-04-22,1.249400019645691,1.249400019645691,1.249400019645691,1.249400019645691,0
1626,2010-04-23,1.2699999809265137,1.2699999809265137,1.2523000240325928,1.2523000240325928,0
1627,2010-04-26,1.2730000019073486,1.2730000019073486,1.2552000284194946,1.2552000284194946,0
1628,2010-04-27,1.2725000381469729,1.2725000381469729,1.2583999633789062,1.2583999633789062,0
1629,2010-04-28,1.2730000019073486,1.2730000019073486,1.2652000188827517,1.2705999612808228,0
1630,2010-04-29,1.277999997138977,1.277999997138977,1.2640999555587769,1.2640999555587769,0
1631,2010-04-30,1.0,1.2617000341415403,1.0,1.2617000341415403,0
1632,2010-05-03,1.274500012397766,1.274500012397766,1.2649999856948853,1.2649999856948853,0
1633,2010-05-04,1.2799999713897705,1.2799999713897705,1.2694000005722046,1.2694000005722046,0
1634,2010-05-05,1.2829999923706057,1.2829999923706057,1.2788000106811523,1.2788000106811523,0
1635,2010-05-06,1.2899999618530271,1.2899999618530271,1.2835999727249146,1.2835999727249146,0
1636,2010-05-07,1.2905000448226929,1.2905000448226929,1.281499981880188,1.2818000316619873,0
1637,2010-05-10,1.2735999822616575,1.2735999822616575,1.2735999822616575,1.2735999822616575,0
1638,2010-05-11,1.284999966621399,1.2855000495910645,1.2842999696731567,1.2842999696731567,0
1639,2010-05-12,1.2970000505447388,1.2970000505447388,1.280900001525879,1.280900001525879,0
1640,2010-05-13,1.2975000143051147,1.2975000143051147,1.2797000408172607,1.2797000408172607,0
1641,2010-05-14,1.2979999780654907,1.2979999780654907,1.2927000522613523,1.2927000522613523,0
1642,2010-05-17,1.2798000574111938,1.3075000047683716,1.2798000574111938,1.2864999771118164,0
1643,2010-05-18,1.3140000104904177,1.3140000104904177,1.2970999479293823,1.2970999479293823,0
1644,2010-05-19,1.2818000316619873,1.306399941444397,1.2813999652862549,1.306399941444397,0
1645,2010-05-20,1.3174999952316284,1.3174999952316284,1.2997000217437744,1.2997000217437744,0
1646,2010-05-21,1.3179999589920044,1.3179999589920044,1.281000018119812,1.281000018119812,0
1647,2010-05-24,1.3025000095367432,1.3025000095367432,1.2969000339508057,1.2969000339508057,0
1648,2010-05-25,1.3075000047683716,1.3075000047683716,1.3061000108718872,1.3061000108718872,0
1649,2010-05-26,1.3125,1.3125,1.2985999584197998,1.2985999584197998,0
1650,2010-05-27,1.309999942779541,1.312399983406067,1.298799991607666,1.312399983406067,0
1651,2010-05-28,1.297700047492981,1.297700047492981,1.2973999977111816,1.2973999977111816,0
1652,2010-05-31,1.2985999584197998,1.2985999584197998,1.2985999584197998,1.2985999584197998,0
1653,2010-06-01,1.3049999475479126,1.305999994277954,1.3042000532150269,1.3042000532150269,0
1654,2010-06-02,1.3170000314712524,1.3170000314712524,1.3006999492645264,1.3006999492645264,0
1655,2010-06-03,1.3140000104904177,1.3140000104904177,1.3004000186920166,1.3004000186920166,0
1656,2010-06-04,1.3144999742507937,1.3144999742507937,1.3115999698638916,1.3115999698638916,0
1657,2010-06-07,1.3174999952316284,1.3174999952316284,1.3127000331878662,1.3127000331878662,0
1658,2010-06-08,1.3250000476837158,1.3250000476837158,1.3136999607086182,1.3136999607086182,0
1659,2010-06-09,1.3259999752044678,1.3259999752044678,1.3114999532699585,1.3114999532699585,0
1660,2010-06-10,1.3085999488830566,1.3085999488830566,1.3085999488830566,1.3085999488830566,0
1661,2010-06-11,1.3240000009536743,1.3240000009536743,1.3047000169754028,1.3047000169754028,0
1662,2010-06-14,1.3170000314712524,1.3170000314712524,1.2994999885559082,1.2994999885559082,0
1663,2010-06-15,1.312999963760376,1.312999963760376,1.2964999675750732,1.2964999675750732,0
1664,2010-06-16,1.3209999799728394,1.3209999799728394,1.2962000370025637,1.297700047492981,0
1665,2010-06-17,1.309999942779541,1.309999942779541,1.29229998588562,1.29229998588562,0
1666,2010-06-18,1.309499979019165,1.309499979019165,1.2933000326156616,1.2933000326156616,0
1667,2010-06-21,1.3049999475479126,1.3049999475479126,1.2914999723434448,1.2914999723434448,0
1668,2010-06-22,1.305500030517578,1.305500030517578,1.2978999614715576,1.2978999614715576,0
1669,2010-06-23,1.2964999675750732,1.2964999675750732,1.2964999675750732,1.2964999675750732,0
1670,2010-06-24,1.305999994277954,1.305999994277954,1.29639995098114,1.29639995098114,0
1671,2010-06-25,1.3070000410079956,1.3070000410079956,1.2941999435424805,1.2941999435424805,0
1672,2010-06-28,1.3049999475479126,1.3049999475479126,1.2934000492095947,1.2934000492095947,0
1673,2010-06-29,1.3025000095367432,1.3025000095367432,1.3006000518798828,1.3006000518798828,0
1674,2010-06-30,1.305500030517578,1.305500030517578,1.295699954032898,1.295699954032898,0
1675,2010-07-01,1.3025000095367432,1.3025000095367432,1.2934000492095947,1.2934000492095947,0
1676,2010-07-02,1.3029999732971191,1.3029999732971191,1.273900032043457,1.273900032043457,0
1677,2010-07-05,1.2821999788284302,1.2821999788284302,1.2821999788284302,1.2821999788284302,0
1678,2010-07-06,1.2899999618530271,1.2899999618530271,1.2797000408172607,1.2797000408172607,0
1679,2010-07-07,1.287999987602234,1.287999987602234,1.2796000242233276,1.2796000242233276,0
1680,2010-07-08,1.287999987602234,1.287999987602234,1.2767000198364258,1.2767000198364258,0
1681,2010-07-09,1.2757999897003174,1.2757999897003174,1.2757999897003174,1.2757999897003174,0
1682,2010-07-12,1.280500054359436,1.280500054359436,1.280500054359436,1.280500054359436,0
1683,2010-07-13,1.2925000190734863,1.2925000190734863,1.2798000574111938,1.2798000574111938,0
1684,2010-07-14,1.2910000085830688,1.2910000085830688,1.2654999494552612,1.2654999494552612,0
1685,2010-07-15,1.284999966621399,1.284999966621399,1.267899990081787,1.267899990081787,0
1686,2010-07-16,1.2611000537872314,1.2611000537872314,1.2578999996185305,1.2580000162124634,0
1687,2010-07-19,1.2725000381469729,1.2725000381469729,1.2628999948501587,1.2628999948501587,0
1688,2010-07-20,1.2730000019073486,1.2730000019073486,1.2657999992370603,1.2657999992370603,0
1689,2010-07-21,1.2687000036239624,1.2687000036239624,1.2687000036239624,1.2687000036239624,0
1690,2010-07-22,1.2663999795913696,1.2663999795913696,1.2663999795913696,1.2663999795913696,0
1691,2010-07-23,1.277500033378601,1.277500033378601,1.2620999813079834,1.2620999813079834,0
1692,2010-07-26,1.2617000341415403,1.2617000341415403,1.2617000341415403,1.2617000341415403,0
1693,2010-07-27,1.257200002670288,1.257200002670288,1.257200002670288,1.257200002670288,0
1694,2010-07-28,1.2699999809265137,1.2699999809265137,1.256700038909912,1.256700038909912,0
1695,2010-07-29,1.2704999446868896,1.2704999446868896,1.2532000541687012,1.2532000541687012,0
1696,2010-07-30,1.2699999809265137,1.2704999446868896,1.257099986076355,1.257099986076355,0
1697,2010-08-02,1.2518999576568604,1.2518999576568604,1.2518999576568604,1.2518999576568604,0
1698,2010-08-03,1.2649999856948853,1.2649999856948853,1.2431999444961548,1.2431999444961548,0
1699,2010-08-04,1.2649999856948853,1.2444000244140625,1.2444000244140625,1.2444000244140625,0
1700,2010-08-05,1.2549999952316284,1.2444000244140625,1.2444000244140625,1.2444000244140625,0
1701,2010-08-06,1.2444000244140625,1.25600004196167,1.246500015258789,1.2554999589920044,0
1702,2010-08-09,1.2346999645233154,1.252500057220459,1.2412999868392944,1.2412999868392944,0
1703,2010-08-10,1.252500057220459,1.2472000122070312,1.2472000122070312,1.2472000122070312,0
1704,2010-08-11,1.2599999904632568,1.2545000314712524,1.2545000314712524,1.2545000314712524,0
1705,2010-08-12,1.2625000476837158,1.2618999481201172,1.2618999481201172,1.2618999481201172,0
1706,2010-08-13,1.2699999809265137,1.2632999420166016,1.2632999420166016,1.2632999420166016,0
1707,2010-08-16,1.266800045967102,1.2621999979019165,1.2621999979019165,1.2621999979019165,0
1708,2010-08-17,1.2621999979019165,1.2582999467849731,1.2582999467849731,1.2582999467849731,0
1709,2010-08-18,1.2582999467849731,1.2587000131607056,1.2587000131607056,1.2587000131607056,0
1710,2010-08-19,1.2587000131607056,1.2525999546051023,1.2525999546051023,1.2525999546051023,0
1711,2010-08-20,1.2525999546051023,1.2516000270843506,1.2516000270843506,1.2516000270843506,0
1712,2010-08-23,1.250300049781799,1.267199993133545,1.267199993133545,1.267199993133545,0
1713,2010-08-24,1.267199993133545,1.2735999822616575,1.2716000080108645,1.2731000185012815,0
1714,2010-08-25,1.2716000080108645,1.2705999612808228,1.2705999612808228,1.2705999612808228,0
1715,2010-08-26,1.2705999612808228,1.2662999629974363,1.2662999629974363,1.2662999629974363,0
1716,2010-08-27,1.2662999629974363,1.2653000354766846,1.2653000354766846,1.2653000354766846,0
1717,2010-08-30,1.2604000568389893,1.2653000354766846,1.2653000354766846,1.2653000354766846,0
1718,2010-08-31,1.2653000354766846,1.2682000398635864,1.2682000398635864,1.2682000398635864,0
1719,2010-09-01,1.2682000398635864,1.263800024986267,1.263800024986267,1.263800024986267,0
1720,2010-09-02,1.2755000591278076,1.250300049781799,1.250300049781799,1.250300049781799,0
1721,2010-09-03,1.250300049781799,1.256700038909912,1.256700038909912,1.256700038909912,0
1722,2010-09-06,1.2526999711990356,1.2561999559402466,1.2561999559402466,1.2561999559402466,0
1723,2010-09-07,1.2561999559402466,1.260699987411499,1.260699987411499,1.260699987411499,0
1724,2010-09-08,1.2710000276565552,1.2604999542236328,1.2604999542236328,1.2604999542236328,0
1725,2010-09-09,1.2604999542236328,1.2604999542236328,1.2604999542236328,1.2604999542236328,0
1726,2010-09-10,1.2604999542236328,1.2595000267028809,1.2595000267028809,1.2595000267028809,0
1727,2010-09-13,1.2645000219345093,1.2574000358581543,1.2574000358581543,1.2574000358581543,0
1728,2010-09-14,1.2699999809265137,1.2563999891281128,1.2563999891281128,1.2563999891281128,0
1729,2010-09-15,1.2675000429153442,1.2680000066757202,1.2493000030517578,1.2493000030517578,0
1730,2010-09-16,1.2680000066757202,1.2446999549865725,1.2446999549865725,1.2446999549865725,0
1731,2010-09-17,1.2640000581741333,1.243000030517578,1.243000030517578,1.243000030517578,0
1732,2010-09-20,1.2487000226974487,1.2443000078201294,1.2443000078201294,1.2443000078201294,0
1733,2010-09-21,1.2634999752044678,1.2448999881744385,1.2448999881744385,1.2448999881744385,0
1734,2010-09-22,1.2625000476837158,1.2354999780654907,1.2343000173568726,1.2354999780654907,0
1735,2010-09-23,1.2342000007629397,1.2347999811172483,1.2347999811172483,1.2347999811172483,0
1736,2010-09-24,1.2347999811172483,1.252500057220459,1.2324999570846558,1.252500057220459,0
1737,2010-09-27,1.2252999544143677,1.2281999588012695,1.2281999588012695,1.2281999588012695,0
1738,2010-09-28,1.246000051498413,1.2280000448226929,1.2280000448226929,1.2280000448226929,0
1739,2010-09-29,1.2450000047683716,1.2245999574661257,1.2245999574661257,1.2245999574661257,0
1740,2010-09-30,1.2400000095367432,1.2203999757766724,1.2203999757766724,1.2203999757766724,0
1741,2010-10-01,1.2203999757766724,1.219599962234497,1.219599962234497,1.219599962234497,0
1742,2010-10-04,1.2138999700546265,1.2206000089645386,1.2206000089645386,1.2206000089645386,0
1743,2010-10-05,1.2372000217437744,1.217900037765503,1.217900037765503,1.217900037765503,0
1744,2010-10-06,1.2324999570846558,1.2174999713897705,1.2174999713897705,1.2174999713897705,0
1745,2010-10-07,1.2300000190734863,1.2099000215530396,1.2099000215530396,1.2099000215530396,0
1746,2010-10-08,1.225000023841858,1.212399959564209,1.212399959564209,1.212399959564209,0
1747,2010-10-11,1.210199952125549,1.2323999404907229,1.2323999404907229,1.2323999404907229,0
1748,2010-10-12,1.2367000579833984,1.2336000204086304,1.2336000204086304,1.2336000204086304,0
1749,2010-10-13,1.2300000190734863,1.233199954032898,1.233199954032898,1.233199954032898,0
1750,2010-10-14,1.2239999771118164,1.225100040435791,1.225100040435791,1.225100040435791,0
1751,2010-10-15,1.225100040435791,1.222499966621399,1.222499966621399,1.222499966621399,0
1752,2010-10-18,1.2314000129699707,1.2294000387191772,1.225000023841858,1.2294000387191772,0
1753,2010-10-19,1.2235000133514404,1.2342000007629397,1.2342000007629397,1.2342000007629397,0
1754,2010-10-20,1.225100040435791,1.2382999658584597,1.2382999658584597,1.2382999658584597,0
1755,2010-10-21,1.2289999723434448,1.23389995098114,1.23389995098114,1.23389995098114,0
1756,2010-10-22,1.2200000286102295,1.2378000020980835,1.2378000020980835,1.2378000020980835,0
1757,2010-10-25,1.2333999872207642,1.2342000007629397,1.1801999807357788,1.2342000007629397,0
1758,2010-10-26,1.2200000286102295,1.2264000177383425,1.2264000177383425,1.2264000177383425,0
1759,2010-10-27,1.222499966621399,1.2273999452590942,1.2273999452590942,1.2273999452590942,0
1760,2010-10-28,1.2300000190734863,1.225600004196167,1.225600004196167,1.225600004196167,0
1761,2010-10-29,1.2274999618530271,1.2236000299453735,1.2236000299453735,1.2236000299453735,0
1762,2010-11-01,1.2151000499725342,1.215499997138977,1.215499997138977,1.215499997138977,0
1763,2010-11-02,1.225000023841858,1.1676000356674194,1.1676000356674194,1.1676000356674194,0
1764,2010-11-03,1.2200000286102295,1.1502000093460083,1.1502000093460083,1.1502000093460083,0
1765,2010-11-04,1.2174999713897705,1.1605000495910645,1.1402000188827517,1.1440000534057615,0
1766,2010-11-05,1.158900022506714,1.1675000190734863,1.1657999753952026,1.1657999753952026,0
1767,2010-11-08,1.1675000190734863,1.1764999628067017,1.1749000549316406,1.1764999628067017,0
1768,2010-11-09,1.2209999561309814,1.1708999872207642,1.1708999872207642,1.1708999872207642,0
1769,2010-11-10,1.2230000495910645,1.1800999641418457,1.1800999641418457,1.1800999641418457,0
1770,2010-11-11,1.2274999618530271,1.16729998588562,1.16729998588562,1.16729998588562,0
1771,2010-11-12,1.2300000190734863,1.1764999628067017,1.1764999628067017,1.1764999628067017,0
1772,2010-11-15,1.1764999628067017,1.177899956703186,1.1770000457763672,1.177899956703186,0
1773,2010-11-16,1.2324999570846558,1.184999942779541,1.184999942779541,1.184999942779541,0
1774,2010-11-17,1.184999942779541,1.1956000328063965,1.1934000253677368,1.1934000253677368,0
1775,2010-11-18,1.2319999933242798,1.1854000091552734,1.1854000091552734,1.1854000091552734,0
1776,2010-11-19,1.2400000095367432,1.1784000396728516,1.1784000396728516,1.1784000396728516,0
1777,2010-11-22,1.1764999628067017,1.187399983406067,1.1854000091552734,1.1854000091552734,0
1778,2010-11-23,1.2339999675750732,1.1937999725341797,1.1937999725341797,1.1937999725341797,0
1779,2010-11-24,1.2400000095367432,1.212399959564209,1.212399959564209,1.212399959564209,0
1780,2010-11-25,1.246000051498413,1.2158000469207764,1.2158000469207764,1.2158000469207764,0
1781,2010-11-26,1.2158000469207764,1.2235000133514404,1.2235000133514404,1.2235000133514404,0
1782,2010-11-29,1.25,1.2348999977111816,1.2347999811172483,1.2347999811172483,0
1783,2010-11-30,1.2549999952316284,1.2446999549865725,1.2446999549865725,1.2446999549865725,0
1784,2010-12-01,1.2599999904632568,1.2347999811172483,1.2347999811172483,1.2347999811172483,0
1785,2010-12-02,1.2604999542236328,1.2267999649047852,1.2267999649047852,1.2267999649047852,0
1786,2010-12-03,1.2599999904632568,1.2235000133514404,1.2235000133514404,1.2235000133514404,0
1787,2010-12-06,1.208199977874756,1.2172000408172607,1.2172000408172607,1.2172000408172607,0
1788,2010-12-07,1.247499942779541,1.218500018119812,1.218500018119812,1.218500018119812,0
1789,2010-12-08,1.246999979019165,1.2201000452041626,1.2201000452041626,1.2201000452041626,0
1790,2010-12-09,1.253999948501587,1.221400022506714,1.221400022506714,1.221400022506714,0
1791,2010-12-10,1.25,1.2132999897003174,1.2122000455856323,1.2132999897003174,0
1792,2010-12-13,1.250499963760376,1.2181999683380127,1.214400053024292,1.2181999683380127,0
1793,2010-12-14,1.25600004196167,1.215999960899353,1.215999960899353,1.215999960899353,0
1794,2010-12-15,1.2575000524520874,1.220900058746338,1.220900058746338,1.220900058746338,0
1795,2010-12-16,1.25,1.22160005569458,1.22160005569458,1.22160005569458,0
1796,2010-12-17,1.256999969482422,1.2369999885559082,1.236799955368042,1.2369999885559082,0
1797,2010-12-20,1.2447999715805054,1.2390999794006348,1.2390999794006348,1.2390999794006348,0
1798,2010-12-21,1.2580000162124634,1.239300012588501,1.239300012588501,1.239300012588501,0
1799,2010-12-22,1.256999969482422,1.2417000532150269,1.239300012588501,1.2417000532150269,0
1800,2010-12-23,1.258999943733215,1.2402000427246094,1.2402000427246094,1.2402000427246094,0
1801,2010-12-24,1.2580000162124634,1.2390999794006348,1.2371000051498413,1.2371000051498413,0
1802,2010-12-27,1.258999943733215,1.2372000217437744,1.2372000217437744,1.2372000217437744,0
1803,2010-12-28,1.2575000524520874,1.2312999963760376,1.2312999963760376,1.2312999963760376,0
1804,2010-12-29,1.252500057220459,1.2375999689102173,1.2375999689102173,1.2375999689102173,0
1805,2010-12-30,1.2549999952316284,1.2316999435424805,1.2316999435424805,1.2316999435424805,0
1806,2010-12-31,1.25,1.226199984550476,1.226199984550476,1.226199984550476,0
1807,2011-01-03,1.22599995136261,1.2295000553131104,1.2295000553131104,1.2295000553131104,0
1808,2011-01-04,1.246999979019165,1.227300047874451,1.227300047874451,1.227300047874451,0
1809,2011-01-05,1.247499942779541,1.2329000234603882,1.2329000234603882,1.2329000234603882,0
1810,2011-01-06,1.25,1.2384999990463257,1.2384999990463257,1.2384999990463257,0
1811,2011-01-07,1.2549999952316284,1.2446999549865725,1.2446999549865725,1.2446999549865725,0
1812,2011-01-10,1.2502000331878662,1.24590003490448,1.24590003490448,1.24590003490448,0
1813,2011-01-11,1.2640000581741333,1.243899941444397,1.243899941444397,1.243899941444397,0
1814,2011-01-12,1.2418999671936035,1.243299961090088,1.2402000427246094,1.2402000427246094,0
1815,2011-01-13,1.2279000282287598,1.236299991607666,1.2355999946594238,1.236299991607666,0
1816,2011-01-14,1.2355999946594238,1.2301000356674194,1.2301000356674194,1.2301000356674194,0
1817,2011-01-17,1.2312999963760376,1.2282999753952026,1.2282999753952026,1.2282999753952026,0
1818,2011-01-18,1.2454999685287476,1.2249000072479248,1.2249000072479248,1.2249000072479248,0
1819,2011-01-19,1.2450000047683716,1.2226999998092651,1.2226999998092651,1.2226999998092651,0
1820,2011-01-20,1.2374999523162842,1.222000002861023,1.222000002861023,1.222000002861023,0
1821,2011-01-21,1.2240999937057495,1.2249000072479248,1.21589994430542,1.2249000072479248,0
1822,2011-01-24,1.2170000076293943,1.220900058746338,1.220900058746338,1.220900058746338,0
1823,2011-01-25,1.2354999780654907,1.219099998474121,1.219099998474121,1.219099998474121,0
1824,2011-01-26,1.2324999570846558,1.2161999940872192,1.2129000425338743,1.2129000425338743,0
1825,2011-01-27,1.2175999879837036,1.2156000137329102,1.2156000137329102,1.2156000137329102,0
1826,2011-01-28,1.2156000137329102,1.2138999700546265,1.2138999700546265,1.2138999700546265,0
1827,2011-01-31,1.2242000102996826,1.2165000438690186,1.2165000438690186,1.2165000438690186,0
1828,2011-02-01,1.2350000143051147,1.2106000185012815,1.2106000185012815,1.2106000185012815,0
1829,2011-02-02,1.2300000190734863,1.208899974822998,1.208899974822998,1.208899974822998,0
1830,2011-02-03,1.208899974822998,1.222499966621399,1.2075999975204468,1.222499966621399,0
1831,2011-02-04,1.225000023841858,1.2146999835968018,1.2146999835968018,1.2146999835968018,0
1832,2011-02-07,1.2187999486923218,1.219099998474121,1.219099998474121,1.219099998474121,0
1833,2011-02-08,1.214900016784668,1.214400053024292,1.214400053024292,1.214400053024292,0
1834,2011-02-09,1.2330000400543213,1.216599941253662,1.216599941253662,1.216599941253662,0
1835,2011-02-10,1.2324999570846558,1.2177000045776367,1.2177000045776367,1.2177000045776367,0
1836,2011-02-11,1.2300000190734863,1.2231999635696411,1.2231999635696411,1.2231999635696411,0
1837,2011-02-14,1.2207000255584717,1.2245999574661257,1.2245999574661257,1.2245999574661257,0
1838,2011-02-15,1.2374999523162842,1.2213000059127808,1.2213000059127808,1.2213000059127808,0
1839,2011-02-16,1.2389999628067017,1.2236000299453735,1.2236000299453735,1.2236000299453735,0
1840,2011-02-17,1.2380000352859497,1.2208000421524048,1.2208000421524048,1.2208000421524048,0
1841,2011-02-18,1.2369999885559082,1.2192000150680542,1.2167999744415283,1.2167999744415283,0
1842,2011-02-21,1.2062000036239624,1.2151999473571775,1.2151999473571775,1.2151999473571775,0
1843,2011-02-22,1.2151999473571775,1.214900016784668,1.2148000001907349,1.2148000001907349,0
1844,2011-02-23,1.2345000505447388,1.2110999822616575,1.204699993133545,1.2110999822616575,0
1845,2011-02-24,1.2200000286102295,1.2165000438690186,1.2165000438690186,1.2165000438690186,0
1846,2011-02-25,1.2165000438690186,1.216599941253662,1.216599941253662,1.216599941253662,0
1847,2011-02-28,1.2200000286102295,1.2067999839782717,1.2067999839782717,1.2067999839782717,0
1848,2011-03-01,1.2380000352859497,1.207900047302246,1.207900047302246,1.207900047302246,0
1849,2011-03-02,1.225000023841858,1.2064000368118286,1.2064000368118286,1.2064000368118286,0
1850,2011-03-03,1.2200000286102295,1.2055000066757202,1.2055000066757202,1.2055000066757202,0
1851,2011-03-04,1.2100000381469729,1.2036999464035034,1.2036999464035034,1.2036999464035034,0
1852,2011-03-07,1.202399969100952,1.200600028038025,1.200600028038025,1.200600028038025,0
1853,2011-03-08,1.215499997138977,1.2066999673843384,1.205299973487854,1.205299973487854,0
1854,2011-03-09,1.215000033378601,1.2059999704360962,1.2059999704360962,1.2059999704360962,0
1855,2011-03-10,1.2100000381469729,1.2105000019073486,1.2100000381469729,1.2105000019073486,0
1856,2011-03-11,1.2100000381469729,1.215000033378601,1.2122000455856323,1.215000033378601,0
1857,2011-03-14,1.2003999948501587,1.2055000066757202,1.2055000066757202,1.2055000066757202,0
1858,2011-03-15,1.215499997138977,1.2065999507904053,1.2065999507904053,1.2065999507904053,0
1859,2011-03-16,1.2200000286102295,1.1990000009536743,1.1990000009536743,1.1990000009536743,0
1860,2011-03-17,1.2100000381469729,1.1948000192642212,1.1948000192642212,1.1948000192642212,0
1861,2011-03-18,1.2105000019073486,1.1893999576568604,1.1893999576568604,1.1893999576568604,0
1862,2011-03-21,1.1854000091552734,1.1956000328063965,1.1855000257492063,1.1855000257492063,0
1863,2011-03-22,1.1924999952316284,1.1957000494003296,1.1898000240325928,1.1898000240325928,0
1864,2011-03-23,1.1991000175476074,1.1833000183105469,1.1833000183105469,1.1833000183105469,0
1865,2011-03-24,1.190000057220459,1.1958999633789062,1.1958999633789062,1.1958999633789062,0
1866,2011-03-25,1.2100000381469729,1.198199987411499,1.1930999755859375,1.1930999755859375,0
1867,2011-03-28,1.2044999599456787,1.2064000368118286,1.2031999826431274,1.2064000368118286,0
1868,2011-03-29,1.2031999826431274,1.2026000022888184,1.2026000022888184,1.2026000022888184,0
1869,2011-03-30,1.2200000286102295,1.2045999765396118,1.2045999765396118,1.2045999765396118,0
1870,2011-03-31,1.2174999713897705,1.1994999647140503,1.198699951171875,1.198699951171875,0
1871,2011-04-01,1.215000033378601,1.2035000324249268,1.2027000188827517,1.2027000188827517,0
1872,2011-04-04,1.1965999603271484,1.2010999917984009,1.2010999917984009,1.2010999917984009,0
1873,2011-04-05,1.201200008392334,1.2030999660491943,1.2022000551223757,1.2030999660491943,0
1874,2011-04-06,1.215000033378601,1.1986000537872314,1.1986000537872314,1.1986000537872314,0
1875,2011-04-07,1.2100000381469729,1.200600028038025,1.1979999542236328,1.1979999542236328,0
1876,2011-04-08,1.2100000381469729,1.1949000358581543,1.1895999908447266,1.1895999908447266,0
1877,2011-04-11,1.1890000104904177,1.1893999576568604,1.1893999576568604,1.1893999576568604,0
1878,2011-04-12,1.2000000476837158,1.194700002670288,1.190500020980835,1.194700002670288,0
1879,2011-04-13,1.188599944114685,1.1914000511169434,1.1914000511169434,1.1914000511169434,0
1880,2011-04-14,1.2055000066757202,1.1916999816894531,1.1861000061035156,1.1916999816894531,0
1881,2011-04-18,1.180899977684021,1.194499969482422,1.194499969482422,1.194499969482422,0
1882,2011-04-19,1.2100000381469729,1.194100022315979,1.194100022315979,1.194100022315979,0
1883,2011-04-20,1.2105000019073486,1.1866999864578247,1.1866999864578247,1.1866999864578247,0
1884,2011-04-21,1.2000000476837158,1.1815999746322632,1.1794999837875366,1.1794999837875366,0
1885,2011-04-22,1.2000000476837158,1.2000000476837158,1.1794999837875366,1.1794999837875366,0
1886,2011-04-25,1.2000000476837158,1.1854000091552734,1.1854000091552734,1.1854000091552734,0
1887,2011-04-26,1.1924999952316284,1.1775000095367432,1.177299976348877,1.177299976348877,0
1888,2011-04-27,1.190000057220459,1.1756999492645264,1.1720000505447388,1.1720000505447388,0
1889,2011-04-28,1.191499948501587,1.1684999465942385,1.1619999408721924,1.1620999574661257,0
1890,2011-04-29,1.1799999475479126,1.1664999723434448,1.1655000448226929,1.1664999723434448,0
1891,2011-05-02,1.1699999570846558,1.1649999618530271,1.1649999618530271,1.1649999618530271,0
1892,2011-05-03,1.1649999618530271,1.1718000173568726,1.169700026512146,1.169700026512146,0
1893,2011-05-04,1.184999942779541,1.1727999448776243,1.1691999435424805,1.169600009918213,0
1894,2011-05-05,1.1799999475479126,1.1640000343322754,1.1640000343322754,1.1640000343322754,0
1895,2011-05-06,1.1640000343322754,1.1849000453948977,1.170699954032898,1.1849000453948977,0
1896,2011-05-09,1.1864999532699585,1.1812000274658203,1.1787999868392944,1.1812000274658203,0
1897,2011-05-10,1.190000057220459,1.179900050163269,1.179900050163269,1.179900050163269,0
1898,2011-05-11,1.1924999952316284,1.174100041389465,1.174100041389465,1.174100041389465,0
1899,2011-05-12,1.190000057220459,1.1849000453948977,1.1849000453948977,1.1849000453948977,0
1900,2011-05-13,1.1849000453948977,1.184599995613098,1.184599995613098,1.184599995613098,0
1901,2011-05-16,1.1984000205993652,1.1901999711990356,1.1901999711990356,1.1901999711990356,0
1902,2011-05-17,1.2100000381469729,1.1912000179290771,1.1912000179290771,1.1912000179290771,0
1903,2011-05-18,1.1901999711990356,1.1920000314712524,1.1854000091552734,1.1861000061035156,0
1904,2011-05-19,1.2100000381469729,1.1956000328063965,1.1907000541687012,1.1907000541687012,0
1905,2011-05-20,1.2174999713897705,1.1917999982833862,1.191100001335144,1.1917999982833862,0
1906,2011-05-23,1.1988999843597412,1.1998000144958496,1.1998000144958496,1.1998000144958496,0
1907,2011-05-24,1.215000033378601,1.1973999738693235,1.1973999738693235,1.1973999738693235,0
1908,2011-05-25,1.1973999738693235,1.2029000520706177,1.1956000328063965,1.2029000520706177,0
1909,2011-05-26,1.2100000381469729,1.1891000270843506,1.1891000270843506,1.1891000270843506,0
1910,2011-05-27,1.2000000476837158,1.1789000034332275,1.1789000034332275,1.1789000034332275,0
1911,2011-05-30,1.1719000339508057,1.1739000082015991,1.1739000082015991,1.1739000082015991,0
1912,2011-05-31,1.1739000082015991,1.1864999532699585,1.1864999532699585,1.1864999532699585,0
1913,2011-06-01,1.1864999532699585,1.2015000581741333,1.1872999668121338,1.2000000476837158,0
1914,2011-06-02,1.2015000581741333,1.1887999773025513,1.1842000484466553,1.1887999773025513,0
1915,2011-06-03,1.2000000476837158,1.183899998664856,1.183899998664856,1.183899998664856,0
1916,2011-06-06,1.1720000505447388,1.1782000064849854,1.1717000007629397,1.1717000007629397,0
1917,2011-06-07,1.1974999904632568,1.176900029182434,1.176900029182434,1.176900029182434,0
1918,2011-06-08,1.1950000524520874,1.177899956703186,1.177899956703186,1.177899956703186,0
1919,2011-06-09,1.194499969482422,1.1790000200271606,1.1764999628067017,1.177899956703186,0
1920,2011-06-10,1.1974999904632568,1.187600016593933,1.1837999820709229,1.187600016593933,0
1921,2011-06-13,1.1921000480651855,1.1943000555038452,1.1877000331878662,1.1943000555038452,0
1922,2011-06-14,1.2009999752044678,1.184000015258789,1.1819000244140625,1.1819000244140625,0
1923,2011-06-15,1.184000015258789,1.190000057220459,1.1851999759674072,1.1851999759674072,0
1924,2011-06-16,1.190000057220459,1.1966999769210815,1.1966999769210815,1.1966999769210815,0
1925,2011-06-17,1.215000033378601,1.190999984741211,1.190999984741211,1.190999984741211,0
1926,2011-06-20,1.1890000104904177,1.195199966430664,1.1928000450134275,1.195199966430664,0
1927,2011-06-21,1.2100000381469729,1.1881999969482422,1.182600021362305,1.182600021362305,0
1928,2011-06-22,1.2050000429153442,1.1888999938964844,1.1888999938964844,1.1888999938964844,0
1929,2011-06-23,1.2039999961853027,1.1949000358581543,1.1949000358581543,1.1949000358581543,0
1930,2011-06-24,1.2100000381469729,1.194200038909912,1.194200038909912,1.194200038909912,0
1931,2011-06-27,1.196300029754639,1.200700044631958,1.1955000162124634,1.2003999948501587,0
1932,2011-06-28,1.215000033378601,1.194700002670288,1.194700002670288,1.194700002670288,0
1933,2011-06-29,1.2050000429153442,1.1885000467300415,1.1885000467300415,1.1885000467300415,0
1934,2011-06-30,1.2024999856948853,1.1865999698638916,1.1865999698638916,1.1865999698638916,0
1935,2011-07-01,1.183500051498413,1.186900019645691,1.1827000379562378,1.1827000379562378,0
1936,2011-07-04,1.1836999654769895,1.1851999759674072,1.1851999759674072,1.1851999759674072,0
1937,2011-07-05,1.1851999759674072,1.187399983406067,1.187399983406067,1.187399983406067,0
1938,2011-07-06,1.2050000429153442,1.1922999620437622,1.1922999620437622,1.1922999620437622,0
1939,2011-07-07,1.2100000381469729,1.194000005722046,1.194000005722046,1.194000005722046,0
1940,2011-07-08,1.212000012397766,1.1952999830245972,1.1952999830245972,1.1952999830245972,0
1941,2011-07-11,1.1957999467849731,1.2050000429153442,1.1998000144958496,1.2026000022888184,0
1942,2011-07-12,1.2165000438690186,1.2143000364303589,1.2043999433517456,1.211400032043457,0
1943,2011-07-13,1.2200000286102295,1.198300004005432,1.198300004005432,1.198300004005432,0
1944,2011-07-14,1.218500018119812,1.1920000314712524,1.1920000314712524,1.1920000314712524,0
1945,2011-07-15,1.2100000381469729,1.1931999921798706,1.1931999921798706,1.1931999921798706,0
1946,2011-07-18,1.1924999952316284,1.1955000162124634,1.1952999830245972,1.1955000162124634,0
1947,2011-07-19,1.2100000381469729,1.1965999603271484,1.1965999603271484,1.1965999603271484,0
1948,2011-07-20,1.212499976158142,1.225000023841858,1.225000023841858,1.225000023841858,0
1949,2011-07-21,1.194599986076355,1.1927000284194946,1.1888999938964844,1.1888999938964844,0
1950,2011-07-22,1.2074999809265137,1.1628999710083008,1.160599946975708,1.160599946975708,0
1951,2011-07-25,1.16349995136261,1.183500051498413,1.183500051498413,1.183500051498413,0
1952,2011-07-26,1.1974999904632568,1.1792000532150269,1.1727999448776243,1.1727999448776243,0
1953,2011-07-27,1.1950000524520874,1.1792999505996704,1.1792999505996704,1.1792999505996704,0
1954,2011-07-28,1.1955000162124634,1.1891000270843506,1.1857999563217163,1.1881999969482422,0
1955,2011-07-29,1.2024999856948853,1.187199950218201,1.187199950218201,1.187199950218201,0
1956,2011-08-01,1.1740000247955322,1.180500030517578,1.180500030517578,1.180500030517578,0
1957,2011-08-02,1.180500030517578,1.188099980354309,1.183500051498413,1.188099980354309,0
1958,2011-08-03,1.184599995613098,1.188599944114685,1.177899956703186,1.188599944114685,0
1959,2011-08-04,1.1832000017166138,1.1988999843597412,1.1794999837875366,1.1800999641418457,0
1960,2011-08-05,1.1988999843597412,1.1907000541687012,1.190500020980835,1.1907000541687012,0
1961,2011-08-08,1.180799961090088,1.1861000061035156,1.1757999658584597,1.1757999658584597,0
1962,2011-08-09,1.1861000061035156,1.184599995613098,1.184599995613098,1.184599995613098,0
1963,2011-08-10,1.184599995613098,1.180799961090088,1.1770000457763672,1.1777000427246094,0
1964,2011-08-11,1.180799961090088,1.188099980354309,1.188099980354309,1.188099980354309,0
1965,2011-08-12,1.188099980354309,1.1852999925613403,1.1852999925613403,1.1852999925613403,0
1966,2011-08-15,1.1852999925613403,1.1836999654769895,1.1711000204086304,1.1792000532150269,0
1967,2011-08-16,1.1717000007629397,1.1806999444961548,1.1748000383377075,1.1756999492645264,0
1968,2011-08-17,1.1789000034332275,1.1823999881744385,1.1734000444412231,1.1823999881744385,0
1969,2011-08-18,1.1778000593185425,1.1792999505996704,1.1792999505996704,1.1792999505996704,0
1970,2011-08-19,1.1792999505996704,1.180299997329712,1.180299997329712,1.180299997329712,0
1971,2011-08-22,1.1735999584197998,1.177899956703186,1.173200011253357,1.173200011253357,0
1972,2011-08-23,1.1924999952316284,1.1758999824523926,1.1758999824523926,1.1758999824523926,0
1973,2011-08-24,1.190000057220459,1.1763999462127686,1.1763999462127686,1.1763999462127686,0
1974,2011-08-25,1.1924999952316284,1.1792000532150269,1.1792000532150269,1.1792000532150269,0
1975,2011-08-26,1.1875,1.179900050163269,1.179900050163269,1.179900050163269,0
1976,2011-08-29,1.1748000383377075,1.1764999628067017,1.17139995098114,1.17139995098114,0
1977,2011-08-30,1.1890000104904177,1.1800999641418457,1.1800999641418457,1.1800999641418457,0
1978,2011-08-31,1.190000057220459,1.1792000532150269,1.177299976348877,1.177299976348877,0
1979,2011-09-01,1.1924999952316284,1.1858999729156494,1.1858999729156494,1.1858999729156494,0
1980,2011-09-02,1.1924999952316284,1.1875,1.1857000589370728,1.1875,0
1981,2011-09-05,1.1898000240325928,1.1908999681472778,1.1908999681472778,1.1908999681472778,0
1982,2011-09-06,1.1908999681472778,1.1893999576568604,1.1893999576568604,1.1893999576568604,0
1983,2011-09-07,1.215000033378601,1.2007999420166016,1.1933000087738037,1.2007999420166016,0
1984,2011-09-08,1.2100000381469729,1.195199966430664,1.195199966430664,1.195199966430664,0
1985,2011-09-09,1.195199966430664,1.2045999765396118,1.2045999765396118,1.2045999765396118,0
1986,2011-09-12,1.2174999713897705,1.226099967956543,1.2100000381469729,1.226099967956543,0
1987,2011-09-13,1.2100000381469729,1.2093000411987305,1.2093000411987305,1.2093000411987305,0
1988,2011-09-14,1.2093000411987305,1.2200000286102295,1.2020000219345093,1.2200000286102295,0
1989,2011-09-15,1.218999981880188,1.2001999616622925,1.2001999616622925,1.2001999616622925,0
1990,2011-09-16,1.2174999713897705,1.2010999917984009,1.2010999917984009,1.2010999917984009,0
1991,2011-09-19,1.218000054359436,1.2066999673843384,1.2065999507904053,1.2065999507904053,0
1992,2011-09-20,1.2066999673843384,1.2069000005722046,1.2069000005722046,1.2069000005722046,0
1993,2011-09-21,1.2200000286102295,1.2086999416351318,1.2086999416351318,1.2086999416351318,0
1994,2011-09-22,1.2274999618530271,1.2230000495910645,1.2230000495910645,1.2230000495910645,0
1995,2011-09-23,1.2230000495910645,1.2213000059127808,1.2213000059127808,1.2213000059127808,0
1996,2011-09-26,1.2178000211715698,1.215999960899353,1.215999960899353,1.215999960899353,0
1997,2011-09-27,1.2359999418258667,1.215000033378601,1.21150004863739,1.215000033378601,0
1998,2011-09-28,1.2300000190734863,1.2079999446868896,1.2079999446868896,1.2079999446868896,0
1999,2011-09-29,1.2274999618530271,1.2122000455856323,1.211300015449524,1.2122000455856323,0
2000,2011-09-30,1.211300015449524,1.216099977493286,1.215399980545044,1.215399980545044,0
2001,2011-10-03,1.2350000143051147,1.2201999425888062,1.2201999425888062,1.2201999425888062,0
2002,2011-10-04,1.2400000095367432,1.229099988937378,1.229099988937378,1.229099988937378,0
2003,2011-10-05,1.214100003242493,1.2288999557495115,1.222499966621399,1.222499966621399,0
2004,2011-10-06,1.2400000095367432,1.2244000434875488,1.2228000164031982,1.2229000329971311,0
2005,2011-10-07,1.25,1.2180999517440796,1.2180999517440796,1.2180999517440796,0
2006,2011-10-10,1.212399959564209,1.2109999656677246,1.2109999656677246,1.2109999656677246,0
2007,2011-10-11,1.2109999656677246,1.2105000019073486,1.2105000019073486,1.2105000019073486,0
2008,2011-10-12,1.2070000171661377,1.2101000547409058,1.2101000547409058,1.2101000547409058,0
2009,2011-10-13,1.225000023841858,1.208899974822998,1.208899974822998,1.208899974822998,0
2010,2011-10-14,1.2274999618530271,1.2103999853134155,1.2103999853134155,1.2103999853134155,0
2011,2011-10-17,1.2044999599456787,1.2066999673843384,1.2026000022888184,1.204800009727478,0
2012,2011-10-18,1.222499966621399,1.205600023269653,1.205600023269653,1.205600023269653,0
2013,2011-10-19,1.205600023269653,1.2200000286102295,1.205399990081787,1.205399990081787,0
2014,2011-10-20,1.2200000286102295,1.2071000337600708,1.2065000534057615,1.2065000534057615,0
2015,2011-10-21,1.2071000337600708,1.2075999975204468,1.2003999948501587,1.2075999975204468,0
2016,2011-10-24,1.1887999773025513,1.2001999616622925,1.1995999813079834,1.2001999616622925,0
2017,2011-10-25,1.2200000286102295,1.1958999633789062,1.1958999633789062,1.1958999633789062,0
2018,2011-10-26,1.2100000381469729,1.1996999979019165,1.1996999979019165,1.1996999979019165,0
2019,2011-10-27,1.212499976158142,1.193600058555603,1.193600058555603,1.193600058555603,0
2020,2011-10-28,1.2100000381469729,1.188599944114685,1.188599944114685,1.188599944114685,0
2021,2011-10-31,1.1892000436782837,1.200700044631958,1.2002999782562256,1.2002999782562256,0
2022,2011-11-01,1.200700044631958,1.2217999696731567,1.2100000381469729,1.2217999696731567,0
2023,2011-11-02,1.2100000381469729,1.2049000263214111,1.2049000263214111,1.2049000263214111,0
2024,2011-11-03,1.2049000263214111,1.2024999856948853,1.2024999856948853,1.2024999856948853,0
2025,2011-11-04,1.2024999856948853,1.20360004901886,1.20360004901886,1.20360004901886,0
2026,2011-11-07,1.205899953842163,1.2135000228881836,1.2049000263214111,1.2135000228881836,0
2027,2011-11-08,1.2174999713897705,1.2044999599456787,1.2044999599456787,1.2044999599456787,0
2028,2011-11-09,1.215000033378601,1.2094000577926636,1.2094000577926636,1.2094000577926636,0
2029,2011-11-10,1.2094000577926636,1.2091000080108645,1.2091000080108645,1.2091000080108645,0
2030,2011-11-11,1.225000023841858,1.208799958229065,1.2065999507904053,1.208799958229065,0
2031,2011-11-14,1.1988999843597412,1.2080999612808228,1.1990000009536743,1.1990000009536743,0
2032,2011-11-15,1.2075999975204468,1.21150004863739,1.21150004863739,1.21150004863739,0
2033,2011-11-16,1.21150004863739,1.214400053024292,1.214400053024292,1.214400053024292,0
2034,2011-11-17,1.214400053024292,1.2170000076293943,1.2170000076293943,1.2170000076293943,0
2035,2011-11-18,1.2170000076293943,1.210800051689148,1.210800051689148,1.210800051689148,0
2036,2011-11-21,1.2156000137329102,1.216599941253662,1.216599941253662,1.216599941253662,0
2037,2011-11-22,1.216599941253662,1.2037999629974363,1.2037999629974363,1.2037999629974363,0
2038,2011-11-23,1.2037999629974363,1.2192000150680542,1.2192000150680542,1.2192000150680542,0
2039,2011-11-24,1.2192000150680542,1.2194000482559204,1.2194000482559204,1.2194000482559204,0
2040,2011-11-25,1.2194000482559204,1.2253999710083008,1.2253999710083008,1.2253999710083008,0
2041,2011-11-28,1.226099967956543,1.219599962234497,1.2015000581741333,1.219599962234497,0
2042,2011-11-29,1.2079999446868896,1.2060999870300293,1.2049000263214111,1.2049000263214111,0
2043,2011-11-30,1.2060999870300293,1.2222000360488892,1.2222000360488892,1.2222000360488892,0
2044,2011-12-01,1.2222000360488892,1.2178000211715698,1.2094000577926636,1.2094000577926636,0
2045,2011-12-02,1.2178000211715698,1.2163000106811523,1.2137000560760498,1.2163000106811523,0
2046,2011-12-05,1.2264000177383425,1.2187999486923218,1.2187999486923218,1.2187999486923218,0
2047,2011-12-06,1.2400000095367432,1.219099998474121,1.219099998474121,1.219099998474121,0
2048,2011-12-07,1.2424999475479126,1.2204999923706057,1.2204999923706057,1.2204999923706057,0
2049,2011-12-08,1.25,1.2187999486923218,1.2187999486923218,1.2187999486923218,0
2050,2011-12-09,1.2400000095367432,1.2182999849319458,1.2180999517440796,1.2182999849319458,0
2051,2011-12-12,1.2216999530792236,1.2243000268936155,1.2020000219345093,1.2243000268936155,0
2052,2011-12-13,1.2400000095367432,1.2073999643325806,1.202399969100952,1.2073999643325806,0
2053,2011-12-14,1.25,1.2021000385284424,1.2021000385284424,1.2021000385284424,0
2054,2011-12-15,1.2400000095367432,1.2009999752044678,1.1992000341415403,1.2009999752044678,0
2055,2011-12-16,1.1992000341415403,1.2015000581741333,1.1979000568389893,1.1988999843597412,0
2056,2011-12-19,1.2002999782562256,1.2338000535964966,1.2338000535964966,1.2338000535964966,0
2057,2011-12-20,1.247499942779541,1.2344000339508057,1.2344000339508057,1.2344000339508057,0
2058,2011-12-21,1.2675000429153442,1.2021000385284424,1.2021000385284424,1.2021000385284424,0
2059,2011-12-22,1.2021000385284424,1.2009999752044678,1.2009999752044678,1.2009999752044678,0
2060,2011-12-23,1.2599999904632568,1.2301000356674194,1.1993999481201172,1.1993999481201172,0
2061,2011-12-26,1.2669999599456787,1.2319999933242798,1.2319999933242798,1.2319999933242798,0
2062,2011-12-27,1.2319999933242798,1.2302000522613523,1.2302000522613523,1.2302000522613523,0
2063,2011-12-28,1.2549999952316284,1.2021000385284424,1.2021000385284424,1.2021000385284424,0
2064,2011-12-29,1.25,1.2014000415802002,1.2014000415802002,1.2014000415802002,0
2065,2011-12-30,1.1965999603271484,1.235100030899048,1.235100030899048,1.235100030899048,0
2066,2012-01-02,1.2333999872207642,1.2021000385284424,1.2021000385284424,1.2021000385284424,0
2067,2012-01-03,1.2021000385284424,1.2022000551223757,1.1966999769210815,1.1966999769210815,0
2068,2012-01-04,1.2022000551223757,1.2029000520706177,1.201799988746643,1.2029000520706177,0
2069,2012-01-05,1.201799988746643,1.2066999673843384,1.2020000219345093,1.2066999673843384,0
2070,2012-01-06,1.252500057220459,1.2072999477386477,1.2014000415802002,1.2072999477386477,0
2071,2012-01-09,1.2093000411987305,1.201300024986267,1.201300024986267,1.201300024986267,0
2072,2012-01-10,1.2599999904632568,1.2019000053405762,1.2019000053405762,1.2019000053405762,0
2073,2012-01-11,1.2549999952316284,1.2020000219345093,1.2020000219345093,1.2020000219345093,0
2074,2012-01-12,1.2599999904632568,1.2015000581741333,1.2015000581741333,1.2015000581741333,0
2075,2012-01-13,1.25,1.202299952507019,1.202299952507019,1.202299952507019,0
2076,2012-01-16,1.21150004863739,1.2010999917984009,1.2010999917984009,1.2010999917984009,0
2077,2012-01-17,1.2010999917984009,1.201799988746643,1.201799988746643,1.201799988746643,0
2078,2012-01-18,1.2649999856948853,1.202399969100952,1.202399969100952,1.202399969100952,0
2079,2012-01-19,1.2599999904632568,1.2028000354766846,1.2028000354766846,1.2028000354766846,0
2080,2012-01-20,1.196300029754639,1.200700044631958,1.200700044631958,1.200700044631958,0
2081,2012-01-23,1.1979000568389893,1.2030999660491943,1.2022000551223757,1.2030999660491943,0
2082,2012-01-24,1.25,1.2549999952316284,1.2015000581741333,1.2015000581741333,0
2083,2012-01-25,1.2549999952316284,1.2575000524520874,1.201300024986267,1.201300024986267,0
2084,2012-01-26,1.2575000524520874,1.201799988746643,1.201799988746643,1.201799988746643,0
2085,2012-01-27,1.2015000581741333,1.2400000095367432,1.2022000551223757,1.2400000095367432,0
2086,2012-01-30,1.194700002670288,1.2022000551223757,1.2022000551223757,1.2022000551223757,0
2087,2012-01-31,1.2015000581741333,1.215499997138977,1.1921000480651855,1.215499997138977,0
2088,2012-02-01,1.215000033378601,1.215499997138977,1.1921000480651855,1.215499997138977,0
2089,2012-02-02,1.212499976158142,1.1920000314712524,1.1920000314712524,1.1920000314712524,0
2090,2012-02-03,1.2200000286102295,1.19760000705719,1.19760000705719,1.19760000705719,0
2091,2012-02-06,1.1978000402450562,1.2022000551223757,1.2022000551223757,1.2022000551223757,0
2092,2012-02-07,1.222499966621399,1.2005000114440918,1.2005000114440918,1.2005000114440918,0
2093,2012-02-08,1.225000023841858,1.225000023841858,1.2029000520706177,1.2029000520706177,0
2094,2012-02-09,1.2044999599456787,1.2024999856948853,1.2024999856948853,1.2024999856948853,0
2095,2012-02-10,1.222499966621399,1.2235000133514404,1.2235000133514404,1.2235000133514404,0
2096,2012-02-13,1.2267999649047852,1.2231999635696411,1.222499966621399,1.2231999635696411,0
2097,2012-02-14,1.225000023841858,1.225600004196167,1.225600004196167,1.225600004196167,0
2098,2012-02-15,1.2200000286102295,1.2288000583648682,1.2280000448226929,1.2288000583648682,0
2099,2012-02-16,1.2200000286102295,1.2345000505447388,1.2345000505447388,1.2345000505447388,0
2100,2012-02-17,1.225000023841858,1.2288999557495115,1.225000023841858,1.2288999557495115,0
2101,2012-02-20,1.2276999950408936,1.229099988937378,1.229099988937378,1.229099988937378,0
2102,2012-02-21,1.2311999797821045,1.2315000295639038,1.225499987602234,1.2315000295639038,0
2103,2012-02-22,1.225499987602234,1.2288000583648682,1.2240999937057495,1.2240999937057495,0
2104,2012-02-23,1.225499987602234,1.2258000373840332,1.2258000373840332,1.2258000373840332,0
2105,2012-02-24,1.225000023841858,1.2216999530792236,1.2216999530792236,1.2216999530792236,0
2106,2012-02-27,1.2187000513076782,1.2201000452041626,1.2201000452041626,1.2201000452041626,0
2107,2012-02-28,1.222499966621399,1.2204999923706057,1.2204999923706057,1.2204999923706057,0
2108,2012-02-29,1.215000033378601,1.2196999788284302,1.2196999788284302,1.2196999788284302,0
2109,2012-03-01,1.215000033378601,1.2237000465393066,1.215000033378601,1.2237000465393066,0
2110,2012-03-02,1.215499997138977,1.2301000356674194,1.215499997138977,1.2301000356674194,0
2111,2012-03-05,1.232200026512146,1.232100009918213,1.212499976158142,1.232100009918213,0
2112,2012-03-06,1.2174999713897705,1.231600046157837,1.231600046157837,1.231600046157837,0
2113,2012-03-07,1.215000033378601,1.2316999435424805,1.215000033378601,1.2316999435424805,0
2114,2012-03-08,1.2174999713897705,1.2289999723434448,1.2165000438690186,1.2289999723434448,0
2115,2012-03-09,1.2174999713897705,1.2303999662399292,1.2174999713897705,1.2303999662399292,0
2116,2012-03-12,1.215000033378601,1.2352999448776243,1.215000033378601,1.2352999448776243,0
2117,2012-03-13,1.2200000286102295,1.2338000535964966,1.2200000286102295,1.2338000535964966,0
2118,2012-03-14,1.225000023841858,1.2338000535964966,1.2338000535964966,1.2338000535964966,0
2119,2012-03-15,1.225499987602234,1.2407000064849854,1.225499987602234,1.2407000064849854,0
2120,2012-03-16,1.225000023841858,1.2382999658584597,1.225000023841858,1.2382999658584597,0
2121,2012-03-19,1.2288999557495115,1.2330000400543213,1.2200000286102295,1.2330000400543213,0
2122,2012-03-20,1.222000002861023,1.2336000204086304,1.222000002861023,1.2336000204086304,0
2123,2012-03-21,1.222499966621399,1.2331000566482544,1.222000002861023,1.2331000566482544,0
2124,2012-03-22,1.222000002861023,1.2331000566482544,1.222000002861023,1.2331000566482544,0
2125,2012-03-23,1.221500039100647,1.2333999872207642,1.221500039100647,1.2333999872207642,0
2126,2012-03-26,1.229699969291687,1.2300000190734863,1.222499966621399,1.2300000190734863,0
2127,2012-03-27,1.222499966621399,1.226199984550476,1.222000002861023,1.226199984550476,0
2128,2012-03-28,1.222499966621399,1.2264000177383425,1.222499966621399,1.2264000177383425,0
2129,2012-03-29,1.222499966621399,1.2280000448226929,1.222499966621399,1.2280000448226929,0
2130,2012-03-30,1.222499966621399,1.2245999574661257,1.222499966621399,1.2245999574661257,0
2131,2012-04-02,1.2242000102996826,1.225200057029724,1.2230000495910645,1.225200057029724,0
2132,2012-04-03,1.225000023841858,1.2285000085830688,1.225499987602234,1.225499987602234,0
2133,2012-04-04,1.225499987602234,1.225499987602234,1.225000023841858,1.2253999710083008,0
2134,2012-04-05,1.225499987602234,1.225499987602234,1.2249000072479248,1.2249000072479248,0
2135,2012-04-06,1.2200000286102295,1.2200000286102295,1.2200000286102295,1.2200000286102295,0
2136,2012-04-09,1.2226999998092651,1.2200000286102295,1.2200000286102295,1.2200000286102295,0
2137,2012-04-10,1.225000023841858,1.225499987602234,1.225000023841858,1.225100040435791,0
2138,2012-04-11,1.225499987602234,1.225600004196167,1.225000023841858,1.225600004196167,0
2139,2012-04-12,1.225499987602234,1.225499987602234,1.2247999906539917,1.2247999906539917,0
2140,2012-04-13,1.225000023841858,1.225499987602234,1.225000023841858,1.225499987602234,0
2141,2012-04-16,1.233199954032898,1.225499987602234,1.225000023841858,1.225000023841858,0
2142,2012-04-17,1.225000023841858,1.2252999544143677,1.225000023841858,1.2252999544143677,0
2143,2012-04-18,1.225499987602234,1.2263000011444092,1.2247999906539917,1.225200057029724,0
2144,2012-04-19,1.225499987602234,1.2273999452590942,1.225200057029724,1.225200057029724,0
2145,2012-04-20,1.225000023841858,1.225499987602234,1.225000023841858,1.225200057029724,0
2146,2012-04-23,1.2222000360488892,1.225499987602234,1.225000023841858,1.225499987602234,0
2147,2012-04-24,1.225000023841858,1.2276999950408936,1.225000023841858,1.2276999950408936,0
2148,2012-04-25,1.225499987602234,1.226699948310852,1.225000023841858,1.226699948310852,0
2149,2012-04-26,1.225000023841858,1.2257000207901,1.2200000286102295,1.2257000207901,0
2150,2012-04-27,1.2275999784469604,1.2238999605178833,1.2204999923706057,1.2238999605178833,0
2151,2012-04-30,1.22160005569458,1.2236000299453735,1.2200000286102295,1.2213000059127808,0
2152,2012-05-01,1.219499945640564,1.221500039100647,1.219499945640564,1.219499945640564,0
2153,2012-05-02,1.221500039100647,1.2226999998092651,1.222000002861023,1.2226999998092651,0
2154,2012-05-03,1.2200000286102295,1.2218999862670898,1.2200000286102295,1.2218999862670898,0
2155,2012-05-04,1.2204999923706057,1.2222000360488892,1.2200000286102295,1.2201000452041626,0
2156,2012-05-07,1.2267999649047852,1.2302000522613523,1.2174999713897705,1.2302000522613523,0
2157,2012-05-08,1.2174999713897705,1.2301000356674194,1.2301000356674194,1.2301000356674194,0
2158,2012-05-09,1.2301000356674194,1.232100009918213,1.2174999713897705,1.232100009918213,0
2159,2012-05-10,1.218000054359436,1.2346999645233154,1.2174999713897705,1.2346999645233154,0
2160,2012-05-11,1.218500018119812,1.2339999675750732,1.218500018119812,1.2339999675750732,0
2161,2012-05-14,1.235700011253357,1.258999943733215,1.2346999645233154,1.2346999645233154,0
2162,2012-05-15,1.225000023841858,1.2345000505447388,1.225000023841858,1.2345000505447388,0
2163,2012-05-16,1.222499966621399,1.2343000173568726,1.221500039100647,1.2343000173568726,0
2164,2012-05-17,1.2204999923706057,1.2347999811172483,1.222499966621399,1.2315000295639038,0
2165,2012-05-18,1.2350000143051147,1.232800006866455,1.222499966621399,1.232800006866455,0
2166,2012-05-21,1.2257000207901,1.2340999841690063,1.2223000526428225,1.2244000434875488,0
2167,2012-05-22,1.2301000356674194,1.242400050163269,1.2239999771118164,1.242400050163269,0
2168,2012-05-23,1.2497999668121338,1.2457000017166138,1.222499966621399,1.2457000017166138,0
2169,2012-05-24,1.2244000434875488,1.2552000284194946,1.2244000434875488,1.2552000284194946,0
2170,2012-05-25,1.252500057220459,1.2490999698638916,1.2244999408721924,1.2490999698638916,0
2171,2012-05-28,1.2547999620437622,1.2519999742507937,1.2472000122070312,1.2472000122070312,0
2172,2012-05-29,1.2559000253677368,1.2563999891281128,1.2240999937057495,1.2563999891281128,0
2173,2012-05-30,1.2549999952316284,1.2515000104904177,1.2324999570846558,1.2345000505447388,0
2174,2012-05-31,1.2603000402450562,1.2551000118255615,1.2374999523162842,1.2374999523162842,0
2175,2012-06-01,1.2589000463485718,1.2584999799728394,1.2395000457763672,1.2584999799728394,0
2176,2012-06-04,1.247599959373474,1.2544000148773191,1.2384999990463257,1.2496000528335571,0
2177,2012-06-05,1.2481000423431396,1.2549999952316284,1.2235000133514404,1.2549999952316284,0
2178,2012-06-06,1.253100037574768,1.2526999711990356,1.222499966621399,1.2526999711990356,0
2179,2012-06-07,1.2452000379562378,1.2516000270843506,1.2274999618530271,1.2516000270843506,0
2180,2012-06-08,1.253499984741211,1.261199951171875,1.225499987602234,1.261199951171875,0
2181,2012-06-11,1.248900055885315,1.250599980354309,1.250599980354309,1.250599980354309,0
2182,2012-06-12,1.259600043296814,1.2526999711990356,1.2239999771118164,1.2526999711990356,0
2183,2012-06-13,1.2523000240325928,1.2519999742507937,1.222499966621399,1.2519999742507937,0
2184,2012-06-14,1.2483999729156494,1.2503999471664429,1.2244999408721924,1.25,0
2185,2012-06-15,1.24399995803833,1.25,1.2235000133514404,1.25,0
2186,2012-06-18,1.2460999488830566,1.2511999607086182,1.2246999740600586,1.239799976348877,0
2187,2012-06-19,1.2551000118255615,1.249699950218201,1.2252999544143677,1.249699950218201,0
2188,2012-06-20,1.2424999475479126,1.249899983406067,1.225000023841858,1.249899983406067,0
2189,2012-06-21,1.2487000226974487,1.250499963760376,1.225499987602234,1.250499963760376,0
2190,2012-06-22,1.2246999740600586,1.2630000114440918,1.2244999408721924,1.2630000114440918,0
2191,2012-06-25,1.2480000257492063,1.2523000240325928,1.25,1.2523000240325928,0
2192,2012-06-26,1.2481000423431396,1.2325999736785889,1.225000023841858,1.2325999736785889,0
2193,2012-06-27,1.2331000566482544,1.2325999736785889,1.2265000343322754,1.2325999736785889,0
2194,2012-06-28,1.2352999448776243,1.2331000566482544,1.225000023841858,1.2331000566482544,0
2195,2012-06-29,1.2314000129699707,1.2335000038146973,1.2324999570846558,1.233199954032898,0
2196,2012-07-02,1.225100040435791,1.2345000505447388,1.229200005531311,1.229200005531311,0
2197,2012-07-03,1.2345000505447388,1.2345000505447388,1.2325999736785889,1.2325999736785889,0
2198,2012-07-04,1.2305999994277954,1.2331000566482544,1.2331000566482544,1.2331000566482544,0
2199,2012-07-05,1.236600041389465,1.2350000143051147,1.232800006866455,1.232800006866455,0
2200,2012-07-06,1.2454999685287476,1.2404999732971191,1.2329000234603882,1.2329000234603882,0
2201,2012-07-09,1.2417000532150269,1.2424999475479126,1.232699990272522,1.2419999837875366,0
2202,2012-07-10,1.2315000295639038,1.2454999685287476,1.2325999736785889,1.2325999736785889,0
2203,2012-07-11,1.2386000156402588,1.24399995803833,1.232300043106079,1.232300043106079,0
2204,2012-07-12,1.2373000383377075,1.249500036239624,1.2445000410079956,1.249500036239624,0
2205,2012-07-13,1.2482000589370728,1.2506999969482422,1.2450000047683716,1.2506999969482422,0
2206,2012-07-16,1.2448999881744385,1.2491999864578247,1.2450000047683716,1.2460999488830566,0
2207,2012-07-17,1.2404999732971191,1.2490999698638916,1.243499994277954,1.2490999698638916,0
2208,2012-07-18,1.2487000226974487,1.250100016593933,1.246500015258789,1.250100016593933,0
2209,2012-07-19,1.2444000244140625,1.2515000104904177,1.246999979019165,1.249899983406067,0
2210,2012-07-20,1.2518999576568604,1.249400019645691,1.2454999685287476,1.249400019645691,0
2211,2012-07-23,1.257200002670288,1.260800004005432,1.2446999549865725,1.260699987411499,0
2212,2012-07-24,1.2509000301361084,1.2484999895095823,1.2454999685287476,1.2484999895095823,0
2213,2012-07-25,1.2520999908447266,1.246999979019165,1.2424999475479126,1.246999979019165,0
2214,2012-07-26,1.2487000226974487,1.2467999458312988,1.243499994277954,1.2467999458312988,0
2215,2012-07-27,1.2436000108718872,1.250499963760376,1.2454999685287476,1.250499963760376,0
2216,2012-07-30,1.2483999729156494,1.249699950218201,1.246000051498413,1.249699950218201,0
2217,2012-07-31,1.2497999668121338,1.249500036239624,1.2454999685287476,1.249500036239624,0
2218,2012-08-01,1.2476999759674072,1.249699950218201,1.246000051498413,1.249699950218201,0
2219,2012-08-02,1.2577999830245972,1.250100016593933,1.246000051498413,1.249400019645691,0
2220,2012-08-03,1.2583999633789062,1.249400019645691,1.2450000047683716,1.249400019645691,0
2221,2012-08-06,1.239400029182434,1.249699950218201,1.2450000047683716,1.249699950218201,0
2222,2012-08-07,1.2454999685287476,1.2497999668121338,1.2450000047683716,1.2497999668121338,0
2223,2012-08-08,1.2450000047683716,1.249400019645691,1.2450000047683716,1.249400019645691,0
2224,2012-08-09,1.2488000392913818,1.2454999685287476,1.2405999898910522,1.2405999898910522,0
2225,2012-08-10,1.2419999837875366,1.2454999685287476,1.2414000034332275,1.2414000034332275,0
2226,2012-08-13,1.239199995994568,1.2445000410079956,1.2414000034332275,1.2414000034332275,0
2227,2012-08-14,1.2417999505996704,1.2445000410079956,1.2415000200271606,1.2415000200271606,0
2228,2012-08-15,1.2445000410079956,1.2445000410079956,1.2407000064849854,1.2410999536514282,0
2229,2012-08-16,1.241199970245361,1.2454999685287476,1.2405999898910522,1.2405999898910522,0
2230,2012-08-17,1.247499942779541,1.249500036239624,1.2417000532150269,1.2417000532150269,0
2231,2012-08-20,1.243899941444397,1.247499942779541,1.241199970245361,1.241199970245361,0
2232,2012-08-21,1.238700032234192,1.2412999868392944,1.2360999584197998,1.2360999584197998,0
2233,2012-08-22,1.2359999418258667,1.2417999505996704,1.2417999505996704,1.2417999505996704,0
2234,2012-08-23,1.2343000173568726,1.242900013923645,1.242900013923645,1.242900013923645,0
2235,2012-08-24,1.240399956703186,1.2419999837875366,1.2419999837875366,1.2419999837875366,0
2236,2012-08-27,1.2426999807357788,1.2414000034332275,1.2414000034332275,1.2414000034332275,0
2237,2012-08-28,1.2443000078201294,1.2421000003814695,1.2421000003814695,1.2421000003814695,0
2238,2012-08-29,1.239400029182434,1.2414000034332275,1.2414000034332275,1.2414000034332275,0
2239,2012-08-30,1.2443000078201294,1.2417000532150269,1.2416000366210938,1.2416000366210938,0
2240,2012-08-31,1.2450000047683716,1.2421000003814695,1.241199970245361,1.2421000003814695,0
2241,2012-09-03,1.242400050163269,1.2417000532150269,1.2417000532150269,1.2417000532150269,0
2242,2012-09-04,1.239799976348877,1.2416000366210938,1.2415000200271606,1.2416000366210938,0
2243,2012-09-05,1.243399977684021,1.2417000532150269,1.2416000366210938,1.2416000366210938,0
2244,2012-09-06,1.236199975013733,1.2417000532150269,1.2414000034332275,1.2417000532150269,0
2245,2012-09-07,1.23989999294281,1.249899983406067,1.2416000366210938,1.2416000366210938,0
2246,2012-09-10,1.2378000020980835,1.250599980354309,1.2402000427246094,1.2402000427246094,0
2247,2012-09-11,1.2532000541687012,1.250599980354309,1.250599980354309,1.250599980354309,0
2248,2012-09-12,1.2450000047683716,1.250599980354309,1.250599980354309,1.250599980354309,0
2249,2012-09-13,1.2525999546051023,1.250599980354309,1.246999979019165,1.250599980354309,0
2250,2012-09-14,1.2431000471115112,1.249699950218201,1.239400029182434,1.239400029182434,0
2251,2012-09-17,1.2480000257492063,1.2515000104904177,1.246999979019165,1.2511999607086182,0
2252,2012-09-18,1.2515000104904177,1.2515000104904177,1.246999979019165,1.2515000104904177,0
2253,2012-09-19,1.252900004386902,1.250499963760376,1.246999979019165,1.250499963760376,0
2254,2012-09-20,1.2467999458312988,1.247499942779541,1.2295000553131104,1.2295000553131104,0
2255,2012-09-21,1.2282999753952026,1.246999979019165,1.2271000146865845,1.2271000146865845,0
2256,2012-09-24,1.2302000522613523,1.246999979019165,1.2279000282287598,1.2279000282287598,0
2257,2012-09-25,1.2395000457763672,1.2395000457763672,1.2279000282287598,1.2279000282287598,0
2258,2012-09-26,1.2288999557495115,1.2389999628067017,1.2281999588012695,1.2281999588012695,0
2259,2012-09-27,1.2273999452590942,1.2374999523162842,1.2265000343322754,1.2265000343322754,0
2260,2012-09-28,1.2236000299453735,1.2288999557495115,1.2288999557495115,1.2288999557495115,0
2261,2012-10-01,1.2345000505447388,1.2374999523162842,1.2282999753952026,1.2282999753952026,0
2262,2012-10-02,1.2294000387191772,1.2369999885559082,1.2282999753952026,1.2282999753952026,0
2263,2012-10-03,1.2285000085830688,1.2354999780654907,1.2281999588012695,1.2281999588012695,0
2264,2012-10-04,1.2281999588012695,1.2380000352859497,1.2245999574661257,1.2272000312805176,0
2265,2012-10-05,1.2374999523162842,1.2374999523162842,1.2283999919891355,1.2283999919891355,0
2266,2012-10-08,1.225600004196167,1.2283999919891355,1.2283999919891355,1.2283999919891355,0
2267,2012-10-09,1.2268999814987185,1.2384999990463257,1.2279000282287598,1.2279000282287598,0
2268,2012-10-10,1.233199954032898,1.2384999990463257,1.2235000133514404,1.2235000133514404,0
2269,2012-10-11,1.2228000164031982,1.2384999990463257,1.223099946975708,1.223099946975708,0
2270,2012-10-12,1.2218999862670898,1.2374999523162842,1.2239999771118164,1.2239999771118164,0
2271,2012-10-15,1.2249000072479248,1.2369999885559082,1.2231999635696411,1.2231999635696411,0
2272,2012-10-16,1.2246999740600586,1.2369999885559082,1.2237000465393066,1.2237000465393066,0
2273,2012-10-17,1.2163000106811523,1.2369999885559082,1.2235000133514404,1.2235000133514404,0
2274,2012-10-18,1.2238999605178833,1.2374999523162842,1.2240999937057495,1.2244000434875488,0
2275,2012-10-19,1.2276999950408936,1.2374999523162842,1.2238999605178833,1.2374999523162842,0
2276,2012-10-22,1.2259000539779663,1.2239999771118164,1.223399996757507,1.223399996757507,0
2277,2012-10-23,1.2239999771118164,1.2374999523162842,1.228600025177002,1.228600025177002,0
2278,2012-10-24,1.2307000160217283,1.223399996757507,1.2232999801635742,1.223399996757507,0
2279,2012-10-25,1.2203999757766724,1.2374999523162842,1.223399996757507,1.223399996757507,0
2280,2012-10-26,1.2288000583648682,1.2374999523162842,1.223099946975708,1.2310999631881714,0
2281,2012-10-29,1.2194000482559204,1.2232999801635742,1.2232999801635742,1.2232999801635742,0
2282,2012-10-30,1.222499966621399,1.2230000495910645,1.2230000495910645,1.2230000495910645,0
2283,2012-10-31,1.221500039100647,1.2235000133514404,1.2235000133514404,1.2235000133514404,0
2284,2012-11-01,1.2281999588012695,1.2295000553131104,1.2194000482559204,1.2194000482559204,0
2285,2012-11-02,1.221500039100647,1.2289999723434448,1.2193000316619873,1.226199984550476,0
2286,2012-11-05,1.2237000465393066,1.2269999980926514,1.218999981880188,1.219099998474121,0
2287,2012-11-06,1.2182999849319458,1.2274999618530271,1.219099998474121,1.219099998474121,0
2288,2012-11-07,1.2186000347137451,1.2274999618530271,1.2196999788284302,1.2196999788284302,0
2289,2012-11-08,1.2231999635696411,1.2274999618530271,1.218999981880188,1.2274999618530271,0
2290,2012-11-09,1.219099998474121,1.225499987602234,1.218500018119812,1.218500018119812,0
2291,2012-11-12,1.219499945640564,1.2194000482559204,1.2194000482559204,1.2194000482559204,0
2292,2012-11-13,1.2193000316619873,1.243000030517578,1.225000023841858,1.243000030517578,0
2293,2012-11-14,1.2450000047683716,1.2436000108718872,1.225000023841858,1.2436000108718872,0
2294,2012-11-15,1.2440999746322632,1.2388999462127686,1.2265000343322754,1.238800048828125,0
2295,2012-11-16,1.225000023841858,1.2383999824523926,1.225000023841858,1.2383999824523926,0
2296,2012-11-19,1.2378000020980835,1.2395000457763672,1.2353999614715576,1.2353999614715576,0
2297,2012-11-20,1.2382999658584597,1.2404999732971191,1.2384999990463257,1.2384999990463257,0
2298,2012-11-21,1.2384999990463257,1.2395000457763672,1.2386000156402588,1.2386000156402588,0
2299,2012-11-22,1.236299991607666,1.2384999990463257,1.2383999824523926,1.2384999990463257,0
2300,2012-11-23,1.2381999492645264,1.239199995994568,1.2384999990463257,1.239199995994568,0
2301,2012-11-26,1.2317999601364136,1.2389999628067017,1.238800048828125,1.238800048828125,0
2302,2012-11-27,1.235200047492981,1.2383999824523926,1.2374999523162842,1.2383999824523926,0
2303,2012-11-28,1.239799976348877,1.2383999824523926,1.2295000553131104,1.2383999824523926,0
2304,2012-11-29,1.2280000448226929,1.2383999824523926,1.2383999824523926,1.2383999824523926,0
2305,2012-11-30,1.2395000457763672,1.238800048828125,1.2285000085830688,1.238800048828125,0
2306,2012-12-03,1.2389999628067017,1.238800048828125,1.2285000085830688,1.238800048828125,0
2307,2012-12-05,1.2379000186920166,1.2395000457763672,1.2274999618530271,1.2395000457763672,0
2308,2012-12-06,1.2400000095367432,1.2386000156402588,1.2274999618530271,1.2386000156402588,0
2309,2012-12-07,1.2265000343322754,1.238700032234192,1.2274999618530271,1.238700032234192,0
2310,2012-12-10,1.2389999628067017,1.238700032234192,1.2274999618530271,1.238700032234192,0
2311,2012-12-11,1.2359000444412231,1.2390999794006348,1.2274999618530271,1.2390999794006348,0
2312,2012-12-12,1.2374999523162842,1.2382999658584597,1.2274999618530271,1.2382999658584597,0
2313,2012-12-13,1.2345000505447388,1.2386000156402588,1.2285000085830688,1.2386000156402588,0
2314,2012-12-14,1.2376999855041504,1.239199995994568,1.2285000085830688,1.2285000085830688,0
2315,2012-12-17,1.232200026512146,1.2388999462127686,1.2274999618530271,1.232699990272522,0
2316,2012-12-18,1.2384999990463257,1.238700032234192,1.2274999618530271,1.238700032234192,0
2317,2012-12-19,1.235100030899048,1.2395999431610107,1.2395999431610107,1.2395999431610107,0
2318,2012-12-20,1.222499966621399,1.239300012588501,1.239300012588501,1.239300012588501,0
2319,2012-12-21,1.2403000593185425,1.238700032234192,1.2235000133514404,1.238700032234192,0
2320,2012-12-24,1.2265000343322754,1.2389999628067017,1.2265000343322754,1.2389999628067017,0
2321,2012-12-25,1.2265000343322754,1.2424999475479126,1.2265000343322754,1.2389999628067017,0
2322,2012-12-26,1.2426999807357788,1.2265000343322754,1.2265000343322754,1.2265000343322754,0
2323,2012-12-27,1.2204999923706057,1.2389999628067017,1.2389999628067017,1.2389999628067017,0
2324,2012-12-28,1.2416000366210938,1.239300012588501,1.2200000286102295,1.239300012588501,0
2325,2012-12-31,1.235700011253357,1.239199995994568,1.239199995994568,1.239199995994568,0
2326,2013-01-01,1.2350000143051147,1.2360999584197998,1.2360999584197998,1.2360999584197998,0
2327,2013-01-02,1.2367000579833984,1.2390999794006348,1.2350000143051147,1.2390999794006348,0
2328,2013-01-03,1.2453999519348145,1.2396999597549438,1.2396999597549438,1.2396999597549438,0
2329,2013-01-04,1.247499942779541,1.247499942779541,1.2386000156402588,1.2386000156402588,0
2330,2013-01-07,1.2400000095367432,1.2400000095367432,1.238800048828125,1.238800048828125,0
2331,2013-01-08,1.2307000160217283,1.239300012588501,1.2382999658584597,1.2382999658584597,0
2332,2013-01-09,1.242400050163269,1.2450000047683716,1.233299970626831,1.233299970626831,0
2333,2013-01-10,1.2323999404907229,1.2454999685287476,1.2331000566482544,1.2454999685287476,0
2334,2013-01-11,1.2166999578475952,1.2450000047683716,1.233299970626831,1.2450000047683716,0
2335,2013-01-14,1.225499987602234,1.24399995803833,1.233199954032898,1.233199954032898,0
2336,2013-01-15,1.2319999933242798,1.2454999685287476,1.2316999435424805,1.2316999435424805,0
2337,2013-01-16,1.2379000186920166,1.2454999685287476,1.2337000370025637,1.2364000082015991,0
2338,2013-01-17,1.2359000444412231,1.2338000535964966,1.2338000535964966,1.2338000535964966,0
2339,2013-01-18,1.232100009918213,1.2424999475479126,1.2337000370025637,1.2337000370025637,0
2340,2013-01-21,1.2367000579833984,1.236600041389465,1.2335000038146973,1.236600041389465,0
2341,2013-01-22,1.2330000400543213,1.2424999475479126,1.23389995098114,1.23389995098114,0
2342,2013-01-23,1.2352999448776243,1.24399995803833,1.2329000234603882,1.2329000234603882,0
2343,2013-01-24,1.2359000444412231,1.2374999523162842,1.2331000566482544,1.2331000566482544,0
2344,2013-01-25,1.2288999557495115,1.2331000566482544,1.2300000190734863,1.2331000566482544,0
2345,2013-01-28,1.2309000492095947,1.2350000143051147,1.2336000204086304,1.2336000204086304,0
2346,2013-01-29,1.2325999736785889,1.2337000370025637,1.2324999570846558,1.2337000370025637,0
2347,2013-01-30,1.2283999919891355,1.2338000535964966,1.2338000535964966,1.2338000535964966,0
2348,2013-01-31,1.231600046157837,1.2345000505447388,1.2337000370025637,1.2337000370025637,0
2349,2013-02-01,1.2312999963760376,1.2345000505447388,1.2324999570846558,1.2336000204086304,0
2350,2013-02-04,1.2336000204086304,1.235100030899048,1.2315000295639038,1.2350000143051147,0
2351,2013-02-05,1.239199995994568,1.246500015258789,1.2344000339508057,1.2344000339508057,0
2352,2013-02-06,1.2329000234603882,1.23580002784729,1.2348999977111816,1.2348999977111816,0
2353,2013-02-07,1.2355999946594238,1.2374999523162842,1.2338000535964966,1.2338000535964966,0
2354,2013-02-08,1.249899983406067,1.2379000186920166,1.2350000143051147,1.2379000186920166,0
2355,2013-02-11,1.2426999807357788,1.2395999431610107,1.232200026512146,1.2395999431610107,0
2356,2013-02-12,1.2386000156402588,1.247499942779541,1.2395000457763672,1.2395000457763672,0
2357,2013-02-13,1.2380000352859497,1.250499963760376,1.2367000579833984,1.2367000579833984,0
2358,2013-02-14,1.241000056266785,1.247499942779541,1.242799997329712,1.242799997329712,0
2359,2013-02-15,1.239400029182434,1.243299961090088,1.242400050163269,1.243299961090088,0
2360,2013-02-18,1.2386000156402588,1.242799997329712,1.241199970245361,1.2415000200271606,0
2361,2013-02-19,1.2425999641418457,1.2431000471115112,1.2424999475479126,1.2431000471115112,0
2362,2013-02-20,1.2381999492645264,1.2412999868392944,1.2404999732971191,1.2412999868392944,0
2363,2013-02-21,1.2502000331878662,1.2587000131607056,1.2404999732971191,1.2583999633789062,0
2364,2013-02-22,1.2480000257492063,1.2490999698638916,1.2490999698638916,1.2490999698638916,0
2365,2013-02-25,1.247599959373474,1.246500015258789,1.2404999732971191,1.2404999732971191,0
2366,2013-02-26,1.2445000410079956,1.2519999742507937,1.2445000410079956,1.2519999742507937,0
2367,2013-02-27,1.2532999515533447,1.250499963760376,1.2445000410079956,1.250499963760376,0
2368,2013-02-28,1.2482000589370728,1.2509000301361084,1.2404999732971191,1.2509000301361084,0
2369,2013-03-01,1.2563999891281128,1.256600022315979,1.2404999732971191,1.256600022315979,0
2370,2013-03-04,1.2558000087738037,1.257200002670288,1.2404999732971191,1.257200002670288,0
2371,2013-03-05,1.2547999620437622,1.254899978637695,1.246500015258789,1.254899978637695,0
2372,2013-03-06,1.2538000345230105,1.2562999725341797,1.2556999921798706,1.2562999725341797,0
2373,2013-03-07,1.246999979019165,1.2573000192642212,1.246999979019165,1.2573000192642212,0
2374,2013-03-08,1.249400019645691,1.2559000253677368,1.246500015258789,1.2559000253677368,0
2375,2013-03-11,1.26610004901886,1.264899969100952,1.2604999542236328,1.264899969100952,0
2376,2013-03-12,1.2574000358581543,1.2609000205993652,1.2609000205993652,1.2609000205993652,0
2377,2013-03-13,1.258999943733215,1.2604999542236328,1.2604999542236328,1.2604999542236328,0
2378,2013-03-14,1.2649999856948853,1.2654999494552612,1.2545000314712524,1.2654999494552612,0
2379,2013-03-15,1.256600022315979,1.2584999799728394,1.2575000524520874,1.2584999799728394,0
2380,2013-03-18,1.257099986076355,1.2620999813079834,1.2620999813079834,1.2620999813079834,0
2381,2013-03-19,1.2617000341415403,1.2624000310897827,1.2575000524520874,1.2624000310897827,0
2382,2013-03-20,1.270400047302246,1.263700008392334,1.256999969482422,1.263700008392334,0
2383,2013-03-21,1.2616000175476074,1.2628999948501587,1.256500005722046,1.2628999948501587,0
2384,2013-03-22,1.2575000524520874,1.2613999843597412,1.2613999843597412,1.2613999843597412,0
2385,2013-03-25,1.2575000524520874,1.260200023651123,1.2575000524520874,1.260200023651123,0
2386,2013-03-26,1.273300051689148,1.263700008392334,1.261299967765808,1.263700008392334,0
2387,2013-03-27,1.2632999420166016,1.2684999704360962,1.2603000402450562,1.2684999704360962,0
2388,2013-03-28,1.2669999599456787,1.2660000324249268,1.2660000324249268,1.2660000324249268,0
2389,2013-03-29,1.2669999599456787,1.2660000324249268,1.2625000476837158,1.2660000324249268,0
2390,2013-04-01,1.2651000022888184,1.2654999494552612,1.2625000476837158,1.2625000476837158,0
2391,2013-04-02,1.2654999494552612,1.267199993133545,1.2634999752044678,1.2634999752044678,0
2392,2013-04-03,1.264799952507019,1.2675000429153442,1.2649999856948853,1.2649999856948853,0
2393,2013-04-04,1.2623000144958496,1.2684999704360962,1.2675000429153442,1.2682000398635864,0
2394,2013-04-05,1.2558000087738037,1.2695000171661377,1.2640999555587769,1.2640999555587769,0
2395,2013-04-08,1.2640000581741333,1.2984999418258667,1.2632999420166016,1.2632999420166016,0
2396,2013-04-09,1.2640999555587769,1.2695000171661377,1.2618999481201172,1.2618999481201172,0
2397,2013-04-10,1.2585999965667725,1.2675000429153442,1.2613999843597412,1.2613999843597412,0
2398,2013-04-11,1.26419997215271,1.2675000429153442,1.2592999935150146,1.2592999935150146,0
2399,2013-04-12,1.2621999979019165,1.2654999494552612,1.2555999755859375,1.2555999755859375,0
2400,2013-04-15,1.2510000467300415,1.2654999494552612,1.2591999769210815,1.2598999738693235,0
2401,2013-04-16,1.263100028038025,1.2675000429153442,1.2559000253677368,1.258999943733215,0
2402,2013-04-17,1.2518999576568604,1.2635999917984009,1.257599949836731,1.257599949836731,0
2403,2013-04-18,1.268100023269653,1.2634999752044678,1.260699987411499,1.2610000371932983,0
2404,2013-04-19,1.2661999464035034,1.2619999647140503,1.260699987411499,1.260699987411499,0
2405,2013-04-22,1.2651000022888184,1.2675000429153442,1.263200044631958,1.263800024986267,0
2406,2013-04-23,1.2617000341415403,1.2654999494552612,1.2635999917984009,1.263700008392334,0
2407,2013-04-24,1.249500036239624,1.2647000551223757,1.249500036239624,1.2647000551223757,0
2408,2013-04-25,1.2649999856948853,1.2623000144958496,1.2618999481201172,1.2618999481201172,0
2409,2013-04-26,1.267899990081787,1.267199993133545,1.2424999475479126,1.267199993133545,0
2410,2013-04-29,1.2613999843597412,1.2546000480651855,1.2431000471115112,1.2546000480651855,0
2411,2013-04-30,1.2537000179290771,1.2553999423980713,1.246500015258789,1.2553999423980713,0
2412,2013-05-01,1.2466000318527222,1.2481000423431396,1.247499942779541,1.2481000423431396,0
2413,2013-05-02,1.250599980354309,1.250100016593933,1.247499942779541,1.250100016593933,0
2414,2013-05-03,1.26010000705719,1.2527999877929688,1.250499963760376,1.2527999877929688,0
2415,2013-05-06,1.2554999589920044,1.2554999589920044,1.252900004386902,1.252900004386902,0
2416,2013-05-07,1.2556999921798706,1.2554999589920044,1.2518999576568604,1.2518999576568604,0
2417,2013-05-08,1.256600022315979,1.252500057220459,1.2518999576568604,1.2518999576568604,0
2418,2013-05-09,1.2491999864578247,1.2575000524520874,1.2516000270843506,1.2516000270843506,0
2419,2013-05-10,1.2616000175476074,1.2594000101089478,1.2415000200271606,1.2594000101089478,0
2420,2013-05-13,1.2603000402450562,1.261199951171875,1.2424999475479126,1.261199951171875,0
2421,2013-05-14,1.260800004005432,1.2610000371932983,1.2454999685287476,1.2610000371932983,0
2422,2013-05-15,1.264899969100952,1.266700029373169,1.2424999475479126,1.266700029373169,0
2423,2013-05-16,1.264899969100952,1.2666000127792358,1.2424999475479126,1.2666000127792358,0
2424,2013-05-17,1.2454999685287476,1.2663999795913696,1.2445000410079956,1.2663999795913696,0
2425,2013-05-20,1.2685999870300293,1.266700029373169,1.2424999475479126,1.266700029373169,0
2426,2013-05-21,1.247499942779541,1.266700029373169,1.247499942779541,1.266700029373169,0
2427,2013-05-22,1.2625999450683594,1.2640999555587769,1.2454999685287476,1.2640999555587769,0
2428,2013-05-23,1.2424999475479126,1.2654999494552612,1.2424999475479126,1.2654999494552612,0
2429,2013-05-24,1.2610000371932983,1.2615000009536743,1.2454999685287476,1.2583999633789062,0
2430,2013-05-27,1.2645000219345093,1.2623000144958496,1.2623000144958496,1.2623000144958496,0
2431,2013-05-28,1.263100028038025,1.2628999948501587,1.246999979019165,1.2628999948501587,0
2432,2013-05-29,1.2705999612808228,1.2609000205993652,1.2484999895095823,1.260800004005432,0
2433,2013-05-30,1.2621999979019165,1.260800004005432,1.247499942779541,1.260800004005432,0
2434,2013-05-31,1.254699945449829,1.2597999572753906,1.247499942779541,1.2597999572753906,0
2435,2013-06-03,1.2590999603271484,1.2584999799728394,1.246999979019165,1.2584999799728394,0
2436,2013-06-04,1.2527999877929688,1.2547999620437622,1.247499942779541,1.2547999620437622,0
2437,2013-06-05,1.2558000087738037,1.2553999423980713,1.249500036239624,1.2553999423980713,0
2438,2013-06-06,1.252900004386902,1.2527999877929688,1.2474000453948977,1.2527999877929688,0
2439,2013-06-07,1.240399956703186,1.246500015258789,1.2444000244140625,1.2444000244140625,0
2440,2013-06-10,1.240399956703186,1.2489999532699585,1.2444000244140625,1.2444000244140625,0
2441,2013-06-11,1.240399956703186,1.2489999532699585,1.2404999732971191,1.2444000244140625,0
2442,2013-06-12,1.240399956703186,1.2489999532699585,1.2374999523162842,1.2444000244140625,0
2443,2013-06-13,1.2384999990463257,1.2404999732971191,1.2354999780654907,1.2381000518798828,0
2444,2013-06-14,1.2367000579833984,1.2410999536514282,1.2345000505447388,1.2371000051498413,0
2445,2013-06-17,1.2386000156402588,1.2403000593185425,1.2300000190734863,1.2383999824523926,0
2446,2013-06-18,1.2380000352859497,1.2390999794006348,1.2335000038146973,1.2335000038146973,0
2447,2013-06-19,1.2372000217437744,1.2380000352859497,1.2360999584197998,1.2380000352859497,0
2448,2013-06-20,1.2473000288009644,1.2477999925613403,1.2354999780654907,1.2477999925613403,0
2449,2013-06-21,1.2461999654769895,1.247499942779541,1.2354999780654907,1.2446999549865725,0
2450,2013-06-24,1.2559000253677368,1.257699966430664,1.2350000143051147,1.257699966430664,0
2451,2013-06-25,1.2513999938964844,1.2513999938964844,1.2359999418258667,1.2513999938964844,0
2452,2013-06-26,1.2345000505447388,1.256600022315979,1.2345000505447388,1.256600022315979,0
2453,2013-06-27,1.2582000494003296,1.2578999996185305,1.2374999523162842,1.2578999996185305,0
2454,2013-06-28,1.2556999921798706,1.2649999856948853,1.2374999523162842,1.2562999725341797,0
2455,2013-07-01,1.261299967765808,1.2649999856948853,1.2583999633789062,1.2610000371932983,0
2456,2013-07-02,1.2561999559402466,1.2562999725341797,1.2526999711990356,1.25600004196167,0
2457,2013-07-03,1.2575000524520874,1.2615000009536743,1.252500057220459,1.2615000009536743,0
2458,2013-07-04,1.2526999711990356,1.2589000463485718,1.257099986076355,1.257099986076355,0
2459,2013-07-05,1.2685999870300293,1.2666000127792358,1.252500057220459,1.2666000127792358,0
2460,2013-07-08,1.271399974822998,1.2719999551773071,1.249500036239624,1.2719999551773071,0
2461,2013-07-09,1.267199993133545,1.2683000564575195,1.246000051498413,1.267199993133545,0
2462,2013-07-10,1.2762000560760498,1.2699999809265137,1.246999979019165,1.2699999809265137,0
2463,2013-07-11,1.2538000345230105,1.2644000053405762,1.2409000396728516,1.2644000053405762,0
2464,2013-07-12,1.261299967765808,1.2675000429153442,1.2404999732971191,1.260800004005432,0
2465,2013-07-15,1.2635999917984009,1.2669999599456787,1.2404999732971191,1.266700029373169,0
2466,2013-07-16,1.2635999917984009,1.263800024986267,1.247499942779541,1.263800024986267,0
2467,2013-07-17,1.256600022315979,1.257699966430664,1.25,1.257699966430664,0
2468,2013-07-18,1.2595000267028809,1.2609000205993652,1.2484999895095823,1.2609000205993652,0
2469,2013-07-19,1.2596999406814575,1.258800029754639,1.2450000047683716,1.258800029754639,0
2470,2013-07-22,1.256999969482422,1.256999969482422,1.2450000047683716,1.256999969482422,0
2471,2013-07-23,1.2533999681472778,1.2546000480651855,1.246500015258789,1.2546000480651855,0
2472,2013-07-24,1.25,1.2502000331878662,1.2400000095367432,1.2502000331878662,0
2473,2013-07-25,1.2533999681472778,1.2537000179290771,1.2404999732971191,1.2537000179290771,0
2474,2013-07-26,1.2461999654769895,1.2474000453948977,1.2400000095367432,1.2474000453948977,0
2475,2013-07-29,1.2472000122070312,1.2477999925613403,1.2404999732971191,1.2477999925613403,0
2476,2013-07-30,1.249699950218201,1.2487000226974487,1.2300000190734863,1.2487000226974487,0
2477,2013-07-31,1.2200000286102295,1.251099944114685,1.2200000286102295,1.251099944114685,0
2478,2013-08-01,1.2466000318527222,1.2516000270843506,1.2200000286102295,1.2516000270843506,0
2479,2013-08-02,1.2200000286102295,1.2538000345230105,1.2200000286102295,1.2538000345230105,0
2480,2013-08-05,1.2466000318527222,1.2493000030517578,1.2229000329971311,1.2493000030517578,0
2481,2013-08-06,1.250300049781799,1.2827999591827393,1.232300043106079,1.2491999864578247,0
2482,2013-08-07,1.2454999685287476,1.2473000288009644,1.2246999740600586,1.2473000288009644,0
2483,2013-08-08,1.2437000274658203,1.242900013923645,1.242900013923645,1.242900013923645,0
2484,2013-08-09,1.2408000230789185,1.2415000200271606,1.2246999740600586,1.2415000200271606,0
2485,2013-08-12,1.2244999408721924,1.247599959373474,1.2245999574661257,1.2474000453948977,0
2486,2013-08-13,1.2474000453948977,1.246899962425232,1.2269999980926514,1.246899962425232,0
2487,2013-08-14,1.250300049781799,1.2506999969482422,1.2506999969482422,1.2506999969482422,0
2488,2013-08-15,1.2497999668121338,1.2472000122070312,1.2246999740600586,1.2472000122070312,0
2489,2013-08-16,1.2252999544143677,1.2436000108718872,1.2252999544143677,1.2436000108718872,0
2490,2013-08-19,1.2441999912261963,1.2414000034332275,1.2414000034332275,1.2414000034332275,0
2491,2013-08-20,1.2436000108718872,1.2404999732971191,1.2244999408721924,1.2404999732971191,0
2492,2013-08-21,1.2367000579833984,1.238800048828125,1.215999960899353,1.238800048828125,0
2493,2013-08-22,1.222499966621399,1.2452000379562378,1.222499966621399,1.2452000379562378,0
2494,2013-08-23,1.2403000593185425,1.241199970245361,1.2223000526428225,1.241199970245361,0
2495,2013-08-26,1.2390999794006348,1.240399956703186,1.2229000329971311,1.240399956703186,0
2496,2013-08-27,1.2400000095367432,1.2436000108718872,1.2229000329971311,1.2436000108718872,0
2497,2013-08-28,1.239199995994568,1.2438000440597534,1.2226999998092651,1.2438000440597534,0
2498,2013-08-29,1.2441999912261963,1.249899983406067,1.2226999998092651,1.249899983406067,0
2499,2013-08-30,1.2232999801635742,1.2511999607086182,1.2232999801635742,1.2511999607086182,0
2500,2013-09-02,1.2551000118255615,1.2532999515533447,1.2517999410629272,1.2517999410629272,0
2501,2013-09-03,1.2547999620437622,1.2553999423980713,1.2553999423980713,1.2553999423980713,0
2502,2013-09-04,1.2558000087738037,1.2542999982833862,1.2542999982833862,1.2542999982833862,0
2503,2013-09-05,1.252400040626526,1.2518999576568604,1.2518999576568604,1.2518999576568604,0
2504,2013-09-06,1.2604999542236328,1.2604999542236328,1.2604999542236328,1.2604999542236328,0
2505,2013-09-09,1.2545000314712524,1.2532000541687012,1.2532000541687012,1.2532000541687012,0
2506,2013-09-10,1.2474000453948977,1.2487000226974487,1.246899962425232,1.2487000226974487,0
2507,2013-09-11,1.246500015258789,1.2472000122070312,1.2472000122070312,1.2472000122070312,0
2508,2013-09-12,1.2418999671936035,1.2446000576019287,1.2446000576019287,1.2446000576019287,0
2509,2013-09-13,1.2444000244140625,1.2447999715805054,1.2447999715805054,1.2447999715805054,0
2510,2013-09-16,1.236899971961975,1.2400000095367432,1.2371000051498413,1.2378000020980835,0
2511,2013-09-17,1.2410999536514282,1.239300012588501,1.239300012588501,1.239300012588501,0
2512,2013-09-18,1.239400029182434,1.2396999597549438,1.2396999597549438,1.2396999597549438,0
2513,2013-09-19,1.225000023841858,1.2232999801635742,1.2232999801635742,1.2232999801635742,0
2514,2013-09-20,1.225100040435791,1.2240999937057495,1.2238999605178833,1.2238999605178833,0
2515,2013-09-23,1.2252999544143677,1.2271000146865845,1.2237999439239502,1.2271000146865845,0
2516,2013-09-24,1.2285000085830688,1.2294000387191772,1.2271000146865845,1.2294000387191772,0
2517,2013-09-25,1.2304999828338623,1.232699990272522,1.227300047874451,1.227300047874451,0
2518,2013-09-26,1.22599995136261,1.232699990272522,1.222000002861023,1.222000002861023,0
2519,2013-09-27,1.2374999523162842,1.2374999523162842,1.2272000312805176,1.2272000312805176,0
2520,2013-09-30,1.22599995136261,1.2374999523162842,1.2280999422073364,1.229200005531311,0
2521,2013-10-01,1.235700011253357,1.235700011253357,1.2243000268936155,1.2243000268936155,0
2522,2013-10-02,1.226099967956543,1.2329000234603882,1.2266000509262085,1.2266000509262085,0
2523,2013-10-03,1.2213000059127808,1.2329000234603882,1.2200000286102295,1.2200000286102295,0
2524,2013-10-04,1.2175999879837036,1.2329000234603882,1.2211999893188477,1.221400022506714,0
2525,2013-10-07,1.2235000133514404,1.2231999635696411,1.2223000526428225,1.2230000495910645,0
2526,2013-10-09,1.2213000059127808,1.231899976730347,1.2279000282287598,1.2279000282287598,0
2527,2013-10-10,1.2274999618530271,1.231899976730347,1.2266000509262085,1.2266000509262085,0
2528,2013-10-11,1.2268999814987185,1.2271000146865845,1.2231999635696411,1.2231999635696411,0
2529,2013-10-14,1.2243000268936155,1.2237000465393066,1.2236000299453735,1.2237000465393066,0
2530,2013-10-15,1.2243000268936155,1.22979998588562,1.2226999998092651,1.2237999439239502,0
2531,2013-10-16,1.226199984550476,1.2247999906539917,1.222100019454956,1.2247999906539917,0
2532,2013-10-17,1.2269999980926514,1.2229000329971311,1.218500018119812,1.218500018119812,0
2533,2013-10-18,1.2144999504089355,1.2257000207901,1.2132999897003174,1.2132999897003174,0
2534,2013-10-21,1.2137999534606934,1.2257000207901,1.2139999866485596,1.214100003242493,0
2535,2013-10-22,1.2144999504089355,1.222100019454956,1.2142000198364258,1.222100019454956,0
2536,2013-10-23,1.2051000595092771,1.222499966621399,1.2089999914169312,1.2091000080108645,0
2537,2013-10-24,1.2063000202178955,1.2218999862670898,1.2045999765396118,1.2045999765396118,0
2538,2013-10-25,1.2051000595092771,1.2213000059127808,1.2041000127792358,1.2041000127792358,0
2539,2013-10-28,1.204300045967102,1.2051000595092771,1.2051000595092771,1.2051000595092771,0
2540,2013-10-29,1.2064000368118286,1.2206000089645386,1.2059999704360962,1.2059999704360962,0
2541,2013-10-30,1.208799958229065,1.220900058746338,1.200899958610535,1.200899958610535,0
2542,2013-10-31,1.2034000158309937,1.2177000045776367,1.2000999450683594,1.2032999992370603,0
2543,2013-11-01,1.2055000066757202,1.2002999782562256,1.2002999782562256,1.2002999782562256,0
2544,2013-11-04,1.2026000022888184,1.229699969291687,1.229699969291687,1.229699969291687,0
2545,2013-11-05,1.229099988937378,1.2244000434875488,1.2121000289916992,1.2244000434875488,0
2546,2013-11-06,1.226099967956543,1.2238999605178833,1.212299942970276,1.2238999605178833,0
2547,2013-11-07,1.2237999439239502,1.2238999605178833,1.2121000289916992,1.2238999605178833,0
2548,2013-11-08,1.2323999404907229,1.2242000102996826,1.2116999626159668,1.2242000102996826,0
2549,2013-11-11,1.2289999723434448,1.2375999689102173,1.2375999689102173,1.2375999689102173,0
2550,2013-11-12,1.236799955368042,1.2384999990463257,1.2099000215530396,1.2382999658584597,0
2551,2013-11-13,1.2338000535964966,1.2355999946594238,1.2348999977111816,1.2355999946594238,0
2552,2013-11-14,1.2288999557495115,1.2333999872207642,1.2129000425338743,1.2333999872207642,0
2553,2013-11-15,1.232200026512146,1.232300043106079,1.2166999578475952,1.2166999578475952,0
2554,2013-11-18,1.2283999919891355,1.2279000282287598,1.2279000282287598,1.2279000282287598,0
2555,2013-11-19,1.225600004196167,1.225600004196167,1.225600004196167,1.225600004196167,0
2556,2013-11-20,1.225600004196167,1.2259000539779663,1.225600004196167,1.225600004196167,0
2557,2013-11-21,1.2252999544143677,1.235200047492981,1.2252999544143677,1.235200047492981,0
2558,2013-11-22,1.2271000146865845,1.2271000146865845,1.2271000146865845,1.2271000146865845,0
2559,2013-11-25,1.223099946975708,1.2197999954223633,1.2197999954223633,1.2197999954223633,0
2560,2013-11-26,1.235700011253357,1.235700011253357,1.2180999517440796,1.2180999517440796,0
2561,2013-11-27,1.2343000173568726,1.2343000173568726,1.2343000173568726,1.2343000173568726,0
2562,2013-11-28,1.23389995098114,1.2175999879837036,1.2175999879837036,1.2175999879837036,0
2563,2013-11-29,1.2175999879837036,1.2178000211715698,1.2161999940872192,1.2161999940872192,0
2564,2013-12-02,1.219499945640564,1.2201000452041626,1.2168999910354614,1.2201000452041626,0
2565,2013-12-03,1.2300000190734863,1.2300000190734863,1.2163000106811523,1.2174999713897705,0
2566,2013-12-04,1.2207000255584717,1.2207000255584717,1.2151999473571775,1.2151999473571775,0
2567,2013-12-05,1.2196999788284302,1.2196999788284302,1.2156000137329102,1.2168999910354614,0
2568,2013-12-06,1.219099998474121,1.219099998474121,1.2086000442504885,1.2086000442504885,0
2569,2013-12-09,1.2121000289916992,1.2157000303268433,1.2117999792099,1.2117999792099,0
2570,2013-12-10,1.2151000499725342,1.2312999963760376,1.2130999565124512,1.2130999565124512,0
2571,2013-12-11,1.2107000350952148,1.230299949645996,1.2107000350952148,1.230299949645996,0
2572,2013-12-12,1.2110999822616575,1.214100003242493,1.2108999490737915,1.2131999731063845,0
2573,2013-12-13,1.2108999490737915,1.2172000408172607,1.2130999565124512,1.2172000408172607,0
2574,2013-12-16,1.21150004863739,1.212399959564209,1.2096999883651731,1.2117999792099,0
2575,2013-12-17,1.2096999883651731,1.2204999923706057,1.214900016784668,1.214900016784668,0
2576,2013-12-18,1.219499945640564,1.219499945640564,1.2109999656677246,1.2109999656677246,0
2577,2013-12-19,1.2239999771118164,1.2239999771118164,1.2106000185012815,1.2182999849319458,0
2578,2013-12-20,1.2240999937057495,1.2240999937057495,1.2095999717712402,1.2144999504089355,0
2579,2013-12-23,1.207900047302246,1.2177000045776367,1.2064000368118286,1.2073999643325806,0
2580,2013-12-24,1.219499945640564,1.219499945640564,1.2091000080108645,1.2092000246047974,0
2581,2013-12-25,1.219499945640564,1.219499945640564,1.2091000080108645,1.2092000246047974,0
2582,2013-12-26,1.2177000045776367,1.2177000045776367,1.2079999446868896,1.2079999446868896,0
2583,2013-12-27,1.2152999639511108,1.208799958229065,1.2072999477386477,1.2072999477386477,0
2584,2013-12-30,1.2193000316619873,1.222499966621399,1.2137000560760498,1.218400001525879,0
2585,2013-12-31,1.2201000452041626,1.2201000452041626,1.2107000350952148,1.2107000350952148,0
2586,2014-01-01,1.2193000316619873,1.216599941253662,1.216599941253662,1.216599941253662,0
2587,2014-01-02,1.216599941253662,1.2230000495910645,1.2151999473571775,1.2151999473571775,0
2588,2014-01-03,1.2171000242233276,1.2237000465393066,1.2152999639511108,1.223099946975708,0
2589,2014-01-06,1.2288999557495115,1.229099988937378,1.2151000499725342,1.228700041770935,0
2590,2014-01-07,1.2240999937057495,1.2253999710083008,1.2240999937057495,1.2253999710083008,0
2591,2014-01-08,1.2267999649047852,1.2295000553131104,1.2240999937057495,1.2273999452590942,0
2592,2014-01-09,1.2196999788284302,1.2305999994277954,1.2196999788284302,1.2305999994277954,0
2593,2014-01-10,1.2193000316619873,1.2288999557495115,1.2193000316619873,1.2280000448226929,0
2594,2014-01-13,1.2222000360488892,1.2229000329971311,1.2187000513076782,1.222499966621399,0
2595,2014-01-14,1.2193000316619873,1.222499966621399,1.2193000316619873,1.222499966621399,0
2596,2014-01-15,1.2173000574111938,1.2272000312805176,1.2173000574111938,1.225600004196167,0
2597,2014-01-16,1.2173000574111938,1.2294000387191772,1.2173000574111938,1.2294000387191772,0
2598,2014-01-17,1.2373000383377075,1.2373000383377075,1.2276999950408936,1.2276999950408936,0
2599,2014-01-20,1.2345000505447388,1.236799955368042,1.232800006866455,1.2354999780654907,0
2600,2014-01-21,1.232800006866455,1.2371000051498413,1.233299970626831,1.233299970626831,0
2601,2014-01-22,1.2395000457763672,1.2395000457763672,1.231600046157837,1.231600046157837,0
2602,2014-01-23,1.235700011253357,1.235700011253357,1.2272000312805176,1.2345999479293823,0
2603,2014-01-24,1.231899976730347,1.231899976730347,1.2187000513076782,1.2223000526428225,0
2604,2014-01-27,1.2226999998092651,1.231899976730347,1.222100019454956,1.222100019454956,0
2605,2014-01-28,1.232100009918213,1.232100009918213,1.2230000495910645,1.2230000495910645,0
2606,2014-01-29,1.2315000295639038,1.2315000295639038,1.2244000434875488,1.2244000434875488,0
2607,2014-01-30,1.2307000160217283,1.229099988937378,1.225000023841858,1.225000023841858,0
2608,2014-01-31,1.2309000492095947,1.2344000339508057,1.2309000492095947,1.2333999872207642,0
2609,2014-02-03,1.2388999462127686,1.2424999475479126,1.2364000082015991,1.2389999628067017,0
2610,2014-02-04,1.2395000457763672,1.2395000457763672,1.2348999977111816,1.2348999977111816,0
2611,2014-02-05,1.2374999523162842,1.2374999523162842,1.2333999872207642,1.235100030899048,0
2612,2014-02-06,1.2376999855041504,1.2376999855041504,1.2345999479293823,1.2345999479293823,0
2613,2014-02-07,1.2371000051498413,1.2371000051498413,1.228700041770935,1.228700041770935,0
2614,2014-02-10,1.2253999710083008,1.23989999294281,1.226099967956543,1.2267999649047852,0
2615,2014-02-11,1.2376999855041504,1.2376999855041504,1.2229000329971311,1.2229000329971311,0
2616,2014-02-12,1.2374000549316406,1.2374000549316406,1.226699948310852,1.226699948310852,0
2617,2014-02-13,1.2376999855041504,1.2376999855041504,1.2253999710083008,1.2304999828338623,0
2618,2014-02-14,1.2238999605178833,1.2373000383377075,1.2213000059127808,1.2237000465393066,0
2619,2014-02-17,1.223099946975708,1.2228000164031982,1.22160005569458,1.2223999500274658,0
2620,2014-02-18,1.2228000164031982,1.2373000383377075,1.2202999591827393,1.2229000329971311,0
2621,2014-02-19,1.225000023841858,1.225000023841858,1.2172000408172607,1.2172000408172607,0
2622,2014-02-20,1.2300000190734863,1.222100019454956,1.2187000513076782,1.2187000513076782,0
2623,2014-02-21,1.2300000190734863,1.222000002861023,1.2207000255584717,1.2207000255584717,0
2624,2014-02-24,1.219099998474121,1.2374999523162842,1.219099998474121,1.219099998474121,0
2625,2014-02-25,1.2354999780654907,1.2354999780654907,1.2265000343322754,1.226699948310852,0
2626,2014-02-26,1.2354999780654907,1.2354999780654907,1.2269999980926514,1.2269999980926514,0
2627,2014-02-27,1.2350000143051147,1.23580002784729,1.232300043106079,1.2323999404907229,0
2628,2014-02-28,1.2350000143051147,1.2350000143051147,1.2207000255584717,1.2311999797821045,0
2629,2014-03-03,1.2203999757766724,1.235200047492981,1.2229000329971311,1.2229000329971311,0
2630,2014-03-04,1.2354999780654907,1.2354999780654907,1.2252999544143677,1.228600025177002,0
2631,2014-03-05,1.235700011253357,1.2374999523162842,1.2269999980926514,1.2269999980926514,0
2632,2014-03-06,1.2376999855041504,1.2379000186920166,1.2267999649047852,1.2379000186920166,0
2633,2014-03-07,1.2446999549865725,1.2446999549865725,1.2105000019073486,1.2174999713897705,0
2634,2014-03-10,1.2125999927520752,1.2443000078201294,1.2122000455856323,1.2128000259399414,0
2635,2014-03-11,1.245100021362305,1.245100021362305,1.2071000337600708,1.2131999731063845,0
2636,2014-03-12,1.2431000471115112,1.243299961090088,1.2069000005722046,1.2069000005722046,0
2637,2014-03-13,1.2426999807357788,1.2426999807357788,1.2237000465393066,1.2237000465393066,0
2638,2014-03-14,1.2340999841690063,1.2343000173568726,1.2238999605178833,1.2325999736785889,0
2639,2014-03-17,1.2213000059127808,1.2340999841690063,1.2218999862670898,1.222100019454956,0
2640,2014-03-18,1.232300043106079,1.232300043106079,1.2194000482559204,1.2194000482559204,0
2641,2014-03-19,1.232300043106079,1.232300043106079,1.2222000360488892,1.2231999635696411,0
2642,2014-03-20,1.2329000234603882,1.2331000566482544,1.2217999696731567,1.230299949645996,0
2643,2014-03-21,1.2331000566482544,1.233299970626831,1.2208000421524048,1.2208000421524048,0
2644,2014-03-24,1.2208000421524048,1.2331000566482544,1.2203999757766724,1.221400022506714,0
2645,2014-03-25,1.2373000383377075,1.2373000383377075,1.2138999700546265,1.2138999700546265,0
2646,2014-03-26,1.236600041389465,1.2371000051498413,1.2187999486923218,1.2187999486923218,0
2647,2014-03-27,1.2381000518798828,1.2382999658584597,1.219499945640564,1.2199000120162964,0
2648,2014-03-28,1.2376999855041504,1.2396999597549438,1.2187000513076782,1.2210999727249146,0
2649,2014-03-31,1.2170000076293943,1.238700032234192,1.2170000076293943,1.2171000242233276,0
2650,2014-04-01,1.2381000518798828,1.2364000082015991,1.2206000089645386,1.2206000089645386,0
2651,2014-04-02,1.2360999584197998,1.2175999879837036,1.2173999547958374,1.2175999879837036,0
2652,2014-04-03,1.2192000150680542,1.235700011253357,1.2171000242233276,1.2171000242233276,0
2653,2014-04-04,1.235700011253357,1.2360999584197998,1.215999960899353,1.2203999757766724,0
2654,2014-04-07,1.2164000272750854,1.2163000106811523,1.215399980545044,1.2163000106811523,0
2655,2014-04-08,1.2352999448776243,1.2365000247955322,1.2143000364303589,1.2143000364303589,0
2656,2014-04-09,1.236299991607666,1.236299991607666,1.2131999731063845,1.2131999731063845,0
2657,2014-04-10,1.2345000505447388,1.2346999645233154,1.211400032043457,1.211400032043457,0
2658,2014-04-11,1.235100030899048,1.235100030899048,1.2137999534606934,1.2137999534606934,0
2659,2014-04-14,1.2192000150680542,1.2339999675750732,1.2144999504089355,1.218999981880188,0
2660,2014-04-15,1.2331000566482544,1.2331000566482544,1.2136000394821167,1.2137999534606934,0
2661,2014-04-16,1.2133300304412842,1.233299970626831,1.2128000259399414,1.2128000259399414,0
2662,2014-04-17,1.2331000566482544,1.2389999628067017,1.2137000560760498,1.215399980545044,0
2663,2014-04-18,1.238700032234192,1.238700032234192,1.216599941253662,1.2174999713897705,0
2664,2014-04-21,1.2171000242233276,1.2376999855041504,1.2164000272750854,1.2171000242233276,0
2665,2014-04-22,1.236899971961975,1.2371000051498413,1.2125999927520752,1.2188999652862549,0
2666,2014-04-23,1.232699990272522,1.2331000566482544,1.212399959564209,1.2139999866485596,0
2667,2014-04-24,1.233299970626831,1.233299970626831,1.21150004863739,1.2145999670028689,0
2668,2014-04-25,1.2337000370025637,1.2329000234603882,1.210800051689148,1.210800051689148,0
2669,2014-04-28,1.2329000234603882,1.2329000234603882,1.210800051689148,1.2117999792099,0
2670,2014-04-29,1.2325999736785889,1.2350000143051147,1.2096999883651731,1.2122000455856323,0
2671,2014-04-30,1.2354999780654907,1.2354999780654907,1.2095999717712402,1.2137000560760498,0
2672,2014-05-01,1.235100030899048,1.2352999448776243,1.204699993133545,1.2060999870300293,0
2673,2014-05-02,1.2348999977111816,1.235100030899048,1.2062000036239624,1.2062000036239624,0
2674,2014-05-05,1.2348999977111816,1.2348999977111816,1.2075999975204468,1.207900047302246,0
2675,2014-05-06,1.2304999828338623,1.2304999828338623,1.207900047302246,1.208299994468689,0
2676,2014-05-07,1.2300000190734863,1.2301000356674194,1.2075999975204468,1.2080999612808228,0
2677,2014-05-08,1.2304999828338623,1.2304999828338623,1.2070000171661377,1.2091000080108645,0
2678,2014-05-09,1.2300000190734863,1.2324999570846558,1.2060999870300293,1.216099977493286,0
2679,2014-05-12,1.2319999933242798,1.2319999933242798,1.205399990081787,1.2092000246047974,0
2680,2014-05-13,1.2369999885559082,1.2050000429153442,1.2050000429153442,1.2050000429153442,0
2681,2014-05-14,1.2400000095367432,1.2404999732971191,1.2035000324249268,1.205199956893921,0
2682,2014-05-15,1.2400000095367432,1.2404999732971191,1.2026000022888184,1.2026000022888184,0
2683,2014-05-16,1.2404999732971191,1.2404999732971191,1.1978000402450562,1.1978000402450562,0
2684,2014-05-19,1.202299952507019,1.2404999732971191,1.2009999752044678,1.201799988746643,0
2685,2014-05-20,1.2404999732971191,1.2404999732971191,1.2026000022888184,1.2030999660491943,0
2686,2014-05-21,1.2424999475479126,1.2424999475479126,1.1964000463485718,1.2021000385284424,0
2687,2014-05-22,1.2400000095367432,1.2404999732971191,1.1950000524520874,1.1957000494003296,0
2688,2014-05-23,1.2400000095367432,1.2480000257492063,1.194499969482422,1.1969000101089478,0
2689,2014-05-26,1.247499942779541,1.1950000524520874,1.1943000555038452,1.1943000555038452,0
2690,2014-05-27,1.1950000524520874,1.247499942779541,1.194599986076355,1.194599986076355,0
2691,2014-05-28,1.1955000162124634,1.2575000524520874,1.194000005722046,1.194000005722046,0
2692,2014-05-29,1.2450000047683716,1.2450000047683716,1.19350004196167,1.196300029754639,0
2693,2014-05-30,1.2424999475479126,1.2404999732971191,1.1934000253677368,1.194700002670288,0
2694,2014-06-02,1.2424999475479126,1.25,1.1917999982833862,1.1917999982833862,0
2695,2014-06-03,1.24399995803833,1.2450000047683716,1.1922999620437622,1.19350004196167,0
2696,2014-06-04,1.2454999685287476,1.1914000511169434,1.1907000541687012,1.1912000179290771,0
2697,2014-06-05,1.2450000047683716,1.2450000047683716,1.1902999877929688,1.1929999589920044,0
2698,2014-06-06,1.1859999895095823,1.25,1.1897000074386597,1.1897000074386597,0
2699,2014-06-09,1.1890000104904177,1.2480000257492063,1.1900999546051023,1.1900999546051023,0
2700,2014-06-10,1.252500057220459,1.2549999952316284,1.1887999773025513,1.1928000450134275,0
2701,2014-06-11,1.2549999952316284,1.1892999410629272,1.1885000467300415,1.1892999410629272,0
2702,2014-06-12,1.2549999952316284,1.1893999576568604,1.186900019645691,1.188099980354309,0
2703,2014-06-13,1.252500057220459,1.2549999952316284,1.1848000288009644,1.1848000288009644,0
2704,2014-06-16,1.2549999952316284,1.2549999952316284,1.1857000589370728,1.186900019645691,0
2705,2014-06-17,1.246500015258789,1.25,1.1841000318527222,1.1841000318527222,0
2706,2014-06-18,1.250499963760376,1.250499963760376,1.1849000453948977,1.1865999698638916,0
2707,2014-06-19,1.250499963760376,1.250499963760376,1.182800054550171,1.182800054550171,0
2708,2014-06-20,1.2300000190734863,1.1857999563217163,1.1841000318527222,1.1857999563217163,0
2709,2014-06-23,1.183899998664856,1.2515000104904177,1.183899998664856,1.184000015258789,0
2710,2014-06-24,1.182600021362305,1.250499963760376,1.1836999654769895,1.1836999654769895,0
2711,2014-06-25,1.250499963760376,1.250499963760376,1.1833000183105469,1.185099959373474,0
2712,2014-06-26,1.25,1.250499963760376,1.1813000440597534,1.1813000440597534,0
2713,2014-06-27,1.250499963760376,1.250499963760376,1.1828999519348145,1.1832000017166138,0
2714,2014-06-30,1.250499963760376,1.250499963760376,1.1796000003814695,1.1800999641418457,0
2715,2014-07-01,1.250499963760376,1.25,1.1791000366210938,1.1791000366210938,0
2716,2014-07-02,1.1832000017166138,1.2450000047683716,1.1821000576019287,1.1821000576019287,0
2717,2014-07-03,1.24399995803833,1.24399995803833,1.1815999746322632,1.1829999685287476,0
2718,2014-07-04,1.2419999837875366,1.1855000257492063,1.180899977684021,1.1855000257492063,0
2719,2014-07-07,1.180899977684021,1.2419999837875366,1.180400013923645,1.180999994277954,0
2720,2014-07-08,1.2400000095367432,1.25,1.1793999671936035,1.1793999671936035,0
2721,2014-07-09,1.2404999732971191,1.2404999732971191,1.1779999732971191,1.1779999732971191,0
2722,2014-07-10,1.1778000593185425,1.2424999475479126,1.180299997329712,1.180299997329712,0
2723,2014-07-11,1.2400000095367432,1.2424999475479126,1.180799961090088,1.18149995803833,0
2724,2014-07-14,1.2400000095367432,1.2400000095367432,1.1801999807357788,1.1806000471115112,0
2725,2014-07-15,1.2424999475479126,1.2424999475479126,1.1797000169754028,1.1806999444961548,0
2726,2014-07-16,1.2424999475479126,1.2424999475479126,1.1801999807357788,1.1835999488830566,0
2727,2014-07-17,1.2400000095367432,1.2400000095367432,1.180799961090088,1.180799961090088,0
2728,2014-07-18,1.252500057220459,1.2102999687194824,1.2102999687194824,1.2102999687194824,0
2729,2014-07-21,1.2095999717712402,1.252500057220459,1.2095999717712402,1.2095999717712402,0
2730,2014-07-22,1.25,1.25,1.2100000381469729,1.2102999687194824,0
2731,2014-07-23,1.21150004863739,1.250499963760376,1.2096999883651731,1.2096999883651731,0
2732,2014-07-24,1.25,1.2549999952316284,1.2099000215530396,1.2099000215530396,0
2733,2014-07-25,1.2519999742507937,1.25,1.2092000246047974,1.2092000246047974,0
2734,2014-07-28,1.250499963760376,1.252500057220459,1.2091000080108645,1.2110999822616575,0
2735,2014-07-29,1.253000020980835,1.2093000411987305,1.2091000080108645,1.2093000411987305,0
2736,2014-07-30,1.252500057220459,1.252500057220459,1.2092000246047974,1.211400032043457,0
2737,2014-07-31,1.2604999542236328,1.2604999542236328,1.2080999612808228,1.2096999883651731,0
2738,2014-08-01,1.2604999542236328,1.2604999542236328,1.2074999809265137,1.2079999446868896,0
2739,2014-08-04,1.2625000476837158,1.2625000476837158,1.2044999599456787,1.2044999599456787,0
2740,2014-08-05,1.25,1.250499963760376,1.25,1.25,0
2741,2014-08-06,1.2091000080108645,1.25,1.2066999673843384,1.2066999673843384,0
2742,2014-08-07,1.25,1.2575000524520874,1.2032999992370603,1.2032999992370603,0
2743,2014-08-08,1.2549999952316284,1.2549999952316284,1.2062000036239624,1.207800030708313,0
2744,2014-08-11,1.2604999542236328,1.2604999542236328,1.205199956893921,1.205199956893921,0
2745,2014-08-12,1.2599999904632568,1.2625000476837158,1.205199956893921,1.2065000534057615,0
2746,2014-08-13,1.2625000476837158,1.2049000263214111,1.2030999660491943,1.2030999660491943,0
2747,2014-08-14,1.2599999904632568,1.2599999904632568,1.2039999961853027,1.2043999433517456,0
2748,2014-08-15,1.2599999904632568,1.2604999542236328,1.2041000127792358,1.205899953842163,0
2749,2014-08-18,1.2028000354766846,1.20360004901886,1.20360004901886,1.20360004901886,0
2750,2014-08-19,1.20360004901886,1.2067999839782717,1.2026000022888184,1.2067999839782717,0
2751,2014-08-20,1.2026000022888184,1.2050000429153442,1.20169997215271,1.2050000429153442,0
2752,2014-08-21,1.20169997215271,1.2035000324249268,1.2014000415802002,1.2035000324249268,0
2753,2014-08-22,1.2014000415802002,1.200899958610535,1.2000999450683594,1.2000999450683594,0
2754,2014-08-25,1.200899958610535,1.207200050354004,1.1996999979019165,1.207200050354004,0
2755,2014-08-26,1.2005000114440918,1.2009999752044678,1.1991000175476074,1.2009999752044678,0
2756,2014-08-27,1.1991000175476074,1.2019000053405762,1.198699951171875,1.2019000053405762,0
2757,2014-08-28,1.19760000705719,1.19760000705719,1.1972999572753906,1.19760000705719,0
2758,2014-08-29,1.1974999904632568,1.1978000402450562,1.1973999738693235,1.1973999738693235,0
2759,2014-09-01,1.2024999856948853,1.2029000520706177,1.1993999481201172,1.2029000520706177,0
2760,2014-09-02,1.2001999616622925,1.2001999616622925,1.1999000310897827,1.2001999616622925,0
2761,2014-09-03,1.198099970817566,1.1993999481201172,1.1984000205993652,1.1984000205993652,0
2762,2014-09-04,1.1993999481201172,1.1994999647140503,1.1992000341415403,1.1992000341415403,0
2763,2014-09-05,1.2166999578475952,1.2175999879837036,1.1990000009536743,1.2175999879837036,0
2764,2014-09-08,1.1990000009536743,1.200700044631958,1.198300004005432,1.1990000009536743,0
2765,2014-09-09,1.2799999713897705,1.2034000158309937,1.1979000568389893,1.2034000158309937,0
2766,2014-09-10,1.1929999589920044,1.1978000402450562,1.1930999755859375,1.1930999755859375,0
2767,2014-09-11,1.200600028038025,1.2001999616622925,1.196499943733215,1.2001999616622925,0
2768,2014-09-12,1.2799999713897705,1.280500054359436,1.1960999965667725,1.1960999965667725,0
2769,2014-09-15,1.1928000450134275,1.247499942779541,1.193600058555603,1.193600058555603,0
2770,2014-09-16,1.247499942779541,1.2100000381469729,1.194000005722046,1.194000005722046,0
2771,2014-09-17,1.194700002670288,1.215000033378601,1.1948000192642212,1.1948000192642212,0
2772,2014-09-18,1.2060999870300293,1.2400000095367432,1.194700002670288,1.204800009727478,0
2773,2014-09-19,1.190999984741211,1.2599999904632568,1.19159996509552,1.19159996509552,0
2774,2014-09-22,1.1984000205993652,1.2599999904632568,1.194499969482422,1.194499969482422,0
2775,2014-09-23,1.194000005722046,1.2625000476837158,1.1931999921798706,1.1936999559402466,0
2776,2014-09-24,1.1971999406814575,1.2669999599456787,1.1926000118255615,1.1969000101089478,0
2777,2014-09-25,1.1985000371932983,1.2675000429153442,1.1920000314712524,1.198699951171875,0
2778,2014-09-26,1.188599944114685,1.2649999856948853,1.188599944114685,1.188599944114685,0
2779,2014-09-29,1.1969000101089478,1.1974999904632568,1.190500020980835,1.1974999904632568,0
2780,2014-09-30,1.1901999711990356,1.2675000429153442,1.190400004386902,1.190500020980835,0
2781,2014-10-01,1.186400055885315,1.2704999446868896,1.1864999532699585,1.1864999532699585,0
2782,2014-10-02,1.186900019645691,1.2725000381469729,1.1861000061035156,1.1865999698638916,0
2783,2014-10-03,1.2704999446868896,1.280500054359436,1.1859999895095823,1.1859999895095823,0
2784,2014-10-06,1.198199987411499,1.2825000286102295,1.1875,1.1979000568389893,0
2785,2014-10-07,1.1775000095367432,1.2899999618530271,1.1792000532150269,1.1792000532150269,0
2786,2014-10-08,1.1806000471115112,1.2799999713897705,1.1813000440597534,1.1813000440597534,0
2787,2014-10-09,1.2825000286102295,1.2825000286102295,1.180799961090088,1.180799961090088,0
2788,2014-10-10,1.1943000555038452,1.194499969482422,1.187399983406067,1.194499969482422,0
2789,2014-10-13,1.1912000179290771,1.284999966621399,1.187000036239624,1.1900999546051023,0
2790,2014-10-14,1.1819000244140625,1.2899999618530271,1.1842000484466553,1.1842000484466553,0
2791,2014-10-15,1.187000036239624,1.287500023841858,1.1851999759674072,1.188099980354309,0
2792,2014-10-16,1.1687999963760376,1.2869999408721924,1.167799949645996,1.169399976730347,0
2793,2014-10-17,1.1789000034332275,1.287500023841858,1.1783000230789185,1.1787999868392944,0
2794,2014-10-20,1.287500023841858,1.287500023841858,1.1820000410079956,1.190000057220459,0
2795,2014-10-21,1.2869999408721924,1.2869999408721924,1.180299997329712,1.180299997329712,0
2796,2014-10-22,1.1848000288009644,1.1849000453948977,1.178500056266785,1.1849000453948977,0
2797,2014-10-23,1.2799999713897705,1.2825000286102295,1.179900050163269,1.184599995613098,0
2798,2014-10-24,1.1815999746322632,1.2825000286102295,1.1787999868392944,1.181399941444397,0
2799,2014-10-27,1.1770999431610107,1.1778000593185425,1.1751999855041504,1.1751999855041504,0
2800,2014-10-28,1.1761000156402588,1.1797000169754028,1.1750999689102173,1.1754000186920166,0
2801,2014-10-29,1.1763999462127686,1.1787999868392944,1.1764999628067017,1.176699995994568,0
2802,2014-10-30,1.1878999471664429,1.1888999938964844,1.1796000003814695,1.1888999938964844,0
2803,2014-10-31,1.1796000003814695,1.1784000396728516,1.176900029182434,1.176900029182434,0
2804,2014-11-03,1.183500051498413,1.1887999773025513,1.1861000061035156,1.1887999773025513,0
2805,2014-11-04,1.287500023841858,1.1780999898910522,1.1778000593185425,1.1778000593185425,0
2806,2014-11-05,1.1748000383377075,1.1777000427246094,1.1740000247955322,1.1740000247955322,0
2807,2014-11-06,1.176900029182434,1.2855000495910645,1.173799991607666,1.1771999597549438,0
2808,2014-11-07,1.1908999681472778,1.1907999515533447,1.1780999898910522,1.1907999515533447,0
2809,2014-11-10,1.1720000505447388,1.1779999732971191,1.170799970626831,1.1720999479293823,0
2810,2014-11-11,1.183899998664856,1.1830999851226809,1.1725000143051147,1.1830999851226809,0
2811,2014-11-12,1.1676000356674194,1.2899999618530271,1.1691999435424805,1.1691999435424805,0
2812,2014-11-13,1.1759999990463257,1.1757999658584597,1.1727999448776243,1.1757999658584597,0
2813,2014-11-14,1.1714999675750732,1.2925000190734863,1.1722999811172483,1.1722999811172483,0
2814,2014-11-17,1.1658999919891355,1.2925000190734863,1.1655000448226929,1.1655000448226929,0
2815,2014-11-18,1.176800012588501,1.2999999523162842,1.1727999448776243,1.1751999855041504,0
2816,2014-11-19,1.2899999618530271,1.172700047492981,1.1722999811172483,1.172700047492981,0
2817,2014-11-20,1.2999999523162842,1.284999966621399,1.1729999780654907,1.1729999780654907,0
2818,2014-11-21,1.1722999811172483,1.2825000286102295,1.170699954032898,1.1718000173568726,0
2819,2014-11-24,1.2825000286102295,1.1775000095367432,1.173200011253357,1.1775000095367432,0
2820,2014-11-25,1.1705000400543213,1.2899999618530271,1.1712000370025637,1.1712000370025637,0
2821,2014-11-26,1.1698999404907229,1.172700047492981,1.1692999601364136,1.1692999601364136,0
2822,2014-11-27,1.1685999631881714,1.172700047492981,1.1690000295639038,1.1690000295639038,0
2823,2014-11-28,1.174299955368042,1.1758999824523926,1.1717000007629397,1.1758999824523926,0
2824,2014-12-01,1.1749999523162842,1.1764999628067017,1.1734000444412231,1.1764999628067017,0
2825,2014-12-02,1.284999966621399,1.2899999618530271,1.1729999780654907,1.1729999780654907,0
2826,2014-12-03,1.178699970245361,1.2894999980926514,1.1728999614715576,1.178500056266785,0
2827,2014-12-04,1.287500023841858,1.2899999618530271,1.1722999811172483,1.173799991607666,0
2828,2014-12-05,1.2799999713897705,1.284999966621399,1.1649999618530271,1.1649999618530271,0
2829,2014-12-08,1.2899999618530271,1.1777000427246094,1.1727999448776243,1.1777000427246094,0
2830,2014-12-09,1.2799999713897705,1.1720999479293823,1.1690000295639038,1.1690000295639038,0
2831,2014-12-10,1.2899999618530271,1.2949999570846558,1.1705000400543213,1.1705000400543213,0
2832,2014-12-11,1.2899999618530271,1.1734999418258667,1.1619999408721924,1.1619999408721924,0
2833,2014-12-12,1.2899999618530271,1.2925000190734863,1.17330002784729,1.17330002784729,0
2834,2014-12-15,1.2899999618530271,1.1728999614715576,1.1727999448776243,1.1727999448776243,0
2835,2014-12-16,1.2899999618530271,1.2999999523162842,1.1719000339508057,1.1719000339508057,0
2836,2014-12-17,1.2905000448226929,1.1765999794006348,1.1728999614715576,1.1765999794006348,0
2837,2014-12-18,1.2899999618530271,1.184599995613098,1.173799991607666,1.184599995613098,0
2838,2014-12-19,1.2899999618530271,1.1764999628067017,1.1729999780654907,1.1764999628067017,0
2839,2014-12-22,1.2899999618530271,1.1763999462127686,1.1699999570846558,1.1763999462127686,0
2840,2014-12-23,1.180999994277954,1.1799999475479126,1.1728999614715576,1.1759999990463257,0
2841,2014-12-24,1.1799999475479126,1.176300048828125,1.1728999614715576,1.176300048828125,0
2842,2014-12-25,1.1799999475479126,1.190000057220459,1.1728999614715576,1.176300048828125,0
2843,2014-12-26,1.1799999475479126,1.190000057220459,1.1728999614715576,1.176300048828125,0
2844,2014-12-29,1.2825000286102295,1.2799999713897705,1.172700047492981,1.174299955368042,0
2845,2014-12-30,1.2825000286102295,1.2899999618530271,1.1739000082015991,1.1761000156402588,0
2846,2014-12-31,1.287500023841858,1.2825000286102295,1.1728999614715576,1.1735999584197998,0
2847,2015-01-01,1.2799999713897705,1.1783000230789185,1.1783000230789185,1.1783000230789185,0
2848,2015-01-02,1.1783000230789185,1.2699999809265137,1.172700047492981,1.18149995803833,0
2849,2015-01-05,1.2899999618530271,1.18149995803833,1.1719000339508057,1.18149995803833,0
2850,2015-01-06,1.2899999618530271,1.1720999479293823,1.1685999631881714,1.1685999631881714,0
2851,2015-01-07,1.2999999523162842,1.1742000579833984,1.1708999872207642,1.1742000579833984,0
2852,2015-01-08,1.2999999523162842,1.2899999618530271,1.170300006866455,1.170300006866455,0
2853,2015-01-09,1.2899999618530271,1.2999999523162842,1.169800043106079,1.169800043106079,0
2854,2015-01-12,1.2999999523162842,1.2899999618530271,1.166599988937378,1.166599988937378,0
2855,2015-01-13,1.2999999523162842,1.1720000505447388,1.1677000522613523,1.1677000522613523,0
2856,2015-01-14,1.2999999523162842,1.2899999618530271,1.1714999675750732,1.1746000051498413,0
2857,2015-01-15,1.2899999618530271,1.2999999523162842,1.169700026512146,1.169700026512146,0
2858,2015-01-16,1.2899999618530271,1.2999999523162842,1.1713000535964966,1.1789000034332275,0
2859,2015-01-19,1.2899999618530271,1.1742000579833984,1.170699954032898,1.1742000579833984,0
2860,2015-01-20,1.170699954032898,1.1719000339508057,1.170799970626831,1.1719000339508057,0
2861,2015-01-21,1.2999999523162842,1.309999942779541,1.1717000007629397,1.174299955368042,0
2862,2015-01-22,1.2999999523162842,1.1711000204086304,1.1689000129699707,1.1689000129699707,0
2863,2015-01-23,1.2549999952316284,1.3387999534606934,1.1990000009536743,1.1990000009536743,0
2864,2015-01-26,1.3280999660491943,1.3313000202178955,1.2452000379562378,1.3313000202178955,0
2865,2015-01-27,1.2699999809265137,1.3321000337600708,1.2441999912261963,1.2441999912261963,0
2866,2015-01-28,1.2899999618530271,1.3324999809265137,1.3249000310897827,1.3249000310897827,0
2867,2015-01-29,1.309999942779541,1.340999960899353,1.3200000524520874,1.340999960899353,0
2868,2015-01-30,1.2999999523162842,1.3319000005722046,1.3200000524520874,1.330899953842163,0
2869,2015-02-02,1.3200000524520874,1.337000012397766,1.3330999612808228,1.3351000547409058,0
2870,2015-02-03,1.340000033378601,1.3309999704360962,1.309999942779541,1.3309999704360962,0
2871,2015-02-04,1.3300000429153442,1.337299942970276,1.318600058555603,1.318600058555603,0
2872,2015-02-05,1.3200000524520874,1.348099946975708,1.3300000429153442,1.348099946975708,0
2873,2015-02-06,1.3300000429153442,1.3323999643325806,1.3200000524520874,1.3278000354766846,0
2874,2015-02-09,1.3450000286102295,1.3476999998092651,1.3319000005722046,1.3476999998092651,0
2875,2015-02-10,1.3300000429153442,1.340000033378601,1.3300000429153442,1.330199956893921,0
2876,2015-02-11,1.340000033378601,1.3315999507904053,1.327299952507019,1.327299952507019,0
2877,2015-02-12,1.3300000429153442,1.3319000005722046,1.3200000524520874,1.3315999507904053,0
2878,2015-02-13,1.3350000381469729,1.3335000276565552,1.3253999948501587,1.3253999948501587,0
2879,2015-02-16,1.3300000429153442,1.3339999914169312,1.3329999446868896,1.3339999914169312,0
2880,2015-02-17,1.3329999446868896,1.342900037765503,1.3343000411987305,1.342900037765503,0
2881,2015-02-18,1.3200000524520874,1.3324999809265137,1.3200000524520874,1.3200000524520874,0
2882,2015-02-19,1.3300000429153442,1.3335000276565552,1.3293999433517456,1.3293999433517456,0
2883,2015-02-20,1.3200000524520874,1.3367999792099,1.3300000429153442,1.3367999792099,0
2884,2015-02-23,1.3300000429153442,1.3325999975204468,1.3250000476837158,1.326300024986267,0
2885,2015-02-24,1.3300000429153442,1.340000033378601,1.329699993133545,1.329699993133545,0
2886,2015-02-25,1.3200000524520874,1.332800030708313,1.329300045967102,1.329300045967102,0
2887,2015-02-26,1.3350000381469729,1.333299994468689,1.3300000429153442,1.3307000398635864,0
2888,2015-02-27,1.350000023841858,1.3493000268936155,1.3321000337600708,1.3493000268936155,0
2889,2015-03-02,1.340000033378601,1.339100003242493,1.3321000337600708,1.339100003242493,0
2890,2015-03-03,1.3300000429153442,1.340000033378601,1.332200050354004,1.337299942970276,0
2891,2015-03-04,1.3300000429153442,1.340000033378601,1.3294999599456787,1.3294999599456787,0
2892,2015-03-05,1.3300000429153442,1.3384000062942505,1.332200050354004,1.3384000062942505,0
2893,2015-03-06,1.3300000429153442,1.340000033378601,1.330899953842163,1.335800051689148,0
2894,2015-03-09,1.340000033378601,1.3430999517440796,1.3314000368118286,1.3430999517440796,0
2895,2015-03-10,1.340000033378601,1.3424999713897705,1.330199956893921,1.3350000381469729,0
2896,2015-03-11,1.340000033378601,1.3350000381469729,1.3308000564575195,1.3349000215530396,0
2897,2015-03-12,1.3300000429153442,1.340000033378601,1.3315999507904053,1.3372000455856323,0
2898,2015-03-13,1.3300000429153442,1.3349000215530396,1.330199956893921,1.3344999551773071,0
2899,2015-03-16,1.340000033378601,1.350000023841858,1.3301000595092771,1.3396999835968018,0
2900,2015-03-17,1.340000033378601,1.350000023841858,1.326200008392334,1.326200008392334,0
2901,2015-03-18,1.3600000143051147,1.350000023841858,1.329699993133545,1.3322999477386477,0
2902,2015-03-19,1.3300000429153442,1.350000023841858,1.294600009918213,1.294600009918213,0
2903,2015-03-20,1.350000023841858,1.3666000366210938,1.3358999490737915,1.3358999490737915,0
2904,2015-03-23,1.350000023841858,1.3695000410079956,1.350000023841858,1.3580000400543213,0
2905,2015-03-24,1.350000023841858,1.3672000169754028,1.340000033378601,1.3646999597549438,0
2906,2015-03-25,1.350000023841858,1.350000023841858,1.350000023841858,1.350000023841858,0
2907,2015-03-26,1.3600000143051147,1.3423000574111938,1.3350000381469729,1.3423000574111938,0
2908,2015-03-27,1.340000033378601,1.354099988937378,1.3300000429153442,1.354099988937378,0
2909,2015-03-30,1.340000033378601,1.340999960899353,1.3392000198364258,1.340999960899353,0
2910,2015-03-31,1.340000033378601,1.350000023841858,1.340000033378601,1.3418999910354614,0
2911,2015-04-01,1.3415000438690186,1.350000023841858,1.3300000429153442,1.3411999940872192,0
2912,2015-04-02,1.340000033378601,1.350000023841858,1.339900016784668,1.339900016784668,0
2913,2015-04-03,1.3350000381469729,1.3355000019073486,1.3355000019073486,1.3355000019073486,0
2914,2015-04-06,1.340000033378601,1.3454999923706057,1.3203999996185305,1.3208999633789062,0
2915,2015-04-07,1.340000033378601,1.350000023841858,1.3269000053405762,1.3269000053405762,0
2916,2015-04-08,1.350000023841858,1.350000023841858,1.340000033378601,1.3453999757766724,0
2917,2015-04-09,1.340000033378601,1.3522000312805176,1.340000033378601,1.3522000312805176,0
2918,2015-04-10,1.350000023841858,1.3533999919891355,1.340000033378601,1.3533999919891355,0
2919,2015-04-13,1.350000023841858,1.3407000303268433,1.3300000429153442,1.3366999626159668,0
2920,2015-04-14,1.3300000429153442,1.3413000106811523,1.3344999551773071,1.3344999551773071,0
2921,2015-04-15,1.350000023841858,1.350000023841858,1.3398000001907349,1.3398000001907349,0
2922,2015-04-16,1.350000023841858,1.3600000143051147,1.3287999629974363,1.3287999629974363,0
2923,2015-04-17,1.3344999551773071,1.3424999713897705,1.340000033378601,1.3424999713897705,0
2924,2015-04-20,1.343500018119812,1.350000023841858,1.340000033378601,1.340399980545044,0
2925,2015-04-21,1.340000033378601,1.350000023841858,1.3388999700546265,1.3388999700546265,0
2926,2015-04-22,1.350000023841858,1.350000023841858,1.3341000080108645,1.3341000080108645,0
2927,2015-04-23,1.350000023841858,1.350000023841858,1.340000033378601,1.347100019454956,0
2928,2015-04-24,1.350000023841858,1.3402999639511108,1.3325999975204468,1.3325999975204468,0
2929,2015-04-27,1.3346999883651731,1.3424999713897705,1.3300000429153442,1.3424999713897705,0
2930,2015-04-28,1.340000033378601,1.3421000242233276,1.3300000429153442,1.3378000259399414,0
2931,2015-04-29,1.340000033378601,1.350000023841858,1.3300000429153442,1.3380000591278076,0
2932,2015-04-30,1.3300000429153442,1.3428000211715698,1.3277000188827517,1.3277000188827517,0
2933,2015-05-01,1.340000033378601,1.350000023841858,1.3300000429153442,1.340399980545044,0
2934,2015-05-04,1.340000033378601,1.3430999517440796,1.309999942779541,1.3430999517440796,0
2935,2015-05-05,1.309999942779541,1.3421000242233276,1.309999942779541,1.3406000137329102,0
2936,2015-05-06,1.3300000429153442,1.3421000242233276,1.3200000524520874,1.3356000185012815,0
2937,2015-05-07,1.309999942779541,1.3446999788284302,1.309999942779541,1.329800009727478,0
2938,2015-05-08,1.315000057220459,1.3544000387191772,1.309999942779541,1.3544000387191772,0
2939,2015-05-11,1.3200000524520874,1.344099998474121,1.309999942779541,1.344099998474121,0
2940,2015-05-12,1.309999942779541,1.343400001525879,1.3200000524520874,1.343400001525879,0
2941,2015-05-13,1.309999942779541,1.3468999862670898,1.3200000524520874,1.3468999862670898,0
2942,2015-05-14,1.3200000524520874,1.344599962234497,1.3279000520706177,1.3279000520706177,0
2943,2015-05-15,1.344599962234497,1.3463000059127808,1.309999942779541,1.3463000059127808,0
2944,2015-05-18,1.309999942779541,1.343500018119812,1.2999999523162842,1.3336999416351318,0
2945,2015-05-19,1.3200000524520874,1.354099988937378,1.3423999547958374,1.354099988937378,0
2946,2015-05-20,1.3300000429153442,1.350499987602234,1.3406000137329102,1.350499987602234,0
2947,2015-05-21,1.3300000429153442,1.3427000045776367,1.3300000429153442,1.3406000137329102,0
2948,2015-05-22,1.3300000429153442,1.3490999937057495,1.3200000524520874,1.3490999937057495,0
2949,2015-05-25,1.3200000524520874,1.366199970245361,1.3415000438690186,1.366199970245361,0
2950,2015-05-26,1.3415000438690186,1.3423999547958374,1.341099977493286,1.3423999547958374,0
2951,2015-05-27,1.3300000429153442,1.3449000120162964,1.341099977493286,1.3449000120162964,0
2952,2015-05-28,1.3200000524520874,1.3427000045776367,1.3300000429153442,1.3398000001907349,0
2953,2015-05-29,1.340000033378601,1.3411999940872192,1.3385000228881836,1.3385000228881836,0
2954,2015-06-01,1.3200000524520874,1.3427000045776367,1.3250000476837158,1.3418999910354614,0
2955,2015-06-02,1.3300000429153442,1.3402999639511108,1.309999942779541,1.309999942779541,0
2956,2015-06-03,1.3200000524520874,1.3423000574111938,1.309999942779541,1.326799988746643,0
2957,2015-06-04,1.3200000524520874,1.3431999683380127,1.3200000524520874,1.3253999948501587,0
2958,2015-06-05,1.3200000524520874,1.3592000007629397,1.3300000429153442,1.3592000007629397,0
2959,2015-06-08,1.3300000429153442,1.358199954032898,1.3415000438690186,1.3567999601364136,0
2960,2015-06-09,1.3200000524520874,1.3416999578475952,1.3250999450683594,1.3250999450683594,0
2961,2015-06-10,1.3200000524520874,1.3422000408172607,1.3200000524520874,1.3393000364303589,0
2962,2015-06-11,1.3200000524520874,1.3422000408172607,1.3300000429153442,1.3407000303268433,0
2963,2015-06-12,1.3200000524520874,1.3447999954223633,1.3200000524520874,1.3447999954223633,0
2964,2015-06-15,1.309999942779541,1.3420000076293943,1.3200000524520874,1.3360999822616575,0
2965,2015-06-16,1.3200000524520874,1.3401000499725342,1.3300000429153442,1.3351000547409058,0
2966,2015-06-17,1.3300000429153442,1.3423999547958374,1.309999942779541,1.3423999547958374,0
2967,2015-06-18,1.3300000429153442,1.3402999639511108,1.3200000524520874,1.3281999826431274,0
2968,2015-06-19,1.3200000524520874,1.3437999486923218,1.3300000429153442,1.3437999486923218,0
2969,2015-06-22,1.3336999416351318,1.339100003242493,1.3200000524520874,1.332200050354004,0
2970,2015-06-23,1.3200000524520874,1.3395999670028689,1.3200000524520874,1.3395999670028689,0
2971,2015-06-24,1.3200000524520874,1.343999981880188,1.3300000429153442,1.343999981880188,0
2972,2015-06-25,1.3300000429153442,1.3384000062942505,1.3200000524520874,1.3384000062942505,0
2973,2015-06-26,1.3200000524520874,1.3423999547958374,1.309999942779541,1.3375999927520752,0
2974,2015-06-29,1.3200000524520874,1.368399977684021,1.3300000429153442,1.368399977684021,0
2975,2015-06-30,1.3200000524520874,1.341099977493286,1.3200000524520874,1.3305000066757202,0
2976,2015-07-01,1.3200000524520874,1.3463000059127808,1.3396999835968018,1.3463000059127808,0
2977,2015-07-02,1.3300000429153442,1.348399996757507,1.3200000524520874,1.348399996757507,0
2978,2015-07-03,1.337499976158142,1.3418999910354614,1.3200000524520874,1.3418999910354614,0
2979,2015-07-06,1.3300000429153442,1.3522000312805176,1.340000033378601,1.3522000312805176,0
2980,2015-07-07,1.3300000429153442,1.340999960899353,1.3386000394821167,1.3386000394821167,0
2981,2015-07-08,1.3200000524520874,1.3524999618530271,1.336300015449524,1.336300015449524,0
2982,2015-07-09,1.3200000524520874,1.351699948310852,1.3300000429153442,1.3452999591827393,0
2983,2015-07-10,1.3200000524520874,1.3508000373840332,1.3300000429153442,1.350100040435791,0
2984,2015-07-13,1.3300000429153442,1.3597999811172483,1.3200000524520874,1.3597999811172483,0
2985,2015-07-14,1.3200000524520874,1.3617000579833984,1.3200000524520874,1.3617000579833984,0
2986,2015-07-15,1.3200000524520874,1.354099988937378,1.3200000524520874,1.354099988937378,0
2987,2015-07-16,1.3200000524520874,1.3609999418258667,1.3300000429153442,1.3609999418258667,0
2988,2015-07-17,1.3200000524520874,1.3507000207901,1.3200000524520874,1.3300000429153442,0
2989,2015-07-20,1.3574999570846558,1.3574999570846558,1.350499987602234,1.3574999570846558,0
2990,2015-07-21,1.3300000429153442,1.3508000373840332,1.3200000524520874,1.3508000373840332,0
2991,2015-07-22,1.3300000429153442,1.3503999710083008,1.3401000499725342,1.3401000499725342,0
2992,2015-07-23,1.3200000524520874,1.350100040435791,1.3200000524520874,1.350100040435791,0
2993,2015-07-24,1.3200000524520874,1.350200057029724,1.350000023841858,1.350200057029724,0
2994,2015-07-27,1.3200000524520874,1.348099946975708,1.3300000429153442,1.3468999862670898,0
2995,2015-07-28,1.3300000429153442,1.348099946975708,1.3200000524520874,1.34660005569458,0
2996,2015-07-29,1.3300000429153442,1.3490999937057495,1.3200000524520874,1.3443000316619873,0
2997,2015-07-30,1.3200000524520874,1.347599983215332,1.3300000429153442,1.347599983215332,0
2998,2015-07-31,1.3300000429153442,1.3690999746322632,1.3200000524520874,1.350100040435791,0
2999,2015-08-03,1.3300000429153442,1.3697999715805054,1.3200000524520874,1.3687000274658203,0
3000,2015-08-04,1.3300000429153442,1.35479998588562,1.3200000524520874,1.3487999439239502,0
3001,2015-08-05,1.3200000524520874,1.3669999837875366,1.354200005531311,1.3669999837875366,0
3002,2015-08-06,1.3300000429153442,1.3544000387191772,1.350100040435791,1.350100040435791,0
3003,2015-08-07,1.3300000429153442,1.353600025177002,1.340000033378601,1.3518999814987185,0
3004,2015-08-10,1.3300000429153442,1.353600025177002,1.3492000102996826,1.350600004196167,0
3005,2015-08-11,1.3300000429153442,1.3539999723434448,1.3200000524520874,1.3432999849319458,0
3006,2015-08-12,1.3200000524520874,1.3529000282287598,1.3300000429153442,1.3529000282287598,0
3007,2015-08-13,1.3200000524520874,1.3519999980926514,1.3300000429153442,1.3519999980926514,0
3008,2015-08-14,1.3300000429153442,1.3596999645233154,1.3200000524520874,1.3473999500274658,0
3009,2015-08-17,1.3300000429153442,1.3621000051498413,1.354300022125244,1.3621000051498413,0
3010,2015-08-18,1.354300022125244,1.3552000522613523,1.3532999753952026,1.3552000522613523,0
3011,2015-08-19,1.3532999753952026,1.3574999570846558,1.3530000448226929,1.3574999570846558,0
3012,2015-08-20,1.3432999849319458,1.3516000509262085,1.3516000509262085,1.3516000509262085,0
3013,2015-08-21,1.3516000509262085,1.3503999710083008,1.3437999486923218,1.3437999486923218,0
3014,2015-08-24,1.3503999710083008,1.3398000001907349,1.3342000246047974,1.3398000001907349,0
3015,2015-08-25,1.3359999656677246,1.3280999660491943,1.326799988746643,1.326799988746643,0
3016,2015-08-26,1.3280999660491943,1.3329999446868896,1.3224999904632568,1.3224999904632568,0
3017,2015-08-27,1.3329999446868896,1.3428000211715698,1.341099977493286,1.3428000211715698,0
3018,2015-08-28,1.341099977493286,1.3459999561309814,1.3396999835968018,1.3459999561309814,0
3019,2015-08-31,1.3396999835968018,1.3479000329971311,1.3389999866485596,1.3479000329971311,0
3020,2015-09-01,1.3389999866485596,1.3396999835968018,1.337000012397766,1.337000012397766,0
3021,2015-09-02,1.3396999835968018,1.3388999700546265,1.3388999700546265,1.3388999700546265,0
3022,2015-09-03,1.3388999700546265,1.3437000513076782,1.3382999897003174,1.3437000513076782,0
3023,2015-09-04,1.3495999574661257,1.3371000289916992,1.3371000289916992,1.3371000289916992,0
3024,2015-09-07,1.3371000289916992,1.340000033378601,1.3357000350952148,1.3357000350952148,0
3025,2015-09-08,1.340000033378601,1.340000033378601,1.335800051689148,1.3361999988555908,0
3026,2015-09-09,1.350000023841858,1.340000033378601,1.3305000066757202,1.3305000066757202,0
3027,2015-09-10,1.3300000429153442,1.3499000072479248,1.327399969100952,1.327399969100952,0
3028,2015-09-11,1.3300000429153442,1.3482999801635742,1.3385000228881836,1.3385000228881836,0
3029,2015-09-14,1.340000033378601,1.3425999879837036,1.3360999822616575,1.3389999866485596,0
3030,2015-09-15,1.3300000429153442,1.3432999849319458,1.340000033378601,1.3432999849319458,0
3031,2015-09-16,1.340000033378601,1.3467999696731567,1.342900037765503,1.3467999696731567,0
3032,2015-09-17,1.340000033378601,1.3438999652862549,1.3335000276565552,1.3335000276565552,0
3033,2015-09-18,1.0329999923706057,1.3425999879837036,1.3300000429153442,1.3320000171661377,0
3034,2015-09-21,1.3200000524520874,1.358299970626831,1.3300000429153442,1.358299970626831,0
3035,2015-09-22,1.3300000429153442,1.3479000329971311,1.3200000524520874,1.3200000524520874,0
3036,2015-09-23,1.3200000524520874,1.3528000116348269,1.309999942779541,1.3528000116348269,0
3037,2015-09-24,1.3300000429153442,1.3457000255584717,1.3200000524520874,1.343500018119812,0
3038,2015-09-25,1.3300000429153442,1.3526999950408936,1.309999942779541,1.3526999950408936,0
3039,2015-09-28,1.3300000429153442,1.3449000120162964,1.3200000524520874,1.3422000408172607,0
3040,2015-09-29,1.3200000524520874,1.3446999788284302,1.315000057220459,1.333899974822998,0
3041,2015-09-30,1.3200000524520874,1.343400001525879,1.3200000524520874,1.343400001525879,0
3042,2015-10-01,1.3200000524520874,1.3494999408721924,1.343000054359436,1.3494999408721924,0
3043,2015-10-02,1.3200000524520874,1.3431999683380127,1.309999942779541,1.3381999731063845,0
3044,2015-10-05,1.3200000524520874,1.335800051689148,1.2899999618530271,1.335800051689148,0
3045,2015-10-06,1.2899999618530271,1.35479998588562,1.2999999523162842,1.35479998588562,0
3046,2015-10-07,1.3452999591827393,1.3497999906539917,1.2999999523162842,1.3497999906539917,0
3047,2015-10-08,1.2999999523162842,1.3518999814987185,1.2999999523162842,1.3518999814987185,0
3048,2015-10-09,1.2999999523162842,1.350000023841858,1.2899999618530271,1.3461999893188477,0
3049,2015-10-12,1.3494000434875488,1.3418999910354614,1.3418999910354614,1.3418999910354614,0
3050,2015-10-13,1.3418999910354614,1.3437000513076782,1.309999942779541,1.3437000513076782,0
3051,2015-10-14,1.3200000524520874,1.3499000072479248,1.309999942779541,1.341599941253662,0
3052,2015-10-15,1.309999942779541,1.3494000434875488,1.3200000524520874,1.3423000574111938,0
3053,2015-10-16,1.3200000524520874,1.3586000204086304,1.3480000495910645,1.3586000204086304,0
3054,2015-10-19,1.309999942779541,1.34660005569458,1.3200000524520874,1.34660005569458,0
3055,2015-10-20,1.3300000429153442,1.3493000268936155,1.3200000524520874,1.3393000364303589,0
3056,2015-10-21,1.309999942779541,1.3521000146865845,1.309999942779541,1.3521000146865845,0
3057,2015-10-22,1.3300000429153442,1.3398000001907349,1.3200000524520874,1.3398000001907349,0
3058,2015-10-23,1.3300000429153442,1.339900016784668,1.3200000524520874,1.339900016784668,0
3059,2015-10-26,1.3300000429153442,1.3463000059127808,1.3200000524520874,1.3463000059127808,0
3060,2015-10-27,1.309999942779541,1.3553999662399292,1.3200000524520874,1.3355000019073486,0
3061,2015-10-28,1.3200000524520874,1.3589999675750732,1.309999942779541,1.3589999675750732,0
3062,2015-10-29,1.3200000524520874,1.3747999668121338,1.354699969291687,1.374500036239624,0
3063,2015-10-30,1.3200000524520874,1.3480000495910645,1.3480000495910645,1.3480000495910645,0
3064,2015-11-02,1.309999942779541,1.3545000553131104,1.3473000526428225,1.3473000526428225,0
3065,2015-11-03,1.3300000429153442,1.3550000190734863,1.309999942779541,1.35479998588562,0
3066,2015-11-04,1.3200000524520874,1.3573999404907229,1.357200026512146,1.357200026512146,0
3067,2015-11-05,1.309999942779541,1.3693000078201294,1.309999942779541,1.3664000034332275,0
3068,2015-11-06,1.3200000524520874,1.3617000579833984,1.3617000579833984,1.3617000579833984,0
3069,2015-11-09,1.3200000524520874,1.3787000179290771,1.3200000524520874,1.3787000179290771,0
3070,2015-11-10,1.375,1.3740999698638916,1.371899962425232,1.3740999698638916,0
3071,2015-11-11,1.309999942779541,1.371000051498413,1.370100021362305,1.371000051498413,0
3072,2015-11-12,1.3660999536514282,1.370300054550171,1.364300012588501,1.364300012588501,0
3073,2015-11-13,1.3587000370025637,1.3698999881744385,1.3594000339508057,1.3594000339508057,0
3074,2015-11-16,1.3200000524520874,1.3782000541687012,1.3711999654769895,1.3782000541687012,0
3075,2015-11-17,1.3200000524520874,1.377400040626526,1.3746000528335571,1.377400040626526,0
3076,2015-11-18,1.3768999576568604,1.3777999877929688,1.309999942779541,1.3777999877929688,0
3077,2015-11-19,1.309999942779541,1.3730000257492063,1.3707000017166138,1.3707000017166138,0
3078,2015-11-20,1.3730000257492063,1.3727999925613403,1.3726999759674072,1.3726999759674072,0
3079,2015-11-23,1.3767000436782837,1.3782000541687012,1.3716000318527222,1.3782000541687012,0
3080,2015-11-24,1.3703999519348145,1.3710999488830566,1.3707000017166138,1.3707000017166138,0
3081,2015-11-25,1.3711999654769895,1.3727999925613403,1.3707000017166138,1.3707000017166138,0
3082,2015-11-26,1.3695000410079956,1.3762999773025513,1.3697999715805054,1.3697999715805054,0
3083,2015-11-27,1.3772000074386597,1.378000020980835,1.3300000429153442,1.378000020980835,0
3084,2015-11-30,1.3712999820709229,1.3787000179290771,1.3300000429153442,1.3731000423431396,0
3085,2015-12-01,1.309999942779541,1.3797999620437622,1.378600001335144,1.3797999620437622,0
3086,2015-12-02,1.3747999668121338,1.377500057220459,1.375100016593933,1.375100016593933,0
3087,2015-12-03,1.3762999773025513,1.3768999576568604,1.3765000104904177,1.3765000104904177,0
3088,2015-12-04,1.3286999464035034,1.3756999969482422,1.3287999629974363,1.3287999629974363,0
3089,2015-12-07,1.3776999711990356,1.3791999816894531,1.3767999410629272,1.3791999816894531,0
3090,2015-12-08,1.3732000589370728,1.3732999563217163,1.350000023841858,1.3732999563217163,0
3091,2015-12-09,1.3634999990463257,1.366199970245361,1.3652000427246094,1.3652000427246094,0
3092,2015-12-10,1.3538999557495115,1.3738000392913818,1.3544000387191772,1.3544000387191772,0
3093,2015-12-11,1.340000033378601,1.3763999938964844,1.350000023841858,1.3763999938964844,0
3094,2015-12-14,1.3553999662399292,1.360100030899048,1.350000023841858,1.3567999601364136,0
3095,2015-12-15,1.3574999570846558,1.3588000535964966,1.350000023841858,1.358199954032898,0
3096,2015-12-16,1.368299961090088,1.367400050163269,1.3300000429153442,1.367400050163269,0
3097,2015-12-17,1.3654999732971191,1.3703999519348145,1.367799997329712,1.3703999519348145,0
3098,2015-12-18,1.3698999881744385,1.363700032234192,1.3200000524520874,1.3300000429153442,0
3099,2015-12-21,1.3300000429153442,1.3669999837875366,1.3595000505447388,1.3595000505447388,0
3100,2015-12-22,1.361199975013733,1.3665000200271606,1.3300000429153442,1.361799955368042,0
3101,2015-12-23,1.364799976348877,1.3658000230789185,1.3300000429153442,1.3654999732971191,0
3102,2015-12-24,1.368399977684021,1.367400050163269,1.3657000064849854,1.367400050163269,0
3103,2015-12-25,1.3630000352859497,1.3630000352859497,1.3630000352859497,1.3630000352859497,0
3104,2015-12-28,1.3614000082015991,1.3632999658584597,1.3621000051498413,1.3621000051498413,0
3105,2015-12-29,1.36489999294281,1.3636000156402588,1.340000033378601,1.3636000156402588,0
3106,2015-12-30,1.368499994277954,1.3676999807357788,1.340000033378601,1.3676999807357788,0
3107,2015-12-31,1.36489999294281,1.3652000427246094,1.3200000524520874,1.3636000156402588,0
3108,2016-01-01,1.3695000410079956,1.3695000410079956,1.3695000410079956,1.3695000410079956,0
3109,2016-01-04,1.3691999912261963,1.3711999654769895,1.3668999671936035,1.3711999654769895,0
3110,2016-01-05,1.3782999515533447,1.3776999711990356,1.3200000524520874,1.3776999711990356,0
3111,2016-01-06,1.3653000593185425,1.365399956703186,1.3300000429153442,1.365399956703186,0
3112,2016-01-07,1.3300000429153442,1.3705999851226809,1.3300000429153442,1.3595999479293823,0
3113,2016-01-08,1.3626999855041504,1.3631999492645264,1.3593000173568726,1.3631999492645264,0
3114,2016-01-11,1.3523999452590942,1.3666000366210938,1.3514000177383425,1.3514000177383425,0
3115,2016-01-12,1.3712999820709229,1.3729000091552734,1.3672000169754028,1.3729000091552734,0
3116,2016-01-13,1.3672000169754028,1.3717999458312988,1.3695000410079956,1.3695000410079956,0
3117,2016-01-14,1.3645000457763672,1.3703999519348145,1.3623000383377075,1.3623000383377075,0
3118,2016-01-15,1.3703999519348145,1.3776999711990356,1.3587000370025637,1.3776999711990356,0
3119,2016-01-18,1.3581000566482544,1.3702000379562378,1.3200000524520874,1.3575999736785889,0
3120,2016-01-19,1.370300054550171,1.3711999654769895,1.3200000524520874,1.3711999654769895,0
3121,2016-01-20,1.3653000593185425,1.3688000440597534,1.3633999824523926,1.3633999824523926,0
3122,2016-01-21,1.3710999488830566,1.3731000423431396,1.3200000524520874,1.3731000423431396,0
3123,2016-01-22,1.3746000528335571,1.3775999546051023,1.3300000429153442,1.3775999546051023,0
3124,2016-01-25,1.3717999458312988,1.374400019645691,1.3300000429153442,1.372099995613098,0
3125,2016-01-26,1.3703999519348145,1.3727999925613403,1.3300000429153442,1.3704999685287476,0
3126,2016-01-27,1.367799997329712,1.371899962425232,1.3693000078201294,1.3693000078201294,0
3127,2016-01-28,1.368899941444397,1.3727999925613403,1.3693000078201294,1.3693000078201294,0
3128,2016-01-29,1.3694000244140625,1.370100021362305,1.3200000524520874,1.370100021362305,0
3129,2016-02-01,1.3700000047683716,1.3758000135421753,1.3200000524520874,1.3691999912261963,0
3130,2016-02-02,1.3726999759674072,1.3722000122070312,1.309999942779541,1.3722000122070312,0
3131,2016-02-03,1.371999979019165,1.371500015258789,1.3300000429153442,1.370300054550171,0
3132,2016-02-04,1.350499987602234,1.3592000007629397,1.3200000524520874,1.3466999530792236,0
3133,2016-02-05,1.3200000524520874,1.3590999841690063,1.3200000524520874,1.3559000492095947,0
3134,2016-02-08,1.3200000524520874,1.364799976348877,1.3300000429153442,1.364799976348877,0
3135,2016-02-09,1.3300000429153442,1.3558000326156616,1.3200000524520874,1.347599983215332,0
3136,2016-02-10,1.348099946975708,1.350499987602234,1.3476999998092651,1.3476999998092651,0
3137,2016-02-11,1.3300000429153442,1.3473000526428225,1.3425999879837036,1.3425999879837036,0
3138,2016-02-12,1.3497999906539917,1.357300043106079,1.350499987602234,1.350499987602234,0
3139,2016-02-15,1.3598999977111816,1.3623000383377075,1.3509000539779663,1.3623000383377075,0
3140,2016-02-16,1.309999942779541,1.355299949645996,1.355299949645996,1.355299949645996,0
3141,2016-02-17,1.309999942779541,1.35889995098114,1.3544000387191772,1.35889995098114,0
3142,2016-02-18,1.357200026512146,1.3575999736785889,1.3557000160217283,1.3557000160217283,0
3143,2016-02-19,1.3557000160217283,1.3558000326156616,1.354099988937378,1.35479998588562,0
3144,2016-02-22,1.353600025177002,1.3585000038146973,1.3200000524520874,1.3565000295639038,0
3145,2016-02-23,1.3574999570846558,1.3615000247955322,1.3565000295639038,1.3565000295639038,0
3146,2016-02-24,1.3300000429153442,1.3633999824523926,1.3588000535964966,1.3588000535964966,0
3147,2016-02-25,1.3567999601364136,1.3625999689102173,1.357200026512146,1.357200026512146,0
3148,2016-02-26,1.363800048828125,1.361799955368042,1.3200000524520874,1.3597999811172483,0
3149,2016-02-29,1.3737000226974487,1.374500036239624,1.3300000429153442,1.374500036239624,0
3150,2016-03-01,1.3690999746322632,1.3702000379562378,1.309999942779541,1.3697999715805054,0
3151,2016-03-02,1.371000051498413,1.371899962425232,1.370300054550171,1.370300054550171,0
3152,2016-03-03,1.3300000429153442,1.371500015258789,1.3200000524520874,1.3697999715805054,0
3153,2016-03-04,1.3619999885559082,1.3703999519348145,1.309999942779541,1.3622000217437744,0
3154,2016-03-07,1.367300033569336,1.3687000274658203,1.3630000352859497,1.3687000274658203,0
3155,2016-03-08,1.3630000352859497,1.3622000217437744,1.3553999662399292,1.3553999662399292,0
3156,2016-03-09,1.3625999689102173,1.3640999794006348,1.363700032234192,1.3640999794006348,0
3157,2016-03-10,1.363700032234192,1.363800048828125,1.3622000217437744,1.3622000217437744,0
3158,2016-03-11,1.363800048828125,1.3624999523162842,1.3381999731063845,1.3381999731063845,0
3159,2016-03-14,1.3583999872207642,1.3575999736785889,1.309999942779541,1.3575999736785889,0
3160,2016-03-15,1.3558000326156616,1.3564000129699707,1.309999942779541,1.3200000524520874,0
3161,2016-03-16,1.2999999523162842,1.3585000038146973,1.2999999523162842,1.309999942779541,0
3162,2016-03-17,1.3443000316619873,1.3549000024795532,1.2999999523162842,1.3437999486923218,0
3163,2016-03-18,1.354300022125244,1.354099988937378,1.2999999523162842,1.354099988937378,0
3164,2016-03-21,1.3525999784469604,1.3532999753952026,1.3513000011444092,1.351699948310852,0
3165,2016-03-22,1.309999942779541,1.354599952697754,1.2999999523162842,1.354599952697754,0
3166,2016-03-23,1.2999999523162842,1.3539999723434448,1.309999942779541,1.3502999544143677,0
3167,2016-03-24,1.2999999523162842,1.354099988937378,1.309999942779541,1.354099988937378,0
3168,2016-03-25,1.3200000524520874,1.3531999588012695,1.309999942779541,1.3531999588012695,0
3169,2016-03-28,1.309999942779541,1.354300022125244,1.2999999523162842,1.354300022125244,0
3170,2016-03-29,1.309999942779541,1.354599952697754,1.309999942779541,1.3493000268936155,0
3171,2016-03-30,1.3300000429153442,1.3489999771118164,1.309999942779541,1.3454999923706057,0
3172,2016-03-31,1.3466999530792236,1.3486000299453735,1.309999942779541,1.3486000299453735,0
3173,2016-04-01,1.2999999523162842,1.3488999605178833,1.2899999618530271,1.3487999439239502,0
3174,2016-04-04,1.2899999618530271,1.3503999710083008,1.2799999713897705,1.3503999710083008,0
3175,2016-04-05,1.2799999713897705,1.3451999425888062,1.2799999713897705,1.3427000045776367,0
3176,2016-04-06,1.2899999618530271,1.346400022506714,1.2799999713897705,1.3425999879837036,0
3177,2016-04-07,1.3415000438690186,1.3460999727249146,1.340499997138977,1.340499997138977,0
3178,2016-04-08,1.342900037765503,1.3413000106811523,1.2799999713897705,1.3413000106811523,0
3179,2016-04-11,1.2899999618530271,1.3407000303268433,1.2799999713897705,1.3366999626159668,0
3180,2016-04-12,1.2799999713897705,1.3408000469207764,1.2799999713897705,1.3408000469207764,0
3181,2016-04-13,1.2799999713897705,1.343400001525879,1.2799999713897705,1.343400001525879,0
3182,2016-04-14,1.2899999618530271,1.3384000062942505,1.2799999713897705,1.3384000062942505,0
3183,2016-04-15,1.2899999618530271,1.339900016784668,1.2799999713897705,1.339900016784668,0
3184,2016-04-18,1.2899999618530271,1.3385000228881836,1.2799999713897705,1.3367999792099,0
3185,2016-04-19,1.2899999618530271,1.3389999866485596,1.2799999713897705,1.3384000062942505,0
3186,2016-04-20,1.2899999618530271,1.3381999731063845,1.2799999713897705,1.3357000350952148,0
3187,2016-04-21,1.2799999713897705,1.3460999727249146,1.2799999713897705,1.3460999727249146,0
3188,2016-04-22,1.3401999473571775,1.3457000255584717,1.2799999713897705,1.3457000255584717,0
3189,2016-04-25,1.2799999713897705,1.3509000539779663,1.2899999618530271,1.3509000539779663,0
3190,2016-04-26,1.2899999618530271,1.3492000102996826,1.2799999713897705,1.3479000329971311,0
3191,2016-04-27,1.2899999618530271,1.347599983215332,1.2799999713897705,1.347599983215332,0
3192,2016-04-28,1.3450000286102295,1.3454999923706057,1.2899999618530271,1.3454999923706057,0
3193,2016-04-29,1.2899999618530271,1.343999981880188,1.2799999713897705,1.343999981880188,0
3194,2016-05-02,1.333899974822998,1.3407000303268433,1.3321000337600708,1.3321000337600708,0
3195,2016-05-03,1.3407000303268433,1.3350000381469729,1.3344000577926636,1.3350000381469729,0
3196,2016-05-04,1.3436000347137451,1.3271000385284424,1.2799999713897705,1.3271000385284424,0
3197,2016-05-05,1.2899999618530271,1.3279000520706177,1.2799999713897705,1.3279000520706177,0
3198,2016-05-06,1.2899999618530271,1.329800009727478,1.2799999713897705,1.329800009727478,0
3199,2016-05-09,1.2799999713897705,1.3393000364303589,1.2899999618530271,1.333799958229065,0
3200,2016-05-10,1.2899999618530271,1.3395999670028689,1.2799999713897705,1.3395999670028689,0
3201,2016-05-11,1.2799999713897705,1.3407000303268433,1.25,1.3380000591278076,0
3202,2016-05-12,1.2599999904632568,1.3392000198364258,1.25,1.337499976158142,0
3203,2016-05-13,1.25,1.3424999713897705,1.2599999904632568,1.3424999713897705,0
3204,2016-05-16,1.2599999904632568,1.3432999849319458,1.3430999517440796,1.3430999517440796,0
3205,2016-05-17,1.3443000316619873,1.3447999954223633,1.3447999954223633,1.3447999954223633,0
3206,2016-05-18,1.25,1.3456000089645386,1.25,1.3456000089645386,0
3207,2016-05-19,1.25,1.3497999906539917,1.2599999904632568,1.3497999906539917,0
3208,2016-05-20,1.25,1.3478000164031982,1.25,1.3453999757766724,0
3209,2016-05-23,1.2599999904632568,1.3473999500274658,1.25,1.3467999696731567,0
3210,2016-05-24,1.2599999904632568,1.3473000526428225,1.25,1.34660005569458,0
3211,2016-05-25,1.25,1.3529000282287598,1.25,1.3529000282287598,0
3212,2016-05-26,1.25,1.3497999906539917,1.25,1.3478000164031982,0
3213,2016-05-27,1.2599999904632568,1.3478000164031982,1.25,1.3478000164031982,0
3214,2016-05-30,1.2799999713897705,1.3553999662399292,1.347000002861023,1.3553999662399292,0
3215,2016-05-31,1.347000002861023,1.3503999710083008,1.2799999713897705,1.3459999561309814,0
3216,2016-06-01,1.2799999713897705,1.3530999422073364,1.2599999904632568,1.3530999422073364,0
3217,2016-06-02,1.25,1.3495999574661257,1.2799999713897705,1.347100019454956,0
3218,2016-06-03,1.2699999809265137,1.3552000522613523,1.2999999523162842,1.3552000522613523,0
3219,2016-06-06,1.309999942779541,1.3379000425338743,1.2999999523162842,1.3241000175476074,0
3220,2016-06-07,1.2999999523162842,1.339900016784668,1.2999999523162842,1.3349000215530396,0
3221,2016-06-08,1.2999999523162842,1.3401999473571775,1.2999999523162842,1.3401999473571775,0
3222,2016-06-09,1.2999999523162842,1.3387000560760498,1.2999999523162842,1.3361999988555908,0
3223,2016-06-10,1.2999999523162842,1.3424999713897705,1.336899995803833,1.3424999713897705,0
3224,2016-06-13,1.309999942779541,1.3436000347137451,1.2999999523162842,1.3436000347137451,0
3225,2016-06-14,1.2999999523162842,1.3357000350952148,1.2999999523162842,1.3357000350952148,0
3226,2016-06-15,1.2999999523162842,1.3472000360488892,1.2999999523162842,1.3472000360488892,0
3227,2016-06-16,1.3415000438690186,1.3508000373840332,1.2999999523162842,1.341099977493286,0
3228,2016-06-17,1.2999999523162842,1.343500018119812,1.2999999523162842,1.3427000045776367,0
3229,2016-06-20,1.333899974822998,1.3416999578475952,1.2999999523162842,1.3416999578475952,0
3230,2016-06-21,1.3430999517440796,1.3422000408172607,1.2999999523162842,1.3422000408172607,0
3231,2016-06-22,1.3450000286102295,1.3456000089645386,1.2999999523162842,1.3456000089645386,0
3232,2016-06-23,1.329800009727478,1.3401999473571775,1.2999999523162842,1.33270001411438,0
3233,2016-06-24,1.340499997138977,1.3472000360488892,1.2999999523162842,1.3472000360488892,0
3234,2016-06-27,1.326300024986267,1.353600025177002,1.2999999523162842,1.336400032043457,0
3235,2016-06-28,1.3300000429153442,1.3575999736785889,1.3200000524520874,1.3525999784469604,0
3236,2016-06-29,1.36080002784729,1.3597999811172483,1.3300000429153442,1.3597999811172483,0
3237,2016-06-30,1.3535000085830688,1.3566999435424805,1.3200000524520874,1.3538999557495115,0
3238,2016-07-01,1.3619999885559082,1.365399956703186,1.3200000524520874,1.361600041389465,0
3239,2016-07-04,1.3549000024795532,1.3558000326156616,1.3553999662399292,1.3558000326156616,0
3240,2016-07-05,1.3523999452590942,1.357200026512146,1.3200000524520874,1.3535000085830688,0
3241,2016-07-06,1.367300033569336,1.3681999444961548,1.3200000524520874,1.3681999444961548,0
3242,2016-07-07,1.351699948310852,1.3600000143051147,1.350000023841858,1.352300047874451,0
3243,2016-07-08,1.357100009918213,1.3600000143051147,1.3545000553131104,1.3562999963760376,0
3244,2016-07-11,1.356600046157837,1.3573999404907229,1.350000023841858,1.3573999404907229,0
3245,2016-07-12,1.3535000085830688,1.3624000549316406,1.350000023841858,1.3538999557495115,0
3246,2016-07-13,1.365399956703186,1.3659000396728516,1.3600000143051147,1.3659000396728516,0
3247,2016-07-14,1.3603999614715576,1.360100030899048,1.340000033378601,1.360100030899048,0
3248,2016-07-15,1.3596999645233154,1.3609000444412231,1.350000023841858,1.3603999614715576,0
3249,2016-07-18,1.3733999729156494,1.3702000379562378,1.3638999462127686,1.3702000379562378,0
3250,2016-07-19,1.3610999584197998,1.364300012588501,1.3623000383377075,1.3623000383377075,0
3251,2016-07-20,1.3687000274658203,1.3696000576019287,1.350000023841858,1.3696000576019287,0
3252,2016-07-21,1.3631999492645264,1.3799999952316284,1.3600000143051147,1.3628000020980835,0
3253,2016-07-22,1.3667999505996704,1.3662999868392944,1.350000023841858,1.3660999536514282,0
3254,2016-07-25,1.350000023841858,1.3723000288009644,1.350000023841858,1.3723000288009644,0
3255,2016-07-26,1.3645999431610107,1.366199970245361,1.3300000429153442,1.365399956703186,0
3256,2016-07-27,1.3676999807357788,1.3675999641418457,1.3300000429153442,1.3675999641418457,0
3257,2016-07-28,1.3581000566482544,1.367400050163269,1.3300000429153442,1.3561999797821045,0
3258,2016-07-29,1.368499994277954,1.3681999444961548,1.3200000524520874,1.3681999444961548,0
3259,2016-08-01,1.3545000553131104,1.3615000247955322,1.3300000429153442,1.3551000356674194,0
3260,2016-08-02,1.361299991607666,1.3609000444412231,1.3200000524520874,1.3609000444412231,0
3261,2016-08-03,1.3526999950408936,1.3554999828338623,1.3300000429153442,1.3554999828338623,0
3262,2016-08-04,1.361799955368042,1.3619999885559082,1.3300000429153442,1.3619999885559082,0
3263,2016-08-05,1.3300000429153442,1.351199984550476,1.3300000429153442,1.351199984550476,0
3264,2016-08-08,1.3585000038146973,1.3598999977111816,1.3300000429153442,1.3587000370025637,0
3265,2016-08-09,1.3300000429153442,1.3605999946594238,1.340000033378601,1.3595999479293823,0
3266,2016-08-10,1.357200026512146,1.3619999885559082,1.3300000429153442,1.3558000326156616,0
3267,2016-08-11,1.361600041389465,1.36080002784729,1.357300043106079,1.36080002784729,0
3268,2016-08-12,1.3589999675750732,1.3700000047683716,1.3573999404907229,1.3586000204086304,0
3269,2016-08-15,1.3561999797821045,1.3700000047683716,1.3560999631881714,1.3560999631881714,0
3270,2016-08-16,1.3554999828338623,1.3700000047683716,1.3559999465942385,1.3559999465942385,0
3271,2016-08-17,1.3588000535964966,1.3600000143051147,1.350000023841858,1.3587000370025637,0
3272,2016-08-18,1.350000023841858,1.3600000143051147,1.350000023841858,1.3514000177383425,0
3273,2016-08-19,1.350100040435791,1.3600000143051147,1.350000023841858,1.3509000539779663,0
3274,2016-08-22,1.3600000143051147,1.3600000143051147,1.348399996757507,1.354300022125244,0
3275,2016-08-23,1.3452999591827393,1.3600000143051147,1.3460999727249146,1.3460999727249146,0
3276,2016-08-24,1.3555999994277954,1.3600000143051147,1.347599983215332,1.3559999465942385,0
3277,2016-08-25,1.3490999937057495,1.350000023841858,1.3495999574661257,1.3495999574661257,0
3278,2016-08-26,1.350200057029724,1.3600000143051147,1.3478000164031982,1.3494999408721924,0
3279,2016-08-29,1.3597999811172483,1.3593000173568726,1.3550000190734863,1.3593000173568726,0
3280,2016-08-30,1.3538999557495115,1.3560999631881714,1.3538999557495115,1.3538999557495115,0
3281,2016-08-31,1.358299970626831,1.357800006866455,1.357800006866455,1.357800006866455,0
3282,2016-09-01,1.3555999994277954,1.3593000173568726,1.3554999828338623,1.3554999828338623,0
3283,2016-09-02,1.3532999753952026,1.3583999872207642,1.3533999919891355,1.3533999919891355,0
3284,2016-09-05,1.3623000383377075,1.361899971961975,1.350000023841858,1.361899971961975,0
3285,2016-09-06,1.3594000339508057,1.3650000095367432,1.357800006866455,1.3592000007629397,0
3286,2016-09-07,1.347499966621399,1.3700000047683716,1.3478000164031982,1.3478000164031982,0
3287,2016-09-08,1.3583999872207642,1.3700000047683716,1.3496999740600586,1.3581000566482544,0
3288,2016-09-09,1.3524999618530271,1.3600000143051147,1.350000023841858,1.3524999618530271,0
3289,2016-09-12,1.3538000583648682,1.3600000143051147,1.3502999544143677,1.3502999544143677,0
3290,2016-09-13,1.3489999771118164,1.3600000143051147,1.3488999605178833,1.3488999605178833,0
3291,2016-09-14,1.3524999618530271,1.3700000047683716,1.350000023841858,1.3524999618530271,0
3292,2016-09-15,1.3480000495910645,1.3700000047683716,1.3481999635696411,1.3481999635696411,0
3293,2016-09-16,1.3600000143051147,1.3600000143051147,1.3496999740600586,1.3496999740600586,0
3294,2016-09-19,1.35889995098114,1.3600000143051147,1.350000023841858,1.35889995098114,0
3295,2016-09-20,1.3600000143051147,1.3600000143051147,1.3569999933242798,1.3569999933242798,0
3296,2016-09-21,1.361299991607666,1.3700000047683716,1.360200047492981,1.361199975013733,0
3297,2016-09-22,1.35479998588562,1.3700000047683716,1.354300022125244,1.3700000047683716,0
3298,2016-09-23,1.3633999824523926,1.3633999824523926,1.353600025177002,1.3633999824523926,0
3299,2016-09-26,1.3526999950408936,1.3600000143051147,1.35099995136261,1.35099995136261,0
3300,2016-09-27,1.3521000146865845,1.3700000047683716,1.3523999452590942,1.3523999452590942,0
3301,2016-09-28,1.357800006866455,1.3600000143051147,1.354099988937378,1.3580000400543213,0
3302,2016-09-29,1.353600025177002,1.3700000047683716,1.3518999814987185,1.3530000448226929,0
3303,2016-09-30,1.3549000024795532,1.3600000143051147,1.354699969291687,1.354699969291687,0
3304,2016-10-03,1.3459999561309814,1.3700000047683716,1.347000002861023,1.347000002861023,0
3305,2016-10-04,1.3588000535964966,1.3700000047683716,1.3553999662399292,1.35889995098114,0
3306,2016-10-05,1.3514000177383425,1.3700000047683716,1.3494000434875488,1.351099967956543,0
3307,2016-10-06,1.3700000047683716,1.3700000047683716,1.3600000143051147,1.361299991607666,0
3308,2016-10-07,1.36489999294281,1.3700000047683716,1.3617000579833984,1.3655999898910522,0
3309,2016-10-10,1.354099988937378,1.3632999658584597,1.35479998588562,1.35479998588562,0
3310,2016-10-11,1.3660999536514282,1.3799999952316284,1.363800048828125,1.3662999868392944,0
3311,2016-10-12,1.3676999807357788,1.3700000047683716,1.3634999990463257,1.3669999837875366,0
3312,2016-10-13,1.3650000095367432,1.371500015258789,1.3600000143051147,1.3651000261306765,0
3313,2016-10-14,1.368299961090088,1.3700000047683716,1.3630000352859497,1.3691999912261963,0
3314,2016-10-17,1.3688000440597534,1.3899999856948853,1.3688000440597534,1.3688000440597534,0
3315,2016-10-18,1.3747999668121338,1.3799999952316284,1.3733999729156494,1.3733999729156494,0
3316,2016-10-19,1.3796000480651855,1.3799999952316284,1.375499963760376,1.379899978637695,0
3317,2016-10-20,1.3760000467300415,1.3799999952316284,1.3700000047683716,1.3759000301361084,0
3318,2016-10-21,1.3799999952316284,1.3799999952316284,1.3734999895095823,1.379899978637695,0
3319,2016-10-24,1.3741999864578247,1.3752000331878662,1.3747999668121338,1.3747999668121338,0
3320,2016-10-25,1.3770999908447266,1.3777999877929688,1.374699950218201,1.3777999877929688,0
3321,2016-10-26,1.3737000226974487,1.374500036239624,1.3739999532699585,1.3739999532699585,0
3322,2016-10-27,1.3762999773025513,1.3759000301361084,1.3733999729156494,1.3759000301361084,0
3323,2016-10-28,1.3770999908447266,1.3773000240325928,1.3731000423431396,1.3773000240325928,0
3324,2016-10-31,1.3645999431610107,1.3775999546051023,1.3665000200271606,1.3665000200271606,0
3325,2016-11-01,1.3746000528335571,1.3899999856948853,1.375,1.375,0
3326,2016-11-02,1.3741999864578247,1.3899999856948853,1.3747999668121338,1.3747999668121338,0
3327,2016-11-03,1.3777999877929688,1.3899999856948853,1.3730000257492063,1.3772000074386597,0
3328,2016-11-04,1.368399977684021,1.3799999952316284,1.3676999807357788,1.3691999912261963,0
3329,2016-11-07,1.3636000156402588,1.3899999856948853,1.3654999732971191,1.3687000274658203,0
3330,2016-11-08,1.368299961090088,1.3899999856948853,1.36899995803833,1.36899995803833,0
3331,2016-11-09,1.375,1.3899999856948853,1.367799997329712,1.3777999877929688,0
3332,2016-11-10,1.3854000568389893,1.399999976158142,1.3587000370025637,1.3845000267028809,0
3333,2016-11-11,1.3597999811172483,1.3772000074386597,1.3598999977111816,1.3598999977111816,0
3334,2016-11-14,1.379699945449829,1.3877999782562256,1.3832000494003296,1.3859000205993652,0
3335,2016-11-15,1.3868999481201172,1.399999976158142,1.3805999755859375,1.3840999603271484,0
3336,2016-11-16,1.385699987411499,1.3899999856948853,1.3837000131607056,1.3837000131607056,0
3337,2016-11-17,1.388700008392334,1.399999976158142,1.388200044631958,1.388200044631958,0
3338,2016-11-18,1.4047000408172607,1.406000018119812,1.3899999856948853,1.406000018119812,0
3339,2016-11-21,1.3978999853134155,1.399500012397766,1.3967000246047974,1.3967000246047974,0
3340,2016-11-22,1.399999976158142,1.4199999570846558,1.3990999460220337,1.3990999460220337,0
3341,2016-11-23,1.4005000591278076,1.4199999570846558,1.3974000215530396,1.4007999897003174,0
3342,2016-11-24,1.4067000150680542,1.4079999923706057,1.3964999914169312,1.4079999923706057,0
3343,2016-11-25,1.3985999822616575,1.409999966621399,1.398800015449524,1.398800015449524,0
3344,2016-11-28,1.402400016784668,1.4199999570846558,1.3947999477386477,1.3977999687194824,0
3345,2016-11-29,1.4005000591278076,1.409999966621399,1.3971999883651731,1.4009000062942505,0
3346,2016-11-30,1.3904999494552612,1.399999976158142,1.3906999826431274,1.3906999826431274,0
3347,2016-12-01,1.399999976158142,1.406599998474121,1.3978999853134155,1.406599998474121,0
3348,2016-12-02,1.393399953842163,1.409999966621399,1.3933000564575195,1.3933000564575195,0
3349,2016-12-05,1.3966000080108645,1.409999966621399,1.3985999822616575,1.409500002861023,0
3350,2016-12-06,1.3913999795913696,1.409999966621399,1.3924000263214111,1.399999976158142,0
3351,2016-12-07,1.402400016784668,1.402999997138977,1.3919999599456787,1.402999997138977,0
3352,2016-12-08,1.3882999420166016,1.399999976158142,1.3884999752044678,1.3884999752044678,0
3353,2016-12-09,1.4178999662399292,1.4174000024795532,1.3933000564575195,1.4174000024795532,0
3354,2016-12-12,1.3941999673843384,1.409999966621399,1.3925000429153442,1.3974000215530396,0
3355,2016-12-13,1.3877999782562256,1.409999966621399,1.3873000144958496,1.3873000144958496,0
3356,2016-12-14,1.409999966621399,1.409999966621399,1.396299958229065,1.396299958229065,0
3357,2016-12-15,1.4151999950408936,1.4212000370025637,1.396399974822998,1.4212000370025637,0
3358,2016-12-16,1.3978999853134155,1.4086999893188477,1.3969000577926636,1.3969000577926636,0
3359,2016-12-19,1.4092999696731567,1.4199999570846558,1.399999976158142,1.4086999893188477,0
3360,2016-12-20,1.4157999753952026,1.4153000116348269,1.409999966621399,1.4153000116348269,0
3361,2016-12-21,1.409500002861023,1.409999966621399,1.399999976158142,1.4093999862670898,0
3362,2016-12-22,1.4079999923706057,1.4199999570846558,1.4067000150680542,1.4067000150680542,0
3363,2016-12-23,1.4119000434875488,1.4199999570846558,1.409999966621399,1.4121999740600586,0
3364,2016-12-26,1.4103000164031982,1.410099983215332,1.410099983215332,1.410099983215332,0
3365,2016-12-27,1.409500002861023,1.41349995136261,1.4112000465393066,1.4112000465393066,0
3366,2016-12-28,1.4119000434875488,1.4140000343322754,1.4111000299453735,1.4111000299453735,0
3367,2016-12-29,1.4138000011444092,1.4199999570846558,1.4120999574661257,1.4121999740600586,0
3368,2016-12-30,1.4076000452041626,1.4121999740600586,1.3996000289916992,1.3996000289916992,0
3369,2017-01-02,1.4178999662399292,1.4178999662399292,1.4133000373840332,1.4178999662399292,0
3370,2017-01-03,1.414199948310852,1.4147000312805176,1.4134000539779663,1.4147000312805176,0
3371,2017-01-04,1.4111000299453735,1.412500023841858,1.4092999696731567,1.412500023841858,0
3372,2017-01-05,1.4041999578475952,1.4148999452590942,1.3974000215530396,1.3974000215530396,0
3373,2017-01-06,1.4011000394821167,1.4199999570846558,1.40339994430542,1.40339994430542,0
3374,2017-01-09,1.41349995136261,1.4133000373840332,1.4111000299453735,1.4133000373840332,0
3375,2017-01-10,1.40339994430542,1.4112999439239502,1.4023000001907349,1.4023000001907349,0
3376,2017-01-11,1.4140000343322754,1.413699984550476,1.409999966621399,1.413699984550476,0
3377,2017-01-12,1.4000999927520752,1.4076999425888062,1.4000999927520752,1.4000999927520752,0
3378,2017-01-13,1.4132000207901,1.4199999570846558,1.4042999744415283,1.414199948310852,0
3379,2017-01-16,1.4048999547958374,1.406599998474121,1.4042999744415283,1.406599998474121,0
3380,2017-01-17,1.402999997138977,1.4199999570846558,1.4026000499725342,1.4026000499725342,0
3381,2017-01-18,1.4041999578475952,1.4199999570846558,1.4019999504089355,1.4047000408172607,0
3382,2017-01-19,1.4083000421524048,1.409999966621399,1.3981000185012815,1.4093999862670898,0
3383,2017-01-20,1.3982000350952148,1.409999966621399,1.398900032043457,1.398900032043457,0
3384,2017-01-23,1.393100023269653,1.409999966621399,1.3874000310897827,1.3904000520706177,0
3385,2017-01-24,1.3935999870300293,1.4199999570846558,1.3945000171661377,1.394700050354004,0
3386,2017-01-25,1.399999976158142,1.399999976158142,1.3938000202178955,1.395799994468689,0
3387,2017-01-26,1.409999966621399,1.394700050354004,1.3899999856948853,1.3919999599456787,0
3388,2017-01-27,1.4005000591278076,1.4000999927520752,1.3945000171661377,1.4000999927520752,0
3389,2017-01-30,1.392899990081787,1.409999966621399,1.3896000385284424,1.3896000385284424,0
3390,2017-01-31,1.3926000595092771,1.409999966621399,1.3930000066757202,1.3930000066757202,0
3391,2017-02-01,1.391800045967102,1.399999976158142,1.3899999856948853,1.3913999795913696,0
3392,2017-02-02,1.4023000001907349,1.399999976158142,1.3899999856948853,1.399799942970276,0
3393,2017-02-03,1.409999966621399,1.409999966621399,1.392300009727478,1.3984999656677246,0
3394,2017-02-06,1.3854000568389893,1.409999966621399,1.385800004005432,1.385800004005432,0
3395,2017-02-07,1.3909000158309937,1.409999966621399,1.393100023269653,1.393100023269653,0
3396,2017-02-08,1.3937000036239624,1.409999966621399,1.3941999673843384,1.3941999673843384,0
3397,2017-02-09,1.3890999555587769,1.409999966621399,1.3901000022888184,1.3901000022888184,0
3398,2017-02-10,1.399399995803833,1.409999966621399,1.3961000442504885,1.3992999792099,0
3399,2017-02-13,1.3950999975204468,1.4199999570846558,1.3968000411987305,1.397699952125549,0
3400,2017-02-14,1.4046000242233276,1.4055999517440796,1.3992999792099,1.4039000272750854,0
3401,2017-02-15,1.4061000347137451,1.409999966621399,1.399500012397766,1.4071999788284302,0
3402,2017-02-16,1.3938000202178955,1.409999966621399,1.3904999494552612,1.3904999494552612,0
3403,2017-02-17,1.3969000577926636,1.399999976158142,1.3976000547409058,1.3976000547409058,0
3404,2017-02-20,1.4038000106811523,1.403499960899353,1.399399995803833,1.403499960899353,0
3405,2017-02-21,1.4012999534606934,1.4041999578475952,1.399999976158142,1.4041999578475952,0
3406,2017-02-22,1.4005999565124512,1.409999966621399,1.399399995803833,1.399399995803833,0
3407,2017-02-23,1.3939000368118286,1.409999966621399,1.3942999839782717,1.3942999839782717,0
3408,2017-02-24,1.399999976158142,1.409999966621399,1.3997000455856323,1.3997000455856323,0
3409,2017-02-27,1.408400058746338,1.409999966621399,1.401600003242493,1.4078999757766724,0
3410,2017-02-28,1.399999976158142,1.409999966621399,1.399999976158142,1.4018000364303589,0
3411,2017-03-01,1.399999976158142,1.409999966621399,1.399999976158142,1.4063999652862549,0
3412,2017-03-02,1.3978999853134155,1.409999966621399,1.398800015449524,1.398800015449524,0
3413,2017-03-03,1.4011000394821167,1.409999966621399,1.399899959564209,1.399899959564209,0
3414,2017-03-06,1.3944000005722046,1.409999966621399,1.395799994468689,1.395799994468689,0
3415,2017-03-07,1.399999976158142,1.409999966621399,1.399999976158142,1.4036999940872192,0
3416,2017-03-08,1.4041999578475952,1.409999966621399,1.40339994430542,1.40339994430542,0
3417,2017-03-09,1.4063999652862549,1.4077999591827393,1.399999976158142,1.4069000482559204,0
3418,2017-03-10,1.406000018119812,1.4299999475479126,1.4045000076293943,1.4045000076293943,0
3419,2017-03-13,1.399399995803833,1.4199999570846558,1.3948999643325806,1.3983999490737915,0
3420,2017-03-14,1.4041999578475952,1.409999966621399,1.399999976158142,1.4040000438690186,0
3421,2017-03-15,1.4043999910354614,1.409999966621399,1.399999976158142,1.4036999940872192,0
3422,2017-03-16,1.3863999843597412,1.409999966621399,1.3861000537872314,1.3861000537872314,0
3423,2017-03-17,1.3941999673843384,1.409999966621399,1.394700050354004,1.394700050354004,0
3424,2017-03-20,1.3996000289916992,1.409999966621399,1.3947999477386477,1.3978999853134155,0
3425,2017-03-21,1.4017000198364258,1.409999966621399,1.398800015449524,1.398800015449524,0
3426,2017-03-22,1.4005999565124512,1.409999966621399,1.3997000455856323,1.4013999700546265,0
3427,2017-03-23,1.398900032043457,1.409999966621399,1.3918999433517456,1.399799942970276,0
3428,2017-03-24,1.3913999795913696,1.409999966621399,1.3911999464035034,1.393399953842163,0
3429,2017-03-27,1.391700029373169,1.409999966621399,1.382699966430664,1.385699987411499,0
3430,2017-03-28,1.3911999464035034,1.409999966621399,1.3869999647140503,1.391700029373169,0
3431,2017-03-29,1.3918999433517456,1.399999976158142,1.3873000144958496,1.3913999795913696,0
3432,2017-03-30,1.3899999856948853,1.409999966621399,1.3868000507354736,1.3910000324249268,0
3433,2017-03-31,1.3948999643325806,1.3940000534057615,1.3926000595092771,1.3940000534057615,0
3434,2017-04-03,1.409999966621399,1.3950999975204468,1.3935999870300293,1.3942999839782717,0
3435,2017-04-04,1.393100023269653,1.409999966621399,1.393100023269653,1.393100023269653,0
3436,2017-04-05,1.3904000520706177,1.409999966621399,1.3901000022888184,1.3901000022888184,0
3437,2017-04-06,1.395799994468689,1.409999966621399,1.3948999643325806,1.39520001411438,0
3438,2017-04-07,1.3981000185012815,1.409999966621399,1.39520001411438,1.3977999687194824,0
3439,2017-04-10,1.399899959564209,1.409999966621399,1.4002000093460083,1.4012000560760498,0
3440,2017-04-11,1.399999976158142,1.409999966621399,1.3974000215530396,1.3974000215530396,0
3441,2017-04-12,1.409999966621399,1.409999966621399,1.395799994468689,1.3997000455856323,0
3442,2017-04-13,1.399999976158142,1.409999966621399,1.3871999979019165,1.3871999979019165,0
3443,2017-04-14,1.409999966621399,1.409999966621399,1.3950999975204468,1.3950999975204468,0
3444,2017-04-17,1.3955999612808228,1.409999966621399,1.3939000368118286,1.395900011062622,0
3445,2017-04-18,1.3911999464035034,1.409999966621399,1.3905999660491943,1.3913999795913696,0
3446,2017-04-19,1.38510000705719,1.409999966621399,1.3853000402450562,1.3853000402450562,0
3447,2017-04-20,1.399999976158142,1.409999966621399,1.3882999420166016,1.389799952507019,0
3448,2017-04-21,1.392699956893921,1.409999966621399,1.3868999481201172,1.393100023269653,0
3449,2017-04-24,1.383999943733215,1.409999966621399,1.3653000593185425,1.3653000593185425,0
3450,2017-04-25,1.3833999633789062,1.409999966621399,1.3806999921798706,1.3837000131607056,0
3451,2017-04-26,1.3783999681472778,1.399999976158142,1.378100037574768,1.378100037574768,0
3452,2017-04-27,1.3808000087738037,1.3835999965667725,1.3803999423980713,1.3803999423980713,0
3453,2017-04-28,1.3870999813079834,1.3899999856948853,1.3847999572753906,1.3880000114440918,0
3454,2017-05-01,1.3890999555587769,1.399999976158142,1.3878999948501587,1.3878999948501587,0
3455,2017-05-02,1.388399958610535,1.3899999856948853,1.3834999799728394,1.3875000476837158,0
3456,2017-05-03,1.382099986076355,1.399999976158142,1.3811999559402466,1.3811999559402466,0
3457,2017-05-04,1.3868000507354736,1.399999976158142,1.3863999843597412,1.3863999843597412,0
3458,2017-05-05,1.3791999816894531,1.399999976158142,1.3794000148773191,1.3794000148773191,0
3459,2017-05-08,1.3804999589920044,1.399999976158142,1.381700038909912,1.3849999904632568,0
3460,2017-05-09,1.3847999572753906,1.399999976158142,1.383800029754639,1.3840999603271484,0
3461,2017-05-10,1.3875000476837158,1.386299967765808,1.385699987411499,1.385699987411499,0
3462,2017-05-11,1.386199951171875,1.386299967765808,1.3835999965667725,1.386299967765808,0
3463,2017-05-12,1.3848999738693235,1.3845000267028809,1.3834999799728394,1.3845000267028809,0
3464,2017-05-15,1.3763999938964844,1.399999976158142,1.3768999576568604,1.3768999576568604,0
3465,2017-05-16,1.3824000358581543,1.399999976158142,1.38100004196167,1.381999969482422,0
3466,2017-05-17,1.3770999908447266,1.3769999742507937,1.3762999773025513,1.3769999742507937,0
3467,2017-05-18,1.3693000078201294,1.399999976158142,1.3708000183105469,1.3708000183105469,0
3468,2017-05-19,1.3805999755859375,1.3792999982833862,1.3700000047683716,1.3792999982833862,0
3469,2017-05-22,1.3687000274658203,1.3799999952316284,1.3693000078201294,1.3693000078201294,0
3470,2017-05-23,1.37090003490448,1.3799999952316284,1.3707000017166138,1.3710999488830566,0
3471,2017-05-24,1.377400040626526,1.3899999856948853,1.3739999532699585,1.3776999711990356,0
3472,2017-05-25,1.3700000047683716,1.3899999856948853,1.368499994277954,1.368499994277954,0
3473,2017-05-26,1.371399998664856,1.3899999856948853,1.3707000017166138,1.3712999820709229,0
3474,2017-05-29,1.3899999856948853,1.376099944114685,1.370100021362305,1.376099944114685,0
3475,2017-05-30,1.3727999925613403,1.3899999856948853,1.3707000017166138,1.3769999742507937,0
3476,2017-05-31,1.3662999868392944,1.3899999856948853,1.367799997329712,1.367799997329712,0
3477,2017-06-01,1.3681999444961548,1.3691999912261963,1.368399977684021,1.368399977684021,0
3478,2017-06-02,1.37090003490448,1.3899999856948853,1.36899995803833,1.3708000183105469,0
3479,2017-06-05,1.361299991607666,1.3799999952316284,1.361899971961975,1.361899971961975,0
3480,2017-06-06,1.3655999898910522,1.3799999952316284,1.365399956703186,1.365399956703186,0
3481,2017-06-07,1.3631999492645264,1.3799999952316284,1.3639999628067017,1.3639999628067017,0
3482,2017-06-08,1.3597999811172483,1.3799999952316284,1.360100030899048,1.360100030899048,0
3483,2017-06-09,1.3695000410079956,1.3799999952316284,1.3655999898910522,1.3707000017166138,0
3484,2017-06-12,1.3634999990463257,1.3799999952316284,1.3615000247955322,1.3629000186920166,0
3485,2017-06-13,1.372099995613098,1.3899999856948853,1.3707000017166138,1.3729000091552734,0
3486,2017-06-14,1.3702000379562378,1.3799999952316284,1.3696999549865725,1.370100021362305,0
3487,2017-06-15,1.3899999856948853,1.3899999856948853,1.368399977684021,1.368399977684021,0
3488,2017-06-16,1.3899999856948853,1.371500015258789,1.3697999715805054,1.371500015258789,0
3489,2017-06-19,1.3799999952316284,1.3899999856948853,1.3660999536514282,1.3660999536514282,0
3490,2017-06-20,1.3791999816894531,1.3799999952316284,1.3717999458312988,1.379699945449829,0
3491,2017-06-21,1.3738000392913818,1.3765000104904177,1.3733999729156494,1.3733999729156494,0
3492,2017-06-22,1.373900055885315,1.3899999856948853,1.3739999532699585,1.3739999532699585,0
3493,2017-06-23,1.3760000467300415,1.3762999773025513,1.373900055885315,1.3762999773025513,0
3494,2017-06-26,1.3707000017166138,1.374899983406067,1.3702000379562378,1.3702000379562378,0
3495,2017-06-27,1.3734999895095823,1.3899999856948853,1.3738000392913818,1.3738000392913818,0
3496,2017-06-28,1.365399956703186,1.3899999856948853,1.365399956703186,1.365399956703186,0
3497,2017-06-29,1.3723000288009644,1.375499963760376,1.3723000288009644,1.3723000288009644,0
3498,2017-06-30,1.3707000017166138,1.3899999856948853,1.3708000183105469,1.3708000183105469,0
3499,2017-07-03,1.372099995613098,1.3899999856948853,1.3630000352859497,1.3723000288009644,0
3500,2017-07-04,1.364300012588501,1.3669999837875366,1.3633999824523926,1.3633999824523926,0
3501,2017-07-05,1.3666000366210938,1.3799999952316284,1.3651000261306765,1.3651000261306765,0
3502,2017-07-06,1.3628000020980835,1.3899999856948853,1.3632999658584597,1.3632999658584597,0
3503,2017-07-07,1.3949999809265137,1.3949999809265137,1.3603999614715576,1.3603999614715576,0
3504,2017-07-10,1.3681000471115112,1.3899999856948853,1.3655999898910522,1.368000030517578,0
3505,2017-07-12,1.3587000370025637,1.3899999856948853,1.3575999736785889,1.3575999736785889,0
3506,2017-07-13,1.367799997329712,1.3799999952316284,1.3639999628067017,1.3671000003814695,0
3507,2017-07-14,1.360700011253357,1.3628000020980835,1.360200047492981,1.360200047492981,0
3508,2017-07-17,1.3560999631881714,1.3700000047683716,1.3555999994277954,1.3555999994277954,0
3509,2017-07-18,1.3580000400543213,1.3700000047683716,1.356899976730347,1.3583999872207642,0
3510,2017-07-19,1.357100009918213,1.3799999952316284,1.3567999601364136,1.357800006866455,0
3511,2017-07-20,1.357699990272522,1.3799999952316284,1.3565000295639038,1.3565000295639038,0
3512,2017-07-21,1.3431999683380127,1.3799999952316284,1.3437000513076782,1.3437000513076782,0
3513,2017-07-24,1.3560999631881714,1.3799999952316284,1.3513000011444092,1.354099988937378,0
3514,2017-07-25,1.3518999814987185,1.3700000047683716,1.350200057029724,1.3522000312805176,0
3515,2017-07-26,1.3513000011444092,1.3600000143051147,1.3517999649047852,1.3517999649047852,0
3516,2017-07-27,1.3413000106811523,1.3600000143051147,1.3430999517440796,1.3430999517440796,0
3517,2017-07-28,1.3503999710083008,1.3489999771118164,1.34660005569458,1.3489999771118164,0
3518,2017-07-31,1.3423000574111938,1.3600000143051147,1.3424999713897705,1.3424999713897705,0
3519,2017-08-01,1.3344000577926636,1.3600000143051147,1.3365999460220337,1.3365999460220337,0
3520,2017-08-02,1.343000054359436,1.3600000143051147,1.3423000574111938,1.3423000574111938,0
3521,2017-08-03,1.3406000137329102,1.3600000143051147,1.341099977493286,1.341099977493286,0
3522,2017-08-04,1.3392000198364258,1.3600000143051147,1.3379000425338743,1.3379000425338743,0
3523,2017-08-07,1.3538000583648682,1.3600000143051147,1.3414000272750854,1.3531999588012695,0
3524,2017-08-08,1.3423999547958374,1.3600000143051147,1.3417999744415283,1.3417999744415283,0
3525,2017-08-09,1.3493000268936155,1.3489999771118164,1.341099977493286,1.3489999771118164,0
3526,2017-08-10,1.3386000394821167,1.3413000106811523,1.3380999565124512,1.3380999565124512,0
3527,2017-08-11,1.335800051689148,1.3401999473571775,1.3357000350952148,1.3357000350952148,0
3528,2017-08-14,1.3336999416351318,1.3473999500274658,1.333199977874756,1.333199977874756,0
3529,2017-08-15,1.3487000465393066,1.3489999771118164,1.3418999910354614,1.3489999771118164,0
3530,2017-08-16,1.343999981880188,1.347599983215332,1.3432999849319458,1.3432999849319458,0
3531,2017-08-17,1.340000033378601,1.3458000421524048,1.3396999835968018,1.3396999835968018,0
3532,2017-08-18,1.3421000242233276,1.3451000452041626,1.3430999517440796,1.3430999517440796,0
3533,2017-08-21,1.3438999652862549,1.3457000255584717,1.3443000316619873,1.3443000316619873,0
3534,2017-08-22,1.3393000364303589,1.3457000255584717,1.3395999670028689,1.3395999670028689,0
3535,2017-08-23,1.3450000286102295,1.3600000143051147,1.3432999849319458,1.3451000452041626,0
3536,2017-08-24,1.3600000143051147,1.3600000143051147,1.339900016784668,1.339900016784668,0
3537,2017-08-25,1.3453999757766724,1.3454999923706057,1.3442000150680542,1.3454999923706057,0
3538,2017-08-28,1.332800030708313,1.3600000143051147,1.3295999765396118,1.3295999765396118,0
3539,2017-08-29,1.3349000215530396,1.350000023841858,1.3361999988555908,1.3361999988555908,0
3540,2017-08-30,1.3463000059127808,1.3600000143051147,1.3375999927520752,1.3457000255584717,0
3541,2017-08-31,1.3437000513076782,1.350000023841858,1.3384000062942505,1.3438999652862549,0
3542,2017-09-01,1.3309999704360962,1.350000023841858,1.3316999673843384,1.3316999673843384,0
3543,2017-09-04,1.343400001525879,1.340999960899353,1.3378000259399414,1.340999960899353,0
3544,2017-09-05,1.3386000394821167,1.339400053024292,1.3382999897003174,1.339400053024292,0
3545,2017-09-06,1.335800051689148,1.350000023841858,1.3344000577926636,1.3344000577926636,0
3546,2017-09-07,1.3360999822616575,1.336300015449524,1.3355000019073486,1.3355000019073486,0
3547,2017-09-08,1.3315000534057615,1.350000023841858,1.3307000398635864,1.3307000398635864,0
3548,2017-09-11,1.339100003242493,1.350000023841858,1.3276000022888184,1.3411999940872192,0
3549,2017-09-12,1.333899974822998,1.350000023841858,1.3299000263214111,1.3335000276565552,0
3550,2017-09-13,1.3270000219345093,1.340000033378601,1.3257999420166016,1.3257999420166016,0
3551,2017-09-14,1.3432999849319458,1.350000023841858,1.3322999477386477,1.3432999849319458,0
3552,2017-09-15,1.329800009727478,1.350000023841858,1.329200029373169,1.329200029373169,0
3553,2017-09-18,1.337399959564209,1.350000023841858,1.3359999656677246,1.3384000062942505,0
3554,2017-09-19,1.3371000289916992,1.350000023841858,1.3321000337600708,1.3366999626159668,0
3555,2017-09-20,1.3315999507904053,1.350000023841858,1.3320000171661377,1.3320000171661377,0
3556,2017-09-21,1.350000023841858,1.350000023841858,1.3315000534057615,1.3473000526428225,0
3557,2017-09-22,1.3269000053405762,1.350000023841858,1.3264000415802002,1.3264000415802002,0
3558,2017-09-25,1.3330999612808228,1.350000023841858,1.3339999914169312,1.3356000185012815,0
3559,2017-09-26,1.337499976158142,1.350000023841858,1.3349000215530396,1.33650004863739,0
3560,2017-09-27,1.3351000547409058,1.350000023841858,1.3359999656677246,1.3359999656677246,0
3561,2017-09-28,1.3379000425338743,1.3600000143051147,1.3377000093460083,1.3377000093460083,0
3562,2017-09-29,1.3427000045776367,1.366000056266785,1.3428000211715698,1.3428000211715698,0
3563,2017-10-02,1.353700041770935,1.3463000059127808,1.3421000242233276,1.3463000059127808,0
3564,2017-10-03,1.3432999849319458,1.3444000482559204,1.3431999683380127,1.3431999683380127,0
3565,2017-10-04,1.3463000059127808,1.3600000143051147,1.3451999425888062,1.3451999425888062,0
3566,2017-10-05,1.3492000102996826,1.3600000143051147,1.3451999425888062,1.3494000434875488,0
3567,2017-10-06,1.3480000495910645,1.350000023841858,1.345900058746338,1.3479000329971311,0
3568,2017-10-09,1.3428000211715698,1.3480000495910645,1.3417999744415283,1.3417999744415283,0
3569,2017-10-10,1.348399996757507,1.3600000143051147,1.3438999652862549,1.348399996757507,0
3570,2017-10-11,1.3407000303268433,1.350000023841858,1.3401000499725342,1.3401000499725342,0
3571,2017-10-12,1.3600000143051147,1.3407000303268433,1.339100003242493,1.339100003242493,0
3572,2017-10-13,1.3437000513076782,1.3600000143051147,1.3398000001907349,1.3437999486923218,0
3573,2017-10-16,1.339900016784668,1.3406000137329102,1.340000033378601,1.3406000137329102,0
3574,2017-10-17,1.3408000469207764,1.3600000143051147,1.3411999940872192,1.3411999940872192,0
3575,2017-10-18,1.340399980545044,1.344099998474121,1.3401000499725342,1.3401000499725342,0
3576,2017-10-19,1.3392000198364258,1.3600000143051147,1.3392000198364258,1.3392000198364258,0
3577,2017-10-20,1.3421000242233276,1.3600000143051147,1.3417999744415283,1.3417999744415283,0
3578,2017-10-23,1.347000002861023,1.3600000143051147,1.3442000150680542,1.3503999710083008,0
3579,2017-10-24,1.343400001525879,1.3600000143051147,1.339400053024292,1.3428000211715698,0
3580,2017-10-25,1.3394999504089355,1.3600000143051147,1.340000033378601,1.340000033378601,0
3581,2017-10-26,1.3357000350952148,1.350000023841858,1.3351000547409058,1.3351000547409058,0
3582,2017-10-27,1.357200026512146,1.3600000143051147,1.3443000316619873,1.3589999675750732,0
3583,2017-10-30,1.3449000120162964,1.3700000047683716,1.3450000286102295,1.3450000286102295,0
3584,2017-10-31,1.351099967956543,1.3899999856948853,1.3401000499725342,1.3509000539779663,0
3585,2017-11-01,1.3387000560760498,1.3700000047683716,1.3396999835968018,1.3396999835968018,0
3586,2017-11-02,1.3442000150680542,1.3700000047683716,1.339900016784668,1.3422000408172607,0
3587,2017-11-03,1.3407000303268433,1.3700000047683716,1.3408000469207764,1.3408000469207764,0
3588,2017-11-06,1.3459999561309814,1.3700000047683716,1.3431999683380127,1.3461999893188477,0
3589,2017-11-07,1.341099977493286,1.3700000047683716,1.340999960899353,1.340999960899353,0
3590,2017-11-08,1.3414000272750854,1.3700000047683716,1.3406000137329102,1.3406000137329102,0
3591,2017-11-09,1.3436000347137451,1.3700000047683716,1.3444000482559204,1.3444000482559204,0
3592,2017-11-10,1.3530999422073364,1.3700000047683716,1.3421000242233276,1.3517999649047852,0
3593,2017-11-13,1.340000033378601,1.3700000047683716,1.3415000438690186,1.3418999910354614,0
3594,2017-11-14,1.340399980545044,1.3700000047683716,1.3398000001907349,1.3398000001907349,0
3595,2017-11-15,1.333400011062622,1.3600000143051147,1.3345999717712402,1.3345999717712402,0
3596,2017-11-17,1.3387000560760498,1.3600000143051147,1.3365999460220337,1.3365999460220337,0
3597,2017-11-20,1.339900016784668,1.3600000143051147,1.339400053024292,1.3452999591827393,0
3598,2017-11-21,1.3442000150680542,1.3600000143051147,1.3432999849319458,1.3432999849319458,0
3599,2017-11-22,1.3438999652862549,1.3600000143051147,1.3432999849319458,1.3432999849319458,0
3600,2017-11-23,1.335800051689148,1.3446999788284302,1.33650004863739,1.33650004863739,0
3601,2017-11-24,1.344099998474121,1.3600000143051147,1.3393000364303589,1.3446999788284302,0
3602,2017-11-27,1.3309999704360962,1.3600000143051147,1.3323999643325806,1.332800030708313,0
3603,2017-11-28,1.340499997138977,1.350000023841858,1.336400032043457,1.3394999504089355,0
3604,2017-11-29,1.3407000303268433,1.350000023841858,1.3360999822616575,1.340000033378601,0
3605,2017-11-30,1.3355000019073486,1.350000023841858,1.3351000547409058,1.3351000547409058,0
3606,2017-12-01,1.3320000171661377,1.350000023841858,1.330199956893921,1.330199956893921,0
3607,2017-12-04,1.3388999700546265,1.3600000143051147,1.336899995803833,1.3418999910354614,0
3608,2017-12-05,1.3353999853134155,1.3600000143051147,1.3349000215530396,1.3349000215530396,0
3609,2017-12-06,1.3437000513076782,1.3600000143051147,1.340000033378601,1.3443000316619873,0
3610,2017-12-07,1.341099977493286,1.3417999744415283,1.3401000499725342,1.3417999744415283,0
3611,2017-12-08,1.3408000469207764,1.3600000143051147,1.3417999744415283,1.3417999744415283,0
3612,2017-12-11,1.3379000425338743,1.3430999517440796,1.3430999517440796,1.3430999517440796,0
3613,2017-12-12,1.3453999757766724,1.350000023841858,1.3428000211715698,1.3450000286102295,0
3614,2017-12-13,1.3472000360488892,1.3600000143051147,1.3437999486923218,1.3461999893188477,0
3615,2017-12-14,1.333899974822998,1.3600000143051147,1.3323999643325806,1.3323999643325806,0
3616,2017-12-15,1.3503999710083008,1.350000023841858,1.340999960899353,1.3489999771118164,0
3617,2017-12-18,1.3461999893188477,1.3650000095367432,1.343999981880188,1.3461999893188477,0
3618,2017-12-19,1.3451999425888062,1.3600000143051147,1.3423999547958374,1.3451000452041626,0
3619,2017-12-20,1.3398000001907349,1.3600000143051147,1.339400053024292,1.339400053024292,0
3620,2017-12-21,1.3381999731063845,1.350000023841858,1.3379000425338743,1.3379000425338743,0
3621,2017-12-22,1.3401000499725342,1.3428000211715698,1.3389999866485596,1.3428000211715698,0
3622,2017-12-25,1.3380000591278076,1.3395999670028689,1.3366999626159668,1.3395999670028689,0
3623,2017-12-26,1.3367999792099,1.350000023841858,1.337299942970276,1.337299942970276,0
3624,2017-12-27,1.3385000228881836,1.3380000591278076,1.3375999927520752,1.3380000591278076,0
3625,2017-12-28,1.337499976158142,1.350000023841858,1.3367999792099,1.3367999792099,0
3626,2017-12-29,1.3379000425338743,1.350000023841858,1.3351000547409058,1.337399959564209,0
3627,2018-01-01,1.3336999416351318,1.3336999416351318,1.3336999416351318,1.3336999416351318,0
3628,2018-01-02,1.3323999643325806,1.3322999477386477,1.330899953842163,1.3322999477386477,0
3629,2018-01-03,1.3316999673843384,1.350000023841858,1.3308000564575195,1.3313000202178955,0
3630,2018-01-04,1.350000023841858,1.350000023841858,1.3282999992370603,1.3317999839782717,0
3631,2018-01-05,1.327399969100952,1.350000023841858,1.3265000581741333,1.3265000581741333,0
3632,2018-01-08,1.330899953842163,1.350000023841858,1.3294999599456787,1.3294999599456787,0
3633,2018-01-09,1.3316999673843384,1.350000023841858,1.3300000429153442,1.3313000202178955,0
3634,2018-01-10,1.3291000127792358,1.350000023841858,1.3214000463485718,1.3289999961853027,0
3635,2018-01-11,1.3382999897003174,1.350000023841858,1.333400011062622,1.3371000289916992,0
3636,2018-01-12,1.3236000537872314,1.350000023841858,1.3212000131607056,1.3212000131607056,0
3637,2018-01-15,1.3243000507354736,1.3257999420166016,1.3198000192642212,1.3257999420166016,0
3638,2018-01-16,1.3193999528884888,1.340000033378601,1.3176000118255615,1.3199000358581543,0
3639,2018-01-17,1.3136999607086182,1.3300000429153442,1.3091000318527222,1.3091000318527222,0
3640,2018-01-18,1.3188999891281128,1.3200000524520874,1.3171000480651855,1.3184000253677368,0
3641,2018-01-19,1.3171000480651855,1.3300000429153442,1.3177000284194946,1.3177000284194946,0
3642,2018-01-22,1.3245999813079834,1.3300000429153442,1.3170000314712524,1.3224999904632568,0
3643,2018-01-23,1.3300000429153442,1.3300000429153442,1.315600037574768,1.315600037574768,0
3644,2018-01-24,1.3300000429153442,1.3300000429153442,1.3106000423431396,1.3106000423431396,0
3645,2018-01-25,1.3300000429153442,1.3300000429153442,1.3083000183105469,1.3083000183105469,0
3646,2018-01-26,1.3200000524520874,1.3200000524520874,1.3009999990463257,1.3107999563217163,0
3647,2018-01-29,1.3200000524520874,1.303500056266785,1.3028000593185425,1.3034000396728516,0
3648,2018-01-30,1.3200000524520874,1.3200000524520874,1.3056000471115112,1.3056000471115112,0
3649,2018-01-31,1.3200000524520874,1.3097000122070312,1.3061000108718872,1.3097000122070312,0
3650,2018-02-01,1.3200000524520874,1.3200000524520874,1.302299976348877,1.3112000226974487,0
3651,2018-02-02,1.3200000524520874,1.3200000524520874,1.2956000566482544,1.2956000566482544,0
3652,2018-02-05,1.309999942779541,1.3200000524520874,1.3042000532150269,1.3078999519348145,0
3653,2018-02-06,1.3200000524520874,1.3200000524520874,1.3044999837875366,1.3104000091552734,0
3654,2018-02-07,1.3200000524520874,1.3200000524520874,1.3021999597549438,1.3021999597549438,0
3655,2018-02-08,1.3200000524520874,1.3200000524520874,1.3049999475479126,1.3147000074386597,0
3656,2018-02-09,1.309999942779541,1.3200000524520874,1.3032000064849854,1.3032000064849854,0
3657,2018-02-12,1.3200000524520874,1.3127000331878662,1.3092999458312988,1.3092999458312988,0
3658,2018-02-13,1.3300000429153442,1.3300000429153442,1.3101999759674072,1.3101999759674072,0
3659,2018-02-14,1.3200000524520874,1.3200000524520874,1.3092000484466553,1.3092999458312988,0
3660,2018-02-15,1.3200000524520874,1.3200000524520874,1.297600030899048,1.297600030899048,0
3661,2018-02-16,1.3200000524520874,1.3200000524520874,1.3030999898910522,1.3030999898910522,0
3662,2018-02-19,1.3200000524520874,1.3164000511169434,1.3020999431610107,1.3128999471664429,0
3663,2018-02-20,1.3020999431610107,1.3039000034332275,1.3032000064849854,1.3039000034332275,0
3664,2018-02-21,1.3200000524520874,1.3200000524520874,1.3051999807357788,1.3051999807357788,0
3665,2018-02-22,1.3200000524520874,1.3200000524520874,1.3078999519348145,1.3098000288009644,0
3666,2018-02-23,1.3200000524520874,1.3200000524520874,1.3035999536514282,1.3035999536514282,0
3667,2018-02-26,1.3118000030517578,1.3200000524520874,1.308500051498413,1.312199950218201,0
3668,2018-02-27,1.3200000524520874,1.3200000524520874,1.305899977684021,1.3086999654769895,0
3669,2018-02-28,1.3200000524520874,1.3200000524520874,1.3062000274658203,1.3151999711990356,0
3670,2018-03-01,1.309999942779541,1.3200000524520874,1.3092999458312988,1.3092999458312988,0
3671,2018-03-02,1.309999942779541,1.3133000135421753,1.3040000200271606,1.3040000200271606,0
3672,2018-03-05,1.3300000429153442,1.3200000524520874,1.3079999685287476,1.3106000423431396,0
3673,2018-03-06,1.309999942779541,1.309999942779541,1.3028000593185425,1.3028000593185425,0
3674,2018-03-07,1.3200000524520874,1.3200000524520874,1.3047000169754028,1.3047000169754028,0
3675,2018-03-08,1.309999942779541,1.3200000524520874,1.30239999294281,1.3069000244140625,0
3676,2018-03-09,1.3200000524520874,1.3200000524520874,1.3040000200271606,1.310099959373474,0
3677,2018-03-12,1.3200000524520874,1.3200000524520874,1.3013999462127686,1.3026000261306765,0
3678,2018-03-13,1.3200000524520874,1.3200000524520874,1.3035999536514282,1.3035999536514282,0
3679,2018-03-14,1.3200000524520874,1.3200000524520874,1.3028000593185425,1.3028000593185425,0
3680,2018-03-15,1.3200000524520874,1.3200000524520874,1.3039000034332275,1.3072999715805054,0
3681,2018-03-16,1.3200000524520874,1.3200000524520874,1.3047000169754028,1.3091000318527222,0
3682,2018-03-19,1.309999942779541,1.3102999925613403,1.304900050163269,1.3102999925613403,0
3683,2018-03-20,1.3200000524520874,1.3200000524520874,1.3028000593185425,1.3028000593185425,0
3684,2018-03-21,1.3200000524520874,1.313099980354309,1.304900050163269,1.313099980354309,0
3685,2018-03-22,1.3200000524520874,1.310099959373474,1.2955000400543213,1.2955000400543213,0
3686,2018-03-23,1.310099959373474,1.3200000524520874,1.303500056266785,1.3072999715805054,0
3687,2018-03-26,1.30239999294281,1.3028000593185425,1.3015999794006348,1.3028000593185425,0
3688,2018-03-27,1.309999942779541,1.309999942779541,1.2971999645233154,1.2971999645233154,0
3689,2018-03-28,1.3200000524520874,1.315000057220459,1.2978999614715576,1.3020000457763672,0
3690,2018-03-29,1.315000057220459,1.315000057220459,1.3009999990463257,1.3063000440597534,0
3691,2018-03-30,1.3200000524520874,1.3200000524520874,1.3011000156402588,1.3029999732971191,0
3692,2018-04-02,1.2999000549316406,1.309999942779541,1.301900029182434,1.301900029182434,0
3693,2018-04-03,1.3200000524520874,1.3200000524520874,1.3039000034332275,1.3039000034332275,0
3694,2018-04-04,1.3200000524520874,1.3200000524520874,1.304900050163269,1.3063000440597534,0
3695,2018-04-05,1.3200000524520874,1.3200000524520874,1.3047000169754028,1.3047000169754028,0
3696,2018-04-06,1.3200000524520874,1.3105000257492063,1.3075000047683716,1.3105000257492063,0
3697,2018-04-09,1.3075000047683716,1.3200000524520874,1.3043999671936035,1.3043999671936035,0
3698,2018-04-10,1.301900029182434,1.309999942779541,1.301900029182434,1.301900029182434,0
3699,2018-04-11,1.309999942779541,1.3062000274658203,1.3021999597549438,1.3021999597549438,0
3700,2018-04-12,1.3200000524520874,1.3200000524520874,1.3029999732971191,1.3065999746322632,0
3701,2018-04-13,1.309999942779541,1.3200000524520874,1.3035999536514282,1.303699970245361,0
3702,2018-04-16,1.309999942779541,1.3200000524520874,1.3015999794006348,1.3015999794006348,0
3703,2018-04-17,1.3200000524520874,1.3200000524520874,1.3004000186920166,1.301900029182434,0
3704,2018-04-18,1.309999942779541,1.3200000524520874,1.2999999523162842,1.3004000186920166,0
3705,2018-04-19,1.3200000524520874,1.3200000524520874,1.2999000549316406,1.2999000549316406,0
3706,2018-04-20,1.3200000524520874,1.3200000524520874,1.3030999898910522,1.3049999475479126,0
3707,2018-04-23,1.301800012588501,1.309999942779541,1.3030999898910522,1.305799961090088,0
3708,2018-04-24,1.3200000524520874,1.3200000524520874,1.304800033569336,1.304800033569336,0
3709,2018-04-25,1.309999942779541,1.312199950218201,1.3056000471115112,1.3056000471115112,0
3710,2018-04-26,1.3300000429153442,1.3200000524520874,1.315000057220459,1.315500020980835,0
3711,2018-04-27,1.3200000524520874,1.3300000429153442,1.3145999908447266,1.3228000402450562,0
3712,2018-04-30,1.3300000429153442,1.3300000429153442,1.3107000589370728,1.3107000589370728,0
3713,2018-05-01,1.3300000429153442,1.3207999467849731,1.319000005722046,1.319000005722046,0
3714,2018-05-02,1.3200000524520874,1.340000033378601,1.317199945449829,1.3288999795913696,0
3715,2018-05-03,1.340000033378601,1.340000033378601,1.3229999542236328,1.3229999542236328,0
3716,2018-05-04,1.3300000429153442,1.3300000429153442,1.323699951171875,1.323699951171875,0
3717,2018-05-07,1.3236000537872314,1.3300000429153442,1.325700044631958,1.3260999917984009,0
3718,2018-05-08,1.340000033378601,1.3600000143051147,1.3242000341415403,1.3242000341415403,0
3719,2018-05-09,1.3600000143051147,1.340000033378601,1.3277000188827517,1.3277000188827517,0
3720,2018-05-10,1.340000033378601,1.340000033378601,1.3325999975204468,1.3344000577926636,0
3721,2018-05-11,1.340000033378601,1.340000033378601,1.3285000324249268,1.3285000324249268,0
3722,2018-05-14,1.3276000022888184,1.340000033378601,1.3285000324249268,1.3285000324249268,0
3723,2018-05-15,1.340000033378601,1.340000033378601,1.3257999420166016,1.3353999853134155,0
3724,2018-05-16,1.340000033378601,1.3360999822616575,1.3279000520706177,1.3360999822616575,0
3725,2018-05-17,1.3279000520706177,1.3321000337600708,1.3246999979019165,1.3246999979019165,0
3726,2018-05-18,1.3321000337600708,1.33270001411438,1.3321000337600708,1.3321000337600708,0
3727,2018-05-21,1.3315000534057615,1.340000033378601,1.3344000577926636,1.3344000577926636,0
3728,2018-05-22,1.350000023841858,1.350000023841858,1.3305000066757202,1.3305000066757202,0
3729,2018-05-23,1.3600000143051147,1.350000023841858,1.3358999490737915,1.3395999670028689,0
3730,2018-05-24,1.350000023841858,1.3359999656677246,1.335800051689148,1.3359999656677246,0
3731,2018-05-25,1.350000023841858,1.350000023841858,1.3355000019073486,1.3355000019073486,0
3732,2018-05-28,1.340000033378601,1.3398000001907349,1.3394999504089355,1.3394999504089355,0
3733,2018-05-29,1.3398000001907349,1.350000023841858,1.337299942970276,1.343000054359436,0
3734,2018-05-30,1.350000023841858,1.350000023841858,1.3361999988555908,1.3384000062942505,0
3735,2018-05-31,1.350000023841858,1.350000023841858,1.332900047302246,1.332900047302246,0
3736,2018-06-01,1.3600000143051147,1.3600000143051147,1.3375999927520752,1.341599941253662,0
3737,2018-06-04,1.3418999910354614,1.3600000143051147,1.3384000062942505,1.3422000408172607,0
3738,2018-06-05,1.3600000143051147,1.3600000143051147,1.3375999927520752,1.341099977493286,0
3739,2018-06-06,1.350000023841858,1.350000023841858,1.332900047302246,1.332900047302246,0
3740,2018-06-07,1.350000023841858,1.350000023841858,1.335800051689148,1.337299942970276,0
3741,2018-06-08,1.350000023841858,1.3398000001907349,1.3344000577926636,1.3398000001907349,0
3742,2018-06-11,1.3285000324249268,1.3351000547409058,1.3280999660491943,1.3280999660491943,0
3743,2018-06-12,1.3343000411987305,1.336300015449524,1.333799958229065,1.336300015449524,0
3744,2018-06-13,1.350000023841858,1.350000023841858,1.3365999460220337,1.3382999897003174,0
3745,2018-06-14,1.350000023841858,1.350000023841858,1.3316999673843384,1.3316999673843384,0
3746,2018-06-15,1.340000033378601,1.3681999444961548,1.3342000246047974,1.3681999444961548,0
3747,2018-06-18,1.350000023841858,1.350000023841858,1.333400011062622,1.3336000442504885,0
3748,2018-06-19,1.340000033378601,1.350000023841858,1.3320000171661377,1.3320000171661377,0
3749,2018-06-20,1.350000023841858,1.350000023841858,1.329200029373169,1.329200029373169,0
3750,2018-06-21,1.350000023841858,1.350000023841858,1.3315000534057615,1.3315000534057615,0
3751,2018-06-22,1.340000033378601,1.340000033378601,1.325600028038025,1.325600028038025,0
3752,2018-06-25,1.340000033378601,1.3411999940872192,1.3315000534057615,1.3315000534057615,0
3753,2018-06-26,1.340000033378601,1.3600000143051147,1.337399959564209,1.337399959564209,0
3754,2018-06-27,1.3600000143051147,1.3600000143051147,1.3423999547958374,1.346400022506714,0
3755,2018-06-28,1.350000023841858,1.3503999710083008,1.3454999923706057,1.3503999710083008,0
3756,2018-06-29,1.3600000143051147,1.3700000047683716,1.348399996757507,1.348399996757507,0
3757,2018-07-02,1.3700000047683716,1.3700000047683716,1.347000002861023,1.347000002861023,0
3758,2018-07-03,1.3700000047683716,1.3700000047683716,1.3478000164031982,1.3513000011444092,0
3759,2018-07-04,1.3600000143051147,1.350000023841858,1.346400022506714,1.346400022506714,0
3760,2018-07-05,1.350000023841858,1.3700000047683716,1.3473999500274658,1.3473999500274658,0
3761,2018-07-06,1.350000023841858,1.3600000143051147,1.3451999425888062,1.3487999439239502,0
3762,2018-07-09,1.3401000499725342,1.3600000143051147,1.340399980545044,1.340399980545044,0
3763,2018-07-10,1.3600000143051147,1.3600000143051147,1.3418999910354614,1.3476999998092651,0
3764,2018-07-11,1.3600000143051147,1.3437999486923218,1.3385000228881836,1.3385000228881836,0
3765,2018-07-12,1.3600000143051147,1.3600000143051147,1.344499945640564,1.3479000329971311,0
3766,2018-07-13,1.3600000143051147,1.3600000143051147,1.344099998474121,1.344099998474121,0
3767,2018-07-16,1.350000023841858,1.350000023841858,1.3424999713897705,1.3424999713897705,0
3768,2018-07-17,1.350000023841858,1.3495999574661257,1.347599983215332,1.3495999574661257,0
3769,2018-07-18,1.3700000047683716,1.3600000143051147,1.3466999530792236,1.355299949645996,0
3770,2018-07-19,1.3700000047683716,1.3700000047683716,1.3437000513076782,1.3437000513076782,0
3771,2018-07-20,1.3700000047683716,1.3700000047683716,1.3461999893188477,1.3461999893188477,0
3772,2018-07-23,1.344599962234497,1.3487000465393066,1.343500018119812,1.343500018119812,0
3773,2018-07-24,1.3487000465393066,1.351099967956543,1.3482999801635742,1.351099967956543,0
3774,2018-07-25,1.3482999801635742,1.352300047874451,1.3514000177383425,1.3514000177383425,0
3775,2018-07-26,1.352300047874451,1.3502999544143677,1.3473000526428225,1.3473000526428225,0
3776,2018-07-27,1.3502999544143677,1.3581000566482544,1.347100019454956,1.3581000566482544,0
3777,2018-07-30,1.347100019454956,1.3799999952316284,1.3431999683380127,1.3431999683380127,0
3778,2018-07-31,1.3799999952316284,1.3799999952316284,1.343999981880188,1.343999981880188,0
3779,2018-08-01,1.3700000047683716,1.3700000047683716,1.3529000282287598,1.357699990272522,0
3780,2018-08-02,1.3700000047683716,1.3799999952316284,1.353600025177002,1.355299949645996,0
3781,2018-08-03,1.3799999952316284,1.3799999952316284,1.3523999452590942,1.3567999601364136,0
3782,2018-08-06,1.3700000047683716,1.3799999952316284,1.3528000116348269,1.355299949645996,0
3783,2018-08-07,1.3700000047683716,1.3700000047683716,1.350600004196167,1.3507000207901,0
3784,2018-08-08,1.3799999952316284,1.3799999952316284,1.3554999828338623,1.356899976730347,0
3785,2018-08-09,1.3700000047683716,1.3700000047683716,1.3538000583648682,1.3538000583648682,0
3786,2018-08-10,1.3700000047683716,1.3700000047683716,1.3554999828338623,1.364199995994568,0
3787,2018-08-13,1.3700000047683716,1.3799999952316284,1.3638999462127686,1.3638999462127686,0
3788,2018-08-14,1.3799999952316284,1.3799999952316284,1.3623000383377075,1.3623000383377075,0
3789,2018-08-15,1.3700000047683716,1.3716000318527222,1.3691999912261963,1.3716000318527222,0
3790,2018-08-16,1.3700000047683716,1.3700000047683716,1.366000056266785,1.366000056266785,0
3791,2018-08-17,1.3700000047683716,1.3799999952316284,1.3658000230789185,1.3658000230789185,0
3792,2018-08-20,1.3799999952316284,1.3799999952316284,1.36080002784729,1.36080002784729,0
3793,2018-08-21,1.3700000047683716,1.3700000047683716,1.357300043106079,1.357300043106079,0
3794,2018-08-22,1.3799999952316284,1.3799999952316284,1.3609000444412231,1.3609000444412231,0
3795,2018-08-23,1.3700000047683716,1.368499994277954,1.368000030517578,1.368000030517578,0
3796,2018-08-24,1.3700000047683716,1.3799999952316284,1.3669999837875366,1.3726999759674072,0
3797,2018-08-27,1.3622000217437744,1.3598999977111816,1.3557000160217283,1.3598999977111816,0
3798,2018-08-28,1.3557000160217283,1.356600046157837,1.3476999998092651,1.3476999998092651,0
3799,2018-08-29,1.356600046157837,1.357300043106079,1.3569999933242798,1.3569999933242798,0
3800,2018-08-30,1.357300043106079,1.3539999723434448,1.351099967956543,1.351099967956543,0
3801,2018-08-31,1.3539999723434448,1.3575999736785889,1.3530000448226929,1.3575999736785889,0
3802,2018-09-03,1.3530000448226929,1.3602999448776243,1.3558000326156616,1.3602999448776243,0
3803,2018-09-04,1.3558000326156616,1.3562999963760376,1.3559999465942385,1.3559999465942385,0
3804,2018-09-05,1.3562999963760376,1.3573999404907229,1.3524999618530271,1.3524999618530271,0
3805,2018-09-06,1.3573999404907229,1.3583999872207642,1.3525999784469604,1.3525999784469604,0
3806,2018-09-07,1.3583999872207642,1.3594000339508057,1.3566999435424805,1.3594000339508057,0
3807,2018-09-10,1.3566999435424805,1.3799999952316284,1.35889995098114,1.3632999658584597,0
3808,2018-09-11,1.3799999952316284,1.3588000535964966,1.3561999797821045,1.3561999797821045,0
3809,2018-09-12,1.375,1.3700000047683716,1.357200026512146,1.357200026512146,0
3810,2018-09-13,1.3700000047683716,1.375,1.3530000448226929,1.3530000448226929,0
3811,2018-09-14,1.3700000047683716,1.3552000522613523,1.3487000465393066,1.3487000465393066,0
3812,2018-09-17,1.375,1.375,1.3554999828338623,1.364199995994568,0
3813,2018-09-18,1.3700000047683716,1.3799999952316284,1.354200005531311,1.354200005531311,0
3814,2018-09-19,1.3799999952316284,1.3700000047683716,1.3518999814987185,1.3559000492095947,0
3815,2018-09-20,1.3650000095367432,1.3650000095367432,1.3535000085830688,1.3538000583648682,0
3816,2018-09-21,1.3600000143051147,1.3650000095367432,1.34660005569458,1.34660005569458,0
3817,2018-09-24,1.3516000509262085,1.3600000143051147,1.3513000011444092,1.3539999723434448,0
3818,2018-09-25,1.3530999422073364,1.3600000143051147,1.3523999452590942,1.3526999950408936,0
3819,2018-09-26,1.3700000047683716,1.3700000047683716,1.3515000343322754,1.3522000312805176,0
3820,2018-09-27,1.3650000095367432,1.3600000143051147,1.3513000011444092,1.3517999649047852,0
3821,2018-09-28,1.3600000143051147,1.360100030899048,1.3532999753952026,1.360100030899048,0
3822,2018-10-01,1.3600000143051147,1.3600000143051147,1.350100040435791,1.350100040435791,0
3823,2018-10-02,1.3700000047683716,1.3700000047683716,1.3579000234603882,1.3619999885559082,0
3824,2018-10-03,1.3799999952316284,1.3799999952316284,1.3550000190734863,1.3550000190734863,0
3825,2018-10-04,1.3799999952316284,1.3799999952316284,1.3595000505447388,1.370100021362305,0
3826,2018-10-05,1.3700000047683716,1.3799999952316284,1.357200026512146,1.357200026512146,0
3827,2018-10-08,1.3600000143051147,1.3614000082015991,1.3605999946594238,1.3614000082015991,0
3828,2018-10-09,1.3605999946594238,1.3622000217437744,1.3579000234603882,1.3579000234603882,0
3829,2018-10-10,1.3600000143051147,1.3634999990463257,1.3553999662399292,1.3553999662399292,0
3830,2018-10-11,1.3634999990463257,1.3615000247955322,1.3596999645233154,1.3596999645233154,0
3831,2018-10-12,1.3600000143051147,1.3600000143051147,1.3583999872207642,1.3595999479293823,0
3832,2018-10-15,1.3600000143051147,1.3624999523162842,1.3593000173568726,1.3624999523162842,0
3833,2018-10-16,1.3600000143051147,1.3605999946594238,1.3588000535964966,1.3605999946594238,0
3834,2018-10-17,1.3600000143051147,1.3600000143051147,1.3581000566482544,1.3589999675750732,0
3835,2018-10-18,1.3600000143051147,1.3632999658584597,1.358299970626831,1.3632999658584597,0
3836,2018-10-19,1.3600000143051147,1.3658000230789185,1.3600000143051147,1.3658000230789185,0
3837,2018-10-22,1.3600000143051147,1.3610999584197998,1.350000023841858,1.3567999601364136,0
3838,2018-10-23,1.3600000143051147,1.3659000396728516,1.3600000143051147,1.3659000396728516,0
3839,2018-10-24,1.350000023841858,1.361199975013733,1.350000023841858,1.3602999448776243,0
3840,2018-10-25,1.3600000143051147,1.3645000457763672,1.3600000143051147,1.3622000217437744,0
3841,2018-10-26,1.3600000143051147,1.367900013923645,1.3600000143051147,1.367900013923645,0
3842,2018-10-29,1.3597999811172483,1.3672000169754028,1.3598999977111816,1.3610999584197998,0
3843,2018-10-30,1.3600000143051147,1.3694000244140625,1.3668999671936035,1.3694000244140625,0
3844,2018-10-31,1.3600000143051147,1.3700000047683716,1.350000023841858,1.3681000471115112,0
3845,2018-11-01,1.350000023841858,1.3717999458312988,1.350000023841858,1.3717999458312988,0
3846,2018-11-02,1.3899999856948853,1.3899999856948853,1.370100021362305,1.370100021362305,0
3847,2018-11-05,1.3799999952316284,1.3799999952316284,1.367300033569336,1.3770999908447266,0
3848,2018-11-06,1.3799999952316284,1.3799999952316284,1.361899971961975,1.361899971961975,0
3849,2018-11-07,1.3799999952316284,1.3799999952316284,1.3596999645233154,1.3596999645233154,0
3850,2018-11-08,1.3700000047683716,1.3729000091552734,1.3640999794006348,1.3729000091552734,0
3851,2018-11-09,1.3799999952316284,1.3799999952316284,1.364799976348877,1.3694000244140625,0
3852,2018-11-12,1.3700000047683716,1.3698999881744385,1.367900013923645,1.367900013923645,0
3853,2018-11-13,1.3698999881744385,1.3799999952316284,1.3724000453948977,1.374500036239624,0
3854,2018-11-14,1.3700000047683716,1.3747999668121338,1.3662999868392944,1.3662999868392944,0
3855,2018-11-15,1.3899999856948853,1.3899999856948853,1.3690999746322632,1.3690999746322632,0
3856,2018-11-16,1.3799999952316284,1.3799999952316284,1.3691999912261963,1.3691999912261963,0
3857,2018-11-19,1.3583999872207642,1.3899999856948853,1.3594000339508057,1.3594000339508057,0
3858,2018-11-20,1.3899999856948853,1.3899999856948853,1.3645999431610107,1.3645999431610107,0
3859,2018-11-21,1.3799999952316284,1.3799999952316284,1.368000030517578,1.3760000467300415,0
3860,2018-11-22,1.3899999856948853,1.3698999881744385,1.3695000410079956,1.3698999881744385,0
3861,2018-11-23,1.3695000410079956,1.37090003490448,1.367400050163269,1.37090003490448,0
3862,2018-11-26,1.3687000274658203,1.3799999952316284,1.3664000034332275,1.3695000410079956,0
3863,2018-11-27,1.3799999952316284,1.3799999952316284,1.370300054550171,1.3753999471664429,0
3864,2018-11-28,1.3799999952316284,1.3799999952316284,1.3700000047683716,1.3743000030517578,0
3865,2018-11-29,1.3799999952316284,1.3899999856948853,1.36080002784729,1.36080002784729,0
3866,2018-11-30,1.3799999952316284,1.3799999952316284,1.3695000410079956,1.3712999820709229,0
3867,2018-12-03,1.3756999969482422,1.3732999563217163,1.3732999563217163,1.3732999563217163,0
3868,2018-12-04,1.3732999563217163,1.3799999952316284,1.3697999715805054,1.3705999851226809,0
3869,2018-12-05,1.3700000047683716,1.3799999952316284,1.3676999807357788,1.3763999938964844,0
3870,2018-12-06,1.3799999952316284,1.3799999952316284,1.368299961090088,1.368299961090088,0
3871,2018-12-07,1.3799999952316284,1.3799999952316284,1.3667000532150269,1.3667000532150269,0
3872,2018-12-10,1.3799999952316284,1.3799999952316284,1.3667999505996704,1.3667999505996704,0
3873,2018-12-11,1.3799999952316284,1.3799999952316284,1.3658000230789185,1.374699950218201,0
3874,2018-12-12,1.3700000047683716,1.3799999952316284,1.3700000047683716,1.3737000226974487,0
3875,2018-12-13,1.3799999952316284,1.3799999952316284,1.367300033569336,1.367300033569336,0
3876,2018-12-14,1.3799999952316284,1.3799999952316284,1.3694000244140625,1.375599980354309,0
3877,2018-12-17,1.3799999952316284,1.3799999952316284,1.3672000169754028,1.3672000169754028,0
3878,2018-12-18,1.3799999952316284,1.3899999856948853,1.3736000061035156,1.3740999698638916,0
3879,2018-12-19,1.3799999952316284,1.3747999668121338,1.371399998664856,1.3747999668121338,0
3880,2018-12-20,1.3899999856948853,1.3899999856948853,1.3696999549865725,1.3736000061035156,0
3881,2018-12-21,1.3799999952316284,1.3710999488830566,1.368399977684021,1.3710999488830566,0
3882,2018-12-24,1.3899999856948853,1.3741999864578247,1.3694000244140625,1.3741999864578247,0
3883,2018-12-25,1.3694000244140625,1.3667000532150269,1.3667000532150269,1.3667000532150269,0
3884,2018-12-26,1.3667000532150269,1.3676999807357788,1.3676999807357788,1.3676999807357788,0
3885,2018-12-27,1.3899999856948853,1.3899999856948853,1.36489999294281,1.371899962425232,0
3886,2018-12-28,1.3799999952316284,1.3899999856948853,1.3587000370025637,1.3587000370025637,0
3887,2018-12-31,1.3899999856948853,1.3799999952316284,1.3640999794006348,1.370300054550171,0
3888,2019-01-01,1.3799999952316284,1.360100030899048,1.360100030899048,1.360100030899048,0
3889,2019-01-02,1.360100030899048,1.3799999952316284,1.3626999855041504,1.3626999855041504,0
3890,2019-01-03,1.3700000047683716,1.3799999952316284,1.364300012588501,1.376099944114685,0
3891,2019-01-04,1.3700000047683716,1.3799999952316284,1.3569999933242798,1.3569999933242798,0
3892,2019-01-07,1.3799999952316284,1.3799999952316284,1.3636000156402588,1.364799976348877,0
3893,2019-01-08,1.3700000047683716,1.3700000047683716,1.3603999614715576,1.3603999614715576,0
3894,2019-01-09,1.3700000047683716,1.3625999689102173,1.361600041389465,1.3625999689102173,0
3895,2019-01-10,1.361600041389465,1.3700000047683716,1.3494000434875488,1.3494000434875488,0
3896,2019-01-11,1.3700000047683716,1.3700000047683716,1.35479998588562,1.3629000186920166,0
3897,2019-01-14,1.3700000047683716,1.3700000047683716,1.3574999570846558,1.3631000518798828,0
3898,2019-01-15,1.3700000047683716,1.3573999404907229,1.3566999435424805,1.3566999435424805,0
3899,2019-01-16,1.3700000047683716,1.3700000047683716,1.3561999797821045,1.3594000339508057,0
3900,2019-01-17,1.3700000047683716,1.3700000047683716,1.354099988937378,1.354099988937378,0
3901,2019-01-18,1.3700000047683716,1.3799999952316284,1.3602999448776243,1.3602999448776243,0
3902,2019-01-21,1.3700000047683716,1.364400029182434,1.3634999990463257,1.364400029182434,0
3903,2019-01-22,1.3634999990463257,1.3700000047683716,1.3623000383377075,1.3628000020980835,0
3904,2019-01-23,1.3700000047683716,1.3799999952316284,1.361600041389465,1.361600041389465,0
3905,2019-01-24,1.3700000047683716,1.3799999952316284,1.3604999780654907,1.3604999780654907,0
3906,2019-01-25,1.3700000047683716,1.3700000047683716,1.3603999614715576,1.3660999536514282,0
3907,2019-01-28,1.353700041770935,1.3799999952316284,1.352300047874451,1.352300047874451,0
3908,2019-01-29,1.3700000047683716,1.3700000047683716,1.3552000522613523,1.3552000522613523,0
3909,2019-01-30,1.3700000047683716,1.357300043106079,1.3559000492095947,1.357300043106079,0
3910,2019-01-31,1.3600000143051147,1.3700000047683716,1.3499000072479248,1.3499000072479248,0
3911,2019-02-01,1.3610999584197998,1.3700000047683716,1.3532999753952026,1.36080002784729,0
3912,2019-02-04,1.3600000143051147,1.3700000047683716,1.354599952697754,1.354599952697754,0
3913,2019-02-05,1.3700000047683716,1.3799999952316284,1.357100009918213,1.3585000038146973,0
3914,2019-02-06,1.3700000047683716,1.3700000047683716,1.3579000234603882,1.3589999675750732,0
3915,2019-02-07,1.3700000047683716,1.3700000047683716,1.3596999645233154,1.3604999780654907,0
3916,2019-02-08,1.3799999952316284,1.3799999952316284,1.3586000204086304,1.3586000204086304,0
3917,2019-02-11,1.3621000051498413,1.3700000047683716,1.3600000143051147,1.3633999824523926,0
3918,2019-02-12,1.3700000047683716,1.3671000003814695,1.3631999492645264,1.3671000003814695,0
3919,2019-02-13,1.3799999952316284,1.3700000047683716,1.3580000400543213,1.3580000400543213,0
3920,2019-02-14,1.3700000047683716,1.374699950218201,1.363800048828125,1.374699950218201,0
3921,2019-02-15,1.3700000047683716,1.3799999952316284,1.3605999946594238,1.3605999946594238,0
3922,2019-02-18,1.3700000047683716,1.3672000169754028,1.3631999492645264,1.3631999492645264,0
3923,2019-02-19,1.3672000169754028,1.3700000047683716,1.3600000143051147,1.3700000047683716,0
3924,2019-02-20,1.3700000047683716,1.3700000047683716,1.356600046157837,1.356600046157837,0
3925,2019-02-21,1.3600000143051147,1.3700000047683716,1.3600000143051147,1.3650000095367432,0
3926,2019-02-22,1.3700000047683716,1.3799999952316284,1.3619999885559082,1.3631999492645264,0
3927,2019-02-25,1.3615000247955322,1.3700000047683716,1.36080002784729,1.36080002784729,0
3928,2019-02-26,1.3700000047683716,1.3700000047683716,1.3605999946594238,1.3625999689102173,0
3929,2019-02-27,1.3799999952316284,1.3799999952316284,1.357200026512146,1.357200026512146,0
3930,2019-02-28,1.3799999952316284,1.3799999952316284,1.3579000234603882,1.3626999855041504,0
3931,2019-03-01,1.3700000047683716,1.3700000047683716,1.3574999570846558,1.3636000156402588,0
3932,2019-03-04,1.3799999952316284,1.3700000047683716,1.3588000535964966,1.3595000505447388,0
3933,2019-03-05,1.3700000047683716,1.3799999952316284,1.3598999977111816,1.3600000143051147,0
3934,2019-03-06,1.3700000047683716,1.3799999952316284,1.361299991607666,1.363700032234192,0
3935,2019-03-07,1.3700000047683716,1.3799999952316284,1.360200047492981,1.3603999614715576,0
3936,2019-03-08,1.3799999952316284,1.3799999952316284,1.3623000383377075,1.3777999877929688,0
3937,2019-03-11,1.3594000339508057,1.3700000047683716,1.3600000143051147,1.3609000444412231,0
3938,2019-03-12,1.3700000047683716,1.3700000047683716,1.35889995098114,1.35889995098114,0
3939,2019-03-13,1.3600000143051147,1.3700000047683716,1.3600000143051147,1.3624999523162842,0
3940,2019-03-14,1.3799999952316284,1.3700000047683716,1.360100030899048,1.360100030899048,0
3941,2019-03-15,1.3700000047683716,1.3799999952316284,1.3614000082015991,1.3632999658584597,0
3942,2019-03-18,1.3799999952316284,1.3700000047683716,1.3605999946594238,1.3609000444412231,0
3943,2019-03-19,1.3632999658584597,1.3700000047683716,1.3596999645233154,1.3631000518798828,0
3944,2019-03-20,1.3700000047683716,1.3700000047683716,1.3583999872207642,1.3609000444412231,0
3945,2019-03-21,1.3700000047683716,1.3700000047683716,1.3502999544143677,1.3502999544143677,0
3946,2019-03-22,1.3700000047683716,1.3700000047683716,1.3552000522613523,1.361199975013733,0
3947,2019-03-25,1.3525999784469604,1.3799999952316284,1.354599952697754,1.3559999465942385,0
3948,2019-03-26,1.3799999952316284,1.3799999952316284,1.354099988937378,1.354099988937378,0
3949,2019-03-27,1.3700000047683716,1.3799999952316284,1.3609000444412231,1.3662999868392944,0
3950,2019-03-28,1.3799999952316284,1.3799999952316284,1.3631999492645264,1.3646999597549438,0
3951,2019-03-29,1.3700000047683716,1.3700000047683716,1.3624000549316406,1.3624000549316406,0
3952,2019-04-01,1.3700000047683716,1.3662999868392944,1.3638999462127686,1.3638999462127686,0
3953,2019-04-02,1.3700000047683716,1.3700000047683716,1.3654999732971191,1.3694000244140625,0
3954,2019-04-03,1.3700000047683716,1.367400050163269,1.3650000095367432,1.3650000095367432,0
3955,2019-04-04,1.3799999952316284,1.3799999952316284,1.3658000230789185,1.3672000169754028,0
3956,2019-04-05,1.3700000047683716,1.3700000047683716,1.3645999431610107,1.3664000034332275,0
3957,2019-04-08,1.3799999952316284,1.3700000047683716,1.3600000143051147,1.3659000396728516,0
3958,2019-04-09,1.3700000047683716,1.3700000047683716,1.3654999732971191,1.3654999732971191,0
3959,2019-04-10,1.3700000047683716,1.3700000047683716,1.3600000143051147,1.3681000471115112,0
3960,2019-04-11,1.3600000143051147,1.3700000047683716,1.3646999597549438,1.3646999597549438,0
3961,2019-04-12,1.3674999475479126,1.367400050163269,1.3634999990463257,1.367400050163269,0
3962,2019-04-15,1.3632999658584597,1.3799999952316284,1.363700032234192,1.3653000593185425,0
3963,2019-04-16,1.3700000047683716,1.3700000047683716,1.3634999990463257,1.3645999431610107,0
3964,2019-04-17,1.3799999952316284,1.3799999952316284,1.363800048828125,1.3652000427246094,0
3965,2019-04-18,1.3700000047683716,1.3700000047683716,1.3632999658584597,1.3652000427246094,0
3966,2019-04-19,1.3700000047683716,1.3700000047683716,1.3653000593185425,1.3653000593185425,0
3967,2019-04-22,1.3799999952316284,1.3799999952316284,1.364300012588501,1.364300012588501,0
3968,2019-04-23,1.3799999952316284,1.3700000047683716,1.3600000143051147,1.3625999689102173,0
3969,2019-04-24,1.3600000143051147,1.3702000379562378,1.3600000143051147,1.3702000379562378,0
3970,2019-04-25,1.3600000143051147,1.3733999729156494,1.3600000143051147,1.3733999729156494,0
3971,2019-04-26,1.3600000143051147,1.3799999952316284,1.3681999444961548,1.3681999444961548,0
3972,2019-04-29,1.3676999807357788,1.3799999952316284,1.3695000410079956,1.3695000410079956,0
3973,2019-04-30,1.3700000047683716,1.3799999952316284,1.3669999837875366,1.3669999837875366,0
3974,2019-05-01,1.3799999952316284,1.3799999952316284,1.3698999881744385,1.3698999881744385,0
3975,2019-05-02,1.3799999952316284,1.3716000318527222,1.3691999912261963,1.3716000318527222,0
3976,2019-05-03,1.3691999912261963,1.3899999856948853,1.3676999807357788,1.3732000589370728,0
3977,2019-05-06,1.3899999856948853,1.3899999856948853,1.363800048828125,1.363800048828125,0
3978,2019-05-07,1.3799999952316284,1.3799999952316284,1.366000056266785,1.366000056266785,0
3979,2019-05-08,1.3799999952316284,1.3799999952316284,1.3667999505996704,1.36899995803833,0
3980,2019-05-09,1.3799999952316284,1.3799999952316284,1.3667999505996704,1.367400050163269,0
3981,2019-05-10,1.3799999952316284,1.3799999952316284,1.3630000352859497,1.3630000352859497,0
3982,2019-05-13,1.3799999952316284,1.3899999856948853,1.3676999807357788,1.368000030517578,0
3983,2019-05-14,1.3799999952316284,1.3799999952316284,1.3671000003814695,1.367900013923645,0
3984,2019-05-15,1.3799999952316284,1.3799999952316284,1.3687000274658203,1.3711999654769895,0
3985,2019-05-16,1.3700000047683716,1.3799999952316284,1.3672000169754028,1.3672000169754028,0
3986,2019-05-17,1.3700000047683716,1.3799999952316284,1.3704999685287476,1.372499942779541,0
3987,2019-05-20,1.3700000047683716,1.3899999856948853,1.3700000047683716,1.37090003490448,0
3988,2019-05-21,1.3899999856948853,1.3899999856948853,1.368899941444397,1.368899941444397,0
3989,2019-05-23,1.3770999908447266,1.3899999856948853,1.375499963760376,1.3769999742507937,0
3990,2019-05-24,1.3799999952316284,1.3899999856948853,1.3695000410079956,1.3695000410079956,0
3991,2019-05-27,1.3733999729156494,1.3733999729156494,1.371899962425232,1.3733999729156494,0
3992,2019-05-28,1.371899962425232,1.3717999458312988,1.3717999458312988,1.3717999458312988,0
3993,2019-05-29,1.3747999668121338,1.3899999856948853,1.3739999532699585,1.374400019645691,0
3994,2019-05-30,1.3899999856948853,1.3899999856948853,1.3739999532699585,1.3758000135421753,0
3995,2019-05-31,1.3799999952316284,1.3766000270843506,1.3752000331878662,1.3752000331878662,0
3996,2019-06-03,1.3696000576019287,1.3732000589370728,1.3700000047683716,1.3726999759674072,0
3997,2019-06-04,1.3799999952316284,1.3799999952316284,1.3657000064849854,1.3657000064849854,0
3998,2019-06-05,1.3799999952316284,1.3899999856948853,1.3733999729156494,1.373900055885315,0
3999,2019-06-06,1.3761999607086182,1.3899999856948853,1.3731000423431396,1.3772000074386597,0
4000,2019-06-07,1.3899999856948853,1.3899999856948853,1.3681999444961548,1.3681999444961548,0
4001,2019-06-10,1.3899999856948853,1.3899999856948853,1.3666000366210938,1.3666000366210938,0
4002,2019-06-11,1.3799999952316284,1.3799999952316284,1.372099995613098,1.372099995613098,0
4003,2019-06-12,1.3799999952316284,1.3799999952316284,1.367900013923645,1.3717000484466553,0
4004,2019-06-13,1.3799999952316284,1.3899999856948853,1.3662999868392944,1.3711999654769895,0
4005,2019-06-14,1.3799999952316284,1.3899999856948853,1.367300033569336,1.367300033569336,0
4006,2019-06-17,1.3711999654769895,1.3899999856948853,1.3729000091552734,1.373900055885315,0
4007,2019-06-18,1.3799999952316284,1.3799999952316284,1.3723000288009644,1.3723000288009644,0
4008,2019-06-19,1.3899999856948853,1.3732999563217163,1.372099995613098,1.3732999563217163,0
4009,2019-06-20,1.372099995613098,1.3899999856948853,1.368499994277954,1.368499994277954,0
4010,2019-06-21,1.3899999856948853,1.3899999856948853,1.3668999671936035,1.3741999864578247,0
4011,2019-06-24,1.3631999492645264,1.3899999856948853,1.3573999404907229,1.357800006866455,0
4012,2019-06-25,1.3799999952316284,1.3631000518798828,1.3614000082015991,1.3623000383377075,0
4013,2019-06-26,1.3631000518798828,1.3799999952316284,1.361799955368042,1.3645000457763672,0
4014,2019-06-27,1.3700000047683716,1.3799999952316284,1.36080002784729,1.36080002784729,0
4015,2019-06-28,1.3799999952316284,1.3799999952316284,1.3652000427246094,1.3653000593185425,0
4016,2019-07-01,1.3700000047683716,1.3799999952316284,1.3621000051498413,1.367900013923645,0
4017,2019-07-02,1.3693000078201294,1.3799999952316284,1.3655999898910522,1.3697999715805054,0
4018,2019-07-03,1.3666000366210938,1.3700000047683716,1.3666000366210938,1.3666000366210938,0
4019,2019-07-04,1.3799999952316284,1.3691999912261963,1.3686000108718872,1.36899995803833,0
4020,2019-07-05,1.3686000108718872,1.3899999856948853,1.3681000471115112,1.368499994277954,0
4021,2019-07-08,1.3899999856948853,1.3899999856948853,1.371999979019165,1.3723000288009644,0
4022,2019-07-09,1.3799999952316284,1.3899999856948853,1.3717000484466553,1.371999979019165,0
4023,2019-07-10,1.3899999856948853,1.3899999856948853,1.371399998664856,1.371399998664856,0
4024,2019-07-11,1.3899999856948853,1.3899999856948853,1.367900013923645,1.367900013923645,0
4025,2019-07-12,1.3799999952316284,1.3899999856948853,1.3690999746322632,1.3763999938964844,0
4026,2019-07-15,1.3899999856948853,1.3899999856948853,1.3676999807357788,1.3676999807357788,0
4027,2019-07-16,1.3799999952316284,1.3710999488830566,1.3691999912261963,1.3710999488830566,0
4028,2019-07-17,1.3691999912261963,1.3899999856948853,1.3698999881744385,1.370100021362305,0
4029,2019-07-18,1.3899999856948853,1.3899999856948853,1.3688000440597534,1.3688000440597534,0
4030,2019-07-19,1.3799999952316284,1.3899999856948853,1.3672000169754028,1.3672000169754028,0
4031,2019-07-22,1.3716000318527222,1.3799999952316284,1.3712999820709229,1.3736000061035156,0
4032,2019-07-23,1.3799999952316284,1.3733999729156494,1.3717000484466553,1.3733999729156494,0
4033,2019-07-24,1.3899999856948853,1.3899999856948853,1.3736000061035156,1.375499963760376,0
4034,2019-07-25,1.3799999952316284,1.3799999952316284,1.374699950218201,1.374699950218201,0
4035,2019-07-26,1.3799999952316284,1.3799999952316284,1.3741999864578247,1.3741999864578247,0
4036,2019-07-29,1.3799999952316284,1.3899999856948853,1.375,1.375,0
4037,2019-07-30,1.3899999856948853,1.3899999856948853,1.374500036239624,1.374500036239624,0
4038,2019-07-31,1.3899999856948853,1.3899999856948853,1.3756999969482422,1.3756999969482422,0
4039,2019-08-01,1.3799999952316284,1.3899999856948853,1.377500057220459,1.3875999450683594,0
4040,2019-08-02,1.3899999856948853,1.3899999856948853,1.3716000318527222,1.3716000318527222,0
4041,2019-08-05,1.399999976158142,1.399999976158142,1.3818000555038452,1.3818000555038452,0
4042,2019-08-06,1.3899999856948853,1.3899999856948853,1.3747999668121338,1.3747999668121338,0
4043,2019-08-07,1.3899999856948853,1.3899999856948853,1.3767000436782837,1.3791999816894531,0
4044,2019-08-08,1.3899999856948853,1.3899999856948853,1.374699950218201,1.374699950218201,0
4045,2019-08-09,1.3799999952316284,1.3799999952316284,1.3770999908447266,1.3787000179290771,0
4046,2019-08-12,1.3799999952316284,1.3768999576568604,1.3763999938964844,1.3763999938964844,0
4047,2019-08-13,1.3768999576568604,1.3767000436782837,1.374400019645691,1.374400019645691,0
4048,2019-08-14,1.3767000436782837,1.381600022315979,1.3762999773025513,1.381600022315979,0
4049,2019-08-15,1.3762999773025513,1.381100058555603,1.3761999607086182,1.381100058555603,0
4050,2019-08-16,1.3761999607086182,1.3818999528884888,1.3759000301361084,1.3818999528884888,0
4051,2019-08-19,1.3759000301361084,1.3813999891281128,1.374500036239624,1.374500036239624,0
4052,2019-08-20,1.3813999891281128,1.3841999769210815,1.3811999559402466,1.3841999769210815,0
4053,2019-08-21,1.3811999559402466,1.3824000358581543,1.37909996509552,1.37909996509552,0
4054,2019-08-22,1.3824000358581543,1.383999943733215,1.3818999528884888,1.383999943733215,0
4055,2019-08-23,1.3818999528884888,1.3823000192642212,1.3796000480651855,1.3796000480651855,0
4056,2019-08-26,1.3595000505447388,1.3899999856948853,1.371500015258789,1.371500015258789,0
4057,2019-08-27,1.3899999856948853,1.3899999856948853,1.3787000179290771,1.3805999755859375,0
4058,2019-08-28,1.3799999952316284,1.3899999856948853,1.3799999952316284,1.3808000087738037,0
4059,2019-08-29,1.3799999952316284,1.3899999856948853,1.3799999952316284,1.3828999996185305,0
4060,2019-08-30,1.3899999856948853,1.3899999856948853,1.3828999996185305,1.383999943733215,0
4061,2019-09-02,1.3899999856948853,1.389299988746643,1.3823000192642212,1.389299988746643,0
4062,2019-09-03,1.3823000192642212,1.409999966621399,1.3830000162124634,1.3830000162124634,0
4063,2019-09-04,1.409999966621399,1.409999966621399,1.3824000358581543,1.3824000358581543,0
4064,2019-09-05,1.409999966621399,1.409999966621399,1.3884999752044678,1.388700008392334,0
4065,2019-09-06,1.399999976158142,1.399999976158142,1.3861000537872314,1.3910000324249268,0
4066,2019-09-09,1.372599959373474,1.3899999856948853,1.3845000267028809,1.3866000175476074,0
4067,2019-09-10,1.3818999528884888,1.3899999856948853,1.3818000555038452,1.3818000555038452,0
4068,2019-09-11,1.3899999856948853,1.399999976158142,1.3833999633789062,1.383999943733215,0
4069,2019-09-12,1.3899999856948853,1.3840999603271484,1.3828999996185305,1.3828999996185305,0
4070,2019-09-13,1.3840999603271484,1.3899999856948853,1.379899978637695,1.379899978637695,0
4071,2019-09-16,1.3799999952316284,1.3899999856948853,1.3799999952316284,1.3866000175476074,0
4072,2019-09-17,1.3899999856948853,1.399999976158142,1.385599970817566,1.389799952507019,0
4073,2019-09-18,1.399999976158142,1.399999976158142,1.3792999982833862,1.3792999982833862,0
4074,2019-09-19,1.3799999952316284,1.399999976158142,1.3824000358581543,1.3869999647140503,0
4075,2019-09-20,1.399999976158142,1.3899999856948853,1.3799999952316284,1.3847999572753906,0
4076,2019-09-23,1.3799999952316284,1.3899999856948853,1.3799999952316284,1.386199951171875,0
4077,2019-09-24,1.3899999856948853,1.3899999856948853,1.3799999952316284,1.382099986076355,0
4078,2019-09-25,1.3799999952316284,1.3899999856948853,1.3799999952316284,1.3804999589920044,0
4079,2019-09-26,1.399999976158142,1.3907999992370603,1.3839000463485718,1.3907999992370603,0
4080,2019-09-27,1.3899999856948853,1.399999976158142,1.385200023651123,1.385200023651123,0
4081,2019-09-30,1.3873000144958496,1.3926000595092771,1.3871999979019165,1.3871999979019165,0
4082,2019-10-01,1.391700029373169,1.3934999704360962,1.3860000371932983,1.391700029373169,0
4083,2019-10-02,1.3847999572753906,1.399999976158142,1.383999943733215,1.3845000267028809,0
4084,2019-10-03,1.3871999979019165,1.399999976158142,1.3869999647140503,1.3870999813079834,0
4085,2019-10-04,1.399999976158142,1.399999976158142,1.3880000114440918,1.3880000114440918,0
4086,2019-10-07,1.389299988746643,1.399999976158142,1.3861000537872314,1.3889000415802002,0
4087,2019-10-08,1.399999976158142,1.399999976158142,1.3861000537872314,1.3873000144958496,0
4088,2019-10-09,1.399999976158142,1.399999976158142,1.3868999481201172,1.3902000188827517,0
4089,2019-10-10,1.399999976158142,1.399999976158142,1.3865000009536743,1.3865000009536743,0
4090,2019-10-11,1.399999976158142,1.399999976158142,1.3868999481201172,1.3906999826431274,0
4091,2019-10-14,1.387403964996338,1.38830304145813,1.3818269968032837,1.38830304145813,0
4092,2019-10-15,1.3818269968032837,1.399999976158142,1.3819090127944946,1.3819090127944946,0
4093,2019-10-16,1.3899999856948853,1.3899999856948853,1.3798600435256958,1.3798600435256958,0
4094,2019-10-17,1.3899999856948853,1.399999976158142,1.3758349418640137,1.3758349418640137,0
4095,2019-10-18,1.399999976158142,1.399999976158142,1.37923002243042,1.37923002243042,0
4096,2019-10-21,1.3899999856948853,1.399999976158142,1.3739949464797974,1.3774709701538086,0
4097,2019-10-22,1.3899999856948853,1.399999976158142,1.375010967254639,1.375478982925415,0
4098,2019-10-23,1.399999976158142,1.399999976158142,1.374290943145752,1.3765000104904177,0
4099,2019-10-24,1.3799999952316284,1.3799999952316284,1.371420979499817,1.371420979499817,0
4100,2019-10-25,1.3899999856948853,1.399999976158142,1.374544978141785,1.377336025238037,0
4101,2019-10-28,1.3799999952316284,1.383396029472351,1.3782650232315063,1.3782650232315063,0
4102,2019-10-29,1.3799999952316284,1.3899999856948853,1.3756829500198364,1.383594989776611,0
4103,2019-10-30,1.3899999856948853,1.3799999952316284,1.37255597114563,1.37255597114563,0
4104,2019-10-31,1.3799999952316284,1.3899999856948853,1.3700670003890991,1.3700670003890991,0
4105,2019-11-01,1.3799999952316284,1.374534010887146,1.3742870092391968,1.374534010887146,0
4106,2019-11-04,1.3742870092391968,1.3736590147018433,1.3729130029678345,1.3736590147018433,0
4107,2019-11-05,1.3899999856948853,1.3899999856948853,1.372987985610962,1.377495050430298,0
4108,2019-11-06,1.3899999856948853,1.3799999952316284,1.3751599788665771,1.3789299726486206,0
4109,2019-11-07,1.3799999952316284,1.3899999856948853,1.3769179582595823,1.3769179582595823,0
4110,2019-11-08,1.3899999856948853,1.3899999856948853,1.3774789571762085,1.3811769485473633,0
4111,2019-11-11,1.3799999952316284,1.3899999856948853,1.3780779838562012,1.379341959953308,0
4112,2019-11-12,1.3899999856948853,1.399999976158142,1.3795260190963743,1.3795260190963743,0
4113,2019-11-13,1.399999976158142,1.399999976158142,1.380174994468689,1.381016969680786,0
4114,2019-11-14,1.399999976158142,1.3803069591522217,1.3801569938659668,1.3803069591522217,0
4115,2019-11-15,1.3799999952316284,1.399999976158142,1.3758950233459473,1.3758950233459473,0
4116,2019-11-18,1.3783899545669556,1.3808850049972534,1.3770259618759155,1.3778539896011353,0
4117,2019-11-19,1.3899999856948853,1.3798240423202517,1.3774590492248535,1.3798240423202517,0
4118,2019-11-20,1.3774590492248535,1.399999976158142,1.3762669563293457,1.37752103805542,0
4119,2019-11-21,1.3899999856948853,1.3899999856948853,1.3739869594573977,1.3739869594573977,0
4120,2019-11-22,1.3799999952316284,1.3899999856948853,1.3769079446792605,1.3799530267715454,0
4121,2019-11-25,1.3899999856948853,1.3899999856948853,1.380023956298828,1.3823540210723877,0
4122,2019-11-26,1.3799999952316284,1.3899999856948853,1.3799999952316284,1.3808259963989258,0
4123,2019-11-27,1.3799999952316284,1.380234956741333,1.379852056503296,1.379852056503296,0
4124,2019-11-28,1.3799999952316284,1.3809089660644531,1.3799339532852173,1.3799339532852173,0
4125,2019-11-29,1.3809089660644531,1.3899999856948853,1.37977397441864,1.37977397441864,0
4126,2019-12-02,1.3774549961090088,1.3899999856948853,1.3771610260009766,1.3771610260009766,0
4127,2019-12-03,1.3899999856948853,1.380581021308899,1.3720020055770874,1.3720020055770874,0
4128,2019-12-04,1.3899999856948853,1.3797340393066406,1.377226948738098,1.3797340393066406,0
4129,2019-12-05,1.3799999952316284,1.3799999952316284,1.3761520385742188,1.3761520385742188,0
4130,2019-12-06,1.3799999952316284,1.3899999856948853,1.3756860494613647,1.3756860494613647,0
4131,2019-12-09,1.3899999856948853,1.3899999856948853,1.3758790493011477,1.380295991897583,0
4132,2019-12-10,1.3899999856948853,1.3899999856948853,1.375952959060669,1.3770170211791992,0
4133,2019-12-11,1.3799999952316284,1.3899999856948853,1.374817967414856,1.374817967414856,0
4134,2019-12-12,1.3899999856948853,1.3899999856948853,1.3686200380325315,1.3686200380325315,0
4135,2019-12-13,1.3799999952316284,1.3899999856948853,1.3704299926757812,1.3704299926757812,0
4136,2019-12-16,1.3899999856948853,1.3899999856948853,1.3717080354690552,1.3785450458526611,0
4137,2019-12-17,1.3899999856948853,1.3899999856948853,1.371075987815857,1.372583031654358,0
4138,2019-12-18,1.3721020221710205,1.3799999952316284,1.3716529607772827,1.37260103225708,0
4139,2019-12-19,1.3799999952316284,1.3899999856948853,1.3729850053787231,1.3729859590530396,0
4140,2019-12-20,1.3899999856948853,1.3899999856948853,1.3737369775772097,1.374398946762085,0
4141,2019-12-23,1.3700000047683716,1.3766900300979614,1.3700000047683716,1.3764840364456177,0
4142,2019-12-24,1.3799999952316284,1.3799999952316284,1.3753310441970823,1.3753310441970823,0
4143,2019-12-25,1.3700000047683716,1.375010967254639,1.375010967254639,1.375010967254639,0
4144,2019-12-26,1.375010967254639,1.3799999952316284,1.3700000047683716,1.3744909763336182,0
4145,2019-12-27,1.3799999952316284,1.3799999952316284,1.373067021369934,1.373067021369934,0
4146,2019-12-30,1.3799999952316284,1.3799999952316284,1.3713749647140503,1.3713749647140503,0
4147,2019-12-31,1.3899999856948853,1.3899999856948853,1.3707139492034912,1.3707139492034912,0
4148,2020-01-01,1.3799999952316284,1.3793469667434692,1.3793469667434692,1.3793469667434692,0
4149,2020-01-02,1.3793469667434692,1.3799999952316284,1.369148015975952,1.3734639883041382,0
4150,2020-01-03,1.3700000047683716,1.3899999856948853,1.369318962097168,1.370581030845642,0
4151,2020-01-06,1.3799999952316284,1.3799999952316284,1.3652410507202148,1.3652410507202148,0
4152,2020-01-07,1.3799999952316284,1.3799999952316284,1.37116801738739,1.3724050521850586,0
4153,2020-01-08,1.3899999856948853,1.3899999856948853,1.3687269687652588,1.3736989498138428,0
4154,2020-01-09,1.3799999952316284,1.3899999856948853,1.3697559833526611,1.3707590103149414,0
4155,2020-01-10,1.3899999856948853,1.3899999856948853,1.3699469566345217,1.3699469566345217,0
4156,2020-01-13,1.3690650463104248,1.3799999952316284,1.368904948234558,1.368904948234558,0
4157,2020-01-14,1.3700000047683716,1.3728339672088623,1.3700000047683716,1.370609998703003,0
4158,2020-01-15,1.3899999856948853,1.3899999856948853,1.3718639612197876,1.3725500106811523,0
4159,2020-01-16,1.3899999856948853,1.3899999856948853,1.371569037437439,1.371569037437439,0
4160,2020-01-17,1.3799999952316284,1.3749639987945557,1.3717210292816162,1.3749639987945557,0
4161,2020-01-20,1.3717210292816162,1.3899999856948853,1.3734999895095823,1.373890042304993,0
4162,2020-01-21,1.3799999952316284,1.3799999952316284,1.3729339838027954,1.3729339838027954,0
4163,2020-01-22,1.3899999856948853,1.3899999856948853,1.369554042816162,1.376173973083496,0
4164,2020-01-23,1.3799999952316284,1.3899999856948853,1.368535041809082,1.368535041809082,0
4165,2020-01-24,1.3799999952316284,1.3799999952316284,1.3739910125732422,1.37877094745636,0
4166,2020-01-27,1.3899999856948853,1.3899999856948853,1.3739659786224363,1.3739659786224363,0
4167,2020-01-28,1.3799999952316284,1.3899999856948853,1.373460054397583,1.3764129877090454,0
4168,2020-01-29,1.3799999952316284,1.3899999856948853,1.3726810216903689,1.3726810216903689,0
4169,2020-01-30,1.3799999952316284,1.3799999952316284,1.3726869821548462,1.3726869821548462,0
4170,2020-01-31,1.3899999856948853,1.3899999856948853,1.3757059574127195,1.3757059574127195,0
4171,2020-02-03,1.3899999856948853,1.370939016342163,1.370859980583191,1.370859980583191,0
4172,2020-02-04,1.370939016342163,1.3899999856948853,1.3713979721069336,1.3713979721069336,0
4173,2020-02-05,1.3799999952316284,1.3899999856948853,1.3759469985961914,1.3759469985961914,0
4174,2020-02-06,1.3899999856948853,1.3799999952316284,1.3780779838562012,1.3791409730911257,0
4175,2020-02-07,1.3799999952316284,1.3799999952316284,1.3792599439620972,1.3798530101776123,0
4176,2020-02-10,1.3799999952316284,1.3828849792480469,1.3794740438461304,1.3794740438461304,0
4177,2020-02-11,1.3799999952316284,1.3872820138931274,1.3700000047683716,1.3872820138931274,0
4178,2020-02-12,1.3799999952316284,1.383424997329712,1.3811479806900024,1.3811479806900024,0
4179,2020-02-13,1.383424997329712,1.3899999856948853,1.3830080032348633,1.3884639739990234,0
4180,2020-02-14,1.3899999856948853,1.3899999856948853,1.3799999952316284,1.3855470418930054,0
4181,2020-02-17,1.3799999952316284,1.3899999856948853,1.3799999952316284,1.384544014930725,0
4182,2020-02-18,1.3899999856948853,1.3899999856948853,1.3846720457077026,1.386132001876831,0
4183,2020-02-19,1.3899999856948853,1.399999976158142,1.385601043701172,1.3873319625854492,0
4184,2020-02-20,1.399999976158142,1.399999976158142,1.384529948234558,1.384529948234558,0
4185,2020-02-21,1.3899999856948853,1.399999976158142,1.3883270025253296,1.3883270025253296,0
4186,2020-02-24,1.399999976158142,1.399999976158142,1.387431025505066,1.387431025505066,0
4187,2020-02-25,1.399999976158142,1.399999976158142,1.3833210468292236,1.3833210468292236,0
4188,2020-02-26,1.3799999952316284,1.3899999856948853,1.3799999952316284,1.3849740028381348,0
4189,2020-02-27,1.3899999856948853,1.3899999856948853,1.385071039199829,1.385071039199829,0
4190,2020-02-28,1.399999976158142,1.399999976158142,1.3805060386657717,1.3805060386657717,0
4191,2020-03-02,1.3899999856948853,1.3899999856948853,1.376634955406189,1.376634955406189,0
4192,2020-03-03,1.3899999856948853,1.3899999856948853,1.3765510320663452,1.383389949798584,0
4193,2020-03-04,1.3799999952316284,1.3799999952316284,1.3700000047683716,1.37089204788208,0
4194,2020-03-05,1.3700000047683716,1.3799999952316284,1.3700000047683716,1.374883055686951,0
4195,2020-03-06,1.3799999952316284,1.3799999952316284,1.365017056465149,1.365017056465149,0
4196,2020-03-09,1.3799999952316284,1.3799999952316284,1.3600000143051147,1.360576033592224,0
4197,2020-03-10,1.3600000143051147,1.3700000047683716,1.3543349504470823,1.3653960227966309,0
4198,2020-03-11,1.3600000143051147,1.357970952987671,1.3548460006713867,1.357970952987671,0
4199,2020-03-12,1.3650490045547483,1.3592250347137451,1.3569029569625854,1.3580420017242432,0
4200,2020-03-13,1.3700000047683716,1.3645570278167725,1.3605639934539795,1.3645570278167725,0
4201,2020-03-16,1.3700000047683716,1.3899999856948853,1.3605550527572632,1.3677380084991455,0
4202,2020-03-17,1.3899999856948853,1.3899999856948853,1.3576029539108276,1.3635940551757812,0
4203,2020-03-18,1.3554359674453735,1.3899999856948853,1.356207013130188,1.358060002326965,0
4204,2020-03-19,1.3899999856948853,1.3899999856948853,1.365103006362915,1.365103006362915,0
4205,2020-03-20,1.3799999952316284,1.399999976158142,1.3799999952316284,1.3880720138549805,0
4206,2020-03-23,1.399999976158142,1.4199999570846558,1.3830039501190186,1.392138957977295,0
4207,2020-03-24,1.4199999570846558,1.4117729663848877,1.3792500495910645,1.3792500495910645,0
4208,2020-03-25,1.409999966621399,1.4147449731826782,1.399301052093506,1.4147449731826782,0
4209,2020-03-26,1.409999966621399,1.4199999570846558,1.387518048286438,1.387518048286438,0
4210,2020-03-27,1.4199999570846558,1.409999966621399,1.384477972984314,1.384477972984314,0
4211,2020-03-30,1.3777079582214355,1.409999966621399,1.380368947982788,1.380368947982788,0
4212,2020-03-31,1.3899999856948853,1.3911069631576538,1.3836079835891724,1.3911069631576538,0
4213,2020-04-01,1.3899999856948853,1.399999976158142,1.3707269430160522,1.3707269430160522,0
4214,2020-04-02,1.399999976158142,1.399999976158142,1.3780759572982788,1.3855780363082886,0
4215,2020-04-03,1.3899999856948853,1.3899999856948853,1.3778899908065796,1.3877990245819092,0
4216,2020-04-06,1.3899999856948853,1.399999976158142,1.376060962677002,1.376060962677002,0
4217,2020-04-07,1.399999976158142,1.399999976158142,1.3841079473495483,1.3861119747161863,0
4218,2020-04-08,1.399999976158142,1.399999976158142,1.38503098487854,1.38503098487854,0
4219,2020-04-09,1.399999976158142,1.399999976158142,1.3920880556106567,1.3943439722061155,0
4220,2020-04-10,1.3899999856948853,1.3899999856948853,1.3842060565948486,1.3842060565948486,0
4221,2020-04-13,1.399999976158142,1.399999976158142,1.3804659843444824,1.3835289478302002,0
4222,2020-04-14,1.3899999856948853,1.399999976158142,1.383465051651001,1.384421944618225,0
4223,2020-04-15,1.3899999856948853,1.3899999856948853,1.3787050247192385,1.3787050247192385,0
4224,2020-04-16,1.3899999856948853,1.399999976158142,1.385058045387268,1.387470006942749,0
4225,2020-04-17,1.399999976158142,1.399999976158142,1.38686203956604,1.38686203956604,0
4226,2020-04-20,1.3826210498809814,1.3899999856948853,1.3844350576400757,1.3844350576400757,0
4227,2020-04-21,1.3799999952316284,1.3885689973831177,1.3799999952316284,1.3885689973831177,0
4228,2020-04-22,1.3899999856948853,1.3899999856948853,1.384618043899536,1.384618043899536,0
4229,2020-04-23,1.399999976158142,1.399999976158142,1.3871890306472778,1.3955509662628174,0
4230,2020-04-24,1.399999976158142,1.399999976158142,1.3866679668426514,1.3889609575271606,0
4231,2020-04-27,1.3899999856948853,1.3899999856948853,1.3819650411605835,1.3819650411605835,0
4232,2020-04-28,1.399999976158142,1.3904579877853394,1.388275980949402,1.3904579877853394,0
4233,2020-04-29,1.399999976158142,1.3932830095291138,1.386680006980896,1.3932830095291138,0
4234,2020-04-30,1.399999976158142,1.399999976158142,1.385025978088379,1.385025978088379,0
4235,2020-05-01,1.3899999856948853,1.399999976158142,1.3796789646148682,1.3796789646148682,0
4236,2020-05-04,1.399999976158142,1.399999976158142,1.379457950592041,1.379457950592041,0
4237,2020-05-05,1.3899999856948853,1.3899999856948853,1.3846889734268188,1.3854750394821167,0
4238,2020-05-06,1.399999976158142,1.399999976158142,1.3848899602890017,1.385079026222229,0
4239,2020-05-07,1.399999976158142,1.3899999856948853,1.3861019611358645,1.3861019611358645,0
4240,2020-05-08,1.3899999856948853,1.3899999856948853,1.3798539638519287,1.3798539638519287,0
4241,2020-05-11,1.399999976158142,1.399999976158142,1.3897180557250977,1.3897180557250977,0
4242,2020-05-12,1.399999976158142,1.399999976158142,1.3894200325012207,1.393164038658142,0
4243,2020-05-13,1.399999976158142,1.399999976158142,1.3869880437850952,1.3869880437850952,0
4244,2020-05-14,1.399999976158142,1.399999976158142,1.3899999856948853,1.398089051246643,0
4245,2020-05-15,1.3899999856948853,1.399999976158142,1.3885799646377563,1.3885799646377563,0
4246,2020-05-18,1.399999976158142,1.390813946723938,1.389644980430603,1.389644980430603,0
4247,2020-05-19,1.390813946723938,1.399999976158142,1.3768600225448608,1.3768600225448608,0
4248,2020-05-20,1.3899999856948853,1.399999976158142,1.3899999856948853,1.3947199583053589,0
4249,2020-05-21,1.399999976158142,1.399999976158142,1.3887239694595337,1.3887239694595337,0
4250,2020-05-22,1.399999976158142,1.399999976158142,1.387990951538086,1.3957459926605225,0
4251,2020-05-25,1.399999976158142,1.3888280391693115,1.388800024986267,1.388800024986267,0
4252,2020-05-26,1.3888280391693115,1.399999976158142,1.3872809410095217,1.3872809410095217,0
4253,2020-05-27,1.3899999856948853,1.399999976158142,1.3864099979400637,1.3864099979400637,0
4254,2020-05-28,1.399999976158142,1.399999976158142,1.3879499435424805,1.3879499435424805,0
4255,2020-05-29,1.399999976158142,1.399999976158142,1.3799949884414673,1.3799949884414673,0
4256,2020-06-01,1.399999976158142,1.399999976158142,1.382159948348999,1.390259027481079,0
4257,2020-06-02,1.3899999856948853,1.3899999856948853,1.3793410062789917,1.3793410062789917,0
4258,2020-06-03,1.3899999856948853,1.3899999856948853,1.3796119689941406,1.3796119689941406,0
4259,2020-06-04,1.3899999856948853,1.3899999856948853,1.380128026008606,1.380128026008606,0
4260,2020-06-05,1.3899999856948853,1.3899999856948853,1.367143988609314,1.367143988609314,0
4261,2020-06-08,1.399999976158142,1.399999976158142,1.3799999952316284,1.386999011039734,0
4262,2020-06-09,1.3799999952316284,1.3799999952316284,1.3738559484481812,1.3789989948272705,0
4263,2020-06-10,1.399999976158142,1.399999976158142,1.3663920164108276,1.3663920164108276,0
4264,2020-06-11,1.3899999856948853,1.399999976158142,1.3678619861602783,1.3689149618148804,0
4265,2020-06-12,1.3899999856948853,1.3784639835357666,1.368343949317932,1.3784639835357666,0
4266,2020-06-15,1.3799999952316284,1.3899999856948853,1.3740839958190918,1.3750300407409668,0
4267,2020-06-16,1.3899999856948853,1.3899999856948853,1.362997055053711,1.362997055053711,0
4268,2020-06-17,1.3799999952316284,1.3810889720916748,1.371675968170166,1.3810889720916748,0
4269,2020-06-18,1.3799999952316284,1.3799999952316284,1.3722059726715088,1.3722059726715088,0
4270,2020-06-19,1.3799999952316284,1.3799999952316284,1.373280048370361,1.378612041473389,0
4271,2020-06-22,1.3799999952316284,1.3799999952316284,1.3759150505065918,1.3759150505065918,0
4272,2020-06-23,1.3799999952316284,1.3799999952316284,1.3709650039672852,1.3709650039672852,0
4273,2020-06-24,1.3799999952316284,1.3899999856948853,1.3737319707870483,1.3737319707870483,0
4274,2020-06-25,1.3899999856948853,1.3899999856948853,1.3699430227279663,1.380202054977417,0
4275,2020-06-26,1.3899999856948853,1.3899999856948853,1.3690999746322632,1.3690999746322632,0
4276,2020-06-29,1.3799999952316284,1.3899999856948853,1.3697479963302612,1.3697479963302612,0
4277,2020-06-30,1.3799999952316284,1.3899999856948853,1.3740650415420532,1.3825839757919312,0
4278,2020-07-01,1.3899999856948853,1.3899999856948853,1.370268940925598,1.3711110353469849,0
4279,2020-07-02,1.3899999856948853,1.3899999856948853,1.371759057044983,1.371759057044983,0
4280,2020-07-03,1.3799999952316284,1.381047010421753,1.3731869459152222,1.381047010421753,0
4281,2020-07-06,1.3700000047683716,1.374292016029358,1.3697669506072998,1.3697669506072998,0
4282,2020-07-07,1.3799999952316284,1.3799999952316284,1.3706330060958862,1.3706330060958862,0
4283,2020-07-08,1.3799999952316284,1.3899999856948853,1.3708510398864746,1.373134970664978,0
4284,2020-07-09,1.3899999856948853,1.3899999856948853,1.3647010326385498,1.3647010326385498,0
4285,2020-07-10,1.3899999856948853,1.3774629831314087,1.3660780191421509,1.3774629831314087,0
4286,2020-07-13,1.366621971130371,1.3799999952316284,1.369210958480835,1.369210958480835,0
4287,2020-07-14,1.3799999952316284,1.3799999952316284,1.3670940399169922,1.3670940399169922,0
4288,2020-07-15,1.3799999952316284,1.3899999856948853,1.3629610538482666,1.3629610538482666,0
4289,2020-07-16,1.3799999952316284,1.3799999952316284,1.365475058555603,1.371878981590271,0
4290,2020-07-17,1.3700000047683716,1.3799999952316284,1.364943027496338,1.3669439554214478,0
4291,2020-07-20,1.3700000047683716,1.3799999952316284,1.3634159564971924,1.3655710220336914,0
4292,2020-07-21,1.3700000047683716,1.3799999952316284,1.3637020587921145,1.3643330335617063,0
4293,2020-07-22,1.3799999952316284,1.3700000047683716,1.3528809547424316,1.3528809547424316,0
4294,2020-07-23,1.3700000047683716,1.3700000047683716,1.3600000143051147,1.3637800216674805,0
4295,2020-07-24,1.3600000143051147,1.3700000047683716,1.356632947921753,1.356632947921753,0
4296,2020-07-27,1.3700000047683716,1.3700000047683716,1.3454879522323608,1.3454879522323608,0
4297,2020-07-28,1.3700000047683716,1.3600000143051147,1.349724054336548,1.349724054336548,0
4298,2020-07-29,1.3700000047683716,1.3700000047683716,1.3495689630508425,1.3530629873275757,0
4299,2020-07-30,1.3700000047683716,1.3700000047683716,1.3473739624023438,1.3473739624023438,0
4300,2020-07-31,1.3600000143051147,1.3600000143051147,1.3352890014648438,1.3352890014648438,0
4301,2020-08-03,1.3600000143051147,1.3700000047683716,1.347594976425171,1.350746989250183,0
4302,2020-08-04,1.3600000143051147,1.3600000143051147,1.3452160358428955,1.3452160358428955,0
4303,2020-08-05,1.3600000143051147,1.3484439849853516,1.3428510427474976,1.3428510427474976,0
4304,2020-08-06,1.3484439849853516,1.3600000143051147,1.3437550067901611,1.3437550067901611,0
4305,2020-08-07,1.350000023841858,1.3600000143051147,1.3405519723892212,1.3452409505844116,0
4306,2020-08-10,1.3441519737243652,1.3600000143051147,1.340047001838684,1.3433940410614014,0
4307,2020-08-11,1.350000023841858,1.350000023841858,1.3427220582962036,1.3427220582962036,0
4308,2020-08-12,1.350000023841858,1.3501570224761963,1.3472280502319336,1.3501570224761963,0
4309,2020-08-13,1.350000023841858,1.350000023841858,1.343541979789734,1.343541979789734,0
4310,2020-08-14,1.350000023841858,1.352924942970276,1.343932032585144,1.352924942970276,0
4311,2020-08-17,1.343932032585144,1.350000023841858,1.3400640487670898,1.3400640487670898,0
4312,2020-08-18,1.350000023841858,1.350000023841858,1.338479995727539,1.338479995727539,0
4313,2020-08-19,1.3394960165023804,1.3426289558410645,1.3377690315246582,1.3377690315246582,0
4314,2020-08-20,1.3426289558410645,1.3534409999847412,1.3437459468841553,1.3534409999847412,0
4315,2020-08-21,1.3437459468841553,1.3425389528274536,1.3388689756393433,1.3388689756393433,0
4316,2020-08-24,1.3425389528274536,1.3447680473327637,1.3427610397338867,1.3427610397338867,0
4317,2020-08-25,1.3447680473327637,1.3482379913330078,1.34404194355011,1.3482379913330078,0
4318,2020-08-26,1.34404194355011,1.343945026397705,1.3433250188827517,1.343945026397705,0
4319,2020-08-27,1.3433250188827517,1.3452869653701782,1.3407039642333984,1.3407039642333984,0
4320,2020-08-28,1.3437880277633667,1.3421850204467771,1.3415720462799072,1.3421850204467771,0
4321,2020-08-31,1.3415720462799072,1.3426549434661863,1.341143012046814,1.341143012046814,0
4322,2020-09-01,1.3426549434661863,1.341271996498108,1.337018966674805,1.341271996498108,0
4323,2020-09-02,1.337018966674805,1.346511960029602,1.337188959121704,1.346511960029602,0
4324,2020-09-03,1.337188959121704,1.34066903591156,1.3375240564346311,1.34066903591156,0
4325,2020-09-04,1.340000033378601,1.340000033378601,1.3321410417556765,1.3321410417556765,0
4326,2020-09-07,1.350000023841858,1.3401130437850952,1.3381489515304563,1.3381489515304563,0
4327,2020-09-08,1.3401130437850952,1.3415780067443848,1.340000033378601,1.3415780067443848,0
4328,2020-09-09,1.350000023841858,1.350000023841858,1.340155005455017,1.3430490493774414,0
4329,2020-09-10,1.350000023841858,1.350000023841858,1.3340389728546145,1.3340389728546145,0
4330,2020-09-11,1.3600000143051147,1.3600000143051147,1.3422540426254272,1.345878005027771,0
4331,2020-09-14,1.350000023841858,1.350000023841858,1.3414870500564575,1.3451910018920898,0
4332,2020-09-15,1.350000023841858,1.350000023841858,1.340000033378601,1.3419220447540283,0
4333,2020-09-16,1.340000033378601,1.3511229753494265,1.338539958000183,1.3511229753494265,0
4334,2020-09-17,1.340000033378601,1.350000023841858,1.340000033378601,1.3489209413528442,0
4335,2020-09-18,1.350000023841858,1.350000023841858,1.3331700563430786,1.3331700563430786,0
4336,2020-09-21,1.340000033378601,1.3402429819107056,1.3374420404434204,1.3374420404434204,0
4337,2020-09-22,1.340000033378601,1.3417799472808838,1.340000033378601,1.3417799472808838,0
4338,2020-09-23,1.340000033378601,1.349086046218872,1.340000033378601,1.349086046218872,0
4339,2020-09-24,1.340000033378601,1.350000023841858,1.3478020429611206,1.3488800525665283,0
4340,2020-09-25,1.350000023841858,1.350000023841858,1.3455660343170166,1.3455660343170166,0
4341,2020-09-28,1.3600000143051147,1.3600000143051147,1.348283052444458,1.351518988609314,0
4342,2020-09-29,1.350000023841858,1.3600000143051147,1.346626043319702,1.346626043319702,0
4343,2020-09-30,1.350000023841858,1.3600000143051147,1.3458689451217651,1.3458689451217651,0
4344,2020-10-01,1.3600000143051147,1.3600000143051147,1.3476450443267822,1.3476580381393433,0
4345,2020-10-02,1.350000023841858,1.3600000143051147,1.344303011894226,1.3497589826583862,0
4346,2020-10-05,1.3600000143051147,1.3600000143051147,1.3426120281219482,1.3426120281219482,0
4347,2020-10-06,1.3600000143051147,1.3600000143051147,1.3408639430999756,1.3408639430999756,0
4348,2020-10-07,1.3600000143051147,1.3600000143051147,1.34266996383667,1.3501770496368408,0
4349,2020-10-08,1.341717004776001,1.3600000143051147,1.3421339988708496,1.3421339988708496,0
4350,2020-10-09,1.350000023841858,1.3600000143051147,1.3426519632339478,1.3426519632339478,0
4351,2020-10-12,1.3600000143051147,1.3428150415420532,1.3390079736709597,1.3428150415420532,0
4352,2020-10-13,1.3390079736709597,1.3600000143051147,1.3384300470352173,1.3384300470352173,0
4353,2020-10-14,1.350000023841858,1.350000023841858,1.339377999305725,1.3439069986343384,0
4354,2020-10-15,1.350000023841858,1.350000023841858,1.337901949882507,1.337901949882507,0
4355,2020-10-16,1.350000023841858,1.350000023841858,1.3418309688568115,1.3426799774169922,0
4356,2020-10-19,1.340000033378601,1.350000023841858,1.340000033378601,1.3414080142974854,0
4357,2020-10-20,1.340000033378601,1.350000023841858,1.3393089771270752,1.3412419557571411,0
4358,2020-10-21,1.350000023841858,1.350000023841858,1.3363460302352903,1.3386399745941162,0
4359,2020-10-22,1.350000023841858,1.340000033378601,1.3368109464645386,1.3378690481185913,0
4360,2020-10-23,1.3300000429153442,1.340000033378601,1.3300000429153442,1.3399100303649902,0
4361,2020-10-26,1.340000033378601,1.340000033378601,1.3300000429153442,1.33712899684906,0
4362,2020-10-27,1.340000033378601,1.340000033378601,1.3345459699630735,1.3345459699630735,0
4363,2020-10-28,1.350000023841858,1.350000023841858,1.3359750509262085,1.3413300514221191,0
4364,2020-10-29,1.340000033378601,1.350000023841858,1.3333959579467771,1.3333959579467771,0
4365,2020-10-30,1.342771053314209,1.350000023841858,1.337285041809082,1.3411730527877808,0
4366,2020-11-02,1.340000033378601,1.350000023841858,1.340000033378601,1.3409889936447144,0
4367,2020-11-03,1.350000023841858,1.350000023841858,1.340000033378601,1.3457679748535156,0
4368,2020-11-04,1.350000023841858,1.350000023841858,1.340000033378601,1.3482869863510132,0
4369,2020-11-05,1.340000033378601,1.350000023841858,1.340000033378601,1.343711018562317,0
4370,2020-11-06,1.350000023841858,1.350000023841858,1.340000033378601,1.3460040092468262,0
4371,2020-11-09,1.350000023841858,1.350000023841858,1.3316270112991333,1.3449970483779907,0
4372,2020-11-10,1.340000033378601,1.350000023841858,1.3299119472503662,1.337775945663452,0
4373,2020-11-11,1.340000033378601,1.3350160121917725,1.327792048454285,1.327792048454285,0
4374,2020-11-12,1.3350160121917725,1.3380409479141235,1.3300000429153442,1.3332600593566897,0
4375,2020-11-13,1.3300000429153442,1.340000033378601,1.3300000429153442,1.3382790088653564,0
4376,2020-11-16,1.3300000429153442,1.3362599611282349,1.3200000524520874,1.334177017211914,0
4377,2020-11-17,1.340000033378601,1.340000033378601,1.3300000429153442,1.334570050239563,0
4378,2020-11-18,1.3200000524520874,1.3357399702072144,1.3200000524520874,1.3357399702072144,0
4379,2020-11-19,1.3300000429153442,1.335685968399048,1.3200000524520874,1.335685968399048,0
4380,2020-11-20,1.3300000429153442,1.3307900428771973,1.3238359689712524,1.3238359689712524,0
4381,2020-11-23,1.3300000429153442,1.331210017204285,1.3300000429153442,1.3303970098495483,0
4382,2020-11-24,1.3300000429153442,1.340000033378601,1.3300000429153442,1.3376230001449585,0
4383,2020-11-25,1.340000033378601,1.340000033378601,1.3280669450759888,1.3280669450759888,0
4384,2020-11-26,1.340000033378601,1.327826976776123,1.326704025268555,1.326704025268555,0
4385,2020-11-27,1.327826976776123,1.340000033378601,1.3264729976654053,1.3264729976654053,0
4386,2020-11-30,1.3300000429153442,1.3300000429153442,1.3222260475158691,1.3222260475158691,0
4387,2020-12-01,1.3300000429153442,1.3321900367736816,1.3278800249099731,1.3321900367736816,0
4388,2020-12-02,1.3300000429153442,1.3300000429153442,1.316112041473389,1.3167229890823364,0
4389,2020-12-03,1.340000033378601,1.340000033378601,1.3159689903259275,1.3159689903259275,0
4390,2020-12-04,1.3300000429153442,1.340000033378601,1.321200966835022,1.321200966835022,0
4391,2020-12-07,1.3300000429153442,1.3300000429153442,1.3223600387573242,1.3255540132522583,0
4392,2020-12-08,1.340000033378601,1.340000033378601,1.3196749687194824,1.3223110437393188,0
4393,2020-12-09,1.3200000524520874,1.3200000524520874,1.3193349838256836,1.319995999336243,0
4394,2020-12-10,1.3300000429153442,1.3300000429153442,1.3200050592422483,1.323070049285889,0
4395,2020-12-11,1.3200000524520874,1.3300000429153442,1.3122849464416504,1.3122849464416504,0
4396,2020-12-14,1.3300000429153442,1.3300000429153442,1.3200000524520874,1.3217079639434814,0
4397,2020-12-15,1.3200000524520874,1.3300000429153442,1.3198790550231934,1.3198790550231934,0
4398,2020-12-16,1.3300000429153442,1.3300000429153442,1.3200000524520874,1.3215869665145874,0
4399,2020-12-17,1.3200000524520874,1.3200000524520874,1.3186949491500854,1.3199540376663208,0
4400,2020-12-18,1.3200000524520874,1.3200000524520874,1.3143810033798218,1.3165700435638428,0
4401,2020-12-21,1.3200000524520874,1.321192979812622,1.309999942779541,1.319748044013977,0
4402,2020-12-22,1.3200000524520874,1.3200000524520874,1.3072789907455444,1.3072789907455444,0
4403,2020-12-23,1.309999942779541,1.321463942527771,1.309999942779541,1.321463942527771,0
4404,2020-12-24,1.309999942779541,1.3200000524520874,1.309999942779541,1.316148042678833,0
4405,2020-12-25,1.309999942779541,1.3186930418014526,1.3186930418014526,1.3186930418014526,0
4406,2020-12-28,1.3186930418014526,1.3200000524520874,1.309999942779541,1.3171160221099854,0
4407,2020-12-29,1.309999942779541,1.3200000524520874,1.309999942779541,1.3113820552825928,0
4408,2020-12-30,1.309999942779541,1.3200000524520874,1.309999942779541,1.3105310201644895,0
4409,2020-12-31,1.3200000524520874,1.3130630254745483,1.309999942779541,1.3119679689407349,0
4410,2021-01-01,1.3200000524520874,1.3198250532150269,1.3198250532150269,1.3198250532150269,0
4411,2021-01-04,1.3198250532150269,1.3200000524520874,1.309999942779541,1.3156510591506958,0
4412,2021-01-05,1.309999942779541,1.3382400274276731,1.3200000524520874,1.337440013885498,0
4413,2021-01-06,4.433199882507324,4.427700042724609,1.3200000524520874,1.3382459878921509,0
4414,2021-01-07,4.427700042724609,4.425000190734863,4.414906024932861,4.414906024932861,0
4415,2021-01-08,4.420000076293945,4.420000076293945,4.407422065734863,4.418155193328857,0
4416,2021-01-11,4.41668701171875,4.449999809265137,4.409049034118652,4.434041976928711,0
4417,2021-01-12,4.449999809265137,4.449999809265137,4.406021118164063,4.41347599029541,0
4418,2021-01-13,4.452499866485596,4.452499866485596,4.382942199707031,4.382942199707031,0
4419,2021-01-14,4.429999828338623,4.437914848327637,4.42481803894043,4.42481803894043,0
4420,2021-01-15,4.440000057220459,4.445000171661377,4.429999828338623,4.4376959800720215,0
4421,2021-01-18,4.445796966552734,4.446900844573975,4.430232048034668,4.445833206176758,0
4422,2021-01-19,4.430232048034668,4.449999809265137,4.419003963470459,4.419003963470459,0
4423,2021-01-20,4.449999809265137,4.449999809265137,4.434331893920898,4.434331893920898,0
4424,2021-01-21,4.449999809265137,4.449999809265137,4.427358150482178,4.434153079986572,0
4425,2021-01-22,4.440000057220459,4.449999809265137,4.418028831481934,4.418028831481934,0
4426,2021-01-25,4.429999828338623,4.4333930015563965,4.423986911773682,4.4333930015563965,0
4427,2021-01-26,4.429999828338623,4.440000057220459,4.427739143371582,4.427739143371582,0
4428,2021-01-27,4.440000057220459,4.440000057220459,4.429999828338623,4.430245876312256,0
4429,2021-01-28,4.440000057220459,4.444096088409424,4.436905860900879,4.436905860900879,0
4430,2021-01-29,4.440000057220459,4.449999809265137,4.431046962738037,4.442077159881592,0
4431,2021-02-01,4.432544231414795,4.437204837799072,4.436070919036865,4.436070919036865,0
4432,2021-02-02,4.440000057220459,4.445885181427002,4.436795234680176,4.436795234680176,0
4433,2021-02-03,4.440000057220459,4.4553070068359375,4.440000057220459,4.440754890441895,0
4434,2021-02-04,4.449999809265137,4.460000038146973,4.440000057220459,4.445182800292969,0
4435,2021-02-05,4.460000038146973,4.46999979019165,4.440000057220459,4.465845108032227,0
4436,2021-02-08,4.46999979019165,4.46999979019165,4.429269790649414,4.429269790649414,0
4437,2021-02-09,4.449999809265137,4.449999809265137,4.439137935638428,4.439137935638428,0
4438,2021-02-10,4.449999809265137,4.44092321395874,4.437521934509277,4.44092321395874,0
4439,2021-02-11,4.429999828338623,4.440000057220459,4.43506383895874,4.440000057220459,0
4440,2021-02-12,4.429999828338623,4.435812950134277,4.420000076293945,4.435812950134277,0
4441,2021-02-15,4.429999828338623,4.430214881896973,4.420485019683838,4.420485019683838,0
4442,2021-02-16,4.430214881896973,4.434854984283447,4.4241042137146,4.4241042137146,0
4443,2021-02-17,4.420000076293945,4.461294174194336,4.427494049072266,4.461294174194336,0
4444,2021-02-18,4.440000057220459,4.440000057220459,4.428654193878174,4.43348503112793,0
4445,2021-02-19,4.440000057220459,4.440000057220459,4.421327114105225,4.421327114105225,0
4446,2021-02-22,4.43471622467041,4.440000057220459,4.431808948516846,4.431808948516846,0
4447,2021-02-23,4.440000057220459,4.42785120010376,4.421028137207031,4.421028137207031,0
4448,2021-02-24,4.429999828338623,4.429999828338623,4.425974845886231,4.426830768585205,0
4449,2021-02-25,4.440000057220459,4.423618793487549,4.423618793487549,4.423618793487549,0
4450,2021-02-26,4.423618793487549,4.416038990020752,4.416038990020752,4.416038990020752,0
4451,2021-03-01,4.416038990020752,4.429999828338623,4.417311191558838,4.425704956054688,0
4452,2021-03-02,4.440000057220459,4.449999809265137,4.417987823486328,4.421864032745361,0
4453,2021-03-03,4.449999809265137,4.408516883850098,4.394804954528809,4.394804954528809,0
4454,2021-03-04,4.408516883850098,4.447933197021484,4.408516883850098,4.408516883850098,0
4455,2021-03-05,4.460000038146973,4.476659774780273,4.446994781494141,4.476659774780273,0
4456,2021-03-08,4.446994781494141,4.460000038146973,4.450630187988281,4.450630187988281,0
4457,2021-03-09,4.489999771118164,4.489999771118164,4.459865093231201,4.459865093231201,0
4458,2021-03-10,4.5,4.494215965270996,4.483697891235352,4.494215965270996,0
4459,2021-03-11,4.489999771118164,4.489999771118164,4.457086086273193,4.457086086273193,0
4460,2021-03-12,4.480000019073486,4.480000019073486,4.472067832946777,4.472067832946777,0
4461,2021-03-15,4.460377216339111,4.480000019073486,4.468377113342285,4.468377113342285,0
4462,2021-03-16,4.489999771118164,4.489999771118164,4.472082138061523,4.472082138061523,0
4463,2021-03-17,4.480000019073486,4.480000019073486,4.46999979019165,4.474404811859131,0
4464,2021-03-18,4.46999979019165,4.46999979019165,4.465827941894531,4.465827941894531,0
4465,2021-03-19,4.480000019073486,4.480000019073486,4.465567111968994,4.479176998138428,0
4466,2021-03-22,4.471820831298828,4.481027126312256,4.472912788391113,4.472912788391113,0
4467,2021-03-23,4.480000019073486,4.480163097381592,4.4757280349731445,4.480163097381592,0
4468,2021-03-24,4.480000019073486,4.489290237426758,4.477519035339356,4.489290237426758,0
4469,2021-03-25,4.480000019073486,4.496099948883057,4.480000019073486,4.485043048858643,0
4470,2021-03-26,4.5,4.504893779754639,4.495903015136719,4.504893779754639,0
4471,2021-03-29,4.5,4.510000228881836,4.494204998016357,4.494204998016357,0
4472,2021-03-30,4.510000228881836,4.510000228881836,4.502621173858643,4.502621173858643,0
4473,2021-03-31,4.510000228881836,4.514710903167725,4.510000228881836,4.511544227600098,0
4474,2021-04-01,4.519999980926514,4.519999980926514,4.515501976013184,4.516962051391602,0
4475,2021-04-02,4.519999980926514,4.519999980926514,4.500871181488037,4.500871181488037,0
4476,2021-04-05,4.519999980926514,4.513522148132324,4.504294872283936,4.504294872283936,0
4477,2021-04-06,4.510103225708008,4.508913993835449,4.48536491394043,4.48536491394043,0
4478,2021-04-07,4.508913993835449,4.510931968688965,4.484247207641602,4.484247207641602,0
4479,2021-04-08,4.510931968688965,4.517926216125488,4.496184825897217,4.517926216125488,0
4480,2021-04-09,4.496184825897217,4.488218784332275,4.474853038787842,4.474853038787842,0
4481,2021-04-12,4.489999771118164,4.5,4.486483097076416,4.486483097076416,0
4482,2021-04-13,4.5,4.5,4.489999771118164,4.4906110763549805,0
4483,2021-04-14,4.5,4.5,4.488905906677246,4.488905906677246,0
4484,2021-04-15,4.489999771118164,4.489999771118164,4.46999979019165,4.473730087280273,0
4485,2021-04-16,4.46999979019165,4.480000019073486,4.46999979019165,4.475223064422607,0
4486,2021-04-19,4.4796319007873535,4.489734172821045,4.46999979019165,4.482851028442383,0
4487,2021-04-20,4.46999979019165,4.460000038146973,4.454455852508545,4.454455852508545,0
4488,2021-04-21,4.449999809265137,4.460000038146973,4.449999809265137,4.459015846252441,0
4489,2021-04-22,4.460000038146973,4.460000038146973,4.449999809265137,4.455477237701416,0
4490,2021-04-23,4.460000038146973,4.460000038146973,4.458334922790527,4.458334922790527,0
4491,2021-04-26,4.442616939544678,4.460000038146973,4.439937114715576,4.439937114715576,0
4492,2021-04-27,4.460000038146973,4.465940952301025,4.449999809265137,4.4619669914245605,0
4493,2021-04-28,4.449999809265137,4.460000038146973,4.449999809265137,4.453855037689209,0
4494,2021-04-29,4.460000038146973,4.460000038146973,4.4272308349609375,4.4272308349609375,0
4495,2021-04-30,4.449999809265137,4.449999809265137,4.445611953735352,4.44713020324707,0
4496,2021-05-03,4.469152927398682,4.46999979019165,4.446858882904053,4.463973045349121,0
4497,2021-05-04,4.46999979019165,4.46999979019165,4.447338104248047,4.447338104248047,0
4498,2021-05-05,4.460000038146973,4.46999979019165,4.462596893310547,4.462958812713623,0
4499,2021-05-06,4.480000019073486,4.480000019073486,4.460000038146973,4.466084003448486,0
4500,2021-05-07,4.460000038146973,4.480000019073486,4.465114116668701,4.465114116668701,0
4501,2021-05-10,4.432203769683838,4.480000019073486,4.432805061340332,4.432805061340332,0
4502,2021-05-11,4.440000057220459,4.478744983673096,4.43708086013794,4.478744983673096,0
4503,2021-05-12,4.442194938659668,4.450345039367676,4.4385528564453125,4.444024085998535,0
4504,2021-05-13,4.440000057220459,4.455324172973633,4.438720226287842,4.455324172973633,0
4505,2021-05-14,4.449999809265137,4.449999809265137,4.437524795532227,4.437524795532227,0
4506,2021-05-17,4.440000057220459,4.449999809265137,4.433032989501953,4.433032989501953,0
4507,2021-05-18,4.440000057220459,4.440000057220459,4.439929962158203,4.439929962158203,0
4508,2021-05-19,4.440000057220459,4.440000057220459,4.429999828338623,4.433345794677734,0
4509,2021-05-20,4.429999828338623,4.440000057220459,4.429999828338623,4.431488990783691,0
4510,2021-05-21,4.429999828338623,4.440000057220459,4.429999828338623,4.434712886810303,0
4511,2021-05-24,4.440000057220459,4.4476728439331055,4.429999828338623,4.4476728439331055,0
4512,2021-05-25,4.429999828338623,4.440000057220459,4.429728031158447,4.430972099304199,0
4513,2021-05-26,4.420000076293945,4.4328389167785645,4.420000076293945,4.4328389167785645,0
4514,2021-05-27,4.429999828338623,4.44212007522583,4.422513008117676,4.44212007522583,0
4515,2021-05-28,4.429999828338623,4.429881095886231,4.420000076293945,4.429881095886231,0
4516,2021-05-31,4.420000076293945,4.429266929626465,4.425370216369629,4.425370216369629,0
4517,2021-06-01,4.429266929626465,4.428962230682373,4.414328098297119,4.414328098297119,0
4518,2021-06-02,4.429999828338623,4.429999828338623,4.422593116760254,4.429504871368408,0
4519,2021-06-03,4.429999828338623,4.4263529777526855,4.408125877380371,4.408125877380371,0
4520,2021-06-04,4.429999828338623,4.450006008148193,4.397060871124268,4.450006008148193,0
4521,2021-06-07,4.429999828338623,4.43333101272583,4.376931190490723,4.376931190490723,0
4522,2021-06-08,4.429999828338623,4.434667110443115,4.434667110443115,4.434667110443115,0
4523,2021-06-09,4.429999828338623,4.431577205657959,4.420000076293945,4.431577205657959,0
4524,2021-06-10,4.420000076293945,4.4388580322265625,4.429999828338623,4.4388580322265625,0
4525,2021-06-11,4.409999847412109,4.436875820159912,4.428232192993164,4.428232192993164,0
4526,2021-06-14,4.429999828338623,4.452020168304443,4.440000057220459,4.452020168304443,0
4527,2021-06-15,4.440000057220459,4.443893909454346,4.429999828338623,4.442831039428711,0
4528,2021-06-16,4.429999828338623,4.442355155944824,4.429999828338623,4.442355155944824,0
4529,2021-06-17,4.440000057220459,4.4885430335998535,4.429999828338623,4.4885430335998535,0
4530,2021-06-18,4.46999979019165,4.46999979019165,4.465428829193115,4.465428829193115,0
4531,2021-06-21,4.46999979019165,4.48060417175293,4.464348793029785,4.48060417175293,0
4532,2021-06-22,4.480000019073486,4.483528137207031,4.459662914276123,4.459662914276123,0
4533,2021-06-23,4.480000019073486,4.480490207672119,4.440000057220459,4.469456195831299,0
4534,2021-06-24,4.440000057220459,4.488907814025879,4.440000057220459,4.48574686050415,0
4535,2021-06-25,4.480000019073486,4.486166000366211,4.477291107177734,4.486166000366211,0
4536,2021-06-28,4.478791236877441,4.484424114227295,4.478041172027588,4.478041172027588,0
4537,2021-06-29,4.480000019073486,4.480000019073486,4.478059768676758,4.478059768676758,0
4538,2021-06-30,4.480000019073486,4.480474948883057,4.480000019073486,4.480474948883057,0
4539,2021-07-01,4.480000019073486,4.489999771118164,4.480000019073486,4.481470108032227,0
4540,2021-07-02,4.480000019073486,4.491347789764404,4.480000019073486,4.491347789764404,0
4541,2021-07-05,4.478212833404541,4.488858222961426,4.480251789093018,4.480969905853272,0
4542,2021-07-06,4.488858222961426,4.494836807250977,4.489243984222412,4.494836807250977,0
4543,2021-07-07,4.480000019073486,4.496193885803223,4.480000019073486,4.496193885803223,0
4544,2021-07-08,4.480000019073486,4.4933061599731445,4.489999771118164,4.4933061599731445,0
4545,2021-07-09,4.489999771118164,4.495038032531738,4.489999771118164,4.492433071136475,0
4546,2021-07-12,4.488338947296143,4.5,4.482048988342285,4.488830089569092,0
4547,2021-07-13,4.489999771118164,4.489999771118164,4.480000019073486,4.486978054046631,0
4548,2021-07-14,4.480000019073486,4.483152866363525,4.480000019073486,4.483152866363525,0
4549,2021-07-15,4.489999771118164,4.495296001434326,4.47174882888794,4.47174882888794,0
4550,2021-07-16,4.489999771118164,4.497960090637207,4.486832141876221,4.497960090637207,0
4551,2021-07-19,4.485236167907715,4.486471176147461,4.486249923706055,4.486471176147461,0
4552,2021-07-20,4.478568077087402,4.489999771118164,4.479156970977783,4.479156970977783,0
4553,2021-07-21,4.480000019073486,4.489999771118164,4.480000019073486,4.487208843231201,0
4554,2021-07-22,4.489999771118164,4.489999771118164,4.479904174804688,4.479904174804688,0
4555,2021-07-23,4.489999771118164,4.491404056549072,4.485694885253906,4.491404056549072,0
4556,2021-07-26,4.483447074890137,4.4868879318237305,4.480000019073486,4.485294818878174,0
4557,2021-07-27,4.480000019073486,4.500885963439941,4.480428218841553,4.480428218841553,0
4558,2021-07-28,4.489999771118164,4.49580192565918,4.489999771118164,4.491363048553467,0
4559,2021-07-29,4.480000019073486,4.493312835693359,4.480504989624023,4.480504989624023,0
4560,2021-07-30,4.493312835693359,4.489796161651611,4.48298978805542,4.489796161651611,0
4561,2021-08-02,4.48298978805542,4.495359897613525,4.481145858764648,4.495359897613525,0
4562,2021-08-03,4.481145858764648,4.488279819488525,4.480000019073486,4.488279819488525,0
4563,2021-08-04,4.480000019073486,4.490726947784424,4.479780197143555,4.490726947784424,0
4564,2021-08-05,4.480000019073486,4.488109111785889,4.46999979019165,4.488109111785889,0
4565,2021-08-06,4.46999979019165,4.48635721206665,4.485443115234375,4.48635721206665,0
4566,2021-08-09,4.501648902893066,4.506073951721191,4.484689235687256,4.506073951721191,0
4567,2021-08-10,4.484689235687256,4.491528034210205,4.48650598526001,4.491528034210205,0
4568,2021-08-11,4.48650598526001,4.503332138061523,4.490450859069824,4.490450859069824,0
4569,2021-08-12,4.503332138061523,4.506521224975586,4.492303848266602,4.492303848266602,0
4570,2021-08-13,4.506521224975586,4.507116794586182,4.5007147789001465,4.507116794586182,0
4571,2021-08-16,4.5007147789001465,4.491958141326904,4.483849048614502,4.483849048614502,0
4572,2021-08-17,4.491958141326904,4.498964786529541,4.492747783660889,4.498964786529541,0
4573,2021-08-18,4.492747783660889,4.496791839599609,4.496791839599609,4.496791839599609,0
4574,2021-08-19,4.496791839599609,4.5036139488220215,4.5036139488220215,4.5036139488220215,0
4575,2021-08-20,4.5036139488220215,4.519999980926514,4.510000228881836,4.510000228881836,0
4576,2021-08-23,4.508079051971436,4.513728141784668,4.510000228881836,4.513728141784668,0
4577,2021-08-24,4.5,4.508806228637695,4.5,4.508806228637695,0
4578,2021-08-25,4.5,4.5081400871276855,4.503289222717285,4.5081400871276855,0
4579,2021-08-26,4.5,4.502684116363525,4.494201183319092,4.494201183319092,0
4580,2021-08-27,4.510000228881836,4.513935089111328,4.50140905380249,4.513935089111328,0
4581,2021-08-30,4.50140905380249,4.495602130889893,4.484097957611084,4.484097957611084,0
4582,2021-08-31,4.495602130889893,4.493202209472656,4.484614849090576,4.493202209472656,0
4583,2021-09-01,4.490303993225098,4.505712985992432,4.4896321296691895,4.505712985992432,0
4584,2021-09-02,4.4896321296691895,4.49672794342041,4.480401992797852,4.480401992797852,0
4585,2021-09-03,4.49672794342041,4.487718105316162,4.485299110412598,4.485299110412598,0
4586,2021-09-06,4.487718105316162,4.485714912414551,4.480478763580322,4.485714912414551,0
4587,2021-09-07,4.480478763580322,4.482419013977051,4.482419013977051,4.482419013977051,0
4588,2021-09-08,4.482419013977051,4.483316898345947,4.483316898345947,4.483316898345947,0
4589,2021-09-09,4.483316898345947,4.493268966674805,4.493268966674805,4.493268966674805,0
4590,2021-09-10,4.493268966674805,4.490935802459717,4.490935802459717,4.490935802459717,0
4591,2021-09-13,4.490935802459717,4.510000228881836,4.488996982574463,4.501301765441895,0
4592,2021-09-14,4.5,4.5,4.476889133453369,4.476889133453369,0
4593,2021-09-15,4.489999771118164,4.493075847625732,4.489891052246094,4.493075847625732,0
4594,2021-09-16,4.480000019073486,4.493329048156738,4.480000019073486,4.493329048156738,0
4595,2021-09-17,4.489999771118164,4.491913795471191,4.489999771118164,4.49109411239624,0
4596,2021-09-20,4.480000019073486,4.511951923370361,4.480000019073486,4.511951923370361,0
4597,2021-09-21,4.46999979019165,4.50591516494751,4.46999979019165,4.499482154846191,0
4598,2021-09-22,4.480000019073486,4.512393951416016,4.480000019073486,4.512393951416016,0
4599,2021-09-23,4.510000228881836,4.521439075469971,4.506724834442139,4.521439075469971,0
4600,2021-09-24,4.5,4.507573127746582,4.494370937347412,4.494370937347412,0
4601,2021-09-27,4.510000228881836,4.514842987060547,4.509805202484131,4.514842987060547,0
4602,2021-09-28,4.519999980926514,4.519999980926514,4.509636878967285,4.516401767730713,0
4603,2021-09-29,4.510000228881836,4.514441013336182,4.509790897369385,4.509790897369385,0
4604,2021-09-30,4.510000228881836,4.53550910949707,4.519239902496338,4.53550910949707,0
4605,2021-10-01,4.53000020980835,4.533170223236084,4.521154880523682,4.521154880523682,0
4606,2021-10-04,4.533170223236084,4.53000020980835,4.525571823120117,4.525571823120117,0
4607,2021-10-05,4.53000020980835,4.530920028686523,4.525362014770508,4.530920028686523,0
4608,2021-10-06,4.519999980926514,4.527314186096191,4.519999980926514,4.527314186096191,0
4609,2021-10-07,4.519076824188232,4.53000020980835,4.518118858337402,4.518118858337402,0
4610,2021-10-08,4.519999980926514,4.532976150512695,4.519999980926514,4.530834197998047,0
4611,2021-10-11,4.529920101165772,4.53262996673584,4.527767181396484,4.527767181396484,0
4612,2021-10-12,4.53262996673584,4.539027214050293,4.53000020980835,4.539027214050293,0
4613,2021-10-13,4.539999961853027,4.536871910095215,4.536550045013428,4.536550045013428,0
4614,2021-10-14,4.53000020980835,4.537911891937256,4.521988868713379,4.521988868713379,0
4615,2021-10-15,4.519999980926514,4.545388221740723,4.519999980926514,4.545388221740723,0
4616,2021-10-18,4.53000020980835,4.5406670570373535,4.529623985290527,4.5406670570373535,0
4617,2021-10-19,4.519999980926514,4.534444808959961,4.51625919342041,4.51625919342041,0
4618,2021-10-20,4.53000020980835,4.544228076934815,4.53000020980835,4.544228076934815,0
4619,2021-10-21,4.519999980926514,4.525275230407715,4.510000228881836,4.525275230407715,0
4620,2021-10-22,4.510000228881836,4.526619911193848,4.510000228881836,4.526619911193848,0
4621,2021-10-25,4.517510890960693,4.519999980926514,4.51649808883667,4.517279148101807,0
4622,2021-10-26,4.510000228881836,4.524281978607178,4.510000228881836,4.524281978607178,0
4623,2021-10-27,4.519999980926514,4.524427890777588,4.519999980926514,4.524427890777588,0
4624,2021-10-28,4.53000020980835,4.53000020980835,4.519999980926514,4.524707794189453,0
4625,2021-10-29,4.519999980926514,4.526176929473877,4.4944047927856445,4.4944047927856445,0
4626,2021-11-01,4.519999980926514,4.563230037689209,4.532759189605713,4.563230037689209,0
4627,2021-11-02,4.539999961853027,4.539999961853027,4.523516178131104,4.523516178131104,0
4628,2021-11-03,4.53000020980835,4.5432329177856445,4.527987957000732,4.5432329177856445,0
4629,2021-11-04,4.53000020980835,4.530990123748779,4.521920204162598,4.521920204162598,0
4630,2021-11-05,4.519999980926514,4.5327348709106445,4.519999980926514,4.5327348709106445,0
4631,2021-11-08,4.53000020980835,4.539999961853027,4.522923946380615,4.522923946380615,0
4632,2021-11-09,4.539999961853027,4.539999961853027,4.53000020980835,4.532477855682373,0
4633,2021-11-10,4.53000020980835,4.531725883483887,4.526331901550293,4.531725883483887,0
4634,2021-11-11,4.53000020980835,4.554030895233154,4.529414176940918,4.554030895233154,0
4635,2021-11-12,4.529414176940918,4.543114185333252,4.519999980926514,4.543114185333252,0
4636,2021-11-15,4.539999961853027,4.559999942779541,4.526761054992676,4.526761054992676,0
4637,2021-11-16,4.559999942779541,4.559999942779541,4.55329704284668,4.55329704284668,0
4638,2021-11-17,4.570000171661377,4.570764064788818,4.560635089874268,4.560635089874268,0
4639,2021-11-18,4.559999942779541,4.572951793670654,4.559999942779541,4.561802864074707,0
4640,2021-11-19,4.570000171661377,4.568904876708984,4.564423084259033,4.568904876708984,0
4641,2021-11-22,4.564423084259033,4.579999923706055,4.570000171661377,4.5737152099609375,0
4642,2021-11-23,4.579999923706055,4.58820915222168,4.573196887969971,4.58820915222168,0
4643,2021-11-24,4.590000152587891,4.590000152587891,4.575963973999023,4.575963973999023,0
4644,2021-11-25,4.590000152587891,4.588609218597412,4.581982135772705,4.588609218597412,0
4645,2021-11-26,4.581982135772705,4.590000152587891,4.5837178230285645,4.5837178230285645,0
4646,2021-11-29,4.579999923706055,4.588923931121826,4.570000171661377,4.586406230926514,0
4647,2021-11-30,4.570000171661377,4.587968826293945,4.570000171661377,4.587968826293945,0
4648,2021-12-01,4.579999923706055,4.585103988647461,4.568212032318115,4.585103988647461,0
4649,2021-12-02,4.579999923706055,4.579999923706055,4.567062854766846,4.567062854766846,0
4650,2021-12-03,4.579999923706055,4.583821773529053,4.5675859451293945,4.583821773529053,0
4651,2021-12-06,4.565709114074707,4.579999923706055,4.569653034210205,4.573935031890869,0
4652,2021-12-07,4.579999923706055,4.579999923706055,4.570000171661377,4.574756145477295,0
4653,2021-12-08,4.570000171661377,4.576682090759277,4.56594181060791,4.56594181060791,0
4654,2021-12-09,4.579999923706055,4.5763139724731445,4.550274848937988,4.550274848937988,0
4655,2021-12-10,4.582127094268799,4.570000171661377,4.567130088806152,4.567130088806152,0
4656,2021-12-13,4.549713134765625,4.571197986602783,4.553737163543701,4.553737163543701,0
4657,2021-12-14,4.579999923706055,4.579999923706055,4.568179130554199,4.568179130554199,0
4658,2021-12-15,4.590000152587891,4.595265865325928,4.576533794403076,4.595265865325928,0
4659,2021-12-16,4.579999923706055,4.574329853057861,4.5697832107543945,4.5697832107543945,0
4660,2021-12-17,4.590000152587891,4.577315807342529,4.56834888458252,4.56834888458252,0
4661,2021-12-20,4.6088972091674805,4.609716892242432,4.582106113433838,4.609716892242432,0
4662,2021-12-21,4.579999923706055,4.580696105957031,4.577901840209961,4.577901840209961,0
4663,2021-12-22,4.590000152587891,4.590000152587891,4.577969074249268,4.580615043640137,0
4664,2021-12-23,4.579999923706055,4.581294059753418,4.561622142791748,4.561622142791748,0
4665,2021-12-24,4.570000171661377,4.570000171661377,4.568644046783447,4.568644046783447,0
4666,2021-12-27,4.579999923706055,4.579999923706055,4.57253885269165,4.57253885269165,0
4667,2021-12-28,4.590000152587891,4.579999923706055,4.567884922027588,4.567884922027588,0
4668,2021-12-29,4.590000152587891,4.590000152587891,4.571086883544922,4.583920955657959,0
4669,2021-12-30,4.579999923706055,4.590000152587891,4.551283836364746,4.551283836364746,0
4670,2021-12-31,4.579999923706055,4.579999923706055,4.570491790771484,4.574863910675049,0
4671,2022-01-03,4.579999923706055,4.571378231048584,4.553634166717529,4.553634166717529,0
4672,2022-01-04,4.570000171661377,4.589288234710693,4.559999942779541,4.589288234710693,0
4673,2022-01-05,4.559999942779541,4.5766801834106445,4.559999942779541,4.561899185180664,0
4674,2022-01-06,4.570000171661377,4.577125072479248,4.570000171661377,4.577125072479248,0
4675,2022-01-07,4.559999942779541,4.578738212585449,4.559999942779541,4.578738212585449,0
4676,2022-01-10,4.550360202789307,4.590000152587891,4.554288864135742,4.554288864135742,0
4677,2022-01-11,4.590000152587891,4.590000152587891,4.558855056762695,4.558855056762695,0
4678,2022-01-12,4.559999942779541,4.563298225402832,4.550000190734863,4.555477142333984,0
4679,2022-01-13,4.550000190734863,4.56046199798584,4.533438205718994,4.533438205718994,0
4680,2022-01-14,4.550000190734863,4.559999942779541,4.544661045074463,4.550000190734863,0
4681,2022-01-17,4.559999942779541,4.5644850730896,4.548274040222168,4.5644850730896,0
4682,2022-01-18,4.548274040222168,4.559999942779541,4.546620845794678,4.546620845794678,0
4683,2022-01-19,4.559999942779541,4.574003219604492,4.550000190734863,4.574003219604492,0
4684,2022-01-20,4.559999942779541,4.560769081115723,4.543406009674072,4.543406009674072,0
4685,2022-01-21,4.550000190734863,4.569130897521973,4.550000190734863,4.569130897521973,0
4686,2022-01-24,4.559999942779541,4.559999942779541,4.554511070251465,4.554511070251465,0
4687,2022-01-25,4.559999942779541,4.560821056365967,4.55263614654541,4.55263614654541,0
4688,2022-01-26,4.570000171661377,4.570000171661377,4.547689914703369,4.547689914703369,0
4689,2022-01-27,4.559999942779541,4.582417011260986,4.559999942779541,4.582417011260986,0
4690,2022-01-28,4.550000190734863,4.577426910400391,4.550000190734863,4.567192077636719,0
4691,2022-01-31,4.573608875274658,4.593432903289795,4.559999942779541,4.570289134979248,0
4692,2022-02-01,4.590000152587891,4.591921806335449,4.565302848815918,4.565302848815918,0
4693,2022-02-02,4.579999923706055,4.58958101272583,4.579995155334473,4.58958101272583,0
4694,2022-02-03,4.570000171661377,4.586501121520996,4.568029880523682,4.586501121520996,0
4695,2022-02-04,4.570000171661377,4.570048809051514,4.503929138183594,4.503929138183594,0
4696,2022-02-07,4.570000171661377,4.583449840545654,4.550000190734863,4.583449840545654,0
4697,2022-02-08,4.550000190734863,4.554931163787842,4.554027080535889,4.554931163787842,0
4698,2022-02-09,4.554027080535889,4.559999942779541,4.555482864379883,4.555482864379883,0
4699,2022-02-10,4.570000171661377,4.570000171661377,4.555605888366699,4.562098026275635,0
4700,2022-02-11,4.570000171661377,4.570000171661377,4.556733131408691,4.567431926727295,0
4701,2022-02-14,4.574378967285156,4.572566032409668,4.559999942779541,4.572566032409668,0
4702,2022-02-15,4.559999942779541,4.563689231872559,4.559999942779541,4.563145160675049,0
4703,2022-02-16,4.559999942779541,4.569207191467285,4.559999942779541,4.561779022216797,0
4704,2022-02-17,4.559999942779541,4.569407939910889,4.558931827545166,4.569407939910889,0
4705,2022-02-18,4.550000190734863,4.561708927154541,4.550000190734863,4.560797214508057,0
4706,2022-02-21,4.559999942779541,4.565104007720947,4.562039852142334,4.565104007720947,0
4707,2022-02-22,4.562039852142334,4.580121040344238,4.554879188537598,4.580121040344238,0
4708,2022-02-23,4.570000171661377,4.563953876495361,4.559519767761231,4.559519767761231,0
4709,2022-02-24,4.570000171661377,4.583514213562012,4.559999942779541,4.583514213562012,0
4710,2022-02-25,4.550000190734863,4.561032772064209,4.549455165863037,4.549455165863037,0
4711,2022-02-28,4.537716865539551,4.577098846435547,4.559999942779541,4.577098846435547,0
4712,2022-03-01,4.590000152587891,4.587110996246338,4.587110996246338,4.587110996246338,0
4713,2022-03-02,4.587110996246338,4.599999904632568,4.570000171661377,4.579919815063477,0
4714,2022-03-03,4.599999904632568,4.599999904632568,4.592419147491455,4.592419147491455,0
4715,2022-03-04,4.603831768035889,4.621874809265137,4.590000152587891,4.621874809265137,0
4716,2022-03-07,4.618560791015625,4.652979850769043,4.587434768676758,4.652979850769043,0
4717,2022-03-08,4.639999866485596,4.639999866485596,4.588827133178711,4.588827133178711,0
4718,2022-03-09,4.650000095367432,4.650000095367432,4.617090225219727,4.617090225219727,0
4719,2022-03-10,4.630000114440918,4.630000114440918,4.601226806640625,4.601226806640625,0
4720,2022-03-11,4.599999904632568,4.649506092071533,4.599999904632568,4.649506092071533,0
4721,2022-03-14,4.610000133514404,4.648155212402344,4.599999904632568,4.648155212402344,0
4722,2022-03-15,4.590000152587891,4.636449813842773,4.590000152587891,4.603305816650391,0
4723,2022-03-16,4.639999866485596,4.647252082824707,4.639976978302002,4.647252082824707,0
4724,2022-03-17,4.630000114440918,4.630000114440918,4.622351169586182,4.622351169586182,0
4725,2022-03-18,4.630000114440918,4.630000114440918,4.608758926391602,4.608758926391602,0
4726,2022-03-21,4.619999885559082,4.623243808746338,4.61485481262207,4.61485481262207,0
4727,2022-03-22,4.630000114440918,4.637643814086914,4.6113481521606445,4.637643814086914,0
4728,2022-03-23,4.639999866485596,4.639999866485596,4.614421844482422,4.614421844482422,0
4729,2022-03-24,4.630000114440918,4.631118774414063,4.624823093414307,4.624823093414307,0
4730,2022-03-25,4.630000114440918,4.641887187957764,4.630000114440918,4.641887187957764,0
4731,2022-03-28,4.65325403213501,4.659361839294434,4.637944221496582,4.659361839294434,0
4732,2022-03-29,4.650000095367432,4.650000095367432,4.645193099975586,4.6462907791137695,0
4733,2022-03-30,4.639999866485596,4.6452717781066895,4.626316070556641,4.626316070556641,0
4734,2022-03-31,4.639999866485596,4.640374183654785,4.626895904541016,4.626895904541016,0
4735,2022-04-01,4.619999885559082,4.655426025390625,4.618813991546631,4.655426025390625,0
4736,2022-04-04,4.623977184295654,4.623266220092773,4.610000133514404,4.623266220092773,0
4737,2022-04-05,4.639999866485596,4.634490013122559,4.619999885559082,4.625357151031494,0
4738,2022-04-06,4.650000095367432,4.666881084442139,4.644163131713867,4.666881084442139,0
4739,2022-04-07,4.670000076293945,4.670000076293945,4.644865036010742,4.644865036010742,0
4740,2022-04-08,4.670000076293945,4.67608118057251,4.650000095367432,4.67608118057251,0
4741,2022-04-11,4.650000095367432,4.668595790863037,4.650000095367432,4.652238845825195,0
4742,2022-04-12,4.670000076293945,4.681089878082275,4.650000095367432,4.681089878082275,0
4743,2022-04-13,4.670000076293945,4.690306186676025,4.668033123016357,4.690306186676025,0
4744,2022-04-14,4.659999847412109,4.676325798034668,4.645305156707764,4.645305156707764,0
4745,2022-04-15,4.670000076293945,4.717206001281738,4.659999847412109,4.717206001281738,0
4746,2022-04-18,4.659999847412109,4.7212018966674805,4.659999847412109,4.7212018966674805,0
4747,2022-04-19,4.690000057220459,4.73090410232544,4.659986972808838,4.73090410232544,0
4748,2022-04-20,4.699999809265137,4.699999809265137,4.657116889953613,4.657116889953613,0
4749,2022-04-21,4.699999809265137,4.699999809265137,4.690000057220459,4.697653770446777,0
4750,2022-04-22,4.713818073272705,4.713360786437988,4.679902076721191,4.713360786437988,0
4751,2022-04-25,4.6954121589660645,4.688348770141602,4.679999828338623,4.688348770141602,0
4752,2022-04-26,4.71999979019165,4.721928119659424,4.679522037506104,4.679522037506104,0
4753,2022-04-27,4.679999828338623,4.739386081695557,4.71999979019165,4.739386081695557,0
4754,2022-04-28,4.71999979019165,4.769999980926514,4.732068061828613,4.750257015228272,0
4755,2022-04-29,4.769999980926514,4.769999980926514,4.728129863739014,4.728129863739014,0
4756,2022-05-02,4.760000228881836,4.778458118438721,4.760000228881836,4.778458118438721,0
4757,2022-05-03,4.769999980926514,4.763899803161621,4.739749908447266,4.762792110443115,0
4758,2022-05-04,4.769999980926514,4.769999980926514,4.752449035644531,4.752449035644531,0
4759,2022-05-05,4.760000228881836,4.769045829772949,4.724277019500732,4.724277019500732,0
4760,2022-05-06,4.75,4.787414073944092,4.75,4.787414073944092,0
4761,2022-05-09,4.769999980926514,4.793645858764648,4.769999980926514,4.793645858764648,0
4762,2022-05-10,4.78000020980835,4.78000020980835,4.763054847717285,4.763054847717285,0
4763,2022-05-11,4.769999980926514,4.792460918426514,4.766195774078369,4.792460918426514,0
4764,2022-05-12,4.78000020980835,4.78000020980835,4.7725138664245605,4.778966903686523,0
4765,2022-05-13,4.789999961853027,4.800239086151123,4.781061172485352,4.800239086151123,0
4766,2022-05-16,4.78000020980835,4.798765182495117,4.769682884216309,4.7743330001831055,0
4767,2022-05-17,4.800000190734863,4.794197082519531,4.619999885559082,4.794197082519531,0
4768,2022-05-18,4.800000190734863,4.800000190734863,4.799331188201904,4.799331188201904,0
4769,2022-05-19,4.769999980926514,4.773413181304932,4.769999980926514,4.773413181304932,0
4770,2022-05-20,4.78000020980835,4.785138130187988,4.78000020980835,4.785138130187988,0
4771,2022-05-23,4.789999961853027,4.789999961853027,4.781054973602295,4.784029960632324,0
4772,2022-05-24,4.789999961853027,4.783339977264404,4.751471996307373,4.783339977264404,0
4773,2022-05-25,4.739999771118164,4.742630958557129,4.739999771118164,4.742630958557129,0
4774,2022-05-26,4.739999771118164,4.739999771118164,4.722576141357422,4.722576141357422,0
4775,2022-05-27,4.75,4.75,4.741559028625488,4.741559028625488,0
4776,2022-05-30,4.760000228881836,4.730776786804199,4.727721214294434,4.730776786804199,0
4777,2022-05-31,4.727721214294434,4.760000228881836,4.742702960968018,4.742702960968018,0
4778,2022-06-01,4.739999771118164,4.739999771118164,4.727086067199707,4.729586124420166,0
4779,2022-06-02,4.75,4.754898071289063,4.73970890045166,4.754898071289063,0
4780,2022-06-03,4.75,4.750551223754883,4.710480213165283,4.710480213165283,0
4781,2022-06-06,4.75806188583374,4.759504795074463,4.742821216583252,4.759504795074463,0
4782,2022-06-07,4.739999771118164,4.761998176574707,4.739999771118164,4.761998176574707,0
4783,2022-06-08,4.730000019073486,4.754137992858887,4.732294082641602,4.732294082641602,0
4784,2022-06-09,4.754137992858887,4.759198188781738,4.730000019073486,4.759198188781738,0
4785,2022-06-10,4.75,4.791377067565918,4.75,4.791377067565918,0
4786,2022-06-13,4.785700798034668,4.800419807434082,4.752880096435547,4.800419807434082,0
4787,2022-06-14,4.800000190734863,4.795244216918945,4.771737098693848,4.771737098693848,0
4788,2022-06-15,4.795244216918945,4.802536964416504,4.796782970428467,4.796782970428467,0
4789,2022-06-16,4.802536964416504,4.817352771759033,4.803873062133789,4.817352771759033,0
4790,2022-06-17,4.803873062133789,4.802261829376221,4.739436149597168,4.739436149597168,0
4791,2022-06-20,4.813125133514404,4.814914226531982,4.797579765319824,4.814914226531982,0
4792,2022-06-21,4.797579765319824,4.809999942779541,4.7869181632995605,4.795438766479492,0
4793,2022-06-22,4.800000190734863,4.804676055908203,4.789012908935547,4.804676055908203,0
4794,2022-06-23,4.809999942779541,4.809999942779541,4.7651238441467285,4.7651238441467285,0
4795,2022-06-24,4.789999961853027,4.79144287109375,4.788550853729248,4.79144287109375,0
4796,2022-06-27,4.789999961853027,4.789999961853027,4.777687072753906,4.777687072753906,0
4797,2022-06-28,4.78000020980835,4.787897109985352,4.784379959106445,4.787897109985352,0
4798,2022-06-29,4.784379959106445,4.810213088989258,4.776905059814453,4.810213088989258,0
4799,2022-06-30,4.776905059814453,4.815790176391602,4.79642391204834,4.815790176391602,0
4800,2022-07-01,4.79642391204834,4.801638126373291,4.764887809753418,4.764887809753418,0
4801,2022-07-04,4.801638126373291,4.810288906097412,4.807668209075928,4.810288906097412,0
4802,2022-07-05,4.807668209075928,4.816492080688477,4.805851936340332,4.816492080688477,0
4803,2022-07-06,4.805851936340332,4.8211350440979,4.808162212371826,4.8211350440979,0
4804,2022-07-07,4.808162212371826,4.836061954498291,4.810781002044678,4.810781002044678,0
4805,2022-07-08,4.836061954498291,4.841309070587158,4.825634956359863,4.838245868682861,0
4806,2022-07-11,4.821796894073486,4.852503776550293,4.836112976074219,4.836112976074219,0
4807,2022-07-12,4.852503776550293,4.879036903381348,4.840476036071777,4.879036903381348,0
4808,2022-07-13,4.840476036071777,4.8433709144592285,4.83859395980835,4.83859395980835,0
4809,2022-07-14,4.8433709144592285,4.862338066101074,4.843934059143066,4.862338066101074,0
4810,2022-07-15,4.843934059143066,4.845405101776123,4.841323852539063,4.841323852539063,0
4811,2022-07-18,4.835930824279785,4.842572212219238,4.828023910522461,4.828023910522461,0
4812,2022-07-19,4.842572212219238,4.874358177185059,4.855693817138672,4.855693817138672,0
4813,2022-07-20,4.874358177185059,4.882516860961914,4.854873180389404,4.882516860961914,0
4814,2022-07-21,4.854873180389404,4.865190982818604,4.847393989562988,4.865190982818604,0
4815,2022-07-22,4.847393989562988,4.855473041534424,4.841812133789063,4.841812133789063,0
4816,2022-07-25,4.831326007843018,4.846485137939453,4.845270156860352,4.846485137939453,0
4817,2022-07-26,4.845270156860352,4.850722789764404,4.849225044250488,4.849225044250488,0
4818,2022-07-27,4.850722789764404,4.869999885559082,4.840038776397705,4.856247901916504,0
4819,2022-07-28,4.869999885559082,4.8603057861328125,4.78000020980835,4.828969955444336,0
4820,2022-07-29,4.849999904632568,4.849999904632568,4.78000020980835,4.828090190887451,0
4821,2022-08-01,4.849999904632568,4.8471269607543945,4.8339691162109375,4.8471269607543945,0
4822,2022-08-02,4.840000152587891,4.840000152587891,4.817094802856445,4.817094802856445,0
4823,2022-08-03,4.820000171661377,4.864986896514893,4.81859302520752,4.864986896514893,0
4824,2022-08-04,4.840000152587891,4.846492767333984,4.832433223724365,4.832433223724365,0
4825,2022-08-05,4.849999904632568,4.849999904632568,4.821034908294678,4.821034908294678,0
4826,2022-08-08,4.871115207672119,4.879332065582275,4.844196796417236,4.879332065582275,0
4827,2022-08-09,4.860000133514404,4.860000133514404,4.847714900970459,4.847714900970459,0
4828,2022-08-10,4.849999904632568,4.856466770172119,4.846388816833496,4.856466770172119,0
4829,2022-08-11,4.840000152587891,4.842927932739258,4.818008899688721,4.818008899688721,0
4830,2022-08-12,4.849999904632568,4.854996204376221,4.819060802459717,4.854996204376221,0
4831,2022-08-15,4.840000152587891,4.840000152587891,4.829258918762207,4.83175802230835,0
4832,2022-08-16,4.849999904632568,4.853038787841797,4.832277774810791,4.853038787841797,0
4833,2022-08-17,4.840000152587891,4.852811813354492,4.815670967102051,4.815670967102051,0
4834,2022-08-18,4.852811813354492,4.849999904632568,4.8428568840026855,4.8428568840026855,0
4835,2022-08-19,4.860000133514404,4.89305591583252,4.855370998382568,4.89305591583252,0
4836,2022-08-22,4.861802101135254,4.900000095367432,4.849999904632568,4.869779109954834,0
4837,2022-08-23,4.900000095367432,4.900000095367432,4.8869829177856445,4.88726806640625,0
4838,2022-08-24,4.925000190734863,4.925000190734863,4.871861934661865,4.871861934661865,0
4839,2022-08-25,4.900000095367432,4.909999847412109,4.880270004272461,4.880270004272461,0
4840,2022-08-26,4.900000095367432,4.908102989196777,4.892210960388184,4.908102989196777,0
4841,2022-08-29,4.913050174713135,4.930788040161133,4.889999866485596,4.930788040161133,0
4842,2022-08-30,4.929999828338623,4.929999828338623,4.89410400390625,4.89410400390625,0
4843,2022-08-31,4.920000076293945,4.920000076293945,4.901175022125244,4.9197998046875,0
4844,2022-09-01,4.900000095367432,4.920000076293945,4.883255958557129,4.883255958557129,0
4845,2022-09-02,4.900000095367432,4.932031154632568,4.900000095367432,4.932031154632568,0
4846,2022-09-05,4.909999847412109,4.941286087036133,4.909999847412109,4.941286087036133,0
4847,2022-09-06,4.909999847412109,4.909999847412109,4.896749019622803,4.904319763183594,0
4848,2022-09-07,4.929999828338623,4.929999828338623,4.570000171661377,4.917569160461426,0
4849,2022-09-08,4.920000076293945,4.943896770477295,4.880549907684326,4.880549907684326,0
4850,2022-09-09,4.920000076293945,4.930793762207031,4.920000076293945,4.927704811096191,0
4851,2022-09-12,4.88785982131958,4.940000057220459,4.914601802825928,4.926804065704346,0
4852,2022-09-13,4.909999847412109,4.914432048797607,4.90526008605957,4.914432048797607,0
4853,2022-09-14,4.909999847412109,5.005034923553467,4.893534183502197,5.005034923553467,0
4854,2022-09-15,4.893534183502197,4.929999828338623,4.90945291519165,4.90945291519165,0
4855,2022-09-16,4.940000057220459,4.940000057220459,4.918872833251953,4.918872833251953,0
4856,2022-09-19,4.86585807800293,4.949999809265137,4.868142127990723,4.868142127990723,0
4857,2022-09-20,4.940000057220459,4.940000057220459,4.909335136413574,4.909335136413574,0
4858,2022-09-21,4.940000057220459,4.958896160125732,4.78000020980835,4.958896160125732,0
4859,2022-09-22,4.949999809265137,4.980670928955078,4.951496124267578,4.980670928955078,0
4860,2022-09-23,4.951496124267578,4.973329067230225,4.940000057220459,4.964700222015381,0
4861,2022-09-26,5.008410930633545,5.070289134979248,4.972270011901856,5.070289134979248,0
4862,2022-09-27,4.989999771118164,5.03000020980835,4.978048801422119,4.978048801422119,0
4863,2022-09-28,5.03000020980835,5.053073883056641,5.025114059448242,5.053073883056641,0
4864,2022-09-29,5.059999942779541,5.059999942779541,4.955602169036865,4.955602169036865,0
4865,2022-09-30,5.039999961853027,5.039999961853027,4.984886169433594,4.984886169433594,0
4866,2022-10-03,5.03000020980835,5.001224040985107,4.981444835662842,5.001224040985107,0
4867,2022-10-04,5.03000020980835,5.03000020980835,4.95875883102417,4.95875883102417,0
4868,2022-10-05,5.03000020980835,4.96999979019165,4.935368061065674,4.96999979019165,0
4869,2022-10-06,4.987557888031006,4.97216796875,4.950939178466797,4.97216796875,0
4870,2022-10-07,4.96999979019165,4.9925971031188965,4.956875801086426,4.9925971031188965,0
4871,2022-10-10,4.9884772300720215,5.010000228881836,4.958689212799072,4.990321159362793,0
4872,2022-10-11,5.010000228881836,4.9940338134765625,4.9458842277526855,4.9458842277526855,0
4873,2022-10-12,5.0,5.01121997833252,5.0,5.00255012512207,0
4874,2022-10-13,5.010000228881836,5.011477947235107,5.00521993637085,5.011477947235107,0
4875,2022-10-14,5.03000020980835,5.012357234954834,4.981700897216797,4.981700897216797,0
4876,2022-10-17,5.03000020980835,5.011490821838379,5.00531005859375,5.00531005859375,0
4877,2022-10-18,5.019999980926514,5.019999980926514,4.964076042175293,4.964076042175293,0
4878,2022-10-19,5.019999980926514,5.0,4.980834007263184,4.980834007263184,0
4879,2022-10-20,5.0,5.0,4.985940933227539,4.9913201332092285,0
4880,2022-10-21,5.010000228881836,5.010000228881836,5.000178813934326,5.008571147918701,0
4881,2022-10-24,4.945034027099609,5.00167989730835,4.953145980834961,4.953145980834961,0
4882,2022-10-25,4.989999771118164,4.989999771118164,4.965155124664307,4.965155124664307,0
4883,2022-10-26,4.989999771118164,4.989999771118164,4.943278789520264,4.943278789520264,0
4884,2022-10-27,4.980000019073486,4.964972972869873,4.962617874145508,4.962617874145508,0
4885,2022-10-28,4.949999809265137,4.998595237731934,4.941450119018555,4.998595237731934,0
4886,2022-10-31,4.949999809265137,4.962744235992432,4.937500953674316,4.937500953674316,0
4887,2022-11-01,4.96999979019165,4.980698108673096,4.96548318862915,4.980698108673096,0
4888,2022-11-02,5.010000228881836,4.990088939666748,4.966093063354492,4.990088939666748,0
4889,2022-11-03,4.989999771118164,5.0014238357543945,4.9669718742370605,5.0014238357543945,0
4890,2022-11-04,5.0,5.0,4.963257789611816,4.963257789611816,0
4891,2022-11-07,4.934578895568848,4.993587970733643,4.92536211013794,4.92536211013794,0
4892,2022-11-08,4.989999771118164,4.9768829345703125,4.96799898147583,4.9768829345703125,0
4893,2022-11-09,4.960000038146973,4.992938995361328,4.9356207847595215,4.9356207847595215,0
4894,2022-11-10,4.949999809265137,5.008728981018066,4.942051887512207,5.008728981018066,0
4895,2022-11-11,4.940000057220459,4.954486846923828,4.834961891174316,4.834961891174316,0
4896,2022-11-14,4.916847229003906,4.956902027130127,4.939276218414307,4.939276218414307,0
4897,2022-11-15,4.869999885559082,4.938261985778809,4.87607479095459,4.938261985778809,0
4898,2022-11-16,4.880000114440918,4.9057297706604,4.870508193969727,4.9057297706604,0
4899,2022-11-17,4.869999885559082,4.889069080352783,4.860377788543701,4.889069080352783,0
4900,2022-11-18,4.880000114440918,4.880000114440918,4.850886821746826,4.850886821746826,0
4901,2022-11-21,4.880000114440918,4.889011859893799,4.876338958740234,4.889011859893799,0
4902,2022-11-22,4.900000095367432,4.887822151184082,4.861512184143066,4.861512184143066,0
4903,2022-11-23,4.889999866485596,4.892957210540772,4.866393089294434,4.866393089294434,0
4904,2022-11-24,4.880000114440918,4.8806681632995605,4.843760013580322,4.843760013580322,0
4905,2022-11-25,4.8806681632995605,4.876964092254639,4.848618984222412,4.876964092254639,0
4906,2022-11-28,4.880000114440918,4.8705010414123535,4.859807968139648,4.8705010414123535,0
4907,2022-11-29,4.869999885559082,4.9084978103637695,4.860000133514404,4.9084978103637695,0
4908,2022-11-30,4.860000133514404,4.881032943725586,4.8593430519104,4.881032943725586,0
4909,2022-12-01,4.880000114440918,4.880000114440918,4.829444885253906,4.829444885253906,0
4910,2022-12-02,4.840000152587891,4.840000152587891,4.830758094787598,4.830758094787598,0
4911,2022-12-05,4.829999923706055,4.823318004608154,4.812112808227539,4.823318004608154,0
4912,2022-12-06,4.812112808227539,4.838277816772461,4.799493789672852,4.838277816772461,0
4913,2022-12-07,4.829999923706055,4.8244309425354,4.819820880889893,4.819820880889893,0
4914,2022-12-08,4.840000152587891,4.832249164581299,4.819675922393799,4.819675922393799,0
4915,2022-12-09,4.829999923706055,4.81852388381958,4.800526142120361,4.800526142120361,0
4916,2022-12-12,4.822453022003174,4.838510036468506,4.809473991394043,4.838510036468506,0
4917,2022-12-13,4.809473991394043,4.829999923706055,4.8180108070373535,4.820919990539551,0
4918,2022-12-14,4.820000171661377,4.814542770385742,4.774110794067383,4.774110794067383,0
4919,2022-12-15,4.800000190734863,4.8214030265808105,4.800000190734863,4.806981086730957,0
4920,2022-12-16,4.789999961853027,4.810507774353027,4.789999961853027,4.810507774353027,0
4921,2022-12-19,4.808056831359863,4.809999942779541,4.789999961853027,4.804430961608887,0
4922,2022-12-20,4.809999942779541,4.809999942779541,4.805820941925049,4.808342933654785,0
4923,2022-12-21,4.800000190734863,4.813106060028076,4.798786163330078,4.813106060028076,0
4924,2022-12-22,4.804999828338623,4.792507171630859,4.788943767547607,4.788943767547607,0
4925,2022-12-23,4.792507171630859,4.804999828338623,4.789148807525635,4.799581050872803,0
4926,2022-12-26,4.800000190734863,4.800000190734863,4.7877960205078125,4.7877960205078125,0
4927,2022-12-27,4.800000190734863,4.802614212036133,4.773120880126953,4.773120880126953,0
4928,2022-12-28,4.789999961853027,4.806675910949707,4.794895172119141,4.806675910949707,0
4929,2022-12-29,4.800000190734863,4.80035400390625,4.797203063964844,4.80035400390625,0
4930,2022-12-30,4.809999942779541,4.800786972045898,4.787617206573486,4.787617206573486,0
4931,2023-01-02,4.800000190734863,4.800277233123779,4.7892351150512695,4.7892351150512695,0
4932,2023-01-03,4.800277233123779,4.811130046844482,4.777129173278809,4.811130046844482,0
4933,2023-01-04,4.78000020980835,4.78000020980835,4.759273052215576,4.759273052215576,0
4934,2023-01-05,4.78000020980835,4.798239231109619,4.770810127258301,4.770810127258301,0
4935,2023-01-06,4.78000020980835,4.834685802459717,4.794732093811035,4.834685802459717,0
4936,2023-01-09,4.789999961853027,4.789999961853027,4.713167190551758,4.713167190551758,0
4937,2023-01-10,4.800000190734863,4.772037029266357,4.757970809936523,4.757970809936523,0
4938,2023-01-11,4.760000228881836,4.771459102630615,4.760000228881836,4.771459102630615,0
4939,2023-01-12,4.769999980926514,4.769999980926514,4.7533111572265625,4.7533111572265625,0
4940,2023-01-13,4.760000228881836,4.760000228881836,4.718865871429443,4.718865871429443,0
4941,2023-01-16,4.7413010597229,4.732510089874268,4.730755805969238,4.732510089874268,0
4942,2023-01-17,4.730755805969238,4.760000228881836,4.732639789581299,4.7345380783081055,0
4943,2023-01-18,4.75,4.744213104248047,4.736730098724365,4.744213104248047,0
4944,2023-01-19,4.75,4.751461029052734,4.748753070831299,4.751461029052734,0
4945,2023-01-20,4.75,4.742551803588867,4.737314224243164,4.742551803588867,0
4946,2023-01-23,4.737314224243164,4.75,4.70759391784668,4.70759391784668,0
4947,2023-01-24,4.730000019073486,4.738019943237305,4.730632781982422,4.738019943237305,0
4948,2023-01-25,4.730632781982422,4.732413768768311,4.718821048736572,4.718821048736572,0
4949,2023-01-26,4.730000019073486,4.739999771118164,4.708316802978516,4.708316802978516,0
4950,2023-01-27,4.739999771118164,4.736413955688477,4.72559118270874,4.736413955688477,0
4951,2023-01-30,4.726720809936523,4.727199077606201,4.723211765289307,4.727199077606201,0
4952,2023-01-31,4.723211765289307,4.741199970245361,4.728594779968262,4.741199970245361,0
4953,2023-02-01,4.728594779968262,4.735570907592773,4.719470977783203,4.719470977783203,0
4954,2023-02-02,4.739999771118164,4.731287002563477,4.684270858764648,4.684270858764648,0
4955,2023-02-03,4.710000038146973,4.777365207672119,4.70358419418335,4.777365207672119,0
4956,2023-02-06,4.74756383895874,4.766624927520752,4.70172119140625,4.766624927520752,0
4957,2023-02-07,4.769999980926514,4.7557759284973145,4.714415073394775,4.714415073394775,0
4958,2023-02-08,4.789999961853027,4.76345682144165,4.747396945953369,4.747396945953369,0
4959,2023-02-09,4.769999980926514,4.7699408531188965,4.757758140563965,4.7699408531188965,0
4960,2023-02-10,4.757758140563965,4.774846076965332,4.761045932769775,4.774846076965332,0
4961,2023-02-13,4.758887767791748,4.774681091308594,4.761236190795898,4.774681091308594,0
4962,2023-02-14,4.761236190795898,4.776769161224365,4.737139225006104,4.737139225006104,0
4963,2023-02-15,4.78000020980835,4.784907817840576,4.763358116149902,4.784907817840576,0
4964,2023-02-16,4.775883197784424,4.772130966186523,4.768031120300293,4.768031120300293,0
4965,2023-02-17,4.78000020980835,4.795670986175537,4.773613929748535,4.795670986175537,0
4966,2023-02-20,4.745203018188477,4.773285865783691,4.749759197235107,4.749759197235107,0
4967,2023-02-21,4.773285865783691,4.785799026489258,4.776729106903076,4.776729106903076,0
4968,2023-02-22,4.7861809730529785,4.786117076873779,4.782251834869385,4.782251834869385,0
4969,2023-02-23,4.786117076873779,4.791660785675049,4.788941860198975,4.791660785675049,0
4970,2023-02-24,4.788941860198975,4.795915126800537,4.790975093841553,4.790975093841553,0
4971,2023-02-27,4.791271209716797,4.829999923706055,4.793932914733887,4.80311393737793,0
4972,2023-02-28,4.829999923706055,4.819533824920654,4.783086776733398,4.783086776733398,0
4973,2023-03-01,4.819533824920654,4.831645011901856,4.808396816253662,4.831645011901856,0
4974,2023-03-02,4.820000171661377,4.823336124420166,4.804152965545654,4.816837787628174,0
4975,2023-03-03,4.820000171661377,4.820000171661377,4.801493167877197,4.810651779174805,0
4976,2023-03-06,4.809999942779541,4.809999942779541,4.790410041809082,4.790410041809082,0
4977,2023-03-07,4.809999942779541,4.800000190734863,4.778994083404541,4.778994083404541,0
4978,2023-03-08,4.760000228881836,4.849875926971436,4.760000228881836,4.849875926971436,0
4979,2023-03-09,4.75,4.830176830291748,4.75,4.792986869812012,0
4980,2023-03-10,4.829999923706055,4.829999923706055,4.817502975463867,4.817502975463867,0
4981,2023-03-13,4.799135208129883,4.840000152587891,4.78694486618042,4.78694486618042,0
4982,2023-03-14,4.789999961853027,4.802703857421875,4.777842044830322,4.802703857421875,0
4983,2023-03-15,4.789999961853027,4.789999961853027,4.772769927978516,4.772769927978516,0
4984,2023-03-16,4.78000020980835,4.78000020980835,4.773547172546387,4.773547172546387,0
4985,2023-03-17,4.78000020980835,4.793798923492432,4.77120304107666,4.77120304107666,0
4986,2023-03-20,4.727053165435791,4.794881820678711,4.773413181304932,4.773413181304932,0
4987,2023-03-21,4.794881820678711,4.790608882904053,4.778736114501953,4.790608882904053,0
4988,2023-03-22,4.778736114501953,4.769998073577881,4.769998073577881,4.769998073577881,0
4989,2023-03-23,4.769998073577881,4.760024070739746,4.760024070739746,4.760024070739746,0
4990,2023-03-24,4.760024070739746,4.735095977783203,4.735095977783203,4.735095977783203,0
4991,2023-03-27,4.735095977783203,4.78000020980835,4.728927135467529,4.728927135467529,0
4992,2023-03-28,4.78000020980835,4.78000020980835,4.761398792266846,4.761398792266846,0
4993,2023-03-29,4.756126880645752,4.750417232513428,4.75,4.750417232513428,0
4994,2023-03-30,4.75,4.760000228881836,4.75,4.753849983215332,0
4995,2023-03-31,4.760000228881836,4.760000228881836,4.742669105529785,4.750475883483887,0
4996,2023-04-03,4.75,4.769999980926514,4.75,4.754454135894775,0
4997,2023-04-04,4.769999980926514,4.769999980926514,4.75,4.767144203186035,0
4998,2023-04-05,4.75,4.75,4.739999771118164,4.744709014892578,0
4999,2023-04-06,4.739999771118164,4.725304126739502,4.725304126739502,4.725304126739502,0
5000,2023-04-07,4.725304126739502,4.75,4.738311767578125,4.738311767578125,0
5001,2023-04-10,4.704706192016602,4.75,4.74304723739624,4.74304723739624,0
5002,2023-04-11,4.75,4.760000228881836,4.74358606338501,4.74358606338501,0
5003,2023-04-12,4.760000228881836,4.760000228881836,4.741506099700928,4.741506099700928,0
5004,2023-04-13,4.75,4.75,4.74132776260376,4.74132776260376,0
5005,2023-04-14,4.769999980926514,4.769999980926514,4.400000095367432,4.732170104980469,0
5006,2023-04-17,4.708901882171631,4.764702796936035,4.729458808898926,4.764702796936035,0
5007,2023-04-18,4.730000019073486,4.752272129058838,4.730000019073486,4.752272129058838,0
5008,2023-04-19,4.730000019073486,4.741646766662598,4.730253219604492,4.730253219604492,0
5009,2023-04-20,4.741646766662598,4.7403340339660645,4.730000019073486,4.730525016784668,0
5010,2023-04-21,4.75,4.75,4.733561038970947,4.741219997406006,0
5011,2023-04-24,4.75,4.739999771118164,4.723764896392822,4.723764896392822,0
5012,2023-04-25,4.721958160400391,4.739999771118164,4.718371868133545,4.718371868133545,0
5013,2023-04-26,4.75,4.754205226898193,4.739105224609375,4.754205226898193,0
5014,2023-04-27,4.739105224609375,4.7359938621521,4.735908031463623,4.735908031463623,0
5015,2023-04-28,4.75,4.75,4.735678195953369,4.740585803985596,0
5016,2023-05-01,4.673644065856934,4.726533889770508,4.726533889770508,4.726533889770508,0
5017,2023-05-02,4.730000019073486,4.75,4.729031085968018,4.729031085968018,0
5018,2023-05-03,4.75,4.75,4.710014820098877,4.710014820098877,0
5019,2023-05-04,4.739999771118164,4.739999771118164,4.722908973693848,4.722908973693848,0
5020,2023-05-05,4.75,4.748861789703369,4.7165961265563965,4.748861789703369,0
5021,2023-05-08,4.710000038146973,4.716775894165039,4.710000038146973,4.716510772705078,0
5022,2023-05-09,4.710000038146973,4.74167013168335,4.723298072814941,4.74167013168335,0
5023,2023-05-10,4.71999979019165,4.73358678817749,4.726570129394531,4.726570129394531,0
5024,2023-05-11,4.71999979019165,4.739999771118164,4.713694095611572,4.713694095611572,0
5025,2023-05-12,4.739999771118164,4.739999771118164,4.736506938934326,4.736506938934326,0
5026,2023-05-15,4.718679904937744,4.756134986877441,4.734625816345215,4.756134986877441,0
5027,2023-05-16,4.760000228881836,4.758123874664307,4.7316670417785645,4.7316670417785645,0
5028,2023-05-17,4.760000228881836,4.768847942352295,4.757596969604492,4.768847942352295,0
5029,2023-05-18,4.75,4.763975143432617,4.75,4.75399923324585,0
5030,2023-05-19,4.769999980926514,4.781108856201172,4.769999980926514,4.781108856201172,0
5031,2023-05-22,4.7572407722473145,4.78000020980835,4.7568678855896,4.7568678855896,0
5032,2023-05-23,4.789999961853027,4.774590015411377,4.7720627784729,4.774590015411377,0
5033,2023-05-24,4.789999961853027,4.775983810424805,4.77249813079834,4.775983810424805,0
5034,2023-05-25,4.789999961853027,4.779952049255371,4.779356956481934,4.779356956481934,0
5035,2023-05-26,4.789999961853027,4.800000190734863,4.780285835266113,4.800000190734863,0
5036,2023-05-29,4.804841041564941,4.806880950927734,4.793983936309815,4.806880950927734,0
5037,2023-05-30,4.793983936309815,4.795683860778809,4.794312953948975,4.795683860778809,0
5038,2023-05-31,4.809999942779541,4.793487071990967,4.792757034301758,4.793487071990967,0
5039,2023-06-01,4.800000190734863,4.800686836242676,4.790089130401611,4.790089130401611,0
5040,2023-06-02,4.800686836242676,4.804235935211182,4.778629779815674,4.778629779815674,0
5041,2023-06-05,4.82170295715332,4.836537837982178,4.804062843322754,4.836537837982178,0
5042,2023-06-06,4.794600009918213,4.807319164276123,4.792586803436279,4.792586803436279,0
5043,2023-06-07,4.800000190734863,4.8024001121521,4.79417896270752,4.8024001121521,0
5044,2023-06-08,4.800000190734863,4.829068183898926,4.7989912033081055,4.7989912033081055,0
5045,2023-06-09,4.809999942779541,4.8060688972473145,4.799517154693604,4.8060688972473145,0
5046,2023-06-12,4.800519943237305,4.809545040130615,4.791814804077148,4.809545040130615,0
5047,2023-06-13,4.800000190734863,4.796289920806885,4.793692111968994,4.796289920806885,0
5048,2023-06-14,4.800000190734863,4.795092105865479,4.788323879241943,4.795092105865479,0
5049,2023-06-15,4.789999961853027,4.7927350997924805,4.773987770080566,4.773987770080566,0
5050,2023-06-16,4.789999961853027,4.781597137451172,4.745890140533447,4.745890140533447,0
5051,2023-06-19,4.776800155639648,4.7895097732543945,4.78000020980835,4.7895097732543945,0
5052,2023-06-20,4.769999980926514,4.785933017730713,4.765085220336914,4.785933017730713,0
5053,2023-06-21,4.78000020980835,4.78000020980835,4.768533229827881,4.770824909210205,0
5054,2023-06-22,4.769999980926514,4.772159099578857,4.738546848297119,4.738546848297119,0
5055,2023-06-23,4.760000228881836,4.794114112854004,4.7618608474731445,4.794114112854004,0
5056,2023-06-26,4.732294082641602,4.760965824127197,4.744115829467773,4.745246887207031,0
5057,2023-06-27,4.789999961853027,4.789999961853027,4.762101173400879,4.762101173400879,0
5058,2023-06-28,4.789999961853027,4.783041954040527,4.779595851898193,4.779595851898193,0
5059,2023-06-29,4.78000020980835,4.801305770874023,4.779703140258789,4.801305770874023,0
5060,2023-06-30,4.769999980926514,4.804627895355225,4.761992931365967,4.804627895355225,0
5061,2023-07-03,4.731083869934082,4.775661945343018,4.740740776062012,4.740740776062012,0
5062,2023-07-04,4.789999961853027,4.782672882080078,4.772772789001465,4.772772789001465,0
5063,2023-07-05,4.782672882080078,4.789999961853027,4.779232978820801,4.784540176391602,0
5064,2023-07-06,4.800000190734863,4.800000190734863,4.78994607925415,4.794012069702148,0
5065,2023-07-07,4.800000190734863,4.800000190734863,4.788181781768799,4.79010009765625,0
5066,2023-07-10,4.750626087188721,4.789999961853027,4.756411075592041,4.756411075592041,0
5067,2023-07-11,4.78000020980835,4.78000020980835,4.768004894256592,4.768004894256592,0
5068,2023-07-12,4.760000228881836,4.764648914337158,4.752398014068604,4.764648914337158,0
5069,2023-07-13,4.75,4.7431960105896,4.701795101165772,4.701795101165772,0
5070,2023-07-14,4.730000019073486,4.722754001617432,4.7226338386535645,4.7226338386535645,0
5071,2023-07-17,4.713517189025879,4.723421096801758,4.723321914672852,4.723321914672852,0
5072,2023-07-18,4.730000019073486,4.720605850219727,4.713942050933838,4.720605850219727,0
5073,2023-07-19,4.710000038146973,4.724122047424316,4.710000038146973,4.724122047424316,0
5074,2023-07-20,4.710000038146973,4.709704875946045,4.708377838134766,4.708377838134766,0
5075,2023-07-21,4.709704875946045,4.737106800079346,4.710144996643066,4.737106800079346,0
5076,2023-07-24,4.706040859222412,4.729769229888916,4.7060627937316895,4.70872688293457,0
5077,2023-07-25,4.75,4.75,4.719265937805176,4.719265937805176,0
5078,2023-07-26,4.75,4.75,4.736570835113525,4.736570835113525,0
5079,2023-07-27,4.75,4.75,4.740538120269775,4.740538120269775,0
5080,2023-07-28,4.75,4.809566020965576,4.728271961212158,4.809566020965576,0
5081,2023-07-31,4.716168880462647,4.75,4.721988201141357,4.721988201141357,0
5082,2023-08-01,4.760000228881836,4.760000228881836,4.754161834716797,4.75570821762085,0
5083,2023-08-02,4.769999980926514,4.765748977661133,4.7463579177856445,4.7463579177856445,0
5084,2023-08-03,4.765748977661133,4.776051044464111,4.761557102203369,4.776051044464111,0
5085,2023-08-04,4.769999980926514,4.78000020980835,4.7546892166137695,4.7546892166137695,0
5086,2023-08-07,4.743532180786133,4.7721848487854,4.745771884918213,4.745771884918213,0
5087,2023-08-08,4.77161979675293,4.766475200653076,4.764252185821533,4.766475200653076,0
5088,2023-08-09,4.764252185821533,4.764290809631348,4.763990879058838,4.763990879058838,0
5089,2023-08-10,4.764290809631348,4.767950057983398,4.765963077545166,4.766244888305664,0
5090,2023-08-11,4.767950057983398,4.785220146179199,4.7682719230651855,4.785220146179199,0
5091,2023-08-14,4.786252975463867,4.792949199676514,4.770197868347168,4.792949199676514,0
5092,2023-08-15,4.789999961853027,4.783996105194092,4.782548904418945,4.783996105194092,0
5093,2023-08-16,4.800000190734863,4.800000190734863,4.786809921264648,4.795663833618164,0
5094,2023-08-17,4.800000190734863,4.807816028594971,4.785286903381348,4.807816028594971,0
5095,2023-08-18,4.800000190734863,4.800000190734863,4.800000190734863,4.800000190734863,0
5096,2023-08-21,4.7835469245910645,4.809999942779541,4.787942886352539,4.788977146148682,0
5097,2023-08-22,4.809999942779541,4.809999942779541,4.793768882751465,4.79510498046875,0
5098,2023-08-23,4.800000190734863,4.810802936553955,4.784131050109863,4.810802936553955,0
5099,2023-08-24,4.800000190734863,4.809999942779541,4.756473064422607,4.756473064422607,0
5100,2023-08-25,4.800000190734863,4.821921825408936,4.791871070861816,4.821921825408936,0
5101,2023-08-28,4.795999050140381,4.794400215148926,4.793313026428223,4.794400215148926,0
5102,2023-08-29,4.793420791625977,4.805233001708984,4.787530899047852,4.787530899047852,0
5103,2023-08-30,4.805233001708984,4.809535026550293,4.778157234191895,4.778157234191895,0
5104,2023-08-31,4.809535026550293,4.797513008117676,4.787428855895996,4.787428855895996,0
5105,2023-09-01,4.797513008117676,4.8127851486206055,4.787758827209473,4.8127851486206055,0
5106,2023-09-04,4.810372829437256,4.81876277923584,4.787415981292725,4.81876277923584,0
5107,2023-09-05,4.792693138122559,4.800000190734863,4.791584968566895,4.793581008911133,0
5108,2023-09-06,4.796277046203613,4.829999923706055,4.797618865966797,4.797618865966797,0
5109,2023-09-07,4.820000171661377,4.822703838348389,4.818973064422607,4.822703838348389,0
5110,2023-09-08,4.840000152587891,4.840000152587891,4.816882133483887,4.816882133483887,0
5111,2023-09-11,4.821020126342773,4.831085205078125,4.82056999206543,4.82056999206543,0
5112,2023-09-12,4.820363998413086,4.822865009307861,4.82227087020874,4.82227087020874,0
5113,2023-09-13,4.809999942779541,4.825115203857422,4.802311897277832,4.802311897277832,0
5114,2023-09-14,4.809999942779541,4.823048114776611,4.82096004486084,4.82096004486084,0
5115,2023-09-15,4.820000171661377,4.865626811981201,4.820000171661377,4.865626811981201,0
5116,2023-09-18,4.812853813171387,4.819413185119629,4.809999942779541,4.813621044158936,0
5117,2023-09-19,4.840000152587891,4.840000152587891,4.810597896575928,4.810597896575928,0
5118,2023-09-20,4.849999904632568,4.849999904632568,4.839108943939209,4.842483997344971,0
5119,2023-09-21,4.840000152587891,4.8695597648620605,4.838498115539551,4.8695597648620605,0
5120,2023-09-22,4.829999923706055,4.844343185424805,4.829999923706055,4.832367897033691,0
5121,2023-09-25,4.827845096588135,4.842226028442383,4.836295127868652,4.836295127868652,0
5122,2023-09-26,4.849999904632568,4.868624210357666,4.847021102905273,4.868624210357666,0
5123,2023-09-27,4.860000133514404,4.864861965179443,4.860000133514404,4.863636016845703,0
5124,2023-09-28,4.849999904632568,4.877654075622559,4.849999904632568,4.877654075622559,0
5125,2023-09-29,4.860000133514404,4.865138053894043,4.8482441902160645,4.8482441902160645,0
5126,2023-10-02,4.870354175567627,4.880958080291748,4.860000133514404,4.880958080291748,0
5127,2023-10-03,4.869999885559082,4.891138076782227,4.863700866699219,4.891138076782227,0
5128,2023-10-04,4.889999866485596,4.889999866485596,4.863584995269775,4.863584995269775,0
5129,2023-10-05,4.889999866485596,4.889999866485596,4.868988990783691,4.871440887451172,0
5130,2023-10-06,4.867135047912598,4.87013578414917,4.869866847991943,4.87013578414917,0
5131,2023-10-09,4.846970081329346,4.862043857574463,4.860586166381836,4.860586166381836,0
5132,2023-10-10,4.862043857574463,4.864640235900879,4.843027114868164,4.843027114868164,0
5133,2023-10-11,4.860000133514404,4.860147953033447,4.853637218475342,4.853637218475342,0
5134,2023-10-12,4.849999904632568,4.851909160614014,4.849945068359375,4.849945068359375,0
5135,2023-10-13,4.860000133514404,4.888463020324707,4.846951961517334,4.888463020324707,0
5136,2023-10-16,4.849003791809082,4.860000133514404,4.847113132476807,4.847113132476807,0
5137,2023-10-17,4.880000114440918,4.880000114440918,4.836204051971436,4.836204051971436,0
5138,2023-10-18,4.869999885559082,4.866725921630859,4.86336612701416,4.86336612701416,0
5139,2023-10-19,4.866725921630859,4.874276161193848,4.856534957885742,4.874276161193848,0
5140,2023-10-20,4.869999885559082,4.869999885559082,4.847052097320557,4.847052097320557,0
5141,2023-10-23,4.861144065856934,4.880000114440918,4.867772102355957,4.869132995605469,0
5142,2023-10-24,4.880000114440918,4.869922161102295,4.832898139953613,4.838695049285889,0
5143,2023-10-25,4.849999904632568,4.8844499588012695,4.842683792114258,4.8844499588012695,0
5144,2023-10-26,4.860000133514404,4.860000133514404,4.8485307693481445,4.8485307693481445,0
5145,2023-10-27,4.860000133514404,4.875574111938477,4.849494934082031,4.849494934082031,0
5146,2023-10-30,4.860342979431152,4.868147850036621,4.860000133514404,4.866783142089844,0
5147,2023-10-31,4.869999885559082,4.864867210388184,4.860555171966553,4.860555171966553,0
5148,2023-11-01,4.869999885559082,4.857677936553955,4.857677936553955,4.857677936553955,0
5149,2023-11-02,4.860000133514404,4.8591132164001465,4.835056781768799,4.835056781768799,0
5150,2023-11-03,4.8591132164001465,4.872722148895264,4.857444763183594,4.872722148895264,0
5151,2023-11-06,4.820680141448975,4.869999885559082,4.823465824127197,4.825085163116455,0
5152,2023-11-07,4.829999923706055,4.879323959350586,4.82672119140625,4.879323959350586,0
5153,2023-11-08,4.829999923706055,4.840470790863037,4.8223419189453125,4.8223419189453125,0
5154,2023-11-09,4.869999885559082,4.842360973358154,4.821784973144531,4.821784973144531,0
5155,2023-11-10,4.849999904632568,4.850302219390869,4.840137004852295,4.850302219390869,0
5156,2023-11-13,4.823853015899658,4.845635890960693,4.83685302734375,4.83685302734375,0
5157,2023-11-14,4.860000133514404,4.860000133514404,4.836056232452393,4.836056232452393,0
5158,2023-11-15,4.849999904632568,4.849999904632568,4.77924919128418,4.77924919128418,0
5159,2023-11-16,4.860000133514404,4.854297161102295,4.810311794281006,4.854297161102295,0
5160,2023-11-17,4.809999942779541,4.819265842437744,4.806302070617676,4.806302070617676,0
5161,2023-11-20,4.79417610168457,4.815704822540283,4.799054145812988,4.803567886352539,0
5162,2023-11-21,4.800000190734863,4.804864883422852,4.789999961853027,4.804864883422852,0
5163,2023-11-22,4.789999961853027,4.805798053741455,4.779280185699463,4.805798053741455,0
5164,2023-11-23,4.779280185699463,4.7947998046875,4.784719944000244,4.784719944000244,0
5165,2023-11-24,4.7947998046875,4.797372817993164,4.786888122558594,4.797372817993164,0
5166,2023-11-27,4.7742109298706055,4.800000190734863,4.775083065032959,4.775083065032959,0
5167,2023-11-28,4.800000190734863,4.781239986419678,4.779308795928955,4.781239986419678,0
5168,2023-11-29,4.769999980926514,4.769999980926514,4.75818395614624,4.75818395614624,0
5169,2023-11-30,4.78000020980835,4.775493144989014,4.7676849365234375,4.775493144989014,0
5170,2023-12-01,4.7676849365234375,4.78000020980835,4.771203994750977,4.771203994750977,0
5171,2023-12-04,4.774979114532471,4.789565086364746,4.782620906829834,4.782752990722656,0
5172,2023-12-05,4.789565086364746,4.8001251220703125,4.794076919555664,4.8001251220703125,0
5173,2023-12-06,4.800000190734863,4.806337833404541,4.800000190734863,4.80629301071167,0
5174,2023-12-07,4.810032844543457,4.811016082763672,4.789999961853027,4.809138774871826,0
5175,2023-12-08,4.823309898376465,4.806515216827393,4.79995584487915,4.79995584487915,0
5176,2023-12-11,4.813859939575195,4.812742233276367,4.806590080261231,4.812742233276367,0
5177,2023-12-12,4.800000190734863,4.808286190032959,4.800000190734863,4.808286190032959,0
5178,2023-12-13,4.804468154907227,4.805935859680176,4.805758953094482,4.805758953094482,0
5179,2023-12-14,4.809999942779541,4.809999942779541,4.755699157714844,4.755699157714844,0
5180,2023-12-15,4.769999980926514,4.777764797210693,4.750244140625,4.750244140625,0
5181,2023-12-18,4.799487113952637,4.805432796478272,4.770936012268066,4.805432796478272,0
5182,2023-12-19,4.770936012268066,4.770387172698975,4.760000228881836,4.76892614364624,0
5183,2023-12-20,4.769999980926514,4.767955780029297,4.760254859924316,4.760254859924316,0
5184,2023-12-21,4.78000020980835,4.78000020980835,4.761731147766113,4.761731147766113,0
5185,2023-12-22,4.769999980926514,4.769742012023926,4.759912967681885,4.759912967681885,0
5186,2023-12-25,4.775869846343994,4.780732154846191,4.779080867767334,4.780732154846191,0
5187,2023-12-26,4.779080867767334,4.769999980926514,4.769999980926514,4.769999980926514,0
5188,2023-12-27,4.760000228881836,4.760000228881836,4.753424167633057,4.753424167633057,0
5189,2023-12-28,4.760000228881836,4.760000228881836,4.727609157562256,4.73122501373291,0
5190,2023-12-29,4.739999771118164,4.756145000457764,4.738300800323486,4.756145000457764,0
5191,2024-01-01,4.746959209442139,4.753838062286377,4.751255989074707,4.753838062286377,0
5192,2024-01-02,4.751255989074707,4.739999771118164,4.739258766174316,4.739258766174316,0
5193,2024-01-03,4.75,4.763212203979492,4.741355895996094,4.745490074157715,0
5194,2024-01-04,4.75,4.768272876739502,4.767559051513672,4.768272876739502,0
5195,2024-01-05,4.78000020980835,4.78000020980835,4.766469955444336,4.766469955444336,0
5196,2024-01-08,4.7601637840271,4.77078104019165,4.7592082023620605,4.7592082023620605,0
5197,2024-01-09,4.78000020980835,4.768698215484619,4.762730121612549,4.762730121612549,0
5198,2024-01-10,4.768698215484619,4.777651786804199,4.770377159118652,4.770377159118652,0
5199,2024-01-11,4.769999980926514,4.777327060699463,4.7637481689453125,4.7637481689453125,0
5200,2024-01-12,4.769999980926514,4.774782180786133,4.760000228881836,4.774782180786133,0
5201,2024-01-15,4.760385036468506,4.768822193145752,4.766990184783936,4.768822193145752,0
5202,2024-01-16,4.766990184783936,4.783743858337402,4.779619216918945,4.779619216918945,0
5203,2024-01-17,4.789924144744873,4.798169136047363,4.789924144744873,4.789924144744873,0
5204,2024-01-18,4.800000190734863,4.800000190734863,4.788405895233154,4.79055118560791,0
5205,2024-01-19,4.800000190734863,4.800000190734863,4.789748191833496,4.789748191833496,0
5206,2024-01-22,4.784411907196045,4.789999961853027,4.781033992767334,4.781713008880615,0
5207,2024-01-23,4.800000190734863,4.800000190734863,4.783236980438232,4.788802146911621,0
5208,2024-01-24,4.789999961853027,4.791233062744141,4.789051055908203,4.789051055908203,0
5209,2024-01-25,4.800000190734863,4.800000190734863,4.791530132293701,4.798587799072266,0
5210,2024-01-26,4.789999961853027,4.811677932739258,4.789146900177002,4.811677932739258,0
5211,2024-01-29,4.792673110961914,4.80173397064209,4.793808937072754,4.80173397064209,0
5212,2024-01-30,4.800000190734863,4.800000190734863,4.790955066680908,4.790955066680908,0
5213,2024-01-31,4.809999942779541,4.809999942779541,4.791659832000732,4.802857875823975,0
5214,2024-02-01,4.800000190734863,4.813736915588379,4.789999961853027,4.813736915588379,0
5215,2024-02-02,4.789999961853027,4.801727771759033,4.772613048553467,4.772613048553467,0
5216,2024-02-05,4.844758987426758,4.851348876953125,4.800000190734863,4.851348876953125,0
5217,2024-02-06,4.805100917816162,4.818592071533203,4.800000190734863,4.803737163543701,0
5218,2024-02-07,4.789999961853027,4.812687873840332,4.789999961853027,4.804244041442871,0
5219,2024-02-08,4.820000171661377,4.820000171661377,4.808579921722412,4.808847904205322,0
5220,2024-02-09,4.824999809265137,4.824999809265137,4.80402421951294,4.80402421951294,0
5221,2024-02-12,4.803598880767822,4.820000171661377,4.797214031219482,4.797214031219482,0
5222,2024-02-13,4.809999942779541,4.813642978668213,4.810111999511719,4.810111999511719,0
5223,2024-02-14,4.820000171661377,4.843301773071289,4.820000171661377,4.843301773071289,0
5224,2024-02-15,4.829999923706055,4.829999923706055,4.813347816467285,4.813347816467285,0
5225,2024-02-16,4.829999923706055,4.829999923706055,4.808263778686523,4.808263778686523,0
5226,2024-02-19,4.821155071258545,4.819858074188232,4.812135219573975,4.819858074188232,0
5227,2024-02-20,4.812135219573975,4.829999923706055,4.815929889678955,4.818035125732422,0
5228,2024-02-21,4.820000171661377,4.820000171661377,4.806636810302734,4.8094258308410645,0
5229,2024-02-22,4.820000171661377,4.805689811706543,4.794849872589111,4.794849872589111,0
5230,2024-02-23,4.809999942779541,4.817408084869385,4.803761959075928,4.817408084869385,0
5231,2024-02-26,4.798596858978272,4.820000171661377,4.805645942687988,4.807559013366699,0
5232,2024-02-27,4.820000171661377,4.820000171661377,4.803402900695801,4.8075947761535645,0
5233,2024-02-28,4.809999942779541,4.812952995300293,4.805553913116455,4.812952995300293,0
5234,2024-02-29,4.796220779418945,4.805548191070557,4.799851894378662,4.799851894378662,0
5235,2024-03-01,4.800000190734863,4.809390068054199,4.799962997436523,4.809390068054199,0
5236,2024-03-04,4.786033153533936,4.80536699295044,4.7923688888549805,4.7923688888549805,0
5237,2024-03-05,4.80536699295044,4.806428909301758,4.804027080535889,4.806428909301758,0
5238,2024-03-06,4.804027080535889,4.805399894714356,4.799315929412842,4.805399894714356,0
5239,2024-03-07,4.800000190734863,4.800000190734863,4.788276195526123,4.789892196655273,0
5240,2024-03-08,4.768714904785156,4.790069103240967,4.766211032867432,4.789999961853027,0
5241,2024-03-11,4.783700942993164,4.785821914672852,4.777638912200928,4.785821914672852,0
5242,2024-03-12,4.78000020980835,4.7805891036987305,4.777667045593262,4.7805891036987305,0
5243,2024-03-13,4.769999980926514,4.783265113830566,4.769999980926514,4.783265113830566,0
5244,2024-03-14,4.78000020980835,4.782104015350342,4.774713039398193,4.774713039398193,0
5245,2024-03-15,4.78000020980835,4.809207916259766,4.769999980926514,4.808787822723389,0
5246,2024-03-18,4.781012058258057,4.792325019836426,4.78000020980835,4.781604766845703,0
5247,2024-03-19,4.805084228515625,4.807448863983154,4.792826175689697,4.807448863983154,0
5248,2024-03-20,4.800000190734863,4.809999942779541,4.786341190338135,4.786341190338135,0
5249,2024-03-21,4.789999961853027,4.787351131439209,4.757049083709717,4.757049083709717,0
5250,2024-03-22,4.787351131439209,4.813825130462647,4.783973217010498,4.813825130462647,0
5251,2024-03-25,4.765060901641846,4.809999942779541,4.783995151519775,4.786006927490234,0
5252,2024-03-26,4.809999942779541,4.809999942779541,4.805240154266357,4.805240154266357,0
5253,2024-03-27,4.849999904632568,4.849999904632568,4.81300687789917,4.820023059844971,0
5254,2024-03-28,4.800000190734863,4.813096046447754,4.800000190734863,4.813096046447754,0
5255,2024-03-29,4.800000190734863,4.815598011016846,4.810196876525879,4.815308094024658,0
5256,2024-04-01,4.803962230682373,4.808302879333496,4.800000190734863,4.808302879333496,0
5257,2024-04-02,4.829999923706055,4.829999923706055,4.815151214599609,4.815151214599609,0
5258,2024-04-03,4.829999923706055,4.823490142822266,4.804865837097168,4.804865837097168,0
5259,2024-04-04,4.809999942779541,4.829999923706055,4.796798229217529,4.796798229217529,0
5260,2024-04-05,4.829999923706055,4.828711986541748,4.807590007781982,4.828711986541748,0
5261,2024-04-08,4.8053507804870605,4.820000171661377,4.8100409507751465,4.811142921447754,0
5262,2024-04-09,4.794896125793457,4.829999923706055,4.796110153198242,4.796110153198242,0
5263,2024-04-10,4.820000171661377,4.814184188842773,4.814184188842773,4.814184188842773,0
5264,2024-04-11,4.820000171661377,4.860974788665772,4.80592679977417,4.860974788665772,0
5265,2024-04-12,4.80592679977417,4.807808876037598,4.802854061126709,4.807808876037598,0
5266,2024-04-15,4.793628215789795,4.809999942779541,4.803525924682617,4.805740833282471,0
5267,2024-04-16,4.809999942779541,4.823701858520508,4.8028669357299805,4.823701858520508,0
5268,2024-04-17,4.849999904632568,4.848063945770264,4.807072162628174,4.807072162628174,0
5269,2024-04-18,4.838634014129639,4.838573932647705,4.809999942779541,4.837862968444824,0
5270,2024-04-19,4.849999904632568,4.855902194976807,4.849999904632568,4.855902194976807,0
5271,2024-04-22,4.840447902679443,4.851781845092773,4.8479437828063965,4.8479437828063965,0
5272,2024-04-23,4.860000133514404,4.860000133514404,4.843907833099365,4.843907833099365,0
5273,2024-04-24,4.860000133514404,4.853833198547363,4.828445911407471,4.828445911407471,0
5274,2024-04-25,4.849999904632568,4.846077919006348,4.838679790496826,4.846077919006348,0
5275,2024-04-26,4.849999904632568,4.837122917175293,4.835081100463867,4.837122917175293,0
5276,2024-04-29,4.84978723526001,4.849999904632568,4.837912082672119,4.846005916595459,0
5277,2024-04-30,4.849999904632568,4.849999904632568,4.839717864990234,4.839717864990234,0
5278,2024-05-01,4.849999904632568,4.8747758865356445,4.8413848876953125,4.872626781463623,0
5279,2024-05-02,4.860000133514404,4.860000133514404,4.822809219360352,4.822809219360352,0
5280,2024-05-03,4.849999904632568,4.841193199157715,4.829954147338867,4.829954147338867,0
5281,2024-05-06,4.834379196166992,4.843268871307373,4.832357883453369,4.832357883453369,0
5282,2024-05-07,4.840000152587891,4.841807842254639,4.8257670402526855,4.841807842254639,0
5283,2024-05-08,4.849999904632568,4.83447790145874,4.827550888061523,4.83447790145874,0
5284,2024-05-09,4.840000152587891,4.832939147949219,4.829191207885742,4.829191207885742,0
5285,2024-05-10,4.840000152587891,4.833383083343506,4.811889171600342,4.811889171600342,0
5286,2024-05-13,4.837556838989258,4.8373541831970215,4.831965923309326,4.837286949157715,0
5287,2024-05-14,4.849999904632568,4.849999904632568,4.82794713973999,4.830420970916748,0
5288,2024-05-15,4.849999904632568,4.849999904632568,4.819355010986328,4.819355010986328,0
5289,2024-05-16,4.829999923706055,4.829999923706055,4.797267913818359,4.797267913818359,0
5290,2024-05-17,4.829999923706055,4.823523998260498,4.805523872375488,4.823523998260498,0
5291,2024-05-20,4.780780792236328,4.808763027191162,4.790101051330566,4.790101051330566,0
5292,2024-05-21,4.810445785522461,4.820000171661377,4.809153079986572,4.809627056121826,0
5293,2024-05-22,4.820000171661377,4.820000171661377,4.810924053192139,4.812607765197754,0
5294,2024-05-23,4.820000171661377,4.817374229431152,4.811478137969971,4.817374229431152,0
5295,2024-05-24,4.829999923706055,4.829999923706055,4.820178031921387,4.826944828033447,0
5296,2024-05-27,4.812273025512695,4.817624092102051,4.814489841461182,4.814489841461182,0
5297,2024-05-28,4.817624092102051,4.816427230834961,4.813798904418945,4.816427230834961,0
5298,2024-05-29,4.827077865600586,4.829991817474365,4.814684867858887,4.829991817474365,0
5299,2024-05-30,4.840000152587891,4.840000152587891,4.814555168151856,4.832121849060059,0
5300,2024-05-31,4.840000152587891,4.822119235992432,4.807931900024414,4.807931900024414,0
5301,2024-06-03,4.82063102722168,4.829999923706055,4.820897102355957,4.820897102355957,0
5302,2024-06-04,4.829999923706055,4.829999923706055,4.790748119354248,4.790748119354248,0
5303,2024-06-05,4.820000171661377,4.807819843292236,4.805912971496582,4.807819843292236,0
5304,2024-06-06,4.820000171661377,4.811098098754883,4.797611236572266,4.797611236572266,0
5305,2024-06-07,4.809999942779541,4.809999942779541,4.802239894866943,4.802239894866943,0
5306,2024-06-10,4.839381217956543,4.868023872375488,4.803365230560303,4.857004165649414,0
5307,2024-06-11,4.803365230560303,4.848416805267334,4.794796943664551,4.794796943664551,0
5308,2024-06-12,4.829999923706055,4.843494892120361,4.826935768127441,4.843494892120361,0
5309,2024-06-13,4.829999923706055,4.841316223144531,4.803544044494629,4.803544044494629,0
5310,2024-06-14,4.840000152587891,4.856399059295654,4.819468975067139,4.856399059295654,0
5311,2024-06-17,4.816408157348633,4.819715976715088,4.818027973175049,4.818027973175049,0
5312,2024-06-18,4.840000152587891,4.840000152587891,4.808941841125488,4.808941841125488,0
5313,2024-06-19,4.829999923706055,4.822192192077637,4.811680793762207,4.812197208404541,0
5314,2024-06-20,4.822192192077637,4.82212495803833,4.819995880126953,4.82212495803833,0
5315,2024-06-21,4.840000152587891,4.830665111541748,4.819005966186523,4.830665111541748,0
5316,2024-06-24,4.815040111541748,4.82035493850708,4.814949989318848,4.814949989318848,0
5317,2024-06-25,4.840000152587891,4.849999904632568,4.81820011138916,4.81820011138916,0
5318,2024-06-26,4.840000152587891,4.849039077758789,4.838799953460693,4.849039077758789,0
5319,2024-06-27,4.840000152587891,4.845448970794678,4.840658187866211,4.840658187866211,0
5320,2024-06-28,4.845448970794678,4.847301959991455,4.840561866760254,4.840561866760254,0
5321,2024-07-01,4.84257698059082,4.847301006317139,4.830770015716553,4.830770015716553,0
5322,2024-07-02,4.849999904632568,4.8531928062438965,4.834969997406006,4.8531928062438965,0
5323,2024-07-03,4.834969997406006,4.843326091766357,4.82113790512085,4.82113790512085,0
5324,2024-07-04,4.849999904632568,4.844235897064209,4.82896614074707,4.82896614074707,0
5325,2024-07-05,4.844235897064209,4.843098163604736,4.836935043334961,4.836935043334961,0
5326,2024-07-08,4.8469719886779785,4.843613147735596,4.831813812255859,4.843613147735596,0
5327,2024-07-09,4.833509922027588,4.833242893218994,4.82716178894043,4.833242893218994,0
5328,2024-07-10,4.828658103942871,4.82986307144165,4.822950839996338,4.82986307144165,0
5329,2024-07-11,4.840000152587891,4.827404975891113,4.815497875213623,4.817698001861572,0
5330,2024-07-12,4.829999923706055,4.822109222412109,4.818900108337402,4.818900108337402,0
5331,2024-07-15,4.808863162994385,4.823482036590576,4.8211870193481445,4.823482036590576,0
5332,2024-07-16,4.820000171661377,4.830284118652344,4.807247161865234,4.830284118652344,0
5333,2024-07-17,4.806275844573975,4.806606769561768,4.806262969970703,4.806606769561768,0
5334,2024-07-18,4.8053178787231445,4.805538177490234,4.803702831268311,4.80479097366333,0
5335,2024-07-19,4.803702831268311,4.820614814758301,4.79337215423584,4.820614814758301,0
5336,2024-07-22,4.794406890869141,4.820000171661377,4.7907538414001465,4.7907538414001465,0
5337,2024-07-23,4.820000171661377,4.803666114807129,4.794284820556641,4.794284820556641,0
5338,2024-07-24,4.809999942779541,4.812457084655762,4.806229114532471,4.812457084655762,0
5339,2024-07-25,4.820000171661377,4.820000171661377,4.806539058685303,4.806539058685303,0
5340,2024-07-26,4.809371948242188,4.80746603012085,4.8040971755981445,4.80746603012085,0
5341,2024-07-29,4.805401802062988,4.805775165557861,4.801332950592041,4.801332950592041,0
5342,2024-07-30,4.805775165557861,4.8132171630859375,4.806337833404541,4.812593936920166,0
5343,2024-07-31,4.800000190734863,4.812092781066895,4.802177906036377,4.812092781066895,0
5344,2024-08-01,4.809999942779541,4.809999942779541,4.802690029144287,4.802690029144287,0
5345,2024-08-02,4.800000190734863,4.804203987121582,4.798906803131104,4.804203987121582,0
5346,2024-08-05,4.7585039138793945,4.809999942779541,4.760662078857422,4.760662078857422,0
5347,2024-08-06,4.800000190734863,4.800000190734863,4.773934841156006,4.79630708694458,0
5348,2024-08-07,4.78000020980835,4.7720441818237305,4.763145923614502,4.763145923614502,0
5349,2024-08-08,4.7720441818237305,4.783803939819336,4.768418788909912,4.768418788909912,0
5350,2024-08-09,4.789999961853027,4.789999961853027,4.7793049812316895,4.7894368171691895,0
5351,2024-08-12,4.77455997467041,4.789999961853027,4.7782511711120605,4.778472900390625,0
5352,2024-08-13,4.789999961853027,4.789999961853027,4.775889873504639,4.775889873504639,0
5353,2024-08-14,4.78000020980835,4.78000020980835,4.75174617767334,4.75174617767334,0
5354,2024-08-15,4.769999980926514,4.784872055053711,4.766726016998291,4.784872055053711,0
5355,2024-08-16,4.78000020980835,4.782186985015869,4.765131950378418,4.782186985015869,0
5356,2024-08-19,4.746500015258789,4.769999980926514,4.748737812042236,4.748737812042236,0
5357,2024-08-20,4.760000228881836,4.750885009765625,4.739809989929199,4.745532989501953,0
5358,2024-08-21,4.75,4.756164073944092,4.732335090637207,4.732335090637207,0
5359,2024-08-22,4.75,4.756133079528809,4.742895126342773,4.742895126342773,0
5360,2024-08-23,4.739999771118164,4.763768196105957,4.739999771118164,4.763768196105957,0
5361,2024-08-26,4.714279174804688,4.739999771118164,4.720954895019531,4.720954895019531,0
5362,2024-08-27,4.739999771118164,4.739999771118164,4.732954025268555,4.737842082977295,0
5363,2024-08-28,4.739999771118164,4.73203706741333,4.728169918060303,4.728169918060303,0
5364,2024-08-29,4.734547138214111,4.7466721534729,4.730000019073486,4.730677127838135,0
5365,2024-08-30,4.71999979019165,4.740781784057617,4.732979774475098,4.740781784057617,0
5366,2024-09-02,4.739911079406738,4.744133949279785,4.733010768890381,4.744133949279785,0
5367,2024-09-03,4.733010768890381,4.735663890838623,4.732762813568115,4.735663890838623,0
5368,2024-09-04,4.739999771118164,4.736213207244873,4.728672027587891,4.728672027587891,0
5369,2024-09-05,4.721745014190674,4.742691040039063,4.722341060638428,4.722341060638428,0
5370,2024-09-06,4.739041805267334,4.738444805145264,4.734527111053467,4.738444805145264,0
5371,2024-09-09,4.739284992218018,4.75,4.71999979019165,4.744139194488525,0
5372,2024-09-10,4.735197067260742,4.75,4.737621784210205,4.737621784210205,0
5373,2024-09-11,4.739999771118164,4.745851993560791,4.739999771118164,4.745851993560791,0
5374,2024-09-12,4.739999771118164,4.761299133300781,4.738979816436768,4.761299133300781,0
5375,2024-09-13,4.730000019073486,4.745931148529053,4.709786891937256,4.709786891937256,0
5376,2024-09-16,4.752143859863281,4.747897148132324,4.745974063873291,4.745974063873291,0
5377,2024-09-17,4.760000228881836,4.760000228881836,4.744866847991943,4.745251178741455,0
5378,2024-09-18,4.753551006317139,4.752354145050049,4.730000019073486,4.748660087585449,0
5379,2024-09-19,4.730000019073486,4.752881050109863,4.743483066558838,4.752881050109863,0
5380,2024-09-20,4.71999979019165,4.740699768066406,4.723379135131836,4.740699768066406,0
5381,2024-09-23,4.714355945587158,4.722171783447266,4.718037128448486,4.722171783447266,0
5382,2024-09-24,4.71999979019165,4.730000019073486,4.719313144683838,4.724536895751953,0
5383,2024-09-25,4.730000019073486,4.72361421585083,4.690158843994141,4.690158843994141,0
5384,2024-09-26,4.747315883636475,4.744439125061035,4.707295894622803,4.744439125061035,0
5385,2024-09-27,4.707295894622803,4.71999979019165,4.70042610168457,4.70042610168457,0
5386,2024-09-30,4.71999979019165,4.71999979019165,4.713139057159424,4.713139057159424,0
5387,2024-10-01,4.71999979019165,4.739984035491943,4.7036237716674805,4.739984035491943,0
5388,2024-10-02,4.710000038146973,4.71620512008667,4.710000038146973,4.71620512008667,0
5389,2024-10-03,4.710000038146973,4.730000019073486,4.71999979019165,4.727739810943604,0
5390,2024-10-04,4.731823921203613,4.740084171295166,4.731481075286865,4.731481075286865,0
5391,2024-10-07,4.761210918426514,4.766418933868408,4.739095211029053,4.766418933868408,0
5392,2024-10-08,4.75,4.756744861602783,4.7342610359191895,4.7342610359191895,0
5393,2024-10-09,4.769999980926514,4.769999980926514,4.756172180175781,4.759995937347412,0
5394,2024-10-10,4.769999980926514,4.769999980926514,4.760990142822266,4.766604900360107,0
5395,2024-10-11,4.78000020980835,4.78000020980835,4.759727954864502,4.759727954864502,0
5396,2024-10-14,4.753642082214356,4.766353130340576,4.766353130340576,4.766353130340576,0
5397,2024-10-15,4.766353130340576,4.771070957183838,4.768764019012451,4.771070957183838,0
5398,2024-10-16,4.789999961853027,4.789999961853027,4.775028228759766,4.775028228759766,0
5399,2024-10-17,4.789999961853027,4.789999961853027,4.777876853942871,4.788643836975098,0
5400,2024-10-18,4.78000020980835,4.794577121734619,4.784256935119629,4.794577121734619,0
5401,2024-10-21,4.769917011260986,4.784225940704346,4.7750091552734375,4.7750091552734375,0
5402,2024-10-22,4.789999961853027,4.798336029052734,4.782289028167725,4.798336029052734,0
5403,2024-10-23,4.800000190734863,4.800000190734863,4.788652896881104,4.796486854553223,0
5404,2024-10-24,4.800000190734863,4.789731979370117,4.784502983093262,4.784502983093262,0
5405,2024-10-25,4.800000190734863,4.789224147796631,4.779263973236084,4.779263973236084,0
5406,2024-10-28,4.79888916015625,4.7868242263793945,4.7868242263793945,4.7868242263793945,0
5407,2024-10-29,4.809999942779541,4.800118923187256,4.791071891784668,4.791071891784668,0
5408,2024-10-30,4.800000190734863,4.802588939666748,4.787901878356934,4.787901878356934,0
5409,2024-10-31,4.809999942779541,4.78945779800415,4.789120197296143,4.78945779800415,0
5410,2024-11-01,4.809999942779541,4.79185676574707,4.786787033081055,4.786787033081055,0
5411,2024-11-04,4.785185813903809,4.800000190734863,4.7769551277160645,4.7769551277160645,0
5412,2024-11-05,4.789999961853027,4.789999961853027,4.787600040435791,4.787600040435791,0
5413,2024-11-06,4.820000171661377,4.820000171661377,4.817217826843262,4.817217826843262,0
5414,2024-11-07,4.829999923706055,4.829999923706055,4.813419818878174,4.813419818878174,0
5415,2024-11-08,4.820000171661377,4.82733678817749,4.804769039154053,4.804769039154053,0
5416,2024-11-11,4.851961135864258,4.853567123413086,4.826046943664551,4.853567123413086,0
5417,2024-11-12,4.826046943664551,4.831871032714844,4.819425106048584,4.831871032714844,0
5418,2024-11-13,4.849999904632568,4.849999904632568,4.812713146209717,4.812713146209717,0
5419,2024-11-14,4.849999904632568,4.856182098388672,4.849999904632568,4.85406494140625,0
5420,2024-11-15,4.860000133514404,4.860000133514404,4.85482120513916,4.85482120513916,0
5421,2024-11-18,4.87032413482666,4.871918201446533,4.858211040496826,4.871918201446533,0
5422,2024-11-19,4.869999885559082,4.869999885559082,4.832367897033691,4.832367897033691,0
5423,2024-11-20,4.849999904632568,4.851378917694092,4.832075119018555,4.832075119018555,0
5424,2024-11-21,4.849999904632568,4.856210231781006,4.849999904632568,4.855082035064697,0
5425,2024-11-22,4.869999885559082,4.878747940063477,4.858249187469482,4.878747940063477,0
5426,2024-11-25,4.853400230407715,4.866549015045166,4.8265790939331055,4.8265790939331055,0
5427,2024-11-26,4.880000114440918,4.8774189949035645,4.850197792053223,4.8774189949035645,0
5428,2024-11-27,4.880000114440918,4.876699924468994,4.866759777069092,4.876699924468994,0
5429,2024-11-28,4.866759777069092,4.850213050842285,4.849546909332275,4.850213050842285,0
5430,2024-11-29,4.849546909332275,4.8687357902526855,4.845666885375977,4.845666885375977,0
5431,2024-12-02,4.856130123138428,4.8802490234375,4.836671829223633,4.8802490234375,0
5432,2024-12-03,4.860000133514404,4.854841232299805,4.854806900024414,4.854841232299805,0
5433,2024-12-04,4.869999885559082,4.859127998352051,4.852583885192871,4.859127998352051,0
5434,2024-12-05,4.869999885559082,4.860000133514404,4.84593677520752,4.84593677520752,0
5435,2024-12-06,4.860000133514404,4.860000133514404,4.835123062133789,4.835123062133789,0
5436,2024-12-09,4.854617118835449,4.865498065948486,4.85211706161499,4.865498065948486,0
5437,2024-12-10,4.856255054473877,4.857912063598633,4.846464157104492,4.857912063598633,0
5438,2024-12-11,4.849999904632568,4.849999904632568,4.842092990875244,4.842092990875244,0
5439,2024-12-12,4.849999904632568,4.859364032745361,4.849424839019775,4.849424839019775,0
5440,2024-12-13,4.859364032745361,4.874040126800537,4.852481842041016,4.873178005218506,0
5441,2024-12-16,4.846062183380127,4.859251976013184,4.840694904327393,4.840694904327393,0
5442,2024-12-17,4.859251976013184,4.865585803985596,4.848167896270752,4.848167896270752,0
5443,2024-12-18,4.8647050857543945,4.863525867462158,4.859795093536377,4.859795093536377,0
5444,2024-12-19,4.863525867462158,4.918704032897949,4.861048221588135,4.918704032897949,0
5445,2024-12-20,4.861048221588135,4.883351802825928,4.878707885742188,4.878707885742188,0
5446,2024-12-23,4.865097999572754,4.887675762176514,4.863885879516602,4.863885879516602,0
5447,2024-12-24,4.887675762176514,4.880416870117188,4.877204895019531,4.880416870117188,0
5448,2024-12-25,4.877204895019531,4.8755412101745605,4.872497081756592,4.8755412101745605,0
5449,2024-12-26,4.877204895019531,4.8755412101745605,4.872497081756592,4.8755412101745605,0
5450,2024-12-27,4.872497081756592,4.888773918151856,4.888773918151856,4.888773918151856,0
5451,2024-12-30,4.894259929656982,4.894729137420654,4.881968021392822,4.894729137420654,0
5452,2024-12-31,4.881968021392822,4.902036190032959,4.888053894042969,4.902036190032959,0
5453,2025-01-02,4.881968021392822,4.886075019836426,4.886075019836426,4.886075019836426,0
5454,2025-01-03,4.886075019836426,4.916436195373535,4.886695861816406,4.916436195373535,0
5455,2025-01-06,4.877598762512207,4.913514137268066,4.878735065460205,4.878735065460205,0
5456,2025-01-07,4.909999847412109,4.928092002868652,4.894803047180176,4.928092002868652,0
5457,2025-01-08,4.894803047180176,4.921326160430908,4.9065260887146,4.921326160430908,0
5458,2025-01-09,4.909999847412109,4.91453218460083,4.893158912658691,4.893158912658691,0
5459,2025-01-10,4.914817810058594,4.929999828338623,4.913465976715088,4.9146270751953125,0
5460,2025-01-13,4.935407161712647,4.942346096038818,4.929999828338623,4.942346096038818,0
5461,2025-01-14,4.940000057220459,4.930484771728516,4.90565299987793,4.90565299987793,0
5462,2025-01-15,4.940000057220459,4.940000057220459,4.9028167724609375,4.9028167724609375,0
5463,2025-01-16,4.940000057220459,4.923369884490967,4.919459819793701,4.923369884490967,0
5464,2025-01-17,4.940000057220459,4.916472911834717,4.908742904663086,4.908742904663086,0
5465,2025-01-20,4.914851188659668,4.929994106292725,4.921728134155273,4.921728134155273,0
5466,2025-01-21,4.929994106292725,4.906177043914795,4.896047115325928,4.906177043914795,0
5467,2025-01-22,4.909999847412109,4.909999847412109,4.869707107543945,4.869707107543945,0
5468,2025-01-23,4.900000095367432,4.908736228942871,4.895408153533936,4.908736228942871,0
5469,2025-01-24,4.900000095367432,4.900000095367432,4.886477947235107,4.886477947235107,0
5470,2025-01-27,4.882205009460449,4.901802062988281,4.878745079040527,4.901802062988281,0
5471,2025-01-28,4.889999866485596,4.91379976272583,4.883504867553711,4.91379976272583,0
5472,2025-01-29,4.889999866485596,4.889999866485596,4.8758039474487305,4.877720832824707,0
5473,2025-01-30,4.889999866485596,4.889999866485596,4.869715213775635,4.869715213775635,0
5474,2025-01-31,4.889999866485596,4.878635883331299,4.878142833709717,4.878142833709717,0
5475,2025-02-03,4.95741605758667,4.946568012237549,4.878643035888672,4.946568012237549,0
5476,2025-02-04,4.920000076293945,4.901556968688965,4.848062038421631,4.848062038421631,0
5477,2025-02-05,4.909999847412109,4.885193824768066,4.877931118011475,4.877931118011475,0
5478,2025-02-06,4.900000095367432,4.900000095367432,4.883227825164795,4.889139175415039,0
5479,2025-02-07,4.889999866485596,4.889999866485596,4.871918201446533,4.871918201446533,0
5480,2025-02-10,4.903488159179688,4.91890811920166,4.885593891143799,4.91890811920166,0
5481,2025-02-11,4.889999866485596,4.894113063812256,4.890288829803467,4.890288829803467,0
5482,2025-02-12,4.889999866485596,4.909999847412109,4.877153873443604,4.877153873443604,0
5483,2025-02-13,4.889999866485596,4.89965295791626,4.886421203613281,4.886421203613281,0
5484,2025-02-14,4.889999866485596,4.889999866485596,4.864664077758789,4.865781784057617,0
5485,2025-02-17,4.863552093505859,4.8781418800354,4.860381126403809,4.860381126403809,0
5486,2025-02-18,4.8781418800354,4.889999866485596,4.881034851074219,4.885225772857666,0
5487,2025-02-19,4.869999885559082,4.884819984436035,4.856910228729248,4.884819984436035,0
5488,2025-02-20,4.880000114440918,4.880000114440918,4.856561183929443,4.861127853393555,0
5489,2025-02-21,4.880000114440918,4.880000114440918,4.843207836151123,4.843207836151123,0
5490,2025-02-24,4.859776973724365,4.869999885559082,4.835519790649414,4.835519790649414,0
5491,2025-02-25,4.860000133514404,4.867537975311279,4.845892906188965,4.867537975311279,0
5492,2025-02-26,4.849999904632568,4.851142883300781,4.837666988372803,4.837666988372803,0
5493,2025-02-27,4.849999904632568,4.8581719398498535,4.855725765228272,4.855725765228272,0
5494,2025-02-28,4.840000152587891,4.901813983917236,4.855685234069824,4.901813983917236,0
5495,2025-03-03,4.867286205291748,4.8648362159729,4.848437786102295,4.848437786102295,0
5496,2025-03-04,4.869999885559082,4.855588912963867,4.854747772216797,4.854747772216797,0
5497,2025-03-05,4.869999885559082,4.869999885559082,4.824339866638184,4.824339866638184,0
5498,2025-03-06,4.840000152587891,4.800556182861328,4.771040916442871,4.771040916442871,0
5499,2025-03-07,4.800556182861328,4.840000152587891,4.8017120361328125,4.8046040534973145,0
5500,2025-03-10,4.805057048797607,4.800000190734863,4.796392917633057,4.797708034515381,0
5501,2025-03-11,4.809999942779541,4.791094779968262,4.790826797485352,4.790826797485352,0
5502,2025-03-12,4.791094779968262,4.790831089019775,4.789204120635986,4.790831089019775,0
5503,2025-03-13,4.800000190734863,4.791051864624023,4.7865309715271,4.791051864624023,0
5504,2025-03-14,4.7865309715271,4.793727874755859,4.782907962799072,4.793727874755859,0
5505,2025-03-17,4.775463104248047,4.793082237243652,4.79141902923584,4.793082237243652,0
5506,2025-03-18,4.804999828338623,4.787158012390137,4.784701824188232,4.784701824188232,0
5507,2025-03-19,4.800000190734863,4.800000190734863,4.778210163116455,4.778210163116455,0
5508,2025-03-20,4.789999961853027,4.785504817962647,4.783824920654297,4.785504817962647,0
5509,2025-03-21,4.800000190734863,4.783428192138672,4.783251762390137,4.783251762390137,0
5510,2025-03-24,4.772235870361328,4.8020920753479,4.794871807098389,4.794871807098389,0
5511,2025-03-25,4.809999942779541,4.811915874481201,4.804782867431641,4.811915874481201,0
5512,2025-03-26,4.809999942779541,4.8175578117370605,4.809999942779541,4.8175578117370605,0
5513,2025-03-27,4.800000190734863,4.820138931274414,4.806797027587891,4.820138931274414,0
5514,2025-03-28,4.800000190734863,4.807499885559082,4.806529998779297,4.806529998779297,0
5515,2025-03-31,4.756831169128418,4.808186054229736,4.775649070739746,4.776860237121582,0
5516,2025-04-01,4.809999942779541,4.810547828674316,4.805697917938232,4.805697917938232,0
5517,2025-04-02,4.800000190734863,4.8116841316223145,4.806334018707275,4.8116841316223145,0
5518,2025-04-03,4.809999942779541,4.809019088745117,4.765861988067627,4.765861988067627,0
5519,2025-04-04,4.800000190734863,4.805171012878418,4.7913007736206055,4.805171012878418,0
5520,2025-04-07,4.839224815368652,5.53000020980835,5.521120071411133,5.521120071411133,0
5521,2025-04-08,5.53000020980835,5.539999961853027,5.527143955230713,5.52818489074707,0
5522,2025-04-09,5.53000020980835,5.511832237243652,5.489536762237549,5.489536762237549,0
5523,2025-04-10,5.53000020980835,5.539878845214844,5.532555103302002,5.539878845214844,0
5524,2025-04-11,5.539999961853027,5.532028198242188,5.42106819152832,5.42106819152832,0
5525,2025-04-14,5.528636932373047,5.530406951904297,5.530406951904297,5.530406951904297,0
5526,2025-04-15,5.539999961853027,5.455980777740479,5.455980777740479,5.455980777740479,0
5527,2025-04-16,5.455980777740479,5.440602779388428,5.440602779388428,5.440602779388428,0
5528,2025-04-17,5.440602779388428,5.444995880126953,5.439430236816406,5.439430236816406,0
5529,2025-04-22,5.460000038146973,5.408580780029297,5.408580780029297,5.408580780029297,0
5530,2025-04-23,5.420000076293945,5.451307773590088,5.40879487991333,5.451307773590088,0
5531,2025-04-24,5.40879487991333,5.44190788269043,5.437522888183594,5.437522888183594,0
5532,2025-04-25,5.44190788269043,5.461428165435791,5.44512414932251,5.461428165435791,0
5533,2025-04-28,5.449999809265137,5.446062088012695,5.441290855407715,5.441290855407715,0
5534,2025-04-29,5.446062088012695,5.4429240226745605,5.421409130096436,5.421409130096436,0
5535,2025-04-30,5.440000057220459,5.442636966705322,5.430636882781982,5.442636966705322,0
5536,2025-05-01,5.429999828338623,5.451454162597656,5.448663234710693,5.451454162597656,0
5537,2025-05-02,5.448663234710693,5.434893131256104,5.434893131256104,5.434893131256104,0
5538,2025-05-05,5.44650411605835,5.428206920623779,5.428206920623779,5.428206920623779,0
5539,2025-05-06,5.428206920623779,5.450284004211426,5.450284004211426,5.450284004211426,0
5540,2025-05-07,5.450284004211426,5.432631015777588,5.432631015777588,5.432631015777588,0
5541,2025-05-08,5.432631015777588,5.429659843444824,5.429659843444824,5.429659843444824,0
5542,2025-05-09,5.429659843444824,5.451385974884033,5.451385974884033,5.451385974884033,0
5543,2025-05-12,5.449376106262207,5.4425811767578125,5.4425811767578125,5.4425811767578125,0
5544,2025-05-13,5.4425811767578125,5.462892055511475,5.440889835357666,5.440889835357666,0
5545,2025-05-14,5.5,5.4969401359558105,5.4969401359558105,5.4969401359558105,0
5546,2025-05-15,5.489999771118164,5.494201183319092,5.494201183319092,5.494201183319092,0
5547,2025-05-16,5.5,5.487826824188232,5.487826824188232,5.487826824188232,0
5548,2025-05-19,5.497320175170898,5.491611003875732,5.491611003875732,5.491611003875732,0
5549,2025-05-20,5.491611003875732,5.514791011810303,5.452517032623291,5.514791011810303,0
5550,2025-05-21,5.460000038146973,5.453399181365967,5.429831981658936,5.429831981658936,0
5551,2025-05-22,5.440000057220459,5.460236072540283,5.430340766906738,5.460236072540283,0
5552,2025-05-23,5.430340766906738,5.438944816589356,5.438944816589356,5.438944816589356,0
5553,2025-05-26,5.428156852722168,5.4241251945495605,5.414607048034668,5.4241251945495605,0
5554,2025-05-27,5.415828227996826,5.421748161315918,5.407846927642822,5.407846927642822,0
5555,2025-05-28,5.421748161315918,5.442045211791992,5.426817893981934,5.426817893981934,0
5556,2025-05-29,5.442045211791992,5.454038143157959,5.454038143157959,5.454038143157959,0
5557,2025-05-30,5.454038143157959,5.448184967041016,5.448184967041016,5.448184967041016,0
5558,2025-06-02,5.439210891723633,5.431436061859131,5.421351909637451,5.431436061859131,0
5559,2025-06-03,5.421351909637451,5.4202561378479,5.412042140960693,5.412042140960693,0
5560,2025-06-04,5.429335117340088,5.427122116088867,5.425542831420898,5.425542831420898,0
5561,2025-06-05,5.427122116088867,5.419034004211426,5.419034004211426,5.419034004211426,0
5562,2025-06-06,5.429999828338623,5.419223785400391,5.419223785400391,5.419223785400391,0
5563,2025-06-09,5.428157806396484,5.438089847564697,5.438089847564697,5.438089847564697,0
5564,2025-06-10,5.429999828338623,5.434939861297607,5.434939861297607,5.434939861297607,0
5565,2025-06-11,5.429999828338623,5.43963098526001,5.429999828338623,5.429999828338623,0
5566,2025-06-12,5.429999828338623,5.436614990234375,5.399375915527344,5.399375915527344,0
5567,2025-06-13,5.429999828338623,5.453498840332031,5.429999828338623,5.453498840332031,0
5568,2025-06-16,5.413871765136719,5.4238457679748535,5.3996171951293945,5.4238457679748535,0
5569,2025-06-17,5.409999847412109,5.409999847412109,5.397978782653809,5.397978782653809,0
5570,2025-06-18,5.409999847412109,5.410624027252197,5.409235954284668,5.410624027252197,0
5571,2025-06-19,5.400000095367432,5.423728942871094,5.41992712020874,5.423728942871094,0
5572,2025-06-20,5.400000095367432,5.42816686630249,5.42816686630249,5.42816686630249,0
5573,2025-06-23,5.4235520362854,5.441205978393555,5.415325164794922,5.441205978393555,0
5574,2025-06-24,5.420000076293945,5.38849687576294,5.355702877044678,5.355702877044678,0
5575,2025-06-25,5.38849687576294,5.409999847412109,5.387432098388672,5.409999847412109,0
5576,2025-06-26,5.400000095367432,5.396583080291748,5.35355806350708,5.35355806350708,0
5577,2025-06-27,5.400000095367432,5.401360034942627,5.387808799743652,5.401360034942627,0
5578,2025-06-30,5.386222839355469,5.390536785125732,5.388223171234131,5.388223171234131,0
5579,2025-07-01,5.369999885559082,5.368445873260498,5.368445873260498,5.368445873260498,0
5580,2025-07-02,5.369999885559082,5.369195938110352,5.359152793884277,5.369195938110352,0
5581,2025-07-03,5.345141887664795,5.36027717590332,5.360000133514404,5.36027717590332,0
5582,2025-07-04,5.360000133514404,5.371391773223877,5.359227180480957,5.371391773223877,0
5583,2025-07-07,5.360614776611328,5.3643951416015625,5.36018180847168,5.36018180847168,0
5584,2025-07-08,5.369999885559082,5.372793197631836,5.3531670570373535,5.3531670570373535,0
5585,2025-07-09,5.380000114440918,5.382335186004639,5.379762172698975,5.379762172698975,0
5586,2025-07-10,5.380000114440918,5.380109786987305,5.364047050476074,5.364047050476074,0
5587,2025-07-11,5.369999885559082,5.375640869140625,5.369999885559082,5.375640869140625,0
5588,2025-07-14,5.375572204589844,5.39553689956665,5.369999885559082,5.39553689956665,0
5589,2025-07-15,5.400000095367432,5.406216144561768,5.39746618270874,5.406216144561768,0
5590,2025-07-16,5.389999866485596,5.429131031036377,5.407709121704102,5.429131031036377,0
5591,2025-07-17,5.400000095367432,5.4129638671875,5.400000095367432,5.403172969818115,0
5592,2025-07-18,5.4054999351501465,5.42519998550415,5.4054999351501465,5.42519998550415,0
